year,region_type,region_year_spec,region_id,region_level,rd_p_persreg_pc_emp_fte_rse_pnp_f
1998,NUTS,2010,AT,0,0.002
2002,NUTS,2010,AT,0,0.0032
2004,NUTS,2010,AT,0,0.0038
2006,NUTS,2010,AT,0,0.0036
2007,NUTS,2010,AT,0,0.0034
2009,NUTS,2010,AT,0,0.0049
2011,NUTS,2010,AT,0,0.006
2013,NUTS,2010,AT,0,0.0054
2015,NUTS,2010,AT,0,0.0084
2017,NUTS,2010,AT,0,0.0093
2019,NUTS,2010,AT,0,0.0098
2006,NUTS,2010,AT1,1,0.0074
2007,NUTS,2010,AT1,1,0.0068
2009,NUTS,2010,AT1,1,0.0114
2011,NUTS,2010,AT1,1,0.0125
2013,NUTS,2010,AT1,1,0.0114
2015,NUTS,2010,AT1,1,0.0177
2017,NUTS,2010,AT1,1,0.0189
2019,NUTS,2010,AT1,1,0.0202
2006,NUTS,2010,AT11,2,0.0
2007,NUTS,2010,AT11,2,0.0
2009,NUTS,2010,AT11,2,0.0
2011,NUTS,2010,AT11,2,0.0
2013,NUTS,2010,AT11,2,0.0
2015,NUTS,2010,AT11,2,0.0
2017,NUTS,2010,AT11,2,0.0
2002,NUTS,2010,AT12,2,0.0015
2004,NUTS,2010,AT12,2,0.001
2006,NUTS,2010,AT12,2,0.0012
2007,NUTS,2010,AT12,2,0.0011
2009,NUTS,2010,AT12,2,0.0073
2011,NUTS,2010,AT12,2,0.0084
2013,NUTS,2010,AT12,2,0.009
2015,NUTS,2010,AT12,2,0.0123
2017,NUTS,2010,AT12,2,0.0138
2002,NUTS,2010,AT13,2,0.0105
2004,NUTS,2010,AT13,2,0.0154
2006,NUTS,2010,AT13,2,0.0146
2007,NUTS,2010,AT13,2,0.0136
2009,NUTS,2010,AT13,2,0.0173
2011,NUTS,2010,AT13,2,0.0185
2013,NUTS,2010,AT13,2,0.0155
2015,NUTS,2010,AT13,2,0.0256
2017,NUTS,2010,AT13,2,0.0267
2019,NUTS,2010,AT13,2,0.0283
2006,NUTS,2010,AT2,1,0.0008
2019,NUTS,2010,AT2,1,0.0005
2006,NUTS,2010,AT21,2,0.0
2011,NUTS,2010,AT21,2,0.0024
2002,NUTS,2010,AT22,2,0.0013
2004,NUTS,2010,AT22,2,0.0022
2006,NUTS,2010,AT22,2,0.0011
2009,NUTS,2010,AT22,2,0.0
2002,NUTS,2010,AT3,1,0.0013
2004,NUTS,2010,AT3,1,0.0006
2006,NUTS,2010,AT3,1,0.0009
2007,NUTS,2010,AT3,1,0.001
2019,NUTS,2010,AT3,1,0.0027
2002,NUTS,2010,AT31,2,0.0006
2004,NUTS,2010,AT31,2,0.0001
2006,NUTS,2010,AT31,2,0.0018
2009,NUTS,2010,AT31,2,0.0001
2011,NUTS,2010,AT31,2,0.0014
2013,NUTS,2010,AT31,2,0.0016
2015,NUTS,2010,AT31,2,0.0003
2017,NUTS,2010,AT31,2,0.0004
2019,NUTS,2010,AT31,2,0.0012
2006,NUTS,2010,AT32,2,0.0
2009,NUTS,2010,AT32,2,0.0
2015,NUTS,2010,AT32,2,0.008
2017,NUTS,2010,AT32,2,0.0134
2019,NUTS,2010,AT32,2,0.0111
2002,NUTS,2010,AT33,2,0.0033
2004,NUTS,2010,AT33,2,0.002
2006,NUTS,2010,AT33,2,0.0001
2013,NUTS,2010,AT33,2,0.0002
2019,NUTS,2010,AT33,2,0.0005
2006,NUTS,2010,AT34,2,0.0
2007,NUTS,2010,AT34,2,0.0
2009,NUTS,2010,AT34,2,0.0
2011,NUTS,2010,AT34,2,0.0
2013,NUTS,2010,AT34,2,0.0
2019,NUTS,2010,AT34,2,0.0
2000,NUTS,2010,BE,0,0.0094
2001,NUTS,2010,BE,0,0.0096
2002,NUTS,2010,BE,0,0.0063
2003,NUTS,2010,BE,0,0.0062
2004,NUTS,2010,BE,0,0.0062
2005,NUTS,2010,BE,0,0.0057
2006,NUTS,2010,BE,0,0.006
2007,NUTS,2010,BE,0,0.006
2008,NUTS,2010,BE,0,0.0059
2009,NUTS,2010,BE,0,0.0058
2010,NUTS,2010,BE,0,0.0058
2011,NUTS,2010,BE,0,0.0053
2012,NUTS,2010,BE,0,0.0039
2013,NUTS,2010,BE,0,0.0039
2014,NUTS,2010,BE,0,0.0042
2015,NUTS,2010,BE,0,0.0067
2016,NUTS,2010,BE,0,0.0092
2017,NUTS,2010,BE,0,0.0105
2018,NUTS,2010,BE,0,0.0207
2019,NUTS,2010,BE,0,0.0213
2000,NUTS,2010,BE1,1,0.0269
2001,NUTS,2010,BE1,1,0.0241
2002,NUTS,2010,BE1,1,0.0228
2003,NUTS,2010,BE1,1,0.0222
2004,NUTS,2010,BE1,1,0.019
2005,NUTS,2010,BE1,1,0.0174
2006,NUTS,2010,BE1,1,0.0233
2007,NUTS,2010,BE1,1,0.024
2008,NUTS,2010,BE1,1,0.024
2009,NUTS,2010,BE1,1,0.0224
2010,NUTS,2010,BE1,1,0.0214
2011,NUTS,2010,BE1,1,0.0184
2012,NUTS,2010,BE1,1,0.0319
2013,NUTS,2010,BE1,1,0.0308
2014,NUTS,2010,BE1,1,0.0324
2015,NUTS,2010,BE1,1,0.0477
2016,NUTS,2010,BE1,1,0.0492
2017,NUTS,2010,BE1,1,0.06
2018,NUTS,2010,BE1,1,0.1723
2019,NUTS,2010,BE1,1,0.1748
2000,NUTS,2010,BE10,2,0.0269
2001,NUTS,2010,BE10,2,0.0241
2002,NUTS,2010,BE10,2,0.0228
2003,NUTS,2010,BE10,2,0.0222
2004,NUTS,2010,BE10,2,0.019
2005,NUTS,2010,BE10,2,0.0174
2006,NUTS,2010,BE10,2,0.0233
2007,NUTS,2010,BE10,2,0.024
2008,NUTS,2010,BE10,2,0.024
2009,NUTS,2010,BE10,2,0.0224
2010,NUTS,2010,BE10,2,0.0214
2011,NUTS,2010,BE10,2,0.0184
2012,NUTS,2010,BE10,2,0.0319
2013,NUTS,2010,BE10,2,0.0308
2014,NUTS,2010,BE10,2,0.0324
2015,NUTS,2010,BE10,2,0.0477
2016,NUTS,2010,BE10,2,0.0492
2017,NUTS,2010,BE10,2,0.06
2018,NUTS,2010,BE10,2,0.1723
2019,NUTS,2010,BE10,2,0.1748
2000,NUTS,2010,BE2,1,0.0111
2001,NUTS,2010,BE2,1,0.0121
2002,NUTS,2010,BE2,1,0.0069
2003,NUTS,2010,BE2,1,0.0068
2004,NUTS,2010,BE2,1,0.0072
2005,NUTS,2010,BE2,1,0.0066
2006,NUTS,2010,BE2,1,0.0064
2007,NUTS,2010,BE2,1,0.0062
2008,NUTS,2010,BE2,1,0.0061
2009,NUTS,2010,BE2,1,0.006
2010,NUTS,2010,BE2,1,0.0062
2011,NUTS,2010,BE2,1,0.0058
2012,NUTS,2010,BE2,1,0.0016
2013,NUTS,2010,BE2,1,0.0018
2014,NUTS,2010,BE2,1,0.0019
2015,NUTS,2010,BE2,1,0.0035
2016,NUTS,2010,BE2,1,0.0067
2017,NUTS,2010,BE2,1,0.0071
2018,NUTS,2010,BE2,1,0.0059
2019,NUTS,2010,BE2,1,0.0071
2002,NUTS,2010,BE3,1,0.0
2003,NUTS,2010,BE3,1,0.0
2004,NUTS,2010,BE3,1,0.0
2005,NUTS,2010,BE3,1,0.0
2006,NUTS,2010,BE3,1,0.0
2007,NUTS,2010,BE3,1,0.0
2008,NUTS,2010,BE3,1,0.0
2009,NUTS,2010,BE3,1,0.0
2010,NUTS,2010,BE3,1,0.0
2011,NUTS,2010,BE3,1,0.0
2014,NUTS,2010,BE3,1,0.0
2015,NUTS,2010,BE3,1,0.0
2016,NUTS,2010,BE3,1,0.0012
2017,NUTS,2010,BE3,1,0.0012
2018,NUTS,2010,BE3,1,0.0012
2019,NUTS,2010,BE3,1,0.0011
2000,NUTS,2010,BG,0,0.0008
2001,NUTS,2010,BG,0,0.0028
2002,NUTS,2010,BG,0,0.0008
2003,NUTS,2010,BG,0,0.0016
2004,NUTS,2010,BG,0,0.0015
2005,NUTS,2010,BG,0,0.0053
2006,NUTS,2010,BG,0,0.0042
2007,NUTS,2010,BG,0,0.0033
2008,NUTS,2010,BG,0,0.0026
2009,NUTS,2010,BG,0,0.0017
2010,NUTS,2010,BG,0,0.0024
2011,NUTS,2010,BG,0,0.0027
2012,NUTS,2010,BG,0,0.0043
2013,NUTS,2010,BG,0,0.0034
2014,NUTS,2010,BG,0,0.0037
2015,NUTS,2010,BG,0,0.0043
2016,NUTS,2010,BG,0,0.0014
2017,NUTS,2010,BG,0,0.0033
2018,NUTS,2010,BG,0,0.0032
2019,NUTS,2010,BG,0,0.0037
2003,NUTS,2010,BG3,1,0.0
2004,NUTS,2010,BG3,1,0.0006
2005,NUTS,2010,BG3,1,0.0
2006,NUTS,2010,BG3,1,0.0
2007,NUTS,2010,BG3,1,0.0
2010,NUTS,2010,BG3,1,0.0
2003,NUTS,2010,BG31,2,0.0
2004,NUTS,2010,BG31,2,0.0027
2005,NUTS,2010,BG31,2,0.0
2006,NUTS,2010,BG31,2,0.0
2007,NUTS,2010,BG31,2,0.0
2008,NUTS,2010,BG31,2,0.0
2009,NUTS,2010,BG31,2,0.0
2010,NUTS,2010,BG31,2,0.0
2011,NUTS,2010,BG31,2,0.0
2012,NUTS,2010,BG31,2,0.0
2013,NUTS,2010,BG31,2,0.0
2014,NUTS,2010,BG31,2,0.0
2017,NUTS,2010,BG31,2,0.0
2003,NUTS,2010,BG32,2,0.0
2004,NUTS,2010,BG32,2,0.0
2005,NUTS,2010,BG32,2,0.0
2006,NUTS,2010,BG32,2,0.0
2007,NUTS,2010,BG32,2,0.0
2008,NUTS,2010,BG32,2,0.0
2009,NUTS,2010,BG32,2,0.0
2010,NUTS,2010,BG32,2,0.0
2011,NUTS,2010,BG32,2,0.0
2012,NUTS,2010,BG32,2,0.0
2013,NUTS,2010,BG32,2,0.0
2014,NUTS,2010,BG32,2,0.0
2015,NUTS,2010,BG32,2,0.0
2016,NUTS,2010,BG32,2,0.0
2017,NUTS,2010,BG32,2,0.0
2018,NUTS,2010,BG32,2,0.0
2019,NUTS,2010,BG32,2,0.0
2003,NUTS,2010,BG33,2,0.0
2004,NUTS,2010,BG33,2,0.0
2005,NUTS,2010,BG33,2,0.0
2006,NUTS,2010,BG33,2,0.0
2007,NUTS,2010,BG33,2,0.0
2008,NUTS,2010,BG33,2,0.0
2009,NUTS,2010,BG33,2,0.0
2010,NUTS,2010,BG33,2,0.0
2011,NUTS,2010,BG33,2,0.0
2012,NUTS,2010,BG33,2,0.0
2016,NUTS,2010,BG33,2,0.0
2003,NUTS,2010,BG34,2,0.0
2004,NUTS,2010,BG34,2,0.0
2005,NUTS,2010,BG34,2,0.0
2006,NUTS,2010,BG34,2,0.0
2007,NUTS,2010,BG34,2,0.0
2010,NUTS,2010,BG34,2,0.0
2013,NUTS,2010,BG34,2,0.0
2016,NUTS,2010,BG34,2,0.0
2003,NUTS,2010,BG4,1,0.003
2004,NUTS,2010,BG4,1,0.0023
2005,NUTS,2010,BG4,1,0.0102
2006,NUTS,2010,BG4,1,0.008
2007,NUTS,2010,BG4,1,0.0063
2010,NUTS,2010,BG4,1,0.0043
2000,NUTS,2010,BG41,2,0.0027
2002,NUTS,2010,BG41,2,0.0022
2003,NUTS,2010,BG41,2,0.005
2005,NUTS,2010,BG41,2,0.0154
2009,NUTS,2010,BG41,2,0.0044
2011,NUTS,2010,BG41,2,0.0067
2012,NUTS,2010,BG41,2,0.0114
2015,NUTS,2010,BG41,2,0.0114
2017,NUTS,2010,BG41,2,0.0054
2018,NUTS,2010,BG41,2,0.0041
2019,NUTS,2010,BG41,2,0.0069
2003,NUTS,2010,BG42,2,0.0
2005,NUTS,2010,BG42,2,0.0018
2014,NUTS,2010,BG42,2,0.0
1998,NUTS,2010,CY,0,0.0018
1999,NUTS,2010,CY,0,0.0027
2000,NUTS,2010,CY,0,0.0025
2001,NUTS,2010,CY,0,0.0034
2002,NUTS,2010,CY,0,0.0044
2003,NUTS,2010,CY,0,0.0052
2004,NUTS,2010,CY,0,0.0042
2005,NUTS,2010,CY,0,0.01
2006,NUTS,2010,CY,0,0.0119
2007,NUTS,2010,CY,0,0.011
2008,NUTS,2010,CY,0,0.0134
2009,NUTS,2010,CY,0,0.0163
2010,NUTS,2010,CY,0,0.0155
2011,NUTS,2010,CY,0,0.0144
2012,NUTS,2010,CY,0,0.016
2013,NUTS,2010,CY,0,0.0133
2014,NUTS,2010,CY,0,0.017
2015,NUTS,2010,CY,0,0.012
2016,NUTS,2010,CY,0,0.0105
2017,NUTS,2010,CY,0,0.0118
2018,NUTS,2010,CY,0,0.0111
2019,NUTS,2010,CY,0,0.0243
2000,NUTS,2010,CZ,0,0.0012
2001,NUTS,2010,CZ,0,0.0007
2002,NUTS,2010,CZ,0,0.0008
2003,NUTS,2010,CZ,0,0.0012
2004,NUTS,2010,CZ,0,0.001
2005,NUTS,2010,CZ,0,0.0037
2006,NUTS,2010,CZ,0,0.0008
2007,NUTS,2010,CZ,0,0.0011
2008,NUTS,2010,CZ,0,0.0013
2009,NUTS,2010,CZ,0,0.0031
2010,NUTS,2010,CZ,0,0.0042
2011,NUTS,2010,CZ,0,0.0037
2012,NUTS,2010,CZ,0,0.0048
2013,NUTS,2010,CZ,0,0.0037
2014,NUTS,2010,CZ,0,0.0039
2015,NUTS,2010,CZ,0,0.0033
2016,NUTS,2010,CZ,0,0.0027
2017,NUTS,2010,CZ,0,0.0035
2018,NUTS,2010,CZ,0,0.0029
2019,NUTS,2010,CZ,0,0.0035
2020,NUTS,2010,CZ,0,0.0035
2000,NUTS,2010,CZ0,1,0.0012
2001,NUTS,2010,CZ0,1,0.0007
2002,NUTS,2010,CZ0,1,0.0008
2003,NUTS,2010,CZ0,1,0.0012
2004,NUTS,2010,CZ0,1,0.001
2005,NUTS,2010,CZ0,1,0.0037
2006,NUTS,2010,CZ0,1,0.0008
2007,NUTS,2010,CZ0,1,0.0011
2008,NUTS,2010,CZ0,1,0.0013
2009,NUTS,2010,CZ0,1,0.003
2010,NUTS,2010,CZ0,1,0.0041
2011,NUTS,2010,CZ0,1,0.0037
2012,NUTS,2010,CZ0,1,0.0047
2013,NUTS,2010,CZ0,1,0.0036
2014,NUTS,2010,CZ0,1,0.0038
2015,NUTS,2010,CZ0,1,0.0033
2016,NUTS,2010,CZ0,1,0.0026
2017,NUTS,2010,CZ0,1,0.0034
2018,NUTS,2010,CZ0,1,0.0029
2019,NUTS,2010,CZ0,1,0.0034
2020,NUTS,2010,CZ0,1,0.0034
2001,NUTS,2010,CZ01,2,0.0035
2002,NUTS,2010,CZ01,2,0.0018
2003,NUTS,2010,CZ01,2,0.0047
2004,NUTS,2010,CZ01,2,0.0042
2005,NUTS,2010,CZ01,2,0.024
2006,NUTS,2010,CZ01,2,0.0045
2007,NUTS,2010,CZ01,2,0.0063
2008,NUTS,2010,CZ01,2,0.0065
2009,NUTS,2010,CZ01,2,0.0158
2010,NUTS,2010,CZ01,2,0.0164
2011,NUTS,2010,CZ01,2,0.0131
2012,NUTS,2010,CZ01,2,0.0171
2013,NUTS,2010,CZ01,2,0.0159
2014,NUTS,2010,CZ01,2,0.0174
2015,NUTS,2010,CZ01,2,0.0135
2016,NUTS,2010,CZ01,2,0.013
2017,NUTS,2010,CZ01,2,0.0144
2018,NUTS,2010,CZ01,2,0.0118
2019,NUTS,2010,CZ01,2,0.0143
2020,NUTS,2010,CZ01,2,0.0158
2001,NUTS,2010,CZ02,2,0.0
2002,NUTS,2010,CZ02,2,0.0
2003,NUTS,2010,CZ02,2,0.0
2004,NUTS,2010,CZ02,2,0.0002
2005,NUTS,2010,CZ02,2,0.0
2006,NUTS,2010,CZ02,2,0.0
2007,NUTS,2010,CZ02,2,0.0002
2008,NUTS,2010,CZ02,2,0.0001
2009,NUTS,2010,CZ02,2,0.0001
2010,NUTS,2010,CZ02,2,0.0
2011,NUTS,2010,CZ02,2,0.0005
2012,NUTS,2010,CZ02,2,0.0007
2013,NUTS,2010,CZ02,2,0.0019
2014,NUTS,2010,CZ02,2,0.0008
2015,NUTS,2010,CZ02,2,0.0013
2016,NUTS,2010,CZ02,2,0.0004
2017,NUTS,2010,CZ02,2,0.0001
2018,NUTS,2010,CZ02,2,0.0004
2019,NUTS,2010,CZ02,2,0.0003
2020,NUTS,2010,CZ02,2,0.0004
2001,NUTS,2010,CZ03,2,0.0008
2002,NUTS,2010,CZ03,2,0.0008
2003,NUTS,2010,CZ03,2,0.0016
2004,NUTS,2010,CZ03,2,0.0025
2005,NUTS,2010,CZ03,2,0.0026
2006,NUTS,2010,CZ03,2,0.001
2007,NUTS,2010,CZ03,2,0.0008
2008,NUTS,2010,CZ03,2,0.0007
2009,NUTS,2010,CZ03,2,0.0041
2010,NUTS,2010,CZ03,2,0.0031
2011,NUTS,2010,CZ03,2,0.0016
2012,NUTS,2010,CZ03,2,0.0029
2013,NUTS,2010,CZ03,2,0.0025
2014,NUTS,2010,CZ03,2,0.0047
2015,NUTS,2010,CZ03,2,0.008
2016,NUTS,2010,CZ03,2,0.0057
2017,NUTS,2010,CZ03,2,0.0087
2018,NUTS,2010,CZ03,2,0.008
2019,NUTS,2010,CZ03,2,0.0075
2020,NUTS,2010,CZ03,2,0.0066
2001,NUTS,2010,CZ04,2,0.0005
2002,NUTS,2010,CZ04,2,0.0005
2003,NUTS,2010,CZ04,2,0.0009
2004,NUTS,2010,CZ04,2,0.0002
2005,NUTS,2010,CZ04,2,0.0
2006,NUTS,2010,CZ04,2,0.0
2007,NUTS,2010,CZ04,2,0.0
2008,NUTS,2010,CZ04,2,0.0
2009,NUTS,2010,CZ04,2,0.0
2010,NUTS,2010,CZ04,2,0.0
2011,NUTS,2010,CZ04,2,0.0
2012,NUTS,2010,CZ04,2,0.0
2013,NUTS,2010,CZ04,2,0.0
2014,NUTS,2010,CZ04,2,0.0
2015,NUTS,2010,CZ04,2,0.0
2016,NUTS,2010,CZ04,2,0.0
2017,NUTS,2010,CZ04,2,0.0
2018,NUTS,2010,CZ04,2,0.0001
2019,NUTS,2010,CZ04,2,0.0001
2020,NUTS,2010,CZ04,2,0.0001
2001,NUTS,2010,CZ05,2,0.0
2002,NUTS,2010,CZ05,2,0.0
2003,NUTS,2010,CZ05,2,0.0003
2004,NUTS,2010,CZ05,2,0.0003
2005,NUTS,2010,CZ05,2,0.0002
2006,NUTS,2010,CZ05,2,0.0
2007,NUTS,2010,CZ05,2,0.0004
2008,NUTS,2010,CZ05,2,0.0002
2009,NUTS,2010,CZ05,2,0.0015
2010,NUTS,2010,CZ05,2,0.0081
2011,NUTS,2010,CZ05,2,0.0087
2012,NUTS,2010,CZ05,2,0.0099
2013,NUTS,2010,CZ05,2,0.0049
2014,NUTS,2010,CZ05,2,0.0019
2015,NUTS,2010,CZ05,2,0.0
2016,NUTS,2010,CZ05,2,0.0001
2017,NUTS,2010,CZ05,2,0.0014
2019,NUTS,2010,CZ05,2,0.0008
2020,NUTS,2010,CZ05,2,0.0013
2001,NUTS,2010,CZ06,2,0.0006
2002,NUTS,2010,CZ06,2,0.0012
2003,NUTS,2010,CZ06,2,0.0006
2004,NUTS,2010,CZ06,2,0.0005
2005,NUTS,2010,CZ06,2,0.0004
2006,NUTS,2010,CZ06,2,0.0003
2007,NUTS,2010,CZ06,2,0.0001
2008,NUTS,2010,CZ06,2,0.0014
2009,NUTS,2010,CZ06,2,0.001
2010,NUTS,2010,CZ06,2,0.0018
2011,NUTS,2010,CZ06,2,0.0017
2012,NUTS,2010,CZ06,2,0.0009
2013,NUTS,2010,CZ06,2,0.001
2014,NUTS,2010,CZ06,2,0.0015
2015,NUTS,2010,CZ06,2,0.0011
2016,NUTS,2010,CZ06,2,0.0001
2017,NUTS,2010,CZ06,2,0.0004
2018,NUTS,2010,CZ06,2,0.0008
2019,NUTS,2010,CZ06,2,0.0011
2020,NUTS,2010,CZ06,2,0.0004
2001,NUTS,2010,CZ07,2,0.0
2002,NUTS,2010,CZ07,2,0.0
2003,NUTS,2010,CZ07,2,0.0004
2004,NUTS,2010,CZ07,2,0.0
2005,NUTS,2010,CZ07,2,0.0001
2006,NUTS,2010,CZ07,2,0.0002
2007,NUTS,2010,CZ07,2,0.0006
2008,NUTS,2010,CZ07,2,0.0006
2009,NUTS,2010,CZ07,2,0.0001
2010,NUTS,2010,CZ07,2,0.001
2011,NUTS,2010,CZ07,2,0.0011
2012,NUTS,2010,CZ07,2,0.0012
2013,NUTS,2010,CZ07,2,0.0006
2014,NUTS,2010,CZ07,2,0.0014
2015,NUTS,2010,CZ07,2,0.001
2016,NUTS,2010,CZ07,2,0.0009
2017,NUTS,2010,CZ07,2,0.0007
2018,NUTS,2010,CZ07,2,0.0001
2019,NUTS,2010,CZ07,2,0.0008
2020,NUTS,2010,CZ07,2,0.0004
2001,NUTS,2010,CZ08,2,0.0005
2002,NUTS,2010,CZ08,2,0.0017
2003,NUTS,2010,CZ08,2,0.0009
2004,NUTS,2010,CZ08,2,0.0
2005,NUTS,2010,CZ08,2,0.0
2006,NUTS,2010,CZ08,2,0.0
2007,NUTS,2010,CZ08,2,0.0
2008,NUTS,2010,CZ08,2,0.0
2009,NUTS,2010,CZ08,2,0.0
2010,NUTS,2010,CZ08,2,0.0
2011,NUTS,2010,CZ08,2,0.0003
2012,NUTS,2010,CZ08,2,0.0025
2013,NUTS,2010,CZ08,2,0.0002
2014,NUTS,2010,CZ08,2,0.0016
2015,NUTS,2010,CZ08,2,0.0007
2016,NUTS,2010,CZ08,2,0.0008
2017,NUTS,2010,CZ08,2,0.001
2018,NUTS,2010,CZ08,2,0.0014
2019,NUTS,2010,CZ08,2,0.0013
2020,NUTS,2010,CZ08,2,0.001
1999,NUTS,2010,DK,0,0.0077
2000,NUTS,2010,DK,0,0.006
2001,NUTS,2010,DK,0,0.0055
2002,NUTS,2010,DK,0,0.0058
2003,NUTS,2010,DK,0,0.0053
2004,NUTS,2010,DK,0,0.0061
2005,NUTS,2010,DK,0,0.0079
2006,NUTS,2010,DK,0,0.0084
2007,NUTS,2010,DK,0,0.0082
2009,NUTS,2010,DK,0,0.0082
2010,NUTS,2010,DK,0,0.0093
2011,NUTS,2010,DK,0,0.0099
2012,NUTS,2010,DK,0,0.0105
2013,NUTS,2010,DK,0,0.0102
2014,NUTS,2010,DK,0,0.0106
2015,NUTS,2010,DK,0,0.0103
2016,NUTS,2010,DK,0,0.0112
2017,NUTS,2010,DK,0,0.0097
2018,NUTS,2010,DK,0,0.0083
2019,NUTS,2010,DK,0,0.0098
1999,NUTS,2010,DK0,1,0.0077
2000,NUTS,2010,DK0,1,0.0059
2001,NUTS,2010,DK0,1,0.0055
2002,NUTS,2010,DK0,1,0.0056
2003,NUTS,2010,DK0,1,0.0052
2009,NUTS,2010,DK0,1,0.0081
2010,NUTS,2010,DK0,1,0.0091
2011,NUTS,2010,DK0,1,0.0097
2012,NUTS,2010,DK0,1,0.0103
2013,NUTS,2010,DK0,1,0.01
2014,NUTS,2010,DK0,1,0.0104
2015,NUTS,2010,DK0,1,0.0101
2016,NUTS,2010,DK0,1,0.0109
2017,NUTS,2010,DK0,1,0.0094
2018,NUTS,2010,DK0,1,0.0081
2019,NUTS,2010,DK0,1,0.0096
2009,NUTS,2010,DK01,2,0.0268
2010,NUTS,2010,DK01,2,0.0276
2011,NUTS,2010,DK01,2,0.0281
2012,NUTS,2010,DK01,2,0.0287
2013,NUTS,2010,DK01,2,0.0276
2014,NUTS,2010,DK01,2,0.0284
2015,NUTS,2010,DK01,2,0.028
2016,NUTS,2010,DK01,2,0.0292
2017,NUTS,2010,DK01,2,0.0256
2019,NUTS,2010,DK01,2,0.028
2009,NUTS,2010,DK02,2,0.0
2010,NUTS,2010,DK02,2,0.0024
2011,NUTS,2010,DK02,2,0.0025
2012,NUTS,2010,DK02,2,0.0023
2013,NUTS,2010,DK02,2,0.0034
2014,NUTS,2010,DK02,2,0.0035
2015,NUTS,2010,DK02,2,0.0023
2016,NUTS,2010,DK02,2,0.0023
2017,NUTS,2010,DK02,2,0.0011
2019,NUTS,2010,DK02,2,0.0
2009,NUTS,2010,DK03,2,0.0004
2010,NUTS,2010,DK03,2,0.0
2011,NUTS,2010,DK03,2,0.0
2012,NUTS,2010,DK03,2,0.0016
2013,NUTS,2010,DK03,2,0.0012
2014,NUTS,2010,DK03,2,0.0012
2015,NUTS,2010,DK03,2,0.0012
2016,NUTS,2010,DK03,2,0.0019
2017,NUTS,2010,DK03,2,0.0019
2009,NUTS,2010,DK04,2,0.0
2010,NUTS,2010,DK04,2,0.0
2011,NUTS,2010,DK04,2,0.0
2012,NUTS,2010,DK04,2,0.0
2013,NUTS,2010,DK04,2,0.0
2014,NUTS,2010,DK04,2,0.0
2015,NUTS,2010,DK04,2,0.0
2016,NUTS,2010,DK04,2,0.0
2017,NUTS,2010,DK04,2,0.0
2010,NUTS,2010,DK05,2,0.0
2011,NUTS,2010,DK05,2,0.0
2012,NUTS,2010,DK05,2,0.0
2013,NUTS,2010,DK05,2,0.0
2014,NUTS,2010,DK05,2,0.0
2015,NUTS,2010,DK05,2,0.0
2016,NUTS,2010,DK05,2,0.0
2017,NUTS,2010,DK05,2,0.004
1997,NUTS,2010,EE,0,0.001
1998,NUTS,2010,EE,0,0.001
1999,NUTS,2010,EE,0,0.0014
2000,NUTS,2010,EE,0,0.005
2001,NUTS,2010,EE,0,0.0068
2002,NUTS,2010,EE,0,0.0079
2003,NUTS,2010,EE,0,0.0119
2004,NUTS,2010,EE,0,0.0121
2005,NUTS,2010,EE,0,0.012
2006,NUTS,2010,EE,0,0.0139
2007,NUTS,2010,EE,0,0.0156
2008,NUTS,2010,EE,0,0.0133
2009,NUTS,2010,EE,0,0.0182
2010,NUTS,2010,EE,0,0.0137
2011,NUTS,2010,EE,0,0.0145
2012,NUTS,2010,EE,0,0.0154
2013,NUTS,2010,EE,0,0.0144
2014,NUTS,2010,EE,0,0.0145
2015,NUTS,2010,EE,0,0.0147
2016,NUTS,2010,EE,0,0.0147
2017,NUTS,2010,EE,0,0.0156
2018,NUTS,2010,EE,0,0.0219
2019,NUTS,2010,EE,0,0.0147
1999,NUTS,2010,EL,0,0.0012
2001,NUTS,2010,EL,0,0.0015
2003,NUTS,2010,EL,0,0.0043
2005,NUTS,2010,EL,0,0.0039
2011,NUTS,2010,EL,0,0.006
2013,NUTS,2010,EL,0,0.0109
2015,NUTS,2010,EL,0,0.0092
2017,NUTS,2010,EL,0,0.0101
2019,NUTS,2010,EL,0,0.0095
2001,NUTS,2010,EL3,1,0.0019
2003,NUTS,2010,EL3,1,0.0087
2005,NUTS,2010,EL3,1,0.0075
2011,NUTS,2010,EL3,1,0.0125
2001,NUTS,2010,EL30,2,0.0019
2003,NUTS,2010,EL30,2,0.0087
2005,NUTS,2010,EL30,2,0.0075
2011,NUTS,2010,EL30,2,0.0125
2011,NUTS,2010,EL4,1,0.0024
2011,NUTS,2010,EL41,2,0.0016
2011,NUTS,2010,EL42,2,0.0078
2011,NUTS,2010,EL43,2,0.0
2011,NUTS,2010,EL5,1,0.0021
2011,NUTS,2010,EL51,2,0.0
2001,NUTS,2010,EL52,2,0.0038
2003,NUTS,2010,EL52,2,0.005
2005,NUTS,2010,EL52,2,0.005
2011,NUTS,2010,EL52,2,0.0028
2011,NUTS,2010,EL53,2,0.0019
2011,NUTS,2010,EL54,2,0.0021
2011,NUTS,2010,EL6,1,0.0004
2011,NUTS,2010,EL61,2,0.0
2011,NUTS,2010,EL62,2,0.0
2011,NUTS,2010,EL63,2,0.0
2011,NUTS,2010,EL64,2,0.0008
2001,NUTS,2010,EL65,2,0.0017
2003,NUTS,2010,EL65,2,0.0011
2005,NUTS,2010,EL65,2,0.0
2011,NUTS,2010,EL65,2,0.0011
1997,NUTS,2010,ES,0,0.006
1999,NUTS,2010,ES,0,0.0043
2000,NUTS,2010,ES,0,0.0081
2001,NUTS,2010,ES,0,0.0071
2002,NUTS,2010,ES,0,0.0025
2003,NUTS,2010,ES,0,0.0022
2004,NUTS,2010,ES,0,0.0014
2005,NUTS,2010,ES,0,0.0016
2006,NUTS,2010,ES,0,0.0021
2007,NUTS,2010,ES,0,0.0018
2008,NUTS,2010,ES,0,0.0017
2009,NUTS,2010,ES,0,0.0018
2010,NUTS,2010,ES,0,0.0018
2011,NUTS,2010,ES,0,0.0014
2012,NUTS,2010,ES,0,0.0016
2013,NUTS,2010,ES,0,0.0014
2014,NUTS,2010,ES,0,0.0015
2015,NUTS,2010,ES,0,0.0015
2016,NUTS,2010,ES,0,0.0019
2017,NUTS,2010,ES,0,0.0016
2018,NUTS,2010,ES,0,0.002
2019,NUTS,2010,ES,0,0.0018
2002,NUTS,2010,ES1,1,0.003
2003,NUTS,2010,ES1,1,0.0002
2004,NUTS,2010,ES1,1,0.0008
2005,NUTS,2010,ES1,1,0.0008
2006,NUTS,2010,ES1,1,0.0057
2007,NUTS,2010,ES1,1,0.0024
2008,NUTS,2010,ES1,1,0.0018
2009,NUTS,2010,ES1,1,0.0011
2010,NUTS,2010,ES1,1,0.0008
2011,NUTS,2010,ES1,1,0.0015
2012,NUTS,2010,ES1,1,0.0013
2013,NUTS,2010,ES1,1,0.0004
2015,NUTS,2010,ES1,1,0.0005
2016,NUTS,2010,ES1,1,0.0023
2017,NUTS,2010,ES1,1,0.0025
2018,NUTS,2010,ES1,1,0.005
2002,NUTS,2010,ES11,2,0.0004
2004,NUTS,2010,ES11,2,0.0006
2005,NUTS,2010,ES11,2,0.0006
2006,NUTS,2010,ES11,2,0.0001
2007,NUTS,2010,ES11,2,0.0008
2008,NUTS,2010,ES11,2,0.0002
2009,NUTS,2010,ES11,2,0.0004
2010,NUTS,2010,ES11,2,0.0001
2014,NUTS,2010,ES11,2,0.0003
2015,NUTS,2010,ES11,2,0.0003
2016,NUTS,2010,ES11,2,0.0032
2017,NUTS,2010,ES11,2,0.0036
2018,NUTS,2010,ES11,2,0.0042
2019,NUTS,2010,ES11,2,0.0041
2002,NUTS,2010,ES12,2,0.0007
2003,NUTS,2010,ES12,2,0.0007
2004,NUTS,2010,ES12,2,0.0
2005,NUTS,2010,ES12,2,0.0
2006,NUTS,2010,ES12,2,0.0003
2007,NUTS,2010,ES12,2,0.0
2008,NUTS,2010,ES12,2,0.0005
2009,NUTS,2010,ES12,2,0.001
2010,NUTS,2010,ES12,2,0.0009
2012,NUTS,2010,ES12,2,0.0006
2013,NUTS,2010,ES12,2,0.0001
2014,NUTS,2010,ES12,2,0.0001
2015,NUTS,2010,ES12,2,0.0001
2016,NUTS,2010,ES12,2,0.0001
2017,NUTS,2010,ES12,2,0.0001
2018,NUTS,2010,ES12,2,0.0003
2019,NUTS,2010,ES12,2,0.0
2002,NUTS,2010,ES13,2,0.021
2004,NUTS,2010,ES13,2,0.0035
2005,NUTS,2010,ES13,2,0.0031
2006,NUTS,2010,ES13,2,0.0423
2007,NUTS,2010,ES13,2,0.0145
2008,NUTS,2010,ES13,2,0.0118
2009,NUTS,2010,ES13,2,0.0042
2010,NUTS,2010,ES13,2,0.0043
2011,NUTS,2010,ES13,2,0.0099
2015,NUTS,2010,ES13,2,0.002
2016,NUTS,2010,ES13,2,0.0023
2017,NUTS,2010,ES13,2,0.0017
2018,NUTS,2010,ES13,2,0.0169
2002,NUTS,2010,ES2,1,0.0042
2003,NUTS,2010,ES2,1,0.0001
2004,NUTS,2010,ES2,1,0.0014
2005,NUTS,2010,ES2,1,0.0016
2006,NUTS,2010,ES2,1,0.0013
2007,NUTS,2010,ES2,1,0.0013
2008,NUTS,2010,ES2,1,0.0009
2009,NUTS,2010,ES2,1,0.0017
2010,NUTS,2010,ES2,1,0.0031
2011,NUTS,2010,ES2,1,0.0013
2013,NUTS,2010,ES2,1,0.0017
2015,NUTS,2010,ES2,1,0.0013
2019,NUTS,2010,ES2,1,0.0012
2002,NUTS,2010,ES21,2,0.008
2004,NUTS,2010,ES21,2,0.0002
2005,NUTS,2010,ES21,2,0.001
2006,NUTS,2010,ES21,2,0.0014
2007,NUTS,2010,ES21,2,0.0016
2008,NUTS,2010,ES21,2,0.0004
2009,NUTS,2010,ES21,2,0.0015
2010,NUTS,2010,ES21,2,0.0026
2011,NUTS,2010,ES21,2,0.0016
2012,NUTS,2010,ES21,2,0.0028
2013,NUTS,2010,ES21,2,0.0025
2014,NUTS,2010,ES21,2,0.002
2015,NUTS,2010,ES21,2,0.0019
2016,NUTS,2010,ES21,2,0.0023
2017,NUTS,2010,ES21,2,0.002
2018,NUTS,2010,ES21,2,0.0021
2019,NUTS,2010,ES21,2,0.0024
2004,NUTS,2010,ES22,2,0.0048
2005,NUTS,2010,ES22,2,0.0009
2006,NUTS,2010,ES22,2,0.0008
2007,NUTS,2010,ES22,2,0.0
2008,NUTS,2010,ES22,2,0.0
2009,NUTS,2010,ES22,2,0.0002
2010,NUTS,2010,ES22,2,0.0004
2011,NUTS,2010,ES22,2,0.001
2015,NUTS,2010,ES22,2,0.0002
2004,NUTS,2010,ES23,2,0.0
2005,NUTS,2010,ES23,2,0.0036
2006,NUTS,2010,ES23,2,0.0
2007,NUTS,2010,ES23,2,0.0031
2008,NUTS,2010,ES23,2,0.0081
2009,NUTS,2010,ES23,2,0.009
2010,NUTS,2010,ES23,2,0.0142
2011,NUTS,2010,ES23,2,0.0014
2012,NUTS,2010,ES23,2,0.0033
2014,NUTS,2010,ES23,2,0.0004
2015,NUTS,2010,ES23,2,0.0
2016,NUTS,2010,ES23,2,0.0
2017,NUTS,2010,ES23,2,0.0
2018,NUTS,2010,ES23,2,0.0005
2003,NUTS,2010,ES24,2,0.0005
2004,NUTS,2010,ES24,2,0.0021
2005,NUTS,2010,ES24,2,0.0025
2006,NUTS,2010,ES24,2,0.0015
2007,NUTS,2010,ES24,2,0.001
2008,NUTS,2010,ES24,2,0.0006
2009,NUTS,2010,ES24,2,0.0009
2010,NUTS,2010,ES24,2,0.0026
2011,NUTS,2010,ES24,2,0.0009
2012,NUTS,2010,ES24,2,0.0004
2013,NUTS,2010,ES24,2,0.0002
2014,NUTS,2010,ES24,2,0.0002
2015,NUTS,2010,ES24,2,0.0009
2016,NUTS,2010,ES24,2,0.0005
2017,NUTS,2010,ES24,2,0.0005
2018,NUTS,2010,ES24,2,0.0003
2002,NUTS,2010,ES3,1,0.0052
2003,NUTS,2010,ES3,1,0.0052
2004,NUTS,2010,ES3,1,0.0024
2005,NUTS,2010,ES3,1,0.0033
2006,NUTS,2010,ES3,1,0.0039
2007,NUTS,2010,ES3,1,0.0045
2008,NUTS,2010,ES3,1,0.0045
2009,NUTS,2010,ES3,1,0.0043
2010,NUTS,2010,ES3,1,0.0035
2011,NUTS,2010,ES3,1,0.0025
2012,NUTS,2010,ES3,1,0.0031
2013,NUTS,2010,ES3,1,0.003
2014,NUTS,2010,ES3,1,0.0027
2015,NUTS,2010,ES3,1,0.0031
2016,NUTS,2010,ES3,1,0.0028
2017,NUTS,2010,ES3,1,0.0029
2018,NUTS,2010,ES3,1,0.0033
2019,NUTS,2010,ES3,1,0.0034
2002,NUTS,2010,ES30,2,0.0052
2003,NUTS,2010,ES30,2,0.0052
2004,NUTS,2010,ES30,2,0.0024
2005,NUTS,2010,ES30,2,0.0033
2006,NUTS,2010,ES30,2,0.0039
2007,NUTS,2010,ES30,2,0.0045
2008,NUTS,2010,ES30,2,0.0045
2009,NUTS,2010,ES30,2,0.0043
2010,NUTS,2010,ES30,2,0.0035
2011,NUTS,2010,ES30,2,0.0025
2012,NUTS,2010,ES30,2,0.0031
2013,NUTS,2010,ES30,2,0.003
2014,NUTS,2010,ES30,2,0.0027
2015,NUTS,2010,ES30,2,0.0031
2016,NUTS,2010,ES30,2,0.0028
2017,NUTS,2010,ES30,2,0.0029
2018,NUTS,2010,ES30,2,0.0033
2019,NUTS,2010,ES30,2,0.0034
2002,NUTS,2010,ES4,1,0.0003
2003,NUTS,2010,ES4,1,0.001
2004,NUTS,2010,ES4,1,0.0
2005,NUTS,2010,ES4,1,0.0003
2006,NUTS,2010,ES4,1,0.0001
2007,NUTS,2010,ES4,1,0.0001
2008,NUTS,2010,ES4,1,0.0009
2009,NUTS,2010,ES4,1,0.0009
2010,NUTS,2010,ES4,1,0.0008
2011,NUTS,2010,ES4,1,0.0007
2013,NUTS,2010,ES4,1,0.0003
2014,NUTS,2010,ES4,1,0.0002
2015,NUTS,2010,ES4,1,0.0005
2016,NUTS,2010,ES4,1,0.0005
2018,NUTS,2010,ES4,1,0.0005
2019,NUTS,2010,ES4,1,0.0003
2002,NUTS,2010,ES41,2,0.0006
2003,NUTS,2010,ES41,2,0.0021
2004,NUTS,2010,ES41,2,0.0
2005,NUTS,2010,ES41,2,0.0003
2006,NUTS,2010,ES41,2,0.0002
2007,NUTS,2010,ES41,2,0.0
2008,NUTS,2010,ES41,2,0.0001
2009,NUTS,2010,ES41,2,0.0003
2010,NUTS,2010,ES41,2,0.0009
2012,NUTS,2010,ES41,2,0.0006
2013,NUTS,2010,ES41,2,0.0003
2014,NUTS,2010,ES41,2,0.0004
2015,NUTS,2010,ES41,2,0.0007
2017,NUTS,2010,ES41,2,0.0008
2018,NUTS,2010,ES41,2,0.0007
2019,NUTS,2010,ES41,2,0.0004
2002,NUTS,2010,ES42,2,0.0001
2004,NUTS,2010,ES42,2,0.0
2005,NUTS,2010,ES42,2,0.0003
2006,NUTS,2010,ES42,2,0.0
2007,NUTS,2010,ES42,2,0.0002
2008,NUTS,2010,ES42,2,0.0021
2009,NUTS,2010,ES42,2,0.0016
2010,NUTS,2010,ES42,2,0.0005
2013,NUTS,2010,ES42,2,0.0004
2014,NUTS,2010,ES42,2,0.0001
2015,NUTS,2010,ES42,2,0.0003
2017,NUTS,2010,ES42,2,0.0
2004,NUTS,2010,ES43,2,0.0002
2005,NUTS,2010,ES43,2,0.0004
2006,NUTS,2010,ES43,2,0.0001
2007,NUTS,2010,ES43,2,0.0005
2008,NUTS,2010,ES43,2,0.0003
2009,NUTS,2010,ES43,2,0.0015
2010,NUTS,2010,ES43,2,0.0014
2011,NUTS,2010,ES43,2,0.0003
2013,NUTS,2010,ES43,2,0.0003
2014,NUTS,2010,ES43,2,0.0003
2015,NUTS,2010,ES43,2,0.0002
2016,NUTS,2010,ES43,2,0.0004
2002,NUTS,2010,ES5,1,0.0026
2003,NUTS,2010,ES5,1,0.0034
2004,NUTS,2010,ES5,1,0.0023
2005,NUTS,2010,ES5,1,0.0021
2006,NUTS,2010,ES5,1,0.0021
2007,NUTS,2010,ES5,1,0.0019
2008,NUTS,2010,ES5,1,0.0014
2009,NUTS,2010,ES5,1,0.0015
2010,NUTS,2010,ES5,1,0.0018
2011,NUTS,2010,ES5,1,0.0015
2012,NUTS,2010,ES5,1,0.0016
2013,NUTS,2010,ES5,1,0.0016
2014,NUTS,2010,ES5,1,0.0023
2015,NUTS,2010,ES5,1,0.002
2016,NUTS,2010,ES5,1,0.0029
2017,NUTS,2010,ES5,1,0.0019
2018,NUTS,2010,ES5,1,0.0023
2002,NUTS,2010,ES51,2,0.0042
2003,NUTS,2010,ES51,2,0.0052
2004,NUTS,2010,ES51,2,0.0034
2005,NUTS,2010,ES51,2,0.0035
2006,NUTS,2010,ES51,2,0.0034
2007,NUTS,2010,ES51,2,0.0032
2008,NUTS,2010,ES51,2,0.0022
2009,NUTS,2010,ES51,2,0.0024
2010,NUTS,2010,ES51,2,0.0026
2011,NUTS,2010,ES51,2,0.0022
2012,NUTS,2010,ES51,2,0.0024
2013,NUTS,2010,ES51,2,0.0024
2014,NUTS,2010,ES51,2,0.0036
2015,NUTS,2010,ES51,2,0.0034
2016,NUTS,2010,ES51,2,0.005
2017,NUTS,2010,ES51,2,0.0031
2018,NUTS,2010,ES51,2,0.0037
2019,NUTS,2010,ES51,2,0.0034
2002,NUTS,2010,ES52,2,0.0005
2003,NUTS,2010,ES52,2,0.0011
2004,NUTS,2010,ES52,2,0.0007
2005,NUTS,2010,ES52,2,0.0002
2006,NUTS,2010,ES52,2,0.0005
2007,NUTS,2010,ES52,2,0.0001
2008,NUTS,2010,ES52,2,0.0001
2009,NUTS,2010,ES52,2,0.0002
2010,NUTS,2010,ES52,2,0.0002
2011,NUTS,2010,ES52,2,0.0003
2012,NUTS,2010,ES52,2,0.0006
2013,NUTS,2010,ES52,2,0.0004
2014,NUTS,2010,ES52,2,0.0006
2015,NUTS,2010,ES52,2,0.0002
2016,NUTS,2010,ES52,2,0.0002
2017,NUTS,2010,ES52,2,0.0002
2018,NUTS,2010,ES52,2,0.0003
2019,NUTS,2010,ES52,2,0.0002
2002,NUTS,2010,ES53,2,0.0004
2003,NUTS,2010,ES53,2,0.0006
2004,NUTS,2010,ES53,2,0.0004
2005,NUTS,2010,ES53,2,0.0002
2006,NUTS,2010,ES53,2,0.0003
2007,NUTS,2010,ES53,2,0.0002
2008,NUTS,2010,ES53,2,0.0014
2009,NUTS,2010,ES53,2,0.0005
2010,NUTS,2010,ES53,2,0.0026
2011,NUTS,2010,ES53,2,0.0006
2012,NUTS,2010,ES53,2,0.0003
2013,NUTS,2010,ES53,2,0.0002
2014,NUTS,2010,ES53,2,0.0002
2015,NUTS,2010,ES53,2,0.0001
2016,NUTS,2010,ES53,2,0.0004
2017,NUTS,2010,ES53,2,0.0004
2018,NUTS,2010,ES53,2,0.0007
2002,NUTS,2010,ES6,1,0.0001
2003,NUTS,2010,ES6,1,0.0005
2004,NUTS,2010,ES6,1,0.0003
2005,NUTS,2010,ES6,1,0.0007
2006,NUTS,2010,ES6,1,0.0003
2007,NUTS,2010,ES6,1,0.0005
2008,NUTS,2010,ES6,1,0.0009
2009,NUTS,2010,ES6,1,0.0011
2010,NUTS,2010,ES6,1,0.0007
2011,NUTS,2010,ES6,1,0.0008
2012,NUTS,2010,ES6,1,0.0008
2013,NUTS,2010,ES6,1,0.0008
2014,NUTS,2010,ES6,1,0.0007
2015,NUTS,2010,ES6,1,0.0003
2016,NUTS,2010,ES6,1,0.0008
2017,NUTS,2010,ES6,1,0.0005
2018,NUTS,2010,ES6,1,0.0004
2019,NUTS,2010,ES6,1,0.0001
2002,NUTS,2010,ES61,2,0.0001
2003,NUTS,2010,ES61,2,0.0006
2004,NUTS,2010,ES61,2,0.0004
2005,NUTS,2010,ES61,2,0.0007
2006,NUTS,2010,ES61,2,0.0002
2007,NUTS,2010,ES61,2,0.0006
2008,NUTS,2010,ES61,2,0.0006
2009,NUTS,2010,ES61,2,0.0009
2010,NUTS,2010,ES61,2,0.0007
2011,NUTS,2010,ES61,2,0.0006
2012,NUTS,2010,ES61,2,0.0006
2013,NUTS,2010,ES61,2,0.0009
2014,NUTS,2010,ES61,2,0.0008
2015,NUTS,2010,ES61,2,0.0003
2016,NUTS,2010,ES61,2,0.0008
2017,NUTS,2010,ES61,2,0.0005
2018,NUTS,2010,ES61,2,0.0004
2019,NUTS,2010,ES61,2,0.0002
2002,NUTS,2010,ES62,2,0.0
2004,NUTS,2010,ES62,2,0.0
2005,NUTS,2010,ES62,2,0.0005
2006,NUTS,2010,ES62,2,0.0004
2007,NUTS,2010,ES62,2,0.0
2008,NUTS,2010,ES62,2,0.0024
2009,NUTS,2010,ES62,2,0.002
2010,NUTS,2010,ES62,2,0.0009
2012,NUTS,2010,ES62,2,0.0016
2013,NUTS,2010,ES62,2,0.0003
2014,NUTS,2010,ES62,2,0.0003
2015,NUTS,2010,ES62,2,0.0004
2016,NUTS,2010,ES62,2,0.0004
2018,NUTS,2010,ES62,2,0.0003
2019,NUTS,2010,ES62,2,0.0
2002,NUTS,2010,ES63,2,0.0
2004,NUTS,2010,ES63,2,0.0
2005,NUTS,2010,ES63,2,0.0
2006,NUTS,2010,ES63,2,0.0
2007,NUTS,2010,ES63,2,0.0
2008,NUTS,2010,ES63,2,0.0
2009,NUTS,2010,ES63,2,0.0
2010,NUTS,2010,ES63,2,0.0
2015,NUTS,2010,ES63,2,0.0
2002,NUTS,2010,ES64,2,0.0
2004,NUTS,2010,ES64,2,0.0
2005,NUTS,2010,ES64,2,0.0
2006,NUTS,2010,ES64,2,0.0
2007,NUTS,2010,ES64,2,0.0
2008,NUTS,2010,ES64,2,0.0
2009,NUTS,2010,ES64,2,0.0
2010,NUTS,2010,ES64,2,0.0
2015,NUTS,2010,ES64,2,0.0
2002,NUTS,2010,ES7,1,0.0
2004,NUTS,2010,ES7,1,0.0002
2005,NUTS,2010,ES7,1,0.0001
2006,NUTS,2010,ES7,1,0.0003
2007,NUTS,2010,ES7,1,0.0003
2008,NUTS,2010,ES7,1,0.0003
2009,NUTS,2010,ES7,1,0.0
2010,NUTS,2010,ES7,1,0.0
2011,NUTS,2010,ES7,1,0.0001
2012,NUTS,2010,ES7,1,0.0001
2013,NUTS,2010,ES7,1,0.0001
2014,NUTS,2010,ES7,1,0.0001
2015,NUTS,2010,ES7,1,0.0001
2016,NUTS,2010,ES7,1,0.0001
2017,NUTS,2010,ES7,1,0.0001
2018,NUTS,2010,ES7,1,0.0005
2002,NUTS,2010,ES70,2,0.0
2004,NUTS,2010,ES70,2,0.0002
2005,NUTS,2010,ES70,2,0.0001
2006,NUTS,2010,ES70,2,0.0003
2007,NUTS,2010,ES70,2,0.0003
2008,NUTS,2010,ES70,2,0.0003
2009,NUTS,2010,ES70,2,0.0
2010,NUTS,2010,ES70,2,0.0
2011,NUTS,2010,ES70,2,0.0001
2012,NUTS,2010,ES70,2,0.0001
2013,NUTS,2010,ES70,2,0.0001
2014,NUTS,2010,ES70,2,0.0001
2015,NUTS,2010,ES70,2,0.0001
2016,NUTS,2010,ES70,2,0.0001
2017,NUTS,2010,ES70,2,0.0001
2018,NUTS,2010,ES70,2,0.0005
2010,NUTS,2010,FR,0,0.0094
2011,NUTS,2010,FR,0,0.0099
2012,NUTS,2010,FR,0,0.011
2013,NUTS,2010,FR,0,0.0112
2014,NUTS,2010,FR,0,0.0121
2016,NUTS,2010,FR,0,0.0156
2017,NUTS,2010,FR,0,0.0157
2005,NUTS,2010,HR,0,0.0002
2006,NUTS,2010,HR,0,0.0001
2007,NUTS,2010,HR,0,0.0
2008,NUTS,2010,HR,0,0.0003
2009,NUTS,2010,HR,0,0.0004
2010,NUTS,2010,HR,0,0.0004
2011,NUTS,2010,HR,0,0.0005
2005,NUTS,2010,HR0,1,0.0001
2006,NUTS,2010,HR0,1,0.0001
2007,NUTS,2010,HR0,1,0.0
2008,NUTS,2010,HR0,1,0.0003
2009,NUTS,2010,HR0,1,0.0004
2010,NUTS,2010,HR0,1,0.0004
2011,NUTS,2010,HR0,1,0.0005
2008,NUTS,2010,HR03,2,0.0008
2009,NUTS,2010,HR03,2,0.0012
2010,NUTS,2010,HR03,2,0.0012
2011,NUTS,2010,HR03,2,0.0016
2008,NUTS,2010,HR04,2,0.0
2009,NUTS,2010,HR04,2,0.0
2010,NUTS,2010,HR04,2,0.0
2011,NUTS,2010,HR04,2,0.0
2012,NUTS,2010,HR04,2,0.0
2013,NUTS,2010,HR04,2,0.0
2014,NUTS,2010,HR04,2,0.0
2003,NUTS,2010,IS,0,0.0365
2005,NUTS,2010,IS,0,0.0344
2006,NUTS,2010,IS,0,0.0412
2007,NUTS,2010,IS,0,0.0404
2008,NUTS,2010,IS,0,0.0417
2009,NUTS,2010,IS,0,0.0399
2011,NUTS,2010,IS,0,0.0364
2003,NUTS,2010,IT,0,0.0105
2004,NUTS,2010,IT,0,0.0112
2005,NUTS,2010,IT,0,0.0178
2006,NUTS,2010,IT,0,0.0223
2007,NUTS,2010,IT,0,0.022
2008,NUTS,2010,IT,0,0.0209
2009,NUTS,2010,IT,0,0.022
2010,NUTS,2010,IT,0,0.0234
2011,NUTS,2010,IT,0,0.0209
2012,NUTS,2010,IT,0,0.022
2013,NUTS,2010,IT,0,0.0244
2014,NUTS,2010,IT,0,0.0253
2015,NUTS,2010,IT,0,0.0281
2016,NUTS,2010,IT,0,0.0285
2017,NUTS,2010,IT,0,0.0248
2018,NUTS,2010,IT,0,0.0241
2019,NUTS,2010,IT,0,0.0277
2003,NUTS,2010,ITC,1,0.0221
2004,NUTS,2010,ITC,1,0.0193
2005,NUTS,2010,ITC,1,0.0211
2007,NUTS,2010,ITC,1,0.0347
2008,NUTS,2010,ITC,1,0.034
2009,NUTS,2010,ITC,1,0.0372
2010,NUTS,2010,ITC,1,0.0409
2011,NUTS,2010,ITC,1,0.0364
2012,NUTS,2010,ITC,1,0.039
2013,NUTS,2010,ITC,1,0.0431
2014,NUTS,2010,ITC,1,0.0387
2015,NUTS,2010,ITC,1,0.0422
2016,NUTS,2010,ITC,1,0.0457
2017,NUTS,2010,ITC,1,0.032
2018,NUTS,2010,ITC,1,0.0326
2019,NUTS,2010,ITC,1,0.0376
2003,NUTS,2010,ITC1,2,0.008
2004,NUTS,2010,ITC1,2,0.0089
2005,NUTS,2010,ITC1,2,0.0175
2007,NUTS,2010,ITC1,2,0.0144
2008,NUTS,2010,ITC1,2,0.0138
2009,NUTS,2010,ITC1,2,0.0175
2010,NUTS,2010,ITC1,2,0.0245
2011,NUTS,2010,ITC1,2,0.0184
2012,NUTS,2010,ITC1,2,0.0318
2013,NUTS,2010,ITC1,2,0.0367
2014,NUTS,2010,ITC1,2,0.037
2015,NUTS,2010,ITC1,2,0.0382
2016,NUTS,2010,ITC1,2,0.0359
2017,NUTS,2010,ITC1,2,0.0298
2018,NUTS,2010,ITC1,2,0.0323
2019,NUTS,2010,ITC1,2,0.0371
2003,NUTS,2010,ITC2,2,0.0084
2004,NUTS,2010,ITC2,2,0.0468
2005,NUTS,2010,ITC2,2,0.0255
2007,NUTS,2010,ITC2,2,0.0551
2008,NUTS,2010,ITC2,2,0.0257
2009,NUTS,2010,ITC2,2,0.0336
2010,NUTS,2010,ITC2,2,0.0436
2011,NUTS,2010,ITC2,2,0.0274
2012,NUTS,2010,ITC2,2,0.0386
2013,NUTS,2010,ITC2,2,0.049
2014,NUTS,2010,ITC2,2,0.0258
2015,NUTS,2010,ITC2,2,0.0312
2016,NUTS,2010,ITC2,2,0.0242
2017,NUTS,2010,ITC2,2,0.0263
2018,NUTS,2010,ITC2,2,0.0326
2019,NUTS,2010,ITC2,2,0.0533
2003,NUTS,2010,ITC3,2,0.0043
2004,NUTS,2010,ITC3,2,0.0095
2005,NUTS,2010,ITC3,2,0.009
2007,NUTS,2010,ITC3,2,0.0218
2008,NUTS,2010,ITC3,2,0.0226
2009,NUTS,2010,ITC3,2,0.0133
2010,NUTS,2010,ITC3,2,0.0124
2011,NUTS,2010,ITC3,2,0.0194
2012,NUTS,2010,ITC3,2,0.0189
2013,NUTS,2010,ITC3,2,0.0195
2014,NUTS,2010,ITC3,2,0.0172
2015,NUTS,2010,ITC3,2,0.0195
2016,NUTS,2010,ITC3,2,0.0198
2017,NUTS,2010,ITC3,2,0.0174
2018,NUTS,2010,ITC3,2,0.0182
2019,NUTS,2010,ITC3,2,0.0297
2003,NUTS,2010,ITC4,2,0.0317
2004,NUTS,2010,ITC4,2,0.0251
2005,NUTS,2010,ITC4,2,0.0244
2007,NUTS,2010,ITC4,2,0.0455
2008,NUTS,2010,ITC4,2,0.045
2009,NUTS,2010,ITC4,2,0.0498
2010,NUTS,2010,ITC4,2,0.0526
2011,NUTS,2010,ITC4,2,0.0474
2012,NUTS,2010,ITC4,2,0.0454
2013,NUTS,2010,ITC4,2,0.0493
2014,NUTS,2010,ITC4,2,0.0427
2015,NUTS,2010,ITC4,2,0.0475
2016,NUTS,2010,ITC4,2,0.054
2017,NUTS,2010,ITC4,2,0.035
2018,NUTS,2010,ITC4,2,0.0348
2019,NUTS,2010,ITC4,2,0.0387
2003,NUTS,2010,ITF,1,0.0038
2004,NUTS,2010,ITF,1,0.0039
2005,NUTS,2010,ITF,1,0.01
2007,NUTS,2010,ITF,1,0.0121
2008,NUTS,2010,ITF,1,0.012
2009,NUTS,2010,ITF,1,0.0128
2010,NUTS,2010,ITF,1,0.0064
2011,NUTS,2010,ITF,1,0.0074
2012,NUTS,2010,ITF,1,0.007
2013,NUTS,2010,ITF,1,0.0074
2014,NUTS,2010,ITF,1,0.0142
2017,NUTS,2010,ITF,1,0.0112
2018,NUTS,2010,ITF,1,0.0117
2019,NUTS,2010,ITF,1,0.0122
2003,NUTS,2010,ITF1,2,0.0022
2004,NUTS,2010,ITF1,2,0.0022
2005,NUTS,2010,ITF1,2,0.0026
2007,NUTS,2010,ITF1,2,0.0031
2008,NUTS,2010,ITF1,2,0.003
2009,NUTS,2010,ITF1,2,0.0
2010,NUTS,2010,ITF1,2,0.0001
2011,NUTS,2010,ITF1,2,0.0021
2012,NUTS,2010,ITF1,2,0.0022
2013,NUTS,2010,ITF1,2,0.0037
2014,NUTS,2010,ITF1,2,0.0022
2015,NUTS,2010,ITF1,2,0.0032
2016,NUTS,2010,ITF1,2,0.006
2017,NUTS,2010,ITF1,2,0.007
2018,NUTS,2010,ITF1,2,0.0049
2019,NUTS,2010,ITF1,2,0.007
2003,NUTS,2010,ITF2,2,0.0102
2004,NUTS,2010,ITF2,2,0.0
2005,NUTS,2010,ITF2,2,0.0367
2007,NUTS,2010,ITF2,2,0.0072
2008,NUTS,2010,ITF2,2,0.0
2009,NUTS,2010,ITF2,2,0.0005
2017,NUTS,2010,ITF2,2,0.0026
2018,NUTS,2010,ITF2,2,0.006
2019,NUTS,2010,ITF2,2,0.0002
2003,NUTS,2010,ITF3,2,0.0061
2004,NUTS,2010,ITF3,2,0.0059
2005,NUTS,2010,ITF3,2,0.0067
2007,NUTS,2010,ITF3,2,0.0139
2008,NUTS,2010,ITF3,2,0.0141
2009,NUTS,2010,ITF3,2,0.0168
2010,NUTS,2010,ITF3,2,0.0105
2011,NUTS,2010,ITF3,2,0.011
2012,NUTS,2010,ITF3,2,0.0102
2013,NUTS,2010,ITF3,2,0.0095
2014,NUTS,2010,ITF3,2,0.0224
2015,NUTS,2010,ITF3,2,0.0214
2016,NUTS,2010,ITF3,2,0.0183
2017,NUTS,2010,ITF3,2,0.0151
2018,NUTS,2010,ITF3,2,0.0134
2019,NUTS,2010,ITF3,2,0.0138
2003,NUTS,2010,ITF4,2,0.0035
2004,NUTS,2010,ITF4,2,0.004
2005,NUTS,2010,ITF4,2,0.0226
2007,NUTS,2010,ITF4,2,0.0223
2008,NUTS,2010,ITF4,2,0.0229
2009,NUTS,2010,ITF4,2,0.0233
2010,NUTS,2010,ITF4,2,0.0089
2011,NUTS,2010,ITF4,2,0.0104
2012,NUTS,2010,ITF4,2,0.0094
2013,NUTS,2010,ITF4,2,0.011
2014,NUTS,2010,ITF4,2,0.0191
2015,NUTS,2010,ITF4,2,0.0178
2016,NUTS,2010,ITF4,2,0.0195
2017,NUTS,2010,ITF4,2,0.0151
2018,NUTS,2010,ITF4,2,0.0197
2019,NUTS,2010,ITF4,2,0.0203
2003,NUTS,2010,ITF5,2,0.0
2004,NUTS,2010,ITF5,2,0.0031
2005,NUTS,2010,ITF5,2,0.0015
2007,NUTS,2010,ITF5,2,0.0
2008,NUTS,2010,ITF5,2,0.0
2009,NUTS,2010,ITF5,2,0.0003
2012,NUTS,2010,ITF5,2,0.0041
2013,NUTS,2010,ITF5,2,0.0038
2015,NUTS,2010,ITF5,2,0.0029
2017,NUTS,2010,ITF5,2,0.003
2018,NUTS,2010,ITF5,2,0.0025
2019,NUTS,2010,ITF5,2,0.003
2003,NUTS,2010,ITF6,2,0.0
2004,NUTS,2010,ITF6,2,0.0005
2005,NUTS,2010,ITF6,2,0.0005
2007,NUTS,2010,ITF6,2,0.0
2008,NUTS,2010,ITF6,2,0.0
2009,NUTS,2010,ITF6,2,0.0
2010,NUTS,2010,ITF6,2,0.0001
2011,NUTS,2010,ITF6,2,0.0007
2015,NUTS,2010,ITF6,2,0.0005
2016,NUTS,2010,ITF6,2,0.0009
2017,NUTS,2010,ITF6,2,0.0
2018,NUTS,2010,ITF6,2,0.0003
2019,NUTS,2010,ITF6,2,0.0005
2003,NUTS,2010,ITG,1,0.0013
2004,NUTS,2010,ITG,1,0.0013
2005,NUTS,2010,ITG,1,0.0039
2007,NUTS,2010,ITG,1,0.0055
2008,NUTS,2010,ITG,1,0.0075
2009,NUTS,2010,ITG,1,0.0054
2010,NUTS,2010,ITG,1,0.0098
2011,NUTS,2010,ITG,1,0.007
2012,NUTS,2010,ITG,1,0.0071
2013,NUTS,2010,ITG,1,0.0093
2014,NUTS,2010,ITG,1,0.0067
2015,NUTS,2010,ITG,1,0.0085
2016,NUTS,2010,ITG,1,0.0091
2017,NUTS,2010,ITG,1,0.0095
2018,NUTS,2010,ITG,1,0.0065
2019,NUTS,2010,ITG,1,0.0079
2003,NUTS,2010,ITG1,2,0.0012
2004,NUTS,2010,ITG1,2,0.0019
2005,NUTS,2010,ITG1,2,0.0053
2007,NUTS,2010,ITG1,2,0.0077
2008,NUTS,2010,ITG1,2,0.011
2009,NUTS,2010,ITG1,2,0.0072
2010,NUTS,2010,ITG1,2,0.0139
2011,NUTS,2010,ITG1,2,0.0096
2012,NUTS,2010,ITG1,2,0.0102
2013,NUTS,2010,ITG1,2,0.0128
2014,NUTS,2010,ITG1,2,0.0089
2015,NUTS,2010,ITG1,2,0.0113
2016,NUTS,2010,ITG1,2,0.0109
2017,NUTS,2010,ITG1,2,0.012
2018,NUTS,2010,ITG1,2,0.0081
2019,NUTS,2010,ITG1,2,0.0105
2003,NUTS,2010,ITG2,2,0.0016
2004,NUTS,2010,ITG2,2,0.0
2005,NUTS,2010,ITG2,2,0.0009
2007,NUTS,2010,ITG2,2,0.0005
2008,NUTS,2010,ITG2,2,0.0
2009,NUTS,2010,ITG2,2,0.0013
2010,NUTS,2010,ITG2,2,0.0014
2011,NUTS,2010,ITG2,2,0.0018
2012,NUTS,2010,ITG2,2,0.0009
2013,NUTS,2010,ITG2,2,0.002
2014,NUTS,2010,ITG2,2,0.0023
2015,NUTS,2010,ITG2,2,0.0028
2016,NUTS,2010,ITG2,2,0.0054
2017,NUTS,2010,ITG2,2,0.004
2018,NUTS,2010,ITG2,2,0.0033
2019,NUTS,2010,ITG2,2,0.0029
2003,NUTS,2010,ITH,1,0.0059
2004,NUTS,2010,ITH,1,0.0116
2005,NUTS,2010,ITH,1,0.0129
2007,NUTS,2010,ITH,1,0.0174
2008,NUTS,2010,ITH,1,0.0114
2009,NUTS,2010,ITH,1,0.0124
2010,NUTS,2010,ITH,1,0.0084
2011,NUTS,2010,ITH,1,0.006
2012,NUTS,2010,ITH,1,0.0073
2013,NUTS,2010,ITH,1,0.0092
2014,NUTS,2010,ITH,1,0.0171
2015,NUTS,2010,ITH,1,0.0196
2016,NUTS,2010,ITH,1,0.0176
2017,NUTS,2010,ITH,1,0.0179
2018,NUTS,2010,ITH,1,0.0158
2019,NUTS,2010,ITH,1,0.0188
2003,NUTS,2010,ITH1,2,0.0392
2004,NUTS,2010,ITH1,2,0.0567
2005,NUTS,2010,ITH1,2,0.0558
2007,NUTS,2010,ITH1,2,0.1003
2008,NUTS,2010,ITH1,2,0.0475
2009,NUTS,2010,ITH1,2,0.0661
2010,NUTS,2010,ITH1,2,0.0
2011,NUTS,2010,ITH1,2,0.0006
2012,NUTS,2010,ITH1,2,0.0014
2013,NUTS,2010,ITH1,2,0.0006
2014,NUTS,2010,ITH1,2,0.1416
2015,NUTS,2010,ITH1,2,0.1403
2016,NUTS,2010,ITH1,2,0.1169
2017,NUTS,2010,ITH1,2,0.1473
2018,NUTS,2010,ITH1,2,0.1214
2019,NUTS,2010,ITH1,2,0.1412
2003,NUTS,2010,ITH2,2,0.016
2004,NUTS,2010,ITH2,2,0.0078
2005,NUTS,2010,ITH2,2,0.0169
2007,NUTS,2010,ITH2,2,0.0228
2008,NUTS,2010,ITH2,2,0.037
2009,NUTS,2010,ITH2,2,0.0286
2010,NUTS,2010,ITH2,2,0.0428
2011,NUTS,2010,ITH2,2,0.0312
2012,NUTS,2010,ITH2,2,0.0276
2013,NUTS,2010,ITH2,2,0.0233
2014,NUTS,2010,ITH2,2,0.0237
2015,NUTS,2010,ITH2,2,0.0196
2016,NUTS,2010,ITH2,2,0.0203
2017,NUTS,2010,ITH2,2,0.0123
2018,NUTS,2010,ITH2,2,0.0115
2019,NUTS,2010,ITH2,2,0.0118
2003,NUTS,2010,ITH3,2,0.0045
2004,NUTS,2010,ITH3,2,0.0137
2005,NUTS,2010,ITH3,2,0.0168
2007,NUTS,2010,ITH3,2,0.0204
2008,NUTS,2010,ITH3,2,0.0088
2009,NUTS,2010,ITH3,2,0.0134
2010,NUTS,2010,ITH3,2,0.0104
2011,NUTS,2010,ITH3,2,0.007
2012,NUTS,2010,ITH3,2,0.0074
2013,NUTS,2010,ITH3,2,0.0106
2014,NUTS,2010,ITH3,2,0.0111
2015,NUTS,2010,ITH3,2,0.0155
2016,NUTS,2010,ITH3,2,0.0138
2017,NUTS,2010,ITH3,2,0.0116
2018,NUTS,2010,ITH3,2,0.0109
2019,NUTS,2010,ITH3,2,0.0173
2003,NUTS,2010,ITH4,2,0.0033
2004,NUTS,2010,ITH4,2,0.0053
2005,NUTS,2010,ITH4,2,0.0057
2007,NUTS,2010,ITH4,2,0.0131
2008,NUTS,2010,ITH4,2,0.014
2009,NUTS,2010,ITH4,2,0.0102
2010,NUTS,2010,ITH4,2,0.0143
2011,NUTS,2010,ITH4,2,0.0097
2012,NUTS,2010,ITH4,2,0.0133
2013,NUTS,2010,ITH4,2,0.0145
2014,NUTS,2010,ITH4,2,0.0181
2015,NUTS,2010,ITH4,2,0.0242
2016,NUTS,2010,ITH4,2,0.0148
2017,NUTS,2010,ITH4,2,0.019
2018,NUTS,2010,ITH4,2,0.0163
2019,NUTS,2010,ITH4,2,0.0156
2005,NUTS,2010,ITH5,2,0.0052
2007,NUTS,2010,ITH5,2,0.0055
2008,NUTS,2010,ITH5,2,0.0063
2009,NUTS,2010,ITH5,2,0.0038
2010,NUTS,2010,ITH5,2,0.0019
2011,NUTS,2010,ITH5,2,0.0017
2012,NUTS,2010,ITH5,2,0.004
2013,NUTS,2010,ITH5,2,0.0058
2014,NUTS,2010,ITH5,2,0.0062
2015,NUTS,2010,ITH5,2,0.0072
2016,NUTS,2010,ITH5,2,0.0092
2017,NUTS,2010,ITH5,2,0.0082
2018,NUTS,2010,ITH5,2,0.0075
2019,NUTS,2010,ITH5,2,0.0062
2003,NUTS,2010,ITI,1,0.0055
2004,NUTS,2010,ITI,1,0.008
2005,NUTS,2010,ITI,1,0.0286
2007,NUTS,2010,ITI,1,0.0207
2008,NUTS,2010,ITI,1,0.0227
2009,NUTS,2010,ITI,1,0.0215
2010,NUTS,2010,ITI,1,0.0298
2011,NUTS,2010,ITI,1,0.028
2012,NUTS,2010,ITI,1,0.0277
2013,NUTS,2010,ITI,1,0.0284
2014,NUTS,2010,ITI,1,0.0261
2017,NUTS,2010,ITI,1,0.0338
2018,NUTS,2010,ITI,1,0.0325
2019,NUTS,2010,ITI,1,0.0367
2003,NUTS,2010,ITI1,2,0.0025
2004,NUTS,2010,ITI1,2,0.0024
2005,NUTS,2010,ITI1,2,0.0079
2007,NUTS,2010,ITI1,2,0.0083
2008,NUTS,2010,ITI1,2,0.0094
2009,NUTS,2010,ITI1,2,0.011
2010,NUTS,2010,ITI1,2,0.0102
2011,NUTS,2010,ITI1,2,0.0104
2012,NUTS,2010,ITI1,2,0.0134
2013,NUTS,2010,ITI1,2,0.012
2014,NUTS,2010,ITI1,2,0.0119
2015,NUTS,2010,ITI1,2,0.0166
2016,NUTS,2010,ITI1,2,0.017
2017,NUTS,2010,ITI1,2,0.0159
2018,NUTS,2010,ITI1,2,0.0175
2019,NUTS,2010,ITI1,2,0.0186
2003,NUTS,2010,ITI2,2,0.0015
2004,NUTS,2010,ITI2,2,0.0
2005,NUTS,2010,ITI2,2,0.0057
2007,NUTS,2010,ITI2,2,0.002
2008,NUTS,2010,ITI2,2,0.0019
2009,NUTS,2010,ITI2,2,0.0007
2010,NUTS,2010,ITI2,2,0.0012
2011,NUTS,2010,ITI2,2,0.0006
2012,NUTS,2010,ITI2,2,0.0008
2013,NUTS,2010,ITI2,2,0.0003
2014,NUTS,2010,ITI2,2,0.0003
2017,NUTS,2010,ITI2,2,0.0008
2018,NUTS,2010,ITI2,2,0.0032
2019,NUTS,2010,ITI2,2,0.0024
2005,NUTS,2010,ITI3,2,0.0008
2007,NUTS,2010,ITI3,2,0.0
2008,NUTS,2010,ITI3,2,0.0004
2009,NUTS,2010,ITI3,2,0.0001
2010,NUTS,2010,ITI3,2,0.0011
2011,NUTS,2010,ITI3,2,0.0005
2012,NUTS,2010,ITI3,2,0.0004
2013,NUTS,2010,ITI3,2,0.0002
2014,NUTS,2010,ITI3,2,0.0007
2015,NUTS,2010,ITI3,2,0.0004
2016,NUTS,2010,ITI3,2,0.001
2017,NUTS,2010,ITI3,2,0.0018
2018,NUTS,2010,ITI3,2,0.0021
2019,NUTS,2010,ITI3,2,0.0023
2003,NUTS,2010,ITI4,2,0.01
2004,NUTS,2010,ITI4,2,0.0153
2005,NUTS,2010,ITI4,2,0.0557
2007,NUTS,2010,ITI4,2,0.0397
2008,NUTS,2010,ITI4,2,0.0431
2009,NUTS,2010,ITI4,2,0.0394
2010,NUTS,2010,ITI4,2,0.0571
2011,NUTS,2010,ITI4,2,0.0532
2012,NUTS,2010,ITI4,2,0.0499
2013,NUTS,2010,ITI4,2,0.0523
2014,NUTS,2010,ITI4,2,0.0465
2015,NUTS,2010,ITI4,2,0.053
2016,NUTS,2010,ITI4,2,0.0497
2017,NUTS,2010,ITI4,2,0.0594
2018,NUTS,2010,ITI4,2,0.0554
2019,NUTS,2010,ITI4,2,0.0636
1998,NUTS,2010,KR,0,0.0006
2002,NUTS,2010,LV,0,0.0
2003,NUTS,2010,LV,0,0.0
2011,NUTS,2010,ME,0,0.0059
2013,NUTS,2010,ME,0,0.0119
2014,NUTS,2010,ME,0,0.0124
2015,NUTS,2010,ME,0,0.0096
2017,NUTS,2010,ME,0,0.0051
2018,NUTS,2010,ME,0,0.0087
2019,NUTS,2010,ME,0,0.001
2015,NUTS,2010,MK,0,0.0032
2016,NUTS,2010,MK,0,0.0124
2017,NUTS,2010,MK,0,0.0088
2018,NUTS,2010,MK,0,0.0079
2019,NUTS,2010,MK,0,0.005
2002,NUTS,2010,MT,0,0.0
2003,NUTS,2010,MT,0,0.0
2004,NUTS,2010,MT,0,0.0
2005,NUTS,2010,MT,0,0.0
2006,NUTS,2010,MT,0,0.0
2007,NUTS,2010,MT,0,0.0
2008,NUTS,2010,MT,0,0.0
2009,NUTS,2010,MT,0,0.0
2000,NUTS,2010,PL,0,0.0001
2003,NUTS,2010,PL,0,0.0002
2004,NUTS,2010,PL,0,0.0003
2005,NUTS,2010,PL,0,0.0008
2006,NUTS,2010,PL,0,0.0009
2007,NUTS,2010,PL,0,0.0003
2008,NUTS,2010,PL,0,0.0001
2009,NUTS,2010,PL,0,0.0001
2010,NUTS,2010,PL,0,0.0003
2011,NUTS,2010,PL,0,0.0004
2012,NUTS,2010,PL,0,0.001
2013,NUTS,2010,PL,0,0.0008
2014,NUTS,2010,PL,0,0.0007
2015,NUTS,2010,PL,0,0.0007
2016,NUTS,2010,PL,0,0.0041
2017,NUTS,2010,PL,0,0.0058
2018,NUTS,2010,PL,0,0.0057
2019,NUTS,2010,PL,0,0.0046
2003,NUTS,2010,PL1,1,0.0013
2004,NUTS,2010,PL1,1,0.0014
2005,NUTS,2010,PL1,1,0.0023
2006,NUTS,2010,PL1,1,0.0027
2007,NUTS,2010,PL1,1,0.0009
2008,NUTS,2010,PL1,1,0.0004
2009,NUTS,2010,PL1,1,0.0
2011,NUTS,2010,PL1,1,0.0016
2013,NUTS,2010,PL1,1,0.0018
2014,NUTS,2010,PL1,1,0.0014
2015,NUTS,2010,PL1,1,0.0015
2003,NUTS,2010,PL11,2,0.0002
2004,NUTS,2010,PL11,2,0.0001
2005,NUTS,2010,PL11,2,0.0015
2007,NUTS,2010,PL11,2,0.0
2008,NUTS,2010,PL11,2,0.0
2009,NUTS,2010,PL11,2,0.0001
2013,NUTS,2010,PL11,2,0.0019
2003,NUTS,2010,PL12,2,0.0011
2004,NUTS,2010,PL12,2,0.0014
2005,NUTS,2010,PL12,2,0.0014
2007,NUTS,2010,PL12,2,0.0009
2008,NUTS,2010,PL12,2,0.0004
2009,NUTS,2010,PL12,2,0.0
2010,NUTS,2010,PL12,2,0.0004
2012,NUTS,2010,PL12,2,0.0021
2013,NUTS,2010,PL12,2,0.0017
2003,NUTS,2010,PL2,1,0.0006
2004,NUTS,2010,PL2,1,0.0002
2005,NUTS,2010,PL2,1,0.0006
2006,NUTS,2010,PL2,1,0.0012
2007,NUTS,2010,PL2,1,0.0003
2008,NUTS,2010,PL2,1,0.0003
2009,NUTS,2010,PL2,1,0.0002
2010,NUTS,2010,PL2,1,0.0001
2011,NUTS,2010,PL2,1,0.0002
2013,NUTS,2010,PL2,1,0.0012
2014,NUTS,2010,PL2,1,0.001
2015,NUTS,2010,PL2,1,0.0006
2016,NUTS,2010,PL2,1,0.0031
2017,NUTS,2010,PL2,1,0.0061
2018,NUTS,2010,PL2,1,0.0053
2019,NUTS,2010,PL2,1,0.0026
2005,NUTS,2010,PL21,2,0.0009
2008,NUTS,2010,PL21,2,0.0002
2009,NUTS,2010,PL21,2,0.0006
2010,NUTS,2010,PL21,2,0.0003
2011,NUTS,2010,PL21,2,0.0006
2015,NUTS,2010,PL21,2,0.0015
2017,NUTS,2010,PL21,2,0.007
2018,NUTS,2010,PL21,2,0.0046
2019,NUTS,2010,PL21,2,0.0029
2005,NUTS,2010,PL22,2,0.0004
2008,NUTS,2010,PL22,2,0.0004
2009,NUTS,2010,PL22,2,0.0
2010,NUTS,2010,PL22,2,0.0
2011,NUTS,2010,PL22,2,0.0
2012,NUTS,2010,PL22,2,0.0
2015,NUTS,2010,PL22,2,0.0
2017,NUTS,2010,PL22,2,0.0054
2018,NUTS,2010,PL22,2,0.0059
2019,NUTS,2010,PL22,2,0.0024
2006,NUTS,2010,PL3,1,0.0
2009,NUTS,2010,PL3,1,0.0
2013,NUTS,2010,PL3,1,0.0002
2006,NUTS,2010,PL31,2,0.0
2007,NUTS,2010,PL31,2,0.0
2009,NUTS,2010,PL31,2,0.0
2011,NUTS,2010,PL31,2,0.0
2012,NUTS,2010,PL31,2,0.0
2013,NUTS,2010,PL31,2,0.0
2014,NUTS,2010,PL31,2,0.0
2015,NUTS,2010,PL31,2,0.0
2007,NUTS,2010,PL33,2,0.0
2010,NUTS,2010,PL33,2,0.0
2012,NUTS,2010,PL33,2,0.0
2015,NUTS,2010,PL33,2,0.0
2006,NUTS,2010,PL34,2,0.0
2007,NUTS,2010,PL34,2,0.0
2005,NUTS,2010,PL4,1,0.0002
2006,NUTS,2010,PL4,1,0.0007
2007,NUTS,2010,PL4,1,0.0002
2009,NUTS,2010,PL4,1,0.0001
2015,NUTS,2010,PL4,1,0.0008
2016,NUTS,2010,PL4,1,0.0023
2018,NUTS,2010,PL4,1,0.0015
2019,NUTS,2010,PL4,1,0.001
2005,NUTS,2010,PL41,2,0.0003
2006,NUTS,2010,PL41,2,0.0012
2007,NUTS,2010,PL41,2,0.0004
2009,NUTS,2010,PL41,2,0.0
2010,NUTS,2010,PL41,2,0.0
2011,NUTS,2010,PL41,2,0.0
2018,NUTS,2010,PL41,2,0.0023
2006,NUTS,2010,PL42,2,0.0
2007,NUTS,2010,PL42,2,0.0
2018,NUTS,2010,PL42,2,0.0008
2006,NUTS,2010,PL43,2,0.0
2007,NUTS,2010,PL43,2,0.0
2012,NUTS,2010,PL43,2,0.0
2015,NUTS,2010,PL43,2,0.0
2018,NUTS,2010,PL43,2,0.0
2019,NUTS,2010,PL43,2,0.0
2006,NUTS,2010,PL5,1,0.0
2007,NUTS,2010,PL5,1,0.0
2014,NUTS,2010,PL5,1,0.0004
2006,NUTS,2010,PL51,2,0.0
2007,NUTS,2010,PL51,2,0.0
2009,NUTS,2010,PL51,2,0.0
2015,NUTS,2010,PL51,2,0.0004
2016,NUTS,2010,PL51,2,0.0018
2019,NUTS,2010,PL51,2,0.0019
2006,NUTS,2010,PL52,2,0.0
2007,NUTS,2010,PL52,2,0.0
2010,NUTS,2010,PL52,2,0.0
2012,NUTS,2010,PL52,2,0.0
2000,NUTS,2010,PL6,1,0.0009
2005,NUTS,2010,PL6,1,0.002
2006,NUTS,2010,PL6,1,0.0007
2011,NUTS,2010,PL6,1,0.0
2013,NUTS,2010,PL6,1,0.0
2014,NUTS,2010,PL6,1,0.0
2015,NUTS,2010,PL6,1,0.0
2018,NUTS,2010,PL6,1,0.0029
2019,NUTS,2010,PL6,1,0.0048
2007,NUTS,2010,PL61,2,0.0
2011,NUTS,2010,PL61,2,0.0
2012,NUTS,2010,PL61,2,0.0
2013,NUTS,2010,PL61,2,0.0
2014,NUTS,2010,PL61,2,0.0
2015,NUTS,2010,PL61,2,0.0
2006,NUTS,2010,PL62,2,0.0
2007,NUTS,2010,PL62,2,0.0
2012,NUTS,2010,PL62,2,0.0
2013,NUTS,2010,PL62,2,0.0
2015,NUTS,2010,PL62,2,0.0
2000,NUTS,2010,PL63,2,0.0027
2005,NUTS,2010,PL63,2,0.0058
2006,NUTS,2010,PL63,2,0.002
2011,NUTS,2010,PL63,2,0.0
2013,NUTS,2010,PL63,2,0.0
2014,NUTS,2010,PL63,2,0.0
2015,NUTS,2010,PL63,2,0.0
2016,NUTS,2010,PL63,2,0.0011
2017,NUTS,2010,PL63,2,0.0026
2018,NUTS,2010,PL63,2,0.003
2019,NUTS,2010,PL63,2,0.0031
2016,NUTS,2010,PL7,1,0.0026
2018,NUTS,2010,PL7,1,0.0076
2019,NUTS,2010,PL71,2,0.009
2016,NUTS,2010,PL8,1,0.0008
2018,NUTS,2010,PL82,2,0.0009
2016,NUTS,2010,PL9,1,0.0144
2017,NUTS,2010,PL9,1,0.0156
2018,NUTS,2010,PL9,1,0.0109
2019,NUTS,2010,PL9,1,0.0123
2018,NUTS,2010,PL91,2,0.0179
2019,NUTS,2010,PL91,2,0.0197
2018,NUTS,2010,PL92,2,0.0
2019,NUTS,2010,PL92,2,0.0
1995,NUTS,2010,PT,0,0.0296
1997,NUTS,2010,PT,0,0.0351
1999,NUTS,2010,PT,0,0.0371
2000,NUTS,2010,PT,0,0.0414
2001,NUTS,2010,PT,0,0.0457
2002,NUTS,2010,PT,0,0.0519
2003,NUTS,2010,PT,0,0.0583
2004,NUTS,2010,PT,0,0.0571
2005,NUTS,2010,PT,0,0.0559
2006,NUTS,2010,PT,0,0.0633
2007,NUTS,2010,PT,0,0.071
2008,NUTS,2010,PT,0,0.0795
2009,NUTS,2010,PT,0,0.0839
2010,NUTS,2010,PT,0,0.1023
2011,NUTS,2010,PT,0,0.1229
2012,NUTS,2010,PT,0,0.1136
2013,NUTS,2010,PT,0,0.0145
2014,NUTS,2010,PT,0,0.0135
2015,NUTS,2010,PT,0,0.012
2016,NUTS,2010,PT,0,0.0115
2017,NUTS,2010,PT,0,0.0111
2018,NUTS,2010,PT,0,0.0112
2019,NUTS,2010,PT,0,0.012
2020,NUTS,2010,PT,0,0.0175
2000,NUTS,2010,PT1,1,0.0401
2001,NUTS,2010,PT1,1,0.0441
2002,NUTS,2010,PT1,1,0.0499
2003,NUTS,2010,PT1,1,0.0563
2004,NUTS,2010,PT1,1,0.0549
2005,NUTS,2010,PT1,1,0.0528
2006,NUTS,2010,PT1,1,0.0604
2007,NUTS,2010,PT1,1,0.068
2008,NUTS,2010,PT1,1,0.0763
2009,NUTS,2010,PT1,1,0.0762
2010,NUTS,2010,PT1,1,0.0938
2011,NUTS,2010,PT1,1,0.1166
2012,NUTS,2010,PT1,1,0.1072
2013,NUTS,2010,PT1,1,0.0141
2014,NUTS,2010,PT1,1,0.0131
2015,NUTS,2010,PT1,1,0.0118
2016,NUTS,2010,PT1,1,0.0114
2017,NUTS,2010,PT1,1,0.0109
2018,NUTS,2010,PT1,1,0.0112
2019,NUTS,2010,PT1,1,0.012
2020,NUTS,2010,PT1,1,0.0174
2000,NUTS,2010,PT11,2,0.043
2001,NUTS,2010,PT11,2,0.0476
2002,NUTS,2010,PT11,2,0.0533
2003,NUTS,2010,PT11,2,0.0598
2004,NUTS,2010,PT11,2,0.0552
2005,NUTS,2010,PT11,2,0.0492
2006,NUTS,2010,PT11,2,0.0606
2007,NUTS,2010,PT11,2,0.073
2008,NUTS,2010,PT11,2,0.0741
2009,NUTS,2010,PT11,2,0.0728
2010,NUTS,2010,PT11,2,0.0876
2011,NUTS,2010,PT11,2,0.1128
2012,NUTS,2010,PT11,2,0.1136
2013,NUTS,2010,PT11,2,0.0014
2014,NUTS,2010,PT11,2,0.0018
2015,NUTS,2010,PT11,2,0.0021
2016,NUTS,2010,PT11,2,0.0022
2017,NUTS,2010,PT11,2,0.0024
2018,NUTS,2010,PT11,2,0.0022
2019,NUTS,2010,PT11,2,0.0027
2020,NUTS,2010,PT11,2,0.0087
2000,NUTS,2010,PT15,2,0.0034
2001,NUTS,2010,PT15,2,0.0033
2002,NUTS,2010,PT15,2,0.0024
2003,NUTS,2010,PT15,2,0.0018
2004,NUTS,2010,PT15,2,0.0009
2005,NUTS,2010,PT15,2,0.0
2006,NUTS,2010,PT15,2,0.0
2007,NUTS,2010,PT15,2,0.0
2009,NUTS,2010,PT15,2,0.0
2010,NUTS,2010,PT15,2,0.0
2011,NUTS,2010,PT15,2,0.0025
2012,NUTS,2010,PT15,2,0.0
2013,NUTS,2010,PT15,2,0.0
2014,NUTS,2010,PT15,2,0.0
2015,NUTS,2010,PT15,2,0.0
2016,NUTS,2010,PT15,2,0.0
2017,NUTS,2010,PT15,2,0.0
2018,NUTS,2010,PT15,2,0.0
2019,NUTS,2010,PT15,2,0.0
2020,NUTS,2010,PT15,2,0.0033
2000,NUTS,2010,PT16,2,0.0338
2001,NUTS,2010,PT16,2,0.0435
2002,NUTS,2010,PT16,2,0.0431
2003,NUTS,2010,PT16,2,0.0433
2004,NUTS,2010,PT16,2,0.0431
2005,NUTS,2010,PT16,2,0.0423
2006,NUTS,2010,PT16,2,0.0462
2007,NUTS,2010,PT16,2,0.0497
2008,NUTS,2010,PT16,2,0.0569
2009,NUTS,2010,PT16,2,0.0532
2010,NUTS,2010,PT16,2,0.0754
2011,NUTS,2010,PT16,2,0.0994
2012,NUTS,2010,PT16,2,0.0869
2013,NUTS,2010,PT16,2,0.001
2014,NUTS,2010,PT16,2,0.001
2015,NUTS,2010,PT16,2,0.001
2016,NUTS,2010,PT16,2,0.0008
2017,NUTS,2010,PT16,2,0.0013
2018,NUTS,2010,PT16,2,0.0015
2019,NUTS,2010,PT16,2,0.0019
2020,NUTS,2010,PT16,2,0.01
2000,NUTS,2010,PT17,2,0.053
2001,NUTS,2010,PT17,2,0.0505
2002,NUTS,2010,PT17,2,0.0674
2003,NUTS,2010,PT17,2,0.0851
2004,NUTS,2010,PT17,2,0.0858
2005,NUTS,2010,PT17,2,0.0869
2006,NUTS,2010,PT17,2,0.0964
2007,NUTS,2010,PT17,2,0.1028
2008,NUTS,2010,PT17,2,0.1233
2009,NUTS,2010,PT17,2,0.13
2010,NUTS,2010,PT17,2,0.1554
2011,NUTS,2010,PT17,2,0.1811
2012,NUTS,2010,PT17,2,0.1582
2013,NUTS,2010,PT17,2,0.0474
2014,NUTS,2010,PT17,2,0.0424
2015,NUTS,2010,PT17,2,0.0372
2016,NUTS,2010,PT17,2,0.0352
2017,NUTS,2010,PT17,2,0.0331
2018,NUTS,2010,PT17,2,0.0343
2019,NUTS,2010,PT17,2,0.0358
2020,NUTS,2010,PT17,2,0.0384
2000,NUTS,2010,PT18,2,0.0124
2001,NUTS,2010,PT18,2,0.0206
2002,NUTS,2010,PT18,2,0.0112
2003,NUTS,2010,PT18,2,0.0031
2004,NUTS,2010,PT18,2,0.0041
2005,NUTS,2010,PT18,2,0.0048
2006,NUTS,2010,PT18,2,0.0061
2007,NUTS,2010,PT18,2,0.0077
2008,NUTS,2010,PT18,2,0.0083
2009,NUTS,2010,PT18,2,0.0052
2010,NUTS,2010,PT18,2,0.0
2011,NUTS,2010,PT18,2,0.0
2012,NUTS,2010,PT18,2,0.0
2013,NUTS,2010,PT18,2,0.0
2014,NUTS,2010,PT18,2,0.0
2015,NUTS,2010,PT18,2,0.0
2016,NUTS,2010,PT18,2,0.0001
2017,NUTS,2010,PT18,2,0.0005
2018,NUTS,2010,PT18,2,0.0007
2019,NUTS,2010,PT18,2,0.0003
2020,NUTS,2010,PT18,2,0.0072
2000,NUTS,2010,PT2,1,0.0256
2001,NUTS,2010,PT2,1,0.0215
2002,NUTS,2010,PT2,1,0.0244
2003,NUTS,2010,PT2,1,0.0289
2004,NUTS,2010,PT2,1,0.0683
2005,NUTS,2010,PT2,1,0.1068
2006,NUTS,2010,PT2,1,0.0869
2007,NUTS,2010,PT2,1,0.0711
2008,NUTS,2010,PT2,1,0.0779
2009,NUTS,2010,PT2,1,0.0774
2010,NUTS,2010,PT2,1,0.0798
2011,NUTS,2010,PT2,1,0.0705
2012,NUTS,2010,PT2,1,0.0705
2013,NUTS,2010,PT2,1,0.0
2014,NUTS,2010,PT2,1,0.0
2015,NUTS,2010,PT2,1,0.0
2016,NUTS,2010,PT2,1,0.0
2017,NUTS,2010,PT2,1,0.0
2018,NUTS,2010,PT2,1,0.0
2019,NUTS,2010,PT2,1,0.0
2020,NUTS,2010,PT2,1,0.0071
2000,NUTS,2010,PT20,2,0.0256
2001,NUTS,2010,PT20,2,0.0215
2002,NUTS,2010,PT20,2,0.0244
2003,NUTS,2010,PT20,2,0.0289
2004,NUTS,2010,PT20,2,0.0683
2005,NUTS,2010,PT20,2,0.1068
2006,NUTS,2010,PT20,2,0.0869
2007,NUTS,2010,PT20,2,0.0711
2008,NUTS,2010,PT20,2,0.0779
2009,NUTS,2010,PT20,2,0.0774
2010,NUTS,2010,PT20,2,0.0798
2011,NUTS,2010,PT20,2,0.0705
2012,NUTS,2010,PT20,2,0.0705
2013,NUTS,2010,PT20,2,0.0
2014,NUTS,2010,PT20,2,0.0
2015,NUTS,2010,PT20,2,0.0
2016,NUTS,2010,PT20,2,0.0
2017,NUTS,2010,PT20,2,0.0
2018,NUTS,2010,PT20,2,0.0
2019,NUTS,2010,PT20,2,0.0
2020,NUTS,2010,PT20,2,0.0071
2000,NUTS,2010,PT3,1,0.009
2001,NUTS,2010,PT3,1,0.0099
2002,NUTS,2010,PT3,1,0.0062
2003,NUTS,2010,PT3,1,0.0034
2004,NUTS,2010,PT3,1,0.0044
2005,NUTS,2010,PT3,1,0.0053
2006,NUTS,2010,PT3,1,0.0046
2007,NUTS,2010,PT3,1,0.0037
2008,NUTS,2010,PT3,1,0.0036
2009,NUTS,2010,PT3,1,0.0034
2010,NUTS,2010,PT3,1,0.0043
2011,NUTS,2010,PT3,1,0.0182
2012,NUTS,2010,PT3,1,0.0141
2013,NUTS,2010,PT3,1,0.0007
2014,NUTS,2010,PT3,1,0.0046
2015,NUTS,2010,PT3,1,0.0034
2016,NUTS,2010,PT3,1,0.0042
2017,NUTS,2010,PT3,1,0.0058
2018,NUTS,2010,PT3,1,0.0021
2019,NUTS,2010,PT3,1,0.0
2020,NUTS,2010,PT3,1,0.001
2000,NUTS,2010,PT30,2,0.009
2001,NUTS,2010,PT30,2,0.0099
2002,NUTS,2010,PT30,2,0.0062
2003,NUTS,2010,PT30,2,0.0034
2004,NUTS,2010,PT30,2,0.0044
2005,NUTS,2010,PT30,2,0.0053
2006,NUTS,2010,PT30,2,0.0046
2007,NUTS,2010,PT30,2,0.0037
2008,NUTS,2010,PT30,2,0.0036
2009,NUTS,2010,PT30,2,0.0034
2010,NUTS,2010,PT30,2,0.0043
2011,NUTS,2010,PT30,2,0.0182
2012,NUTS,2010,PT30,2,0.0141
2013,NUTS,2010,PT30,2,0.0007
2014,NUTS,2010,PT30,2,0.0046
2015,NUTS,2010,PT30,2,0.0034
2016,NUTS,2010,PT30,2,0.0042
2017,NUTS,2010,PT30,2,0.0058
2018,NUTS,2010,PT30,2,0.0021
2019,NUTS,2010,PT30,2,0.0
2020,NUTS,2010,PT30,2,0.001
2003,NUTS,2010,RO,0,0.0006
2004,NUTS,2010,RO,0,0.0028
2005,NUTS,2010,RO,0,0.0026
2006,NUTS,2010,RO,0,0.0009
2007,NUTS,2010,RO,0,0.0016
2008,NUTS,2010,RO,0,0.0008
2009,NUTS,2010,RO,0,0.0013
2010,NUTS,2010,RO,0,0.0015
2011,NUTS,2010,RO,0,0.0022
2012,NUTS,2010,RO,0,0.0017
2013,NUTS,2010,RO,0,0.0012
2014,NUTS,2010,RO,0,0.0009
2015,NUTS,2010,RO,0,0.0014
2016,NUTS,2010,RO,0,0.0017
2017,NUTS,2010,RO,0,0.0011
2018,NUTS,2010,RO,0,0.0016
2019,NUTS,2010,RO,0,0.0021
2004,NUTS,2010,RO1,1,0.0003
2005,NUTS,2010,RO1,1,0.0004
2006,NUTS,2010,RO1,1,0.0001
2007,NUTS,2010,RO1,1,0.0005
2008,NUTS,2010,RO1,1,0.0002
2009,NUTS,2010,RO1,1,0.0031
2010,NUTS,2010,RO1,1,0.0015
2011,NUTS,2010,RO1,1,0.0006
2012,NUTS,2010,RO1,1,0.0007
2013,NUTS,2010,RO1,1,0.0006
2014,NUTS,2010,RO1,1,0.0006
2015,NUTS,2010,RO1,1,0.0001
2016,NUTS,2010,RO1,1,0.0003
2017,NUTS,2010,RO1,1,0.0003
2018,NUTS,2010,RO1,1,0.0008
2019,NUTS,2010,RO1,1,0.0004
2005,NUTS,2010,RO11,2,0.0006
2007,NUTS,2010,RO11,2,0.0009
2008,NUTS,2010,RO11,2,0.0004
2009,NUTS,2010,RO11,2,0.0036
2010,NUTS,2010,RO11,2,0.0026
2011,NUTS,2010,RO11,2,0.001
2012,NUTS,2010,RO11,2,0.0011
2013,NUTS,2010,RO11,2,0.001
2014,NUTS,2010,RO11,2,0.0008
2015,NUTS,2010,RO11,2,0.0
2016,NUTS,2010,RO11,2,0.0006
2017,NUTS,2010,RO11,2,0.0006
2018,NUTS,2010,RO11,2,0.0014
2019,NUTS,2010,RO11,2,0.0008
2004,NUTS,2010,RO12,2,0.0007
2005,NUTS,2010,RO12,2,0.0002
2006,NUTS,2010,RO12,2,0.0002
2009,NUTS,2010,RO12,2,0.0025
2014,NUTS,2010,RO12,2,0.0003
2015,NUTS,2010,RO12,2,0.0003
2016,NUTS,2010,RO12,2,0.0
2017,NUTS,2010,RO12,2,0.0
2018,NUTS,2010,RO12,2,0.0
2019,NUTS,2010,RO12,2,0.0
2004,NUTS,2010,RO2,1,0.003
2005,NUTS,2010,RO2,1,0.0031
2009,NUTS,2010,RO2,1,0.0002
2010,NUTS,2010,RO2,1,0.0007
2011,NUTS,2010,RO2,1,0.0052
2012,NUTS,2010,RO2,1,0.0002
2014,NUTS,2010,RO2,1,0.0003
2015,NUTS,2010,RO2,1,0.0004
2016,NUTS,2010,RO2,1,0.0004
2017,NUTS,2010,RO2,1,0.0006
2018,NUTS,2010,RO2,1,0.0017
2019,NUTS,2010,RO2,1,0.0038
2004,NUTS,2010,RO21,2,0.0049
2005,NUTS,2010,RO21,2,0.0049
2009,NUTS,2010,RO21,2,0.0004
2010,NUTS,2010,RO21,2,0.0012
2011,NUTS,2010,RO21,2,0.0082
2012,NUTS,2010,RO21,2,0.0001
2015,NUTS,2010,RO21,2,0.0
2016,NUTS,2010,RO21,2,0.0
2017,NUTS,2010,RO21,2,0.0001
2018,NUTS,2010,RO21,2,0.0023
2019,NUTS,2010,RO21,2,0.0055
2011,NUTS,2010,RO22,2,0.0002
2012,NUTS,2010,RO22,2,0.0002
2014,NUTS,2010,RO22,2,0.0008
2015,NUTS,2010,RO22,2,0.001
2016,NUTS,2010,RO22,2,0.001
2017,NUTS,2010,RO22,2,0.0016
2018,NUTS,2010,RO22,2,0.0008
2019,NUTS,2010,RO22,2,0.0005
2003,NUTS,2010,RO3,1,0.0023
2004,NUTS,2010,RO3,1,0.006
2005,NUTS,2010,RO3,1,0.0048
2006,NUTS,2010,RO3,1,0.0033
2007,NUTS,2010,RO3,1,0.0051
2008,NUTS,2010,RO3,1,0.0016
2009,NUTS,2010,RO3,1,0.0007
2010,NUTS,2010,RO3,1,0.002
2011,NUTS,2010,RO3,1,0.0002
2012,NUTS,2010,RO3,1,0.0043
2013,NUTS,2010,RO3,1,0.003
2014,NUTS,2010,RO3,1,0.0016
2015,NUTS,2010,RO3,1,0.0036
2016,NUTS,2010,RO3,1,0.0044
2017,NUTS,2010,RO3,1,0.0023
2018,NUTS,2010,RO3,1,0.0023
2019,NUTS,2010,RO3,1,0.002
2004,NUTS,2010,RO31,2,0.0002
2005,NUTS,2010,RO31,2,0.0002
2007,NUTS,2010,RO31,2,0.004
2015,NUTS,2010,RO31,2,0.0
2016,NUTS,2010,RO31,2,0.0
2017,NUTS,2010,RO31,2,0.0
2018,NUTS,2010,RO31,2,0.0002
2019,NUTS,2010,RO31,2,0.0002
2003,NUTS,2010,RO32,2,0.006
2004,NUTS,2010,RO32,2,0.0144
2005,NUTS,2010,RO32,2,0.0111
2006,NUTS,2010,RO32,2,0.0077
2007,NUTS,2010,RO32,2,0.0065
2008,NUTS,2010,RO32,2,0.0038
2009,NUTS,2010,RO32,2,0.0016
2010,NUTS,2010,RO32,2,0.0044
2011,NUTS,2010,RO32,2,0.0004
2012,NUTS,2010,RO32,2,0.009
2013,NUTS,2010,RO32,2,0.0065
2014,NUTS,2010,RO32,2,0.0034
2015,NUTS,2010,RO32,2,0.0075
2016,NUTS,2010,RO32,2,0.0087
2017,NUTS,2010,RO32,2,0.0046
2018,NUTS,2010,RO32,2,0.0044
2019,NUTS,2010,RO32,2,0.0038
2004,NUTS,2010,RO4,1,0.0004
2005,NUTS,2010,RO4,1,0.0008
2008,NUTS,2010,RO4,1,0.0012
2010,NUTS,2010,RO4,1,0.0003
2011,NUTS,2010,RO4,1,0.0004
2014,NUTS,2010,RO4,1,0.0003
2015,NUTS,2010,RO4,1,0.0002
2016,NUTS,2010,RO4,1,0.0
2017,NUTS,2010,RO4,1,0.0
2018,NUTS,2010,RO4,1,0.0
2019,NUTS,2010,RO4,1,0.0
2011,NUTS,2010,RO41,2,0.0005
2015,NUTS,2010,RO41,2,0.0
2016,NUTS,2010,RO41,2,0.0
2017,NUTS,2010,RO41,2,0.0
2018,NUTS,2010,RO41,2,0.0
2019,NUTS,2010,RO41,2,0.0
2004,NUTS,2010,RO42,2,0.0008
2005,NUTS,2010,RO42,2,0.002
2008,NUTS,2010,RO42,2,0.0027
2010,NUTS,2010,RO42,2,0.0006
2011,NUTS,2010,RO42,2,0.0003
2014,NUTS,2010,RO42,2,0.0006
2015,NUTS,2010,RO42,2,0.0003
2016,NUTS,2010,RO42,2,0.0
2017,NUTS,2010,RO42,2,0.0
2018,NUTS,2010,RO42,2,0.0
2019,NUTS,2010,RO42,2,0.0
2010,NUTS,2010,RS,0,0.0
2011,NUTS,2010,RS,0,0.0003
2012,NUTS,2010,RS,0,0.0001
2013,NUTS,2010,RS,0,0.0002
2014,NUTS,2010,RS,0,0.0003
2015,NUTS,2010,RS,0,0.0003
2016,NUTS,2010,RS,0,0.0004
2017,NUTS,2010,RS,0,0.0001
2018,NUTS,2010,RS,0,0.0001
2019,NUTS,2010,RS,0,0.0001
2020,NUTS,2010,RS,0,0.0001
2018,NUTS,2010,RS1,1,0.0001
2019,NUTS,2010,RS1,1,0.0001
2020,NUTS,2010,RS1,1,0.0001
2018,NUTS,2010,RS11,2,0.0002
2019,NUTS,2010,RS11,2,0.0002
2020,NUTS,2010,RS11,2,0.0002
2018,NUTS,2010,RS12,2,0.0
2019,NUTS,2010,RS12,2,0.0
2020,NUTS,2010,RS12,2,0.0
2018,NUTS,2010,RS2,1,0.0
2019,NUTS,2010,RS2,1,0.0
2020,NUTS,2010,RS2,1,0.0
2018,NUTS,2010,RS21,2,0.0
2019,NUTS,2010,RS21,2,0.0
2020,NUTS,2010,RS21,2,0.0
2018,NUTS,2010,RS22,2,0.0
2019,NUTS,2010,RS22,2,0.0
2020,NUTS,2010,RS22,2,0.0
2005,NUTS,2010,SE,0,0.0055
2007,NUTS,2010,SE,0,0.0014
2009,NUTS,2010,SE,0,0.0021
2011,NUTS,2010,SE,0,0.0036
2013,NUTS,2010,SE,0,0.0058
2015,NUTS,2010,SE,0,0.003
1997,NUTS,2010,SI,0,0.0065
1998,NUTS,2010,SI,0,0.0067
1999,NUTS,2010,SI,0,0.0033
2000,NUTS,2010,SI,0,0.0052
2001,NUTS,2010,SI,0,0.0094
2002,NUTS,2010,SI,0,0.0094
2003,NUTS,2010,SI,0,0.0013
2004,NUTS,2010,SI,0,0.0017
2005,NUTS,2010,SI,0,0.0009
2006,NUTS,2010,SI,0,0.0014
2007,NUTS,2010,SI,0,0.0012
2008,NUTS,2010,SI,0,0.0018
2009,NUTS,2010,SI,0,0.0014
2010,NUTS,2010,SI,0,0.0014
2011,NUTS,2010,SI,0,0.0022
2012,NUTS,2010,SI,0,0.0012
2013,NUTS,2010,SI,0,0.0012
2014,NUTS,2010,SI,0,0.0002
2015,NUTS,2010,SI,0,0.0005
2016,NUTS,2010,SI,0,0.0002
2017,NUTS,2010,SI,0,0.0018
2018,NUTS,2010,SI,0,0.0032
2019,NUTS,2010,SI,0,0.0081
1999,NUTS,2010,SI0,1,0.0032
2000,NUTS,2010,SI0,1,0.0051
2001,NUTS,2010,SI0,1,0.0091
2002,NUTS,2010,SI0,1,0.009
2003,NUTS,2010,SI0,1,0.0012
2004,NUTS,2010,SI0,1,0.0016
2005,NUTS,2010,SI0,1,0.0009
2006,NUTS,2010,SI0,1,0.0014
2007,NUTS,2010,SI0,1,0.0011
2008,NUTS,2010,SI0,1,0.0018
2009,NUTS,2010,SI0,1,0.0013
2010,NUTS,2010,SI0,1,0.0014
2011,NUTS,2010,SI0,1,0.0021
2012,NUTS,2010,SI0,1,0.0012
2013,NUTS,2010,SI0,1,0.0012
2014,NUTS,2010,SI0,1,0.0002
2015,NUTS,2010,SI0,1,0.0005
2016,NUTS,2010,SI0,1,0.0002
2017,NUTS,2010,SI0,1,0.0018
2018,NUTS,2010,SI0,1,0.0031
2019,NUTS,2010,SI0,1,0.008
2013,NUTS,2010,SI03,2,0.0005
2014,NUTS,2010,SI03,2,0.0
2015,NUTS,2010,SI03,2,0.0
2016,NUTS,2010,SI03,2,0.0
2017,NUTS,2010,SI03,2,0.0
2018,NUTS,2010,SI03,2,0.0
2019,NUTS,2010,SI03,2,0.0009
2013,NUTS,2010,SI04,2,0.002
2014,NUTS,2010,SI04,2,0.0005
2015,NUTS,2010,SI04,2,0.001
2016,NUTS,2010,SI04,2,0.0005
2017,NUTS,2010,SI04,2,0.0037
2018,NUTS,2010,SI04,2,0.0065
2019,NUTS,2010,SI04,2,0.0155
2002,NUTS,2010,SK,0,0.0001
2003,NUTS,2010,SK,0,0.0001
2004,NUTS,2010,SK,0,0.0008
2005,NUTS,2010,SK,0,0.0001
2006,NUTS,2010,SK,0,0.0001
2007,NUTS,2010,SK,0,0.0001
2008,NUTS,2010,SK,0,0.0
2009,NUTS,2010,SK,0,0.0001
2010,NUTS,2010,SK,0,0.002
2011,NUTS,2010,SK,0,0.0018
2012,NUTS,2010,SK,0,0.0018
2013,NUTS,2010,SK,0,0.001
2014,NUTS,2010,SK,0,0.0007
2015,NUTS,2010,SK,0,0.0011
2016,NUTS,2010,SK,0,0.0016
2017,NUTS,2010,SK,0,0.0015
2018,NUTS,2010,SK,0,0.0011
2019,NUTS,2010,SK,0,0.0002
2020,NUTS,2010,SK,0,0.0003
2000,NUTS,2010,SK01,2,0.0
2001,NUTS,2010,SK01,2,0.0
2002,NUTS,2010,SK01,2,0.0
2003,NUTS,2010,SK01,2,0.0
2004,NUTS,2010,SK01,2,0.0
2005,NUTS,2010,SK01,2,0.0
2008,NUTS,2010,SK01,2,0.0
2009,NUTS,2010,SK01,2,0.0
2010,NUTS,2010,SK01,2,0.0033
2011,NUTS,2010,SK01,2,0.0029
2012,NUTS,2010,SK01,2,0.0016
2013,NUTS,2010,SK01,2,0.0032
2014,NUTS,2010,SK01,2,0.0015
2015,NUTS,2010,SK01,2,0.0051
2016,NUTS,2010,SK01,2,0.0065
2017,NUTS,2010,SK01,2,0.0058
2018,NUTS,2010,SK01,2,0.0041
2019,NUTS,2010,SK01,2,0.0008
2020,NUTS,2010,SK01,2,0.0008
2000,NUTS,2010,SK02,2,0.0
2001,NUTS,2010,SK02,2,0.0
2002,NUTS,2010,SK02,2,0.0
2003,NUTS,2010,SK02,2,0.0
2004,NUTS,2010,SK02,2,0.0003
2005,NUTS,2010,SK02,2,0.0
2007,NUTS,2010,SK02,2,0.0
2008,NUTS,2010,SK02,2,0.0
2009,NUTS,2010,SK02,2,0.0
2010,NUTS,2010,SK02,2,0.0003
2011,NUTS,2010,SK02,2,0.0004
2012,NUTS,2010,SK02,2,0.0003
2013,NUTS,2010,SK02,2,0.0008
2014,NUTS,2010,SK02,2,0.0012
2015,NUTS,2010,SK02,2,0.0005
2016,NUTS,2010,SK02,2,0.0004
2017,NUTS,2010,SK02,2,0.0
2018,NUTS,2010,SK02,2,0.0
2019,NUTS,2010,SK02,2,0.0
2020,NUTS,2010,SK02,2,0.0004
2000,NUTS,2010,SK03,2,0.0
2001,NUTS,2010,SK03,2,0.0
2002,NUTS,2010,SK03,2,0.0
2003,NUTS,2010,SK03,2,0.0
2004,NUTS,2010,SK03,2,0.0022
2005,NUTS,2010,SK03,2,0.0
2008,NUTS,2010,SK03,2,0.0
2009,NUTS,2010,SK03,2,0.0
2010,NUTS,2010,SK03,2,0.0017
2011,NUTS,2010,SK03,2,0.0005
2012,NUTS,2010,SK03,2,0.0016
2013,NUTS,2010,SK03,2,0.0013
2014,NUTS,2010,SK03,2,0.0004
2015,NUTS,2010,SK03,2,0.0006
2016,NUTS,2010,SK03,2,0.0014
2017,NUTS,2010,SK03,2,0.0009
2018,NUTS,2010,SK03,2,0.0006
2019,NUTS,2010,SK03,2,0.0002
2020,NUTS,2010,SK03,2,0.0002
2000,NUTS,2010,SK04,2,0.0
2001,NUTS,2010,SK04,2,0.0
2002,NUTS,2010,SK04,2,0.0004
2003,NUTS,2010,SK04,2,0.0004
2004,NUTS,2010,SK04,2,0.0004
2005,NUTS,2010,SK04,2,0.0004
2006,NUTS,2010,SK04,2,0.0004
2007,NUTS,2010,SK04,2,0.0003
2008,NUTS,2010,SK04,2,0.0002
2009,NUTS,2010,SK04,2,0.0006
2010,NUTS,2010,SK04,2,0.0043
2011,NUTS,2010,SK04,2,0.0048
2012,NUTS,2010,SK04,2,0.0046
2013,NUTS,2010,SK04,2,0.0001
2014,NUTS,2010,SK04,2,0.0001
2015,NUTS,2010,SK04,2,0.0005
2016,NUTS,2010,SK04,2,0.0008
2017,NUTS,2010,SK04,2,0.0018
2018,NUTS,2010,SK04,2,0.0015
2019,NUTS,2010,SK04,2,0.0002
2020,NUTS,2010,SK04,2,0.0
