year,region_type,region_year_spec,region_id,region_level,rd_p_persreg_pnp_total_fte_t
2011,NUTS,2010,AT,0,410.0
2012,NUTS,2010,AT,0,399.0
2013,NUTS,2010,AT,0,396.0
2014,NUTS,2010,AT,0,480.0
2015,NUTS,2010,AT,0,507.0
2016,NUTS,2010,AT,0,579.0
2017,NUTS,2010,AT,0,585.0
2018,NUTS,2010,AT,0,618.0
2019,NUTS,2010,AT,0,625.0
2020,NUTS,2010,AT,0,733.0
2011,NUTS,2010,AT1,1,381.0
2013,NUTS,2010,AT1,1,368.0
2015,NUTS,2010,AT1,1,469.0
2017,NUTS,2010,AT1,1,537.0
2019,NUTS,2010,AT1,1,568.0
2011,NUTS,2010,AT11,2,0.0
2013,NUTS,2010,AT11,2,0.0
2015,NUTS,2010,AT11,2,0.0
2017,NUTS,2010,AT11,2,0.0
2011,NUTS,2010,AT12,2,194.0
2013,NUTS,2010,AT12,2,183.0
2015,NUTS,2010,AT12,2,223.0
2017,NUTS,2010,AT12,2,264.0
2011,NUTS,2010,AT13,2,187.0
2013,NUTS,2010,AT13,2,185.0
2015,NUTS,2010,AT13,2,247.0
2017,NUTS,2010,AT13,2,273.0
2019,NUTS,2010,AT13,2,286.0
2019,NUTS,2010,AT2,1,9.0
2011,NUTS,2010,AT21,2,8.0
2019,NUTS,2010,AT3,1,48.0
2011,NUTS,2010,AT31,2,13.0
2013,NUTS,2010,AT31,2,14.0
2015,NUTS,2010,AT31,2,8.0
2017,NUTS,2010,AT31,2,9.0
2019,NUTS,2010,AT31,2,13.0
2015,NUTS,2010,AT32,2,21.0
2017,NUTS,2010,AT32,2,30.0
2019,NUTS,2010,AT32,2,28.0
2013,NUTS,2010,AT33,2,3.0
2019,NUTS,2010,AT33,2,7.0
2011,NUTS,2010,AT34,2,0.0
2013,NUTS,2010,AT34,2,0.0
2019,NUTS,2010,AT34,2,0.0
2011,NUTS,2010,ATZ,1,0.0
2013,NUTS,2010,ATZ,1,0.0
2011,NUTS,2010,ATZZ,2,0.0
2013,NUTS,2010,ATZZ,2,0.0
2012,NUTS,2010,BA,0,3.0
2013,NUTS,2010,BA,0,0.0
2014,NUTS,2010,BA,0,8.0
2019,NUTS,2010,BA,0,0.0
2011,NUTS,2010,BE,0,602.0
2012,NUTS,2010,BE,0,309.0
2013,NUTS,2010,BE,0,314.0
2014,NUTS,2010,BE,0,290.0
2015,NUTS,2010,BE,0,387.0
2016,NUTS,2010,BE,0,497.0
2017,NUTS,2010,BE,0,573.0
2018,NUTS,2010,BE,0,2198.0
2019,NUTS,2010,BE,0,2221.0
2020,NUTS,2010,BE,0,2297.0
2011,NUTS,2010,BE1,1,212.0
2012,NUTS,2010,BE1,1,208.0
2013,NUTS,2010,BE1,1,203.0
2014,NUTS,2010,BE1,1,165.0
2015,NUTS,2010,BE1,1,204.0
2016,NUTS,2010,BE1,1,207.0
2017,NUTS,2010,BE1,1,272.0
2018,NUTS,2010,BE1,1,1893.0
2019,NUTS,2010,BE1,1,1898.0
2011,NUTS,2010,BE10,2,212.0
2012,NUTS,2010,BE10,2,208.0
2013,NUTS,2010,BE10,2,203.0
2014,NUTS,2010,BE10,2,165.0
2015,NUTS,2010,BE10,2,204.0
2016,NUTS,2010,BE10,2,207.0
2017,NUTS,2010,BE10,2,272.0
2018,NUTS,2010,BE10,2,1893.0
2019,NUTS,2010,BE10,2,1898.0
2011,NUTS,2010,BE2,1,389.0
2012,NUTS,2010,BE2,1,101.0
2013,NUTS,2010,BE2,1,112.0
2014,NUTS,2010,BE2,1,124.0
2015,NUTS,2010,BE2,1,182.0
2016,NUTS,2010,BE2,1,264.0
2017,NUTS,2010,BE2,1,281.0
2018,NUTS,2010,BE2,1,282.0
2019,NUTS,2010,BE2,1,302.0
2011,NUTS,2010,BE3,1,1.0
2014,NUTS,2010,BE3,1,1.0
2015,NUTS,2010,BE3,1,1.0
2016,NUTS,2010,BE3,1,27.0
2017,NUTS,2010,BE3,1,21.0
2018,NUTS,2010,BE3,1,23.0
2019,NUTS,2010,BE3,1,21.0
2014,NUTS,2010,BEZ,1,0.0
2015,NUTS,2010,BEZ,1,0.0
2018,NUTS,2010,BEZ,1,0.0
2019,NUTS,2010,BEZ,1,0.0
2014,NUTS,2010,BEZZ,2,0.0
2015,NUTS,2010,BEZZ,2,0.0
2018,NUTS,2010,BEZZ,2,0.0
2019,NUTS,2010,BEZZ,2,0.0
2011,NUTS,2010,BG,0,93.0
2012,NUTS,2010,BG,0,122.0
2013,NUTS,2010,BG,0,185.0
2014,NUTS,2010,BG,0,129.0
2015,NUTS,2010,BG,0,163.0
2016,NUTS,2010,BG,0,53.0
2017,NUTS,2010,BG,0,151.0
2018,NUTS,2010,BG,0,118.0
2019,NUTS,2010,BG,0,143.0
2020,NUTS,2010,BG,0,153.0
2011,NUTS,2010,BG3,1,7.0
2012,NUTS,2010,BG3,1,4.0
2013,NUTS,2010,BG3,1,16.0
2014,NUTS,2010,BG3,1,10.0
2015,NUTS,2010,BG3,1,11.0
2016,NUTS,2010,BG3,1,4.0
2017,NUTS,2010,BG3,1,11.0
2018,NUTS,2010,BG3,1,13.0
2019,NUTS,2010,BG3,1,12.0
2011,NUTS,2010,BG31,2,0.0
2012,NUTS,2010,BG31,2,0.0
2013,NUTS,2010,BG31,2,0.0
2014,NUTS,2010,BG31,2,0.0
2017,NUTS,2010,BG31,2,0.0
2012,NUTS,2010,BG32,2,0.0
2013,NUTS,2010,BG32,2,0.0
2014,NUTS,2010,BG32,2,0.0
2015,NUTS,2010,BG32,2,0.0
2016,NUTS,2010,BG32,2,0.0
2017,NUTS,2010,BG32,2,0.0
2018,NUTS,2010,BG32,2,0.0
2019,NUTS,2010,BG32,2,0.0
2013,NUTS,2010,BG33,2,16.0
2015,NUTS,2010,BG33,2,7.0
2013,NUTS,2010,BG34,2,0.0
2016,NUTS,2010,BG34,2,0.0
2011,NUTS,2010,BG4,1,86.0
2012,NUTS,2010,BG4,1,118.0
2013,NUTS,2010,BG4,1,169.0
2014,NUTS,2010,BG4,1,119.0
2015,NUTS,2010,BG4,1,152.0
2016,NUTS,2010,BG4,1,49.0
2017,NUTS,2010,BG4,1,140.0
2018,NUTS,2010,BG4,1,105.0
2019,NUTS,2010,BG4,1,131.0
2015,NUTS,2010,BG41,2,146.0
2016,NUTS,2010,BG41,2,31.0
2017,NUTS,2010,BG41,2,101.0
2018,NUTS,2010,BG41,2,60.0
2019,NUTS,2010,BG41,2,88.0
2015,NUTS,2010,BG42,2,6.0
2016,NUTS,2010,BG42,2,18.0
2017,NUTS,2010,BG42,2,39.0
2018,NUTS,2010,BG42,2,45.0
2019,NUTS,2010,BG42,2,43.0
2011,NUTS,2010,BGZ,1,0.0
2012,NUTS,2010,BGZ,1,0.0
2013,NUTS,2010,BGZ,1,0.0
2014,NUTS,2010,BGZ,1,0.0
2019,NUTS,2010,BGZ,1,0.0
2011,NUTS,2010,BGZZ,2,0.0
2012,NUTS,2010,BGZZ,2,0.0
2013,NUTS,2010,BGZZ,2,0.0
2014,NUTS,2010,BGZZ,2,0.0
2019,NUTS,2010,BGZZ,2,0.0
2011,NUTS,2010,CY,0,148.0
2012,NUTS,2010,CY,0,159.0
2013,NUTS,2010,CY,0,148.0
2014,NUTS,2010,CY,0,201.0
2015,NUTS,2010,CY,0,174.0
2016,NUTS,2010,CY,0,177.0
2017,NUTS,2010,CY,0,200.0
2018,NUTS,2010,CY,0,207.0
2019,NUTS,2010,CY,0,310.0
2020,NUTS,2010,CY,0,320.0
2011,NUTS,2010,CZ,0,332.0
2012,NUTS,2010,CZ,0,319.0
2013,NUTS,2010,CZ,0,273.0
2014,NUTS,2010,CZ,0,282.0
2015,NUTS,2010,CZ,0,247.0
2016,NUTS,2010,CZ,0,220.0
2017,NUTS,2010,CZ,0,276.0
2018,NUTS,2010,CZ,0,232.0
2019,NUTS,2010,CZ,0,276.0
2020,NUTS,2010,CZ,0,278.0
2011,NUTS,2010,CZ0,1,332.0
2012,NUTS,2010,CZ0,1,319.0
2013,NUTS,2010,CZ0,1,273.0
2014,NUTS,2010,CZ0,1,282.0
2015,NUTS,2010,CZ0,1,247.0
2016,NUTS,2010,CZ0,1,220.0
2017,NUTS,2010,CZ0,1,276.0
2018,NUTS,2010,CZ0,1,232.0
2019,NUTS,2010,CZ0,1,276.0
2020,NUTS,2010,CZ0,1,278.0
2011,NUTS,2010,CZ01,2,159.0
2012,NUTS,2010,CZ01,2,148.0
2013,NUTS,2010,CZ01,2,141.0
2014,NUTS,2010,CZ01,2,144.0
2015,NUTS,2010,CZ01,2,121.0
2016,NUTS,2010,CZ01,2,130.0
2017,NUTS,2010,CZ01,2,136.0
2018,NUTS,2010,CZ01,2,118.0
2019,NUTS,2010,CZ01,2,146.0
2020,NUTS,2010,CZ01,2,157.0
2011,NUTS,2010,CZ02,2,5.0
2012,NUTS,2010,CZ02,2,5.0
2013,NUTS,2010,CZ02,2,24.0
2014,NUTS,2010,CZ02,2,8.0
2015,NUTS,2010,CZ02,2,12.0
2016,NUTS,2010,CZ02,2,8.0
2017,NUTS,2010,CZ02,2,5.0
2018,NUTS,2010,CZ02,2,3.0
2019,NUTS,2010,CZ02,2,2.0
2020,NUTS,2010,CZ02,2,4.0
2011,NUTS,2010,CZ03,2,23.0
2012,NUTS,2010,CZ03,2,39.0
2013,NUTS,2010,CZ03,2,44.0
2014,NUTS,2010,CZ03,2,53.0
2015,NUTS,2010,CZ03,2,75.0
2016,NUTS,2010,CZ03,2,61.0
2017,NUTS,2010,CZ03,2,80.0
2018,NUTS,2010,CZ03,2,64.0
2019,NUTS,2010,CZ03,2,71.0
2020,NUTS,2010,CZ03,2,63.0
2011,NUTS,2010,CZ04,2,0.0
2012,NUTS,2010,CZ04,2,0.0
2013,NUTS,2010,CZ04,2,0.0
2014,NUTS,2010,CZ04,2,0.0
2015,NUTS,2010,CZ04,2,0.0
2016,NUTS,2010,CZ04,2,0.0
2017,NUTS,2010,CZ04,2,0.0
2018,NUTS,2010,CZ04,2,1.0
2019,NUTS,2010,CZ04,2,1.0
2020,NUTS,2010,CZ04,2,1.0
2011,NUTS,2010,CZ05,2,34.0
2012,NUTS,2010,CZ05,2,34.0
2013,NUTS,2010,CZ05,2,18.0
2014,NUTS,2010,CZ05,2,6.0
2015,NUTS,2010,CZ05,2,1.0
2016,NUTS,2010,CZ05,2,3.0
2017,NUTS,2010,CZ05,2,17.0
2018,NUTS,2010,CZ05,2,0.0
2019,NUTS,2010,CZ05,2,10.0
2020,NUTS,2010,CZ05,2,15.0
2011,NUTS,2010,CZ06,2,53.0
2012,NUTS,2010,CZ06,2,29.0
2013,NUTS,2010,CZ06,2,29.0
2014,NUTS,2010,CZ06,2,32.0
2015,NUTS,2010,CZ06,2,19.0
2016,NUTS,2010,CZ06,2,5.0
2017,NUTS,2010,CZ06,2,13.0
2018,NUTS,2010,CZ06,2,24.0
2019,NUTS,2010,CZ06,2,24.0
2020,NUTS,2010,CZ06,2,17.0
2011,NUTS,2010,CZ07,2,16.0
2012,NUTS,2010,CZ07,2,10.0
2013,NUTS,2010,CZ07,2,10.0
2014,NUTS,2010,CZ07,2,17.0
2015,NUTS,2010,CZ07,2,9.0
2016,NUTS,2010,CZ07,2,9.0
2017,NUTS,2010,CZ07,2,7.0
2018,NUTS,2010,CZ07,2,5.0
2019,NUTS,2010,CZ07,2,11.0
2020,NUTS,2010,CZ07,2,11.0
2011,NUTS,2010,CZ08,2,41.0
2012,NUTS,2010,CZ08,2,54.0
2013,NUTS,2010,CZ08,2,7.0
2014,NUTS,2010,CZ08,2,22.0
2015,NUTS,2010,CZ08,2,10.0
2016,NUTS,2010,CZ08,2,5.0
2017,NUTS,2010,CZ08,2,18.0
2018,NUTS,2010,CZ08,2,16.0
2019,NUTS,2010,CZ08,2,11.0
2020,NUTS,2010,CZ08,2,10.0
2015,NUTS,2010,CZZ,1,0.0
2016,NUTS,2010,CZZ,1,0.0
2017,NUTS,2010,CZZ,1,0.0
2018,NUTS,2010,CZZ,1,0.0
2019,NUTS,2010,CZZ,1,0.0
2020,NUTS,2010,CZZ,1,0.0
2015,NUTS,2010,CZZZ,2,0.0
2016,NUTS,2010,CZZZ,2,0.0
2017,NUTS,2010,CZZZ,2,0.0
2018,NUTS,2010,CZZZ,2,0.0
2019,NUTS,2010,CZZZ,2,0.0
2020,NUTS,2010,CZZZ,2,0.0
2011,NUTS,2010,DK,0,272.0
2012,NUTS,2010,DK,0,301.0
2013,NUTS,2010,DK,0,290.0
2014,NUTS,2010,DK,0,289.0
2015,NUTS,2010,DK,0,296.0
2016,NUTS,2010,DK,0,315.0
2017,NUTS,2010,DK,0,271.0
2018,NUTS,2010,DK,0,232.0
2019,NUTS,2010,DK,0,264.0
2020,NUTS,2010,DK,0,265.0
2011,NUTS,2010,DK0,1,272.0
2012,NUTS,2010,DK0,1,300.0
2013,NUTS,2010,DK0,1,290.0
2014,NUTS,2010,DK0,1,289.0
2015,NUTS,2010,DK0,1,296.0
2016,NUTS,2010,DK0,1,315.0
2017,NUTS,2010,DK0,1,271.0
2018,NUTS,2010,DK0,1,233.0
2019,NUTS,2010,DK0,1,264.0
2011,NUTS,2010,DK01,2,265.0
2012,NUTS,2010,DK01,2,287.0
2013,NUTS,2010,DK01,2,277.0
2014,NUTS,2010,DK01,2,275.0
2015,NUTS,2010,DK01,2,277.0
2016,NUTS,2010,DK01,2,296.0
2017,NUTS,2010,DK01,2,255.0
2019,NUTS,2010,DK01,2,257.0
2011,NUTS,2010,DK02,2,7.0
2012,NUTS,2010,DK02,2,7.0
2013,NUTS,2010,DK02,2,7.0
2014,NUTS,2010,DK02,2,7.0
2015,NUTS,2010,DK02,2,10.0
2016,NUTS,2010,DK02,2,9.0
2017,NUTS,2010,DK02,2,5.0
2019,NUTS,2010,DK02,2,7.0
2011,NUTS,2010,DK03,2,0.0
2012,NUTS,2010,DK03,2,7.0
2013,NUTS,2010,DK03,2,7.0
2014,NUTS,2010,DK03,2,7.0
2015,NUTS,2010,DK03,2,9.0
2016,NUTS,2010,DK03,2,10.0
2017,NUTS,2010,DK03,2,11.0
2011,NUTS,2010,DK04,2,0.0
2012,NUTS,2010,DK04,2,0.0
2013,NUTS,2010,DK04,2,0.0
2014,NUTS,2010,DK04,2,0.0
2015,NUTS,2010,DK04,2,0.0
2016,NUTS,2010,DK04,2,0.0
2017,NUTS,2010,DK04,2,0.0
2011,NUTS,2010,DK05,2,0.0
2012,NUTS,2010,DK05,2,0.0
2013,NUTS,2010,DK05,2,0.0
2014,NUTS,2010,DK05,2,0.0
2015,NUTS,2010,DK05,2,0.0
2016,NUTS,2010,DK05,2,0.0
2017,NUTS,2010,DK05,2,11.0
2011,NUTS,2010,EA19,2,20045.0
2012,NUTS,2010,EA19,2,20124.0
2013,NUTS,2010,EA19,2,16077.0
2014,NUTS,2010,EA19,2,17299.0
2015,NUTS,2010,EA19,2,17592.0
2016,NUTS,2010,EA19,2,18365.0
2017,NUTS,2010,EA19,2,17994.0
2018,NUTS,2010,EA19,2,19528.0
2019,NUTS,2010,EA19,2,20817.0
2020,NUTS,2010,EA19,2,21399.0
2011,NUTS,2010,EE,0,92.0
2012,NUTS,2010,EE,0,93.0
2013,NUTS,2010,EE,0,88.0
2014,NUTS,2010,EE,0,96.0
2015,NUTS,2010,EE,0,98.0
2016,NUTS,2010,EE,0,107.0
2017,NUTS,2010,EE,0,99.0
2018,NUTS,2010,EE,0,121.0
2019,NUTS,2010,EE,0,93.0
2020,NUTS,2010,EE,0,98.0
2011,NUTS,2010,EL,0,331.0
2012,NUTS,2010,EL,0,340.0
2013,NUTS,2010,EL,0,530.0
2014,NUTS,2010,EL,0,518.0
2015,NUTS,2010,EL,0,516.0
2016,NUTS,2010,EL,0,533.0
2017,NUTS,2010,EL,0,522.0
2018,NUTS,2010,EL,0,554.0
2019,NUTS,2010,EL,0,457.0
2020,NUTS,2010,EL,0,365.0
2011,NUTS,2010,EL3,1,255.0
2013,NUTS,2010,EL3,1,360.0
2015,NUTS,2010,EL3,1,348.0
2017,NUTS,2010,EL3,1,383.0
2019,NUTS,2010,EL3,1,285.0
2011,NUTS,2010,EL30,2,255.0
2013,NUTS,2010,EL30,2,360.0
2015,NUTS,2010,EL30,2,348.0
2017,NUTS,2010,EL30,2,383.0
2019,NUTS,2010,EL30,2,285.0
2011,NUTS,2010,EL4,1,11.0
2013,NUTS,2010,EL4,1,53.0
2015,NUTS,2010,EL4,1,52.0
2017,NUTS,2010,EL4,1,71.0
2019,NUTS,2010,EL4,1,68.0
2011,NUTS,2010,EL41,2,2.0
2013,NUTS,2010,EL41,2,3.0
2015,NUTS,2010,EL41,2,3.0
2017,NUTS,2010,EL41,2,5.0
2019,NUTS,2010,EL41,2,18.0
2011,NUTS,2010,EL42,2,8.0
2013,NUTS,2010,EL42,2,9.0
2015,NUTS,2010,EL42,2,7.0
2017,NUTS,2010,EL42,2,15.0
2019,NUTS,2010,EL42,2,20.0
2011,NUTS,2010,EL43,2,1.0
2013,NUTS,2010,EL43,2,41.0
2015,NUTS,2010,EL43,2,42.0
2017,NUTS,2010,EL43,2,51.0
2019,NUTS,2010,EL43,2,30.0
2011,NUTS,2010,EL5,1,58.0
2013,NUTS,2010,EL5,1,105.0
2015,NUTS,2010,EL5,1,106.0
2017,NUTS,2010,EL5,1,51.0
2019,NUTS,2010,EL5,1,77.0
2011,NUTS,2010,EL51,2,0.0
2013,NUTS,2010,EL51,2,3.0
2015,NUTS,2010,EL51,2,3.0
2017,NUTS,2010,EL51,2,4.0
2019,NUTS,2010,EL51,2,2.0
2011,NUTS,2010,EL52,2,48.0
2013,NUTS,2010,EL52,2,90.0
2015,NUTS,2010,EL52,2,92.0
2017,NUTS,2010,EL52,2,35.0
2019,NUTS,2010,EL52,2,62.0
2011,NUTS,2010,EL53,2,8.0
2013,NUTS,2010,EL53,2,6.0
2015,NUTS,2010,EL53,2,6.0
2017,NUTS,2010,EL53,2,5.0
2019,NUTS,2010,EL53,2,6.0
2011,NUTS,2010,EL54,2,3.0
2013,NUTS,2010,EL54,2,6.0
2015,NUTS,2010,EL54,2,6.0
2017,NUTS,2010,EL54,2,8.0
2019,NUTS,2010,EL54,2,7.0
2011,NUTS,2010,EL6,1,6.0
2013,NUTS,2010,EL6,1,12.0
2015,NUTS,2010,EL6,1,10.0
2017,NUTS,2010,EL6,1,15.0
2019,NUTS,2010,EL6,1,27.0
2011,NUTS,2010,EL61,2,1.0
2013,NUTS,2010,EL61,2,2.0
2015,NUTS,2010,EL61,2,1.0
2017,NUTS,2010,EL61,2,3.0
2019,NUTS,2010,EL61,2,3.0
2011,NUTS,2010,EL62,2,0.0
2013,NUTS,2010,EL62,2,0.0
2015,NUTS,2010,EL62,2,0.0
2017,NUTS,2010,EL62,2,1.0
2019,NUTS,2010,EL62,2,0.0
2011,NUTS,2010,EL63,2,0.0
2013,NUTS,2010,EL63,2,2.0
2015,NUTS,2010,EL63,2,1.0
2017,NUTS,2010,EL63,2,0.0
2019,NUTS,2010,EL63,2,0.0
2011,NUTS,2010,EL64,2,4.0
2013,NUTS,2010,EL64,2,4.0
2015,NUTS,2010,EL64,2,4.0
2017,NUTS,2010,EL64,2,4.0
2019,NUTS,2010,EL64,2,0.0
2011,NUTS,2010,EL65,2,2.0
2013,NUTS,2010,EL65,2,3.0
2015,NUTS,2010,EL65,2,3.0
2017,NUTS,2010,EL65,2,8.0
2019,NUTS,2010,EL65,2,24.0
2015,NUTS,2010,ELZ,1,0.0
2015,NUTS,2010,ELZZ,2,0.0
2011,NUTS,2010,ES,0,425.0
2012,NUTS,2010,ES,0,442.0
2013,NUTS,2010,ES,0,395.0
2014,NUTS,2010,ES,0,399.0
2015,NUTS,2010,ES,0,430.0
2016,NUTS,2010,ES,0,580.0
2017,NUTS,2010,ES,0,509.0
2018,NUTS,2010,ES,0,572.0
2019,NUTS,2010,ES,0,558.0
2020,NUTS,2010,ES,0,556.0
2011,NUTS,2010,ES1,1,57.0
2012,NUTS,2010,ES1,1,63.0
2013,NUTS,2010,ES1,1,46.0
2015,NUTS,2010,ES1,1,51.0
2016,NUTS,2010,ES1,1,75.0
2017,NUTS,2010,ES1,1,68.0
2018,NUTS,2010,ES1,1,94.0
2014,NUTS,2010,ES11,2,4.0
2015,NUTS,2010,ES11,2,5.0
2016,NUTS,2010,ES11,2,29.0
2017,NUTS,2010,ES11,2,32.0
2018,NUTS,2010,ES11,2,39.0
2019,NUTS,2010,ES11,2,37.0
2012,NUTS,2010,ES12,2,7.0
2013,NUTS,2010,ES12,2,3.0
2014,NUTS,2010,ES12,2,4.0
2015,NUTS,2010,ES12,2,5.0
2016,NUTS,2010,ES12,2,4.0
2017,NUTS,2010,ES12,2,3.0
2018,NUTS,2010,ES12,2,5.0
2019,NUTS,2010,ES12,2,3.0
2011,NUTS,2010,ES13,2,50.0
2015,NUTS,2010,ES13,2,41.0
2016,NUTS,2010,ES13,2,41.0
2017,NUTS,2010,ES13,2,32.0
2018,NUTS,2010,ES13,2,50.0
2011,NUTS,2010,ES2,1,35.0
2013,NUTS,2010,ES2,1,36.0
2015,NUTS,2010,ES2,1,32.0
2019,NUTS,2010,ES2,1,19.0
2011,NUTS,2010,ES21,2,22.0
2012,NUTS,2010,ES21,2,30.0
2013,NUTS,2010,ES21,2,22.0
2014,NUTS,2010,ES21,2,17.0
2015,NUTS,2010,ES21,2,21.0
2016,NUTS,2010,ES21,2,22.0
2017,NUTS,2010,ES21,2,18.0
2018,NUTS,2010,ES21,2,15.0
2019,NUTS,2010,ES21,2,17.0
2011,NUTS,2010,ES22,2,6.0
2015,NUTS,2010,ES22,2,5.0
2011,NUTS,2010,ES23,2,3.0
2012,NUTS,2010,ES23,2,4.0
2014,NUTS,2010,ES23,2,2.0
2015,NUTS,2010,ES23,2,2.0
2016,NUTS,2010,ES23,2,1.0
2017,NUTS,2010,ES23,2,1.0
2018,NUTS,2010,ES23,2,1.0
2011,NUTS,2010,ES24,2,5.0
2012,NUTS,2010,ES24,2,5.0
2013,NUTS,2010,ES24,2,4.0
2014,NUTS,2010,ES24,2,1.0
2015,NUTS,2010,ES24,2,4.0
2016,NUTS,2010,ES24,2,3.0
2017,NUTS,2010,ES24,2,3.0
2018,NUTS,2010,ES24,2,1.0
2011,NUTS,2010,ES3,1,133.0
2012,NUTS,2010,ES3,1,136.0
2013,NUTS,2010,ES3,1,125.0
2014,NUTS,2010,ES3,1,105.0
2015,NUTS,2010,ES3,1,122.0
2016,NUTS,2010,ES3,1,129.0
2017,NUTS,2010,ES3,1,130.0
2018,NUTS,2010,ES3,1,152.0
2019,NUTS,2010,ES3,1,154.0
2011,NUTS,2010,ES30,2,133.0
2012,NUTS,2010,ES30,2,136.0
2013,NUTS,2010,ES30,2,125.0
2014,NUTS,2010,ES30,2,105.0
2015,NUTS,2010,ES30,2,122.0
2016,NUTS,2010,ES30,2,129.0
2017,NUTS,2010,ES30,2,130.0
2018,NUTS,2010,ES30,2,152.0
2019,NUTS,2010,ES30,2,154.0
2011,NUTS,2010,ES4,1,29.0
2013,NUTS,2010,ES4,1,12.0
2014,NUTS,2010,ES4,1,13.0
2015,NUTS,2010,ES4,1,24.0
2016,NUTS,2010,ES4,1,23.0
2018,NUTS,2010,ES4,1,26.0
2019,NUTS,2010,ES4,1,23.0
2012,NUTS,2010,ES41,2,11.0
2013,NUTS,2010,ES41,2,8.0
2014,NUTS,2010,ES41,2,11.0
2015,NUTS,2010,ES41,2,13.0
2017,NUTS,2010,ES41,2,12.0
2018,NUTS,2010,ES41,2,8.0
2019,NUTS,2010,ES41,2,7.0
2013,NUTS,2010,ES42,2,1.0
2014,NUTS,2010,ES42,2,0.0
2015,NUTS,2010,ES42,2,8.0
2017,NUTS,2010,ES42,2,10.0
2011,NUTS,2010,ES43,2,3.0
2013,NUTS,2010,ES43,2,2.0
2014,NUTS,2010,ES43,2,2.0
2015,NUTS,2010,ES43,2,4.0
2016,NUTS,2010,ES43,2,5.0
2011,NUTS,2010,ES5,1,128.0
2012,NUTS,2010,ES5,1,115.0
2013,NUTS,2010,ES5,1,114.0
2014,NUTS,2010,ES5,1,142.0
2015,NUTS,2010,ES5,1,131.0
2016,NUTS,2010,ES5,1,236.0
2017,NUTS,2010,ES5,1,188.0
2018,NUTS,2010,ES5,1,198.0
2011,NUTS,2010,ES51,2,110.0
2012,NUTS,2010,ES51,2,97.0
2013,NUTS,2010,ES51,2,91.0
2014,NUTS,2010,ES51,2,117.0
2015,NUTS,2010,ES51,2,120.0
2016,NUTS,2010,ES51,2,220.0
2017,NUTS,2010,ES51,2,174.0
2018,NUTS,2010,ES51,2,182.0
2019,NUTS,2010,ES51,2,178.0
2011,NUTS,2010,ES52,2,14.0
2012,NUTS,2010,ES52,2,14.0
2013,NUTS,2010,ES52,2,19.0
2014,NUTS,2010,ES52,2,22.0
2015,NUTS,2010,ES52,2,8.0
2016,NUTS,2010,ES52,2,8.0
2017,NUTS,2010,ES52,2,7.0
2018,NUTS,2010,ES52,2,9.0
2019,NUTS,2010,ES52,2,9.0
2011,NUTS,2010,ES53,2,4.0
2012,NUTS,2010,ES53,2,4.0
2013,NUTS,2010,ES53,2,4.0
2014,NUTS,2010,ES53,2,4.0
2015,NUTS,2010,ES53,2,4.0
2016,NUTS,2010,ES53,2,8.0
2017,NUTS,2010,ES53,2,7.0
2018,NUTS,2010,ES53,2,8.0
2011,NUTS,2010,ES6,1,37.0
2012,NUTS,2010,ES6,1,67.0
2013,NUTS,2010,ES6,1,58.0
2014,NUTS,2010,ES6,1,54.0
2015,NUTS,2010,ES6,1,66.0
2016,NUTS,2010,ES6,1,86.0
2017,NUTS,2010,ES6,1,67.0
2018,NUTS,2010,ES6,1,78.0
2019,NUTS,2010,ES6,1,84.0
2011,NUTS,2010,ES61,2,25.0
2012,NUTS,2010,ES61,2,55.0
2013,NUTS,2010,ES61,2,56.0
2014,NUTS,2010,ES61,2,52.0
2015,NUTS,2010,ES61,2,58.0
2016,NUTS,2010,ES61,2,82.0
2017,NUTS,2010,ES61,2,63.0
2018,NUTS,2010,ES61,2,74.0
2019,NUTS,2010,ES61,2,82.0
2012,NUTS,2010,ES62,2,11.0
2013,NUTS,2010,ES62,2,2.0
2014,NUTS,2010,ES62,2,3.0
2015,NUTS,2010,ES62,2,9.0
2016,NUTS,2010,ES62,2,4.0
2018,NUTS,2010,ES62,2,3.0
2019,NUTS,2010,ES62,2,2.0
2015,NUTS,2010,ES63,2,0.0
2015,NUTS,2010,ES64,2,0.0
2011,NUTS,2010,ES7,1,7.0
2012,NUTS,2010,ES7,1,7.0
2013,NUTS,2010,ES7,1,5.0
2014,NUTS,2010,ES7,1,6.0
2015,NUTS,2010,ES7,1,4.0
2016,NUTS,2010,ES7,1,4.0
2017,NUTS,2010,ES7,1,4.0
2018,NUTS,2010,ES7,1,3.0
2011,NUTS,2010,ES70,2,7.0
2012,NUTS,2010,ES70,2,7.0
2013,NUTS,2010,ES70,2,5.0
2014,NUTS,2010,ES70,2,6.0
2015,NUTS,2010,ES70,2,4.0
2016,NUTS,2010,ES70,2,4.0
2017,NUTS,2010,ES70,2,4.0
2018,NUTS,2010,ES70,2,3.0
2011,NUTS,2010,ESZ,1,0.0
2011,NUTS,2010,ESZZ,2,0.0
2011,NUTS,2010,EU27_2020,7,21341.0
2012,NUTS,2010,EU27_2020,7,21560.0
2013,NUTS,2010,EU27_2020,7,17458.0
2014,NUTS,2010,EU27_2020,7,18661.0
2015,NUTS,2010,EU27_2020,7,18766.0
2016,NUTS,2010,EU27_2020,7,19983.0
2017,NUTS,2010,EU27_2020,7,20161.0
2018,NUTS,2010,EU27_2020,7,21831.0
2019,NUTS,2010,EU27_2020,7,22656.0
2020,NUTS,2010,EU27_2020,7,23144.0
2011,NUTS,2010,FI,0,619.0
2012,NUTS,2010,FI,0,546.0
2013,NUTS,2010,FI,0,547.0
2014,NUTS,2010,FI,0,583.0
2015,NUTS,2010,FI,0,564.0
2016,NUTS,2010,FI,0,599.0
2017,NUTS,2010,FI,0,603.0
2018,NUTS,2010,FI,0,657.0
2019,NUTS,2010,FI,0,602.0
2020,NUTS,2010,FI,0,611.0
2017,NUTS,2010,FI1,1,603.0
2018,NUTS,2010,FI1,1,657.0
2019,NUTS,2010,FI1,1,602.0
2017,NUTS,2010,FI19,2,121.0
2018,NUTS,2010,FI19,2,134.0
2019,NUTS,2010,FI19,2,137.0
2017,NUTS,2010,FI1B,2,437.0
2018,NUTS,2010,FI1B,2,476.0
2019,NUTS,2010,FI1B,2,411.0
2017,NUTS,2010,FI1C,2,37.0
2018,NUTS,2010,FI1C,2,40.0
2019,NUTS,2010,FI1C,2,45.0
2017,NUTS,2010,FI1D,2,9.0
2018,NUTS,2010,FI1D,2,7.0
2019,NUTS,2010,FI1D,2,9.0
2017,NUTS,2010,FI2,1,0.0
2018,NUTS,2010,FI2,1,0.0
2019,NUTS,2010,FI2,1,0.0
2017,NUTS,2010,FI20,2,0.0
2018,NUTS,2010,FI20,2,0.0
2019,NUTS,2010,FI20,2,0.0
2011,NUTS,2010,FR,0,5805.0
2012,NUTS,2010,FR,0,6645.0
2013,NUTS,2010,FR,0,6832.0
2014,NUTS,2010,FR,0,7626.0
2015,NUTS,2010,FR,0,7307.0
2016,NUTS,2010,FR,0,7664.0
2017,NUTS,2010,FR,0,7538.0
2018,NUTS,2010,FR,0,7647.0
2019,NUTS,2010,FR,0,7996.0
2020,NUTS,2010,FR,0,8064.0
2011,NUTS,2010,FR1,1,2386.0
2012,NUTS,2010,FR1,1,2415.0
2013,NUTS,2010,FR1,1,2486.0
2011,NUTS,2010,FR10,2,2386.0
2012,NUTS,2010,FR10,2,2415.0
2013,NUTS,2010,FR10,2,2486.0
2011,NUTS,2010,FR2,1,0.0
2012,NUTS,2010,FR2,1,1.0
2013,NUTS,2010,FR2,1,0.0
2011,NUTS,2010,FR21,2,0.0
2011,NUTS,2010,FR22,2,0.0
2011,NUTS,2010,FR23,2,0.0
2011,NUTS,2010,FR24,2,0.0
2011,NUTS,2010,FR25,2,0.0
2011,NUTS,2010,FR26,2,0.0
2012,NUTS,2010,FR26,2,1.0
2011,NUTS,2010,FR3,1,1.0
2012,NUTS,2010,FR3,1,0.0
2013,NUTS,2010,FR3,1,0.0
2011,NUTS,2010,FR30,2,1.0
2012,NUTS,2010,FR30,2,0.0
2011,NUTS,2010,FR4,1,0.0
2012,NUTS,2010,FR4,1,0.0
2013,NUTS,2010,FR4,1,0.0
2011,NUTS,2010,FR41,2,0.0
2011,NUTS,2010,FR42,2,0.0
2011,NUTS,2010,FR43,2,0.0
2011,NUTS,2010,FR5,1,1.0
2012,NUTS,2010,FR5,1,0.0
2013,NUTS,2010,FR5,1,0.0
2011,NUTS,2010,FR51,2,1.0
2011,NUTS,2010,FR52,2,0.0
2011,NUTS,2010,FR53,2,0.0
2011,NUTS,2010,FR6,1,0.0
2012,NUTS,2010,FR6,1,0.0
2013,NUTS,2010,FR6,1,0.0
2011,NUTS,2010,FR61,2,0.0
2011,NUTS,2010,FR62,2,0.0
2011,NUTS,2010,FR63,2,0.0
2011,NUTS,2010,FR7,1,9.0
2012,NUTS,2010,FR7,1,9.0
2013,NUTS,2010,FR7,1,10.0
2011,NUTS,2010,FR71,2,9.0
2012,NUTS,2010,FR71,2,9.0
2013,NUTS,2010,FR71,2,10.0
2011,NUTS,2010,FR72,2,0.0
2012,NUTS,2010,FR72,2,0.0
2011,NUTS,2010,FR8,1,0.0
2012,NUTS,2010,FR8,1,0.0
2013,NUTS,2010,FR8,1,0.0
2011,NUTS,2010,FR81,2,0.0
2011,NUTS,2010,FR82,2,0.0
2011,NUTS,2010,FR83,2,0.0
2011,NUTS,2010,FRA,1,27.0
2012,NUTS,2010,FRA,1,8.0
2013,NUTS,2010,FRA,1,47.0
2011,NUTS,2010,FRZ,1,3381.0
2012,NUTS,2010,FRZ,1,2125.0
2013,NUTS,2010,FRZ,1,4288.0
2011,NUTS,2010,FRZZ,2,3381.0
2012,NUTS,2010,FRZZ,2,2125.0
2013,NUTS,2010,FRZZ,2,4288.0
2011,NUTS,2010,HR,0,18.0
2011,NUTS,2010,HR0,1,18.0
2011,NUTS,2010,HR03,2,18.0
2011,NUTS,2010,HR04,2,0.0
2012,NUTS,2010,HR04,2,0.0
2013,NUTS,2010,HRZ,1,0.0
2014,NUTS,2010,HRZ,1,0.0
2013,NUTS,2010,HRZZ,2,0.0
2014,NUTS,2010,HRZZ,2,0.0
2011,NUTS,2010,IS,0,102.0
2016,NUTS,2010,IS,0,0.0
2017,NUTS,2010,IS,0,0.0
2018,NUTS,2010,IS,0,0.0
2011,NUTS,2010,IT,0,5741.0
2012,NUTS,2010,IT,0,5959.0
2013,NUTS,2010,IT,0,6019.0
2014,NUTS,2010,IT,0,6454.0
2015,NUTS,2010,IT,0,6915.0
2016,NUTS,2010,IT,0,6853.0
2017,NUTS,2010,IT,0,6554.0
2018,NUTS,2010,IT,0,6074.0
2019,NUTS,2010,IT,0,7050.0
2020,NUTS,2010,IT,0,7127.0
2011,NUTS,2010,ITC,1,3194.0
2012,NUTS,2010,ITC,1,3196.0
2013,NUTS,2010,ITC,1,3162.0
2014,NUTS,2010,ITC,1,2982.0
2015,NUTS,2010,ITC,1,3090.0
2016,NUTS,2010,ITC,1,3196.0
2017,NUTS,2010,ITC,1,2571.0
2018,NUTS,2010,ITC,1,2495.0
2019,NUTS,2010,ITC,1,2957.0
2011,NUTS,2010,ITC1,2,592.0
2012,NUTS,2010,ITC1,2,772.0
2013,NUTS,2010,ITC1,2,820.0
2014,NUTS,2010,ITC1,2,846.0
2015,NUTS,2010,ITC1,2,846.0
2016,NUTS,2010,ITC1,2,830.0
2017,NUTS,2010,ITC1,2,688.0
2018,NUTS,2010,ITC1,2,711.0
2019,NUTS,2010,ITC1,2,797.0
2011,NUTS,2010,ITC2,2,33.0
2012,NUTS,2010,ITC2,2,54.0
2013,NUTS,2010,ITC2,2,51.0
2014,NUTS,2010,ITC2,2,50.0
2015,NUTS,2010,ITC2,2,38.0
2016,NUTS,2010,ITC2,2,35.0
2017,NUTS,2010,ITC2,2,42.0
2018,NUTS,2010,ITC2,2,41.0
2019,NUTS,2010,ITC2,2,54.0
2011,NUTS,2010,ITC3,2,145.0
2012,NUTS,2010,ITC3,2,138.0
2013,NUTS,2010,ITC3,2,147.0
2014,NUTS,2010,ITC3,2,119.0
2015,NUTS,2010,ITC3,2,129.0
2016,NUTS,2010,ITC3,2,135.0
2017,NUTS,2010,ITC3,2,123.0
2018,NUTS,2010,ITC3,2,125.0
2019,NUTS,2010,ITC3,2,179.0
2011,NUTS,2010,ITC4,2,2425.0
2012,NUTS,2010,ITC4,2,2233.0
2013,NUTS,2010,ITC4,2,2146.0
2014,NUTS,2010,ITC4,2,1967.0
2015,NUTS,2010,ITC4,2,2077.0
2016,NUTS,2010,ITC4,2,2195.0
2017,NUTS,2010,ITC4,2,1718.0
2018,NUTS,2010,ITC4,2,1618.0
2019,NUTS,2010,ITC4,2,1927.0
2011,NUTS,2010,ITF,1,405.0
2012,NUTS,2010,ITF,1,395.0
2013,NUTS,2010,ITF,1,422.0
2014,NUTS,2010,ITF,1,590.0
2017,NUTS,2010,ITF,1,557.0
2018,NUTS,2010,ITF,1,512.0
2019,NUTS,2010,ITF,1,537.0
2011,NUTS,2010,ITF1,2,13.0
2012,NUTS,2010,ITF1,2,13.0
2013,NUTS,2010,ITF1,2,57.0
2014,NUTS,2010,ITF1,2,47.0
2015,NUTS,2010,ITF1,2,23.0
2016,NUTS,2010,ITF1,2,29.0
2017,NUTS,2010,ITF1,2,32.0
2018,NUTS,2010,ITF1,2,23.0
2019,NUTS,2010,ITF1,2,24.0
2017,NUTS,2010,ITF2,2,4.0
2018,NUTS,2010,ITF2,2,7.0
2019,NUTS,2010,ITF2,2,2.0
2011,NUTS,2010,ITF3,2,207.0
2012,NUTS,2010,ITF3,2,202.0
2013,NUTS,2010,ITF3,2,186.0
2014,NUTS,2010,ITF3,2,327.0
2015,NUTS,2010,ITF3,2,335.0
2016,NUTS,2010,ITF3,2,327.0
2017,NUTS,2010,ITF3,2,259.0
2018,NUTS,2010,ITF3,2,235.0
2019,NUTS,2010,ITF3,2,260.0
2011,NUTS,2010,ITF4,2,178.0
2012,NUTS,2010,ITF4,2,171.0
2013,NUTS,2010,ITF4,2,156.0
2014,NUTS,2010,ITF4,2,214.0
2015,NUTS,2010,ITF4,2,215.0
2016,NUTS,2010,ITF4,2,273.0
2017,NUTS,2010,ITF4,2,238.0
2018,NUTS,2010,ITF4,2,224.0
2019,NUTS,2010,ITF4,2,224.0
2012,NUTS,2010,ITF5,2,7.0
2013,NUTS,2010,ITF5,2,22.0
2015,NUTS,2010,ITF5,2,16.0
2017,NUTS,2010,ITF5,2,9.0
2018,NUTS,2010,ITF5,2,8.0
2019,NUTS,2010,ITF5,2,17.0
2011,NUTS,2010,ITF6,2,5.0
2015,NUTS,2010,ITF6,2,6.0
2016,NUTS,2010,ITF6,2,20.0
2017,NUTS,2010,ITF6,2,14.0
2018,NUTS,2010,ITF6,2,15.0
2019,NUTS,2010,ITF6,2,10.0
2011,NUTS,2010,ITG,1,137.0
2012,NUTS,2010,ITG,1,163.0
2013,NUTS,2010,ITG,1,175.0
2014,NUTS,2010,ITG,1,152.0
2015,NUTS,2010,ITG,1,175.0
2016,NUTS,2010,ITG,1,173.0
2017,NUTS,2010,ITG,1,183.0
2018,NUTS,2010,ITG,1,136.0
2019,NUTS,2010,ITG,1,188.0
2011,NUTS,2010,ITG1,2,127.0
2012,NUTS,2010,ITG1,2,149.0
2013,NUTS,2010,ITG1,2,158.0
2014,NUTS,2010,ITG1,2,136.0
2015,NUTS,2010,ITG1,2,149.0
2016,NUTS,2010,ITG1,2,144.0
2017,NUTS,2010,ITG1,2,161.0
2018,NUTS,2010,ITG1,2,113.0
2019,NUTS,2010,ITG1,2,162.0
2011,NUTS,2010,ITG2,2,10.0
2012,NUTS,2010,ITG2,2,15.0
2013,NUTS,2010,ITG2,2,17.0
2014,NUTS,2010,ITG2,2,16.0
2015,NUTS,2010,ITG2,2,26.0
2016,NUTS,2010,ITG2,2,29.0
2017,NUTS,2010,ITG2,2,22.0
2018,NUTS,2010,ITG2,2,23.0
2019,NUTS,2010,ITG2,2,26.0
2011,NUTS,2010,ITH,1,550.0
2012,NUTS,2010,ITH,1,632.0
2013,NUTS,2010,ITH,1,698.0
2014,NUTS,2010,ITH,1,1241.0
2015,NUTS,2010,ITH,1,1322.0
2016,NUTS,2010,ITH,1,1173.0
2017,NUTS,2010,ITH,1,1207.0
2018,NUTS,2010,ITH,1,1066.0
2019,NUTS,2010,ITH,1,1317.0
2011,NUTS,2010,ITH1,2,3.0
2012,NUTS,2010,ITH1,2,4.0
2013,NUTS,2010,ITH1,2,4.0
2014,NUTS,2010,ITH1,2,531.0
2015,NUTS,2010,ITH1,2,536.0
2016,NUTS,2010,ITH1,2,402.0
2017,NUTS,2010,ITH1,2,569.0
2018,NUTS,2010,ITH1,2,457.0
2019,NUTS,2010,ITH1,2,497.0
2011,NUTS,2010,ITH2,2,149.0
2012,NUTS,2010,ITH2,2,161.0
2013,NUTS,2010,ITH2,2,167.0
2014,NUTS,2010,ITH2,2,126.0
2015,NUTS,2010,ITH2,2,149.0
2016,NUTS,2010,ITH2,2,111.0
2017,NUTS,2010,ITH2,2,32.0
2018,NUTS,2010,ITH2,2,33.0
2019,NUTS,2010,ITH2,2,29.0
2011,NUTS,2010,ITH3,2,208.0
2012,NUTS,2010,ITH3,2,195.0
2013,NUTS,2010,ITH3,2,214.0
2014,NUTS,2010,ITH3,2,236.0
2015,NUTS,2010,ITH3,2,286.0
2016,NUTS,2010,ITH3,2,281.0
2017,NUTS,2010,ITH3,2,245.0
2018,NUTS,2010,ITH3,2,250.0
2019,NUTS,2010,ITH3,2,470.0
2011,NUTS,2010,ITH4,2,115.0
2012,NUTS,2010,ITH4,2,144.0
2013,NUTS,2010,ITH4,2,137.0
2014,NUTS,2010,ITH4,2,141.0
2015,NUTS,2010,ITH4,2,160.0
2016,NUTS,2010,ITH4,2,141.0
2017,NUTS,2010,ITH4,2,142.0
2018,NUTS,2010,ITH4,2,124.0
2019,NUTS,2010,ITH4,2,142.0
2011,NUTS,2010,ITH5,2,75.0
2012,NUTS,2010,ITH5,2,129.0
2013,NUTS,2010,ITH5,2,176.0
2014,NUTS,2010,ITH5,2,207.0
2015,NUTS,2010,ITH5,2,190.0
2016,NUTS,2010,ITH5,2,238.0
2017,NUTS,2010,ITH5,2,219.0
2018,NUTS,2010,ITH5,2,202.0
2019,NUTS,2010,ITH5,2,180.0
2011,NUTS,2010,ITI,1,1455.0
2012,NUTS,2010,ITI,1,1572.0
2013,NUTS,2010,ITI,1,1562.0
2014,NUTS,2010,ITI,1,1489.0
2017,NUTS,2010,ITI,1,2037.0
2018,NUTS,2010,ITI,1,1865.0
2019,NUTS,2010,ITI,1,2050.0
2011,NUTS,2010,ITI1,2,200.0
2012,NUTS,2010,ITI1,2,285.0
2013,NUTS,2010,ITI1,2,269.0
2014,NUTS,2010,ITI1,2,269.0
2015,NUTS,2010,ITI1,2,371.0
2016,NUTS,2010,ITI1,2,391.0
2017,NUTS,2010,ITI1,2,390.0
2018,NUTS,2010,ITI1,2,387.0
2019,NUTS,2010,ITI1,2,417.0
2011,NUTS,2010,ITI2,2,2.0
2012,NUTS,2010,ITI2,2,3.0
2013,NUTS,2010,ITI2,2,2.0
2014,NUTS,2010,ITI2,2,2.0
2017,NUTS,2010,ITI2,2,2.0
2018,NUTS,2010,ITI2,2,9.0
2019,NUTS,2010,ITI2,2,6.0
2011,NUTS,2010,ITI3,2,9.0
2012,NUTS,2010,ITI3,2,10.0
2013,NUTS,2010,ITI3,2,10.0
2014,NUTS,2010,ITI3,2,4.0
2015,NUTS,2010,ITI3,2,3.0
2016,NUTS,2010,ITI3,2,6.0
2017,NUTS,2010,ITI3,2,10.0
2018,NUTS,2010,ITI3,2,15.0
2019,NUTS,2010,ITI3,2,18.0
2011,NUTS,2010,ITI4,2,1243.0
2012,NUTS,2010,ITI4,2,1275.0
2013,NUTS,2010,ITI4,2,1281.0
2014,NUTS,2010,ITI4,2,1214.0
2015,NUTS,2010,ITI4,2,1355.0
2016,NUTS,2010,ITI4,2,1254.0
2017,NUTS,2010,ITI4,2,1635.0
2018,NUTS,2010,ITI4,2,1454.0
2019,NUTS,2010,ITI4,2,1609.0
2011,NUTS,2010,JP,0,12475.0
2012,NUTS,2010,JP,0,12295.0
2013,NUTS,2010,JP,0,12416.0
2014,NUTS,2010,JP,0,13572.0
2015,NUTS,2010,JP,0,13952.0
2016,NUTS,2010,JP,0,13449.0
2017,NUTS,2010,JP,0,13084.0
2018,NUTS,2010,JP,0,12831.0
2019,NUTS,2010,JP,0,12988.0
2011,NUTS,2010,KR,0,5380.0
2012,NUTS,2010,KR,0,4392.0
2013,NUTS,2010,KR,0,5122.0
2014,NUTS,2010,KR,0,6414.0
2015,NUTS,2010,KR,0,7456.0
2016,NUTS,2010,KR,0,7859.0
2017,NUTS,2010,KR,0,7985.0
2018,NUTS,2010,KR,0,7782.0
2019,NUTS,2010,KR,0,8372.0
2011,NUTS,2010,LU,0,0.0
2012,NUTS,2010,LU,0,0.0
2013,NUTS,2010,LU,0,0.0
2011,NUTS,2010,ME,0,9.0
2013,NUTS,2010,ME,0,17.0
2014,NUTS,2010,ME,0,24.0
2015,NUTS,2010,ME,0,31.0
2016,NUTS,2010,ME,0,28.0
2017,NUTS,2010,ME,0,22.0
2018,NUTS,2010,ME,0,26.0
2019,NUTS,2010,ME,0,1.0
2014,NUTS,2010,MK,0,22.0
2015,NUTS,2010,MK,0,17.0
2016,NUTS,2010,MK,0,66.0
2017,NUTS,2010,MK,0,46.0
2018,NUTS,2010,MK,0,45.0
2019,NUTS,2010,MK,0,31.0
2020,NUTS,2010,MK,0,16.0
2013,NUTS,2010,NL,0,0.0
2014,NUTS,2010,NL,0,0.0
2015,NUTS,2010,NL,0,0.0
2016,NUTS,2010,NL,0,0.0
2017,NUTS,2010,NL,0,0.0
2018,NUTS,2010,NL,0,0.0
2019,NUTS,2010,NL,0,0.0
2020,NUTS,2010,NL,0,0.0
2011,NUTS,2010,PL,0,128.0
2012,NUTS,2010,PL,0,244.0
2013,NUTS,2010,PL,0,176.0
2014,NUTS,2010,PL,0,188.0
2015,NUTS,2010,PL,0,162.0
2016,NUTS,2010,PL,0,646.0
2017,NUTS,2010,PL,0,1215.0
2018,NUTS,2010,PL,0,1464.0
2019,NUTS,2010,PL,0,833.0
2020,NUTS,2010,PL,0,713.0
2013,NUTS,2010,PL1,1,81.0
2014,NUTS,2010,PL1,1,74.0
2015,NUTS,2010,PL1,1,77.0
2011,NUTS,2010,PL12,2,63.0
2012,NUTS,2010,PL12,2,108.0
2011,NUTS,2010,PL2,1,20.0
2012,NUTS,2010,PL2,1,20.0
2013,NUTS,2010,PL2,1,64.0
2014,NUTS,2010,PL2,1,61.0
2015,NUTS,2010,PL2,1,39.0
2016,NUTS,2010,PL2,1,140.0
2017,NUTS,2010,PL2,1,293.0
2018,NUTS,2010,PL2,1,453.0
2019,NUTS,2010,PL2,1,138.0
2011,NUTS,2010,PL21,2,15.0
2012,NUTS,2010,PL21,2,18.0
2017,NUTS,2010,PL21,2,148.0
2018,NUTS,2010,PL21,2,178.0
2019,NUTS,2010,PL21,2,78.0
2011,NUTS,2010,PL22,2,5.0
2012,NUTS,2010,PL22,2,2.0
2017,NUTS,2010,PL22,2,146.0
2018,NUTS,2010,PL22,2,275.0
2019,NUTS,2010,PL22,2,60.0
2013,NUTS,2010,PL3,1,11.0
2015,NUTS,2010,PL3,1,5.0
2011,NUTS,2010,PL31,2,0.0
2012,NUTS,2010,PL33,2,0.0
2015,NUTS,2010,PL33,2,0.0
2011,NUTS,2010,PL4,1,7.0
2012,NUTS,2010,PL4,1,47.0
2013,NUTS,2010,PL4,1,6.0
2014,NUTS,2010,PL4,1,25.0
2015,NUTS,2010,PL4,1,25.0
2017,NUTS,2010,PL4,1,105.0
2018,NUTS,2010,PL4,1,45.0
2019,NUTS,2010,PL4,1,23.0
2016,NUTS,2010,PL41,2,44.0
2017,NUTS,2010,PL41,2,75.0
2018,NUTS,2010,PL41,2,29.0
2019,NUTS,2010,PL41,2,19.0
2012,NUTS,2010,PL43,2,0.0
2015,NUTS,2010,PL43,2,0.0
2012,NUTS,2010,PL5,1,4.0
2014,NUTS,2010,PL5,1,6.0
2015,NUTS,2010,PL5,1,15.0
2016,NUTS,2010,PL5,1,38.0
2019,NUTS,2010,PL5,1,42.0
2012,NUTS,2010,PL51,2,4.0
2013,NUTS,2010,PL51,2,8.0
2018,NUTS,2010,PL51,2,99.0
2012,NUTS,2010,PL52,2,0.0
2011,NUTS,2010,PL6,1,0.0
2015,NUTS,2010,PL6,1,0.0
2018,NUTS,2010,PL6,1,115.0
2019,NUTS,2010,PL6,1,124.0
2011,NUTS,2010,PL61,2,0.0
2013,NUTS,2010,PL61,2,0.0
2015,NUTS,2010,PL61,2,0.0
2018,NUTS,2010,PL61,2,71.0
2012,NUTS,2010,PL62,2,0.0
2015,NUTS,2010,PL62,2,0.0
2011,NUTS,2010,PL63,2,0.0
2013,NUTS,2010,PL63,2,2.0
2015,NUTS,2010,PL63,2,0.0
2017,NUTS,2010,PL63,2,33.0
2019,NUTS,2010,PL63,2,37.0
2018,NUTS,2010,PL7,1,155.0
2019,NUTS,2010,PL7,1,149.0
2016,NUTS,2010,PL8,1,41.0
2017,NUTS,2010,PL8,1,71.0
2019,NUTS,2010,PL8,1,52.0
2016,NUTS,2010,PL81,2,10.0
2018,NUTS,2010,PL81,2,125.0
2019,NUTS,2010,PL81,2,11.0
2018,NUTS,2010,PL82,2,19.0
2016,NUTS,2010,PL9,1,310.0
2017,NUTS,2010,PL9,1,486.0
2018,NUTS,2010,PL9,1,415.0
2019,NUTS,2010,PL9,1,304.0
2019,NUTS,2010,PL91,2,304.0
2019,NUTS,2010,PL92,2,0.0
2011,NUTS,2010,PT,0,5812.0
2012,NUTS,2010,PT,0,5169.0
2013,NUTS,2010,PT,0,755.0
2014,NUTS,2010,PT,0,622.0
2015,NUTS,2010,PT,0,649.0
2016,NUTS,2010,PT,0,676.0
2017,NUTS,2010,PT,0,683.0
2018,NUTS,2010,PT,0,759.0
2019,NUTS,2010,PT,0,791.0
2020,NUTS,2010,PT,0,1096.0
2011,NUTS,2010,PT1,1,5698.0
2012,NUTS,2010,PT1,1,5080.0
2013,NUTS,2010,PT1,1,753.0
2014,NUTS,2010,PT1,1,617.0
2015,NUTS,2010,PT1,1,645.0
2016,NUTS,2010,PT1,1,672.0
2017,NUTS,2010,PT1,1,672.0
2018,NUTS,2010,PT1,1,753.0
2019,NUTS,2010,PT1,1,786.0
2020,NUTS,2010,PT1,1,1076.0
2011,NUTS,2010,PT11,2,1941.0
2012,NUTS,2010,PT11,2,1863.0
2013,NUTS,2010,PT11,2,68.0
2014,NUTS,2010,PT11,2,78.0
2015,NUTS,2010,PT11,2,82.0
2016,NUTS,2010,PT11,2,66.0
2017,NUTS,2010,PT11,2,79.0
2018,NUTS,2010,PT11,2,91.0
2019,NUTS,2010,PT11,2,113.0
2020,NUTS,2010,PT11,2,259.0
2011,NUTS,2010,PT15,2,5.0
2012,NUTS,2010,PT15,2,3.0
2013,NUTS,2010,PT15,2,0.0
2014,NUTS,2010,PT15,2,0.0
2015,NUTS,2010,PT15,2,0.0
2016,NUTS,2010,PT15,2,0.0
2017,NUTS,2010,PT15,2,0.0
2018,NUTS,2010,PT15,2,0.0
2019,NUTS,2010,PT15,2,0.0
2020,NUTS,2010,PT15,2,19.0
2011,NUTS,2010,PT16,2,957.0
2012,NUTS,2010,PT16,2,818.0
2013,NUTS,2010,PT16,2,22.0
2014,NUTS,2010,PT16,2,19.0
2015,NUTS,2010,PT16,2,23.0
2016,NUTS,2010,PT16,2,19.0
2017,NUTS,2010,PT16,2,24.0
2018,NUTS,2010,PT16,2,30.0
2019,NUTS,2010,PT16,2,38.0
2020,NUTS,2010,PT16,2,120.0
2011,NUTS,2010,PT17,2,2795.0
2012,NUTS,2010,PT17,2,2393.0
2013,NUTS,2010,PT17,2,662.0
2014,NUTS,2010,PT17,2,521.0
2015,NUTS,2010,PT17,2,540.0
2016,NUTS,2010,PT17,2,586.0
2017,NUTS,2010,PT17,2,568.0
2018,NUTS,2010,PT17,2,630.0
2019,NUTS,2010,PT17,2,632.0
2020,NUTS,2010,PT17,2,657.0
2011,NUTS,2010,PT18,2,0.0
2012,NUTS,2010,PT18,2,3.0
2013,NUTS,2010,PT18,2,0.0
2014,NUTS,2010,PT18,2,0.0
2015,NUTS,2010,PT18,2,0.0
2016,NUTS,2010,PT18,2,1.0
2017,NUTS,2010,PT18,2,2.0
2018,NUTS,2010,PT18,2,3.0
2019,NUTS,2010,PT18,2,3.0
2020,NUTS,2010,PT18,2,20.0
2011,NUTS,2010,PT2,1,57.0
2012,NUTS,2010,PT2,1,57.0
2013,NUTS,2010,PT2,1,0.0
2014,NUTS,2010,PT2,1,0.0
2015,NUTS,2010,PT2,1,0.0
2016,NUTS,2010,PT2,1,0.0
2017,NUTS,2010,PT2,1,4.0
2018,NUTS,2010,PT2,1,3.0
2019,NUTS,2010,PT2,1,5.0
2020,NUTS,2010,PT2,1,20.0
2011,NUTS,2010,PT20,2,57.0
2012,NUTS,2010,PT20,2,57.0
2013,NUTS,2010,PT20,2,0.0
2014,NUTS,2010,PT20,2,0.0
2015,NUTS,2010,PT20,2,0.0
2016,NUTS,2010,PT20,2,0.0
2017,NUTS,2010,PT20,2,4.0
2018,NUTS,2010,PT20,2,3.0
2019,NUTS,2010,PT20,2,5.0
2020,NUTS,2010,PT20,2,20.0
2011,NUTS,2010,PT3,1,58.0
2012,NUTS,2010,PT3,1,32.0
2013,NUTS,2010,PT3,1,2.0
2014,NUTS,2010,PT3,1,5.0
2015,NUTS,2010,PT3,1,3.0
2016,NUTS,2010,PT3,1,4.0
2017,NUTS,2010,PT3,1,7.0
2018,NUTS,2010,PT3,1,2.0
2019,NUTS,2010,PT3,1,0.0
2020,NUTS,2010,PT3,1,1.0
2011,NUTS,2010,PT30,2,58.0
2012,NUTS,2010,PT30,2,32.0
2013,NUTS,2010,PT30,2,2.0
2014,NUTS,2010,PT30,2,5.0
2015,NUTS,2010,PT30,2,3.0
2016,NUTS,2010,PT30,2,4.0
2017,NUTS,2010,PT30,2,7.0
2018,NUTS,2010,PT30,2,2.0
2019,NUTS,2010,PT30,2,0.0
2020,NUTS,2010,PT30,2,1.0
2011,NUTS,2010,RO,0,193.0
2012,NUTS,2010,RO,0,157.0
2013,NUTS,2010,RO,0,134.0
2014,NUTS,2010,RO,0,122.0
2015,NUTS,2010,RO,0,115.0
2016,NUTS,2010,RO,0,157.0
2017,NUTS,2010,RO,0,145.0
2018,NUTS,2010,RO,0,171.0
2019,NUTS,2010,RO,0,217.0
2020,NUTS,2010,RO,0,229.0
2011,NUTS,2010,RO1,1,10.0
2012,NUTS,2010,RO1,1,34.0
2013,NUTS,2010,RO1,1,15.0
2014,NUTS,2010,RO1,1,18.0
2015,NUTS,2010,RO1,1,9.0
2016,NUTS,2010,RO1,1,14.0
2017,NUTS,2010,RO1,1,23.0
2018,NUTS,2010,RO1,1,34.0
2019,NUTS,2010,RO1,1,45.0
2011,NUTS,2010,RO11,2,10.0
2012,NUTS,2010,RO11,2,34.0
2013,NUTS,2010,RO11,2,15.0
2014,NUTS,2010,RO11,2,14.0
2015,NUTS,2010,RO11,2,7.0
2016,NUTS,2010,RO11,2,14.0
2017,NUTS,2010,RO11,2,23.0
2018,NUTS,2010,RO11,2,34.0
2019,NUTS,2010,RO11,2,45.0
2014,NUTS,2010,RO12,2,4.0
2015,NUTS,2010,RO12,2,2.0
2016,NUTS,2010,RO12,2,0.0
2017,NUTS,2010,RO12,2,0.0
2018,NUTS,2010,RO12,2,0.0
2019,NUTS,2010,RO12,2,0.0
2011,NUTS,2010,RO2,1,115.0
2012,NUTS,2010,RO2,1,3.0
2014,NUTS,2010,RO2,1,6.0
2015,NUTS,2010,RO2,1,5.0
2016,NUTS,2010,RO2,1,5.0
2017,NUTS,2010,RO2,1,16.0
2018,NUTS,2010,RO2,1,44.0
2019,NUTS,2010,RO2,1,85.0
2011,NUTS,2010,RO21,2,114.0
2012,NUTS,2010,RO21,2,2.0
2015,NUTS,2010,RO21,2,0.0
2016,NUTS,2010,RO21,2,0.0
2017,NUTS,2010,RO21,2,1.0
2018,NUTS,2010,RO21,2,38.0
2019,NUTS,2010,RO21,2,80.0
2011,NUTS,2010,RO22,2,1.0
2012,NUTS,2010,RO22,2,1.0
2014,NUTS,2010,RO22,2,6.0
2015,NUTS,2010,RO22,2,5.0
2016,NUTS,2010,RO22,2,5.0
2017,NUTS,2010,RO22,2,15.0
2018,NUTS,2010,RO22,2,6.0
2019,NUTS,2010,RO22,2,5.0
2011,NUTS,2010,RO3,1,27.0
2012,NUTS,2010,RO3,1,117.0
2013,NUTS,2010,RO3,1,112.0
2014,NUTS,2010,RO3,1,88.0
2015,NUTS,2010,RO3,1,97.0
2016,NUTS,2010,RO3,1,137.0
2017,NUTS,2010,RO3,1,106.0
2018,NUTS,2010,RO3,1,93.0
2019,NUTS,2010,RO3,1,87.0
2015,NUTS,2010,RO31,2,0.0
2016,NUTS,2010,RO31,2,0.0
2017,NUTS,2010,RO31,2,0.0
2018,NUTS,2010,RO31,2,2.0
2019,NUTS,2010,RO31,2,2.0
2011,NUTS,2010,RO32,2,27.0
2012,NUTS,2010,RO32,2,117.0
2013,NUTS,2010,RO32,2,112.0
2014,NUTS,2010,RO32,2,88.0
2015,NUTS,2010,RO32,2,97.0
2016,NUTS,2010,RO32,2,137.0
2017,NUTS,2010,RO32,2,106.0
2018,NUTS,2010,RO32,2,91.0
2019,NUTS,2010,RO32,2,85.0
2011,NUTS,2010,RO4,1,41.0
2012,NUTS,2010,RO4,1,3.0
2013,NUTS,2010,RO4,1,7.0
2014,NUTS,2010,RO4,1,10.0
2015,NUTS,2010,RO4,1,4.0
2016,NUTS,2010,RO4,1,1.0
2017,NUTS,2010,RO4,1,0.0
2018,NUTS,2010,RO4,1,0.0
2019,NUTS,2010,RO4,1,0.0
2011,NUTS,2010,RO41,2,36.0
2013,NUTS,2010,RO41,2,5.0
2014,NUTS,2010,RO41,2,5.0
2015,NUTS,2010,RO41,2,0.0
2016,NUTS,2010,RO41,2,0.0
2017,NUTS,2010,RO41,2,0.0
2018,NUTS,2010,RO41,2,0.0
2019,NUTS,2010,RO41,2,0.0
2011,NUTS,2010,RO42,2,5.0
2012,NUTS,2010,RO42,2,3.0
2013,NUTS,2010,RO42,2,2.0
2014,NUTS,2010,RO42,2,5.0
2015,NUTS,2010,RO42,2,4.0
2016,NUTS,2010,RO42,2,1.0
2017,NUTS,2010,RO42,2,0.0
2018,NUTS,2010,RO42,2,0.0
2019,NUTS,2010,RO42,2,0.0
2011,NUTS,2010,RS,0,14.0
2012,NUTS,2010,RS,0,18.0
2013,NUTS,2010,RS,0,5.0
2014,NUTS,2010,RS,0,4.0
2015,NUTS,2010,RS,0,23.0
2016,NUTS,2010,RS,0,28.0
2017,NUTS,2010,RS,0,23.0
2018,NUTS,2010,RS,0,1.0
2019,NUTS,2010,RS,0,1.0
2020,NUTS,2010,RS,0,2.0
2018,NUTS,2010,RS1,1,1.0
2019,NUTS,2010,RS1,1,1.0
2020,NUTS,2010,RS1,1,2.0
2018,NUTS,2010,RS11,2,1.0
2019,NUTS,2010,RS11,2,1.0
2020,NUTS,2010,RS11,2,2.0
2018,NUTS,2010,RS12,2,0.0
2019,NUTS,2010,RS12,2,0.0
2020,NUTS,2010,RS12,2,0.0
2018,NUTS,2010,RS2,1,0.0
2019,NUTS,2010,RS2,1,0.0
2020,NUTS,2010,RS2,1,0.0
2018,NUTS,2010,RS21,2,0.0
2019,NUTS,2010,RS21,2,0.0
2020,NUTS,2010,RS21,2,0.0
2018,NUTS,2010,RS22,2,0.0
2019,NUTS,2010,RS22,2,0.0
2020,NUTS,2010,RS22,2,0.0
2011,NUTS,2010,RU,0,2007.0
2012,NUTS,2010,RU,0,2351.0
2013,NUTS,2010,RU,0,1648.0
2014,NUTS,2010,RU,0,1369.0
2015,NUTS,2010,RU,0,1634.0
2017,NUTS,2010,RU,0,3716.0
2018,NUTS,2010,RU,0,1709.0
2019,NUTS,2010,RU,0,2226.0
2011,NUTS,2010,SE,0,260.0
2012,NUTS,2010,SE,0,293.0
2013,NUTS,2010,SE,0,323.0
2014,NUTS,2010,SE,0,352.0
2015,NUTS,2010,SE,0,191.0
2016,NUTS,2010,SE,0,227.0
2017,NUTS,2010,SE,0,109.0
2018,NUTS,2010,SE,0,86.0
2019,NUTS,2010,SE,0,107.0
2020,NUTS,2010,SE,0,107.0
2011,NUTS,2010,SI,0,16.0
2012,NUTS,2010,SI,0,18.0
2013,NUTS,2010,SI,0,17.0
2014,NUTS,2010,SI,0,13.0
2015,NUTS,2010,SI,0,11.0
2016,NUTS,2010,SI,0,12.0
2017,NUTS,2010,SI,0,41.0
2018,NUTS,2010,SI,0,58.0
2019,NUTS,2010,SI,0,106.0
2020,NUTS,2010,SI,0,120.0
2011,NUTS,2010,SI0,1,16.0
2012,NUTS,2010,SI0,1,18.0
2013,NUTS,2010,SI0,1,17.0
2014,NUTS,2010,SI0,1,13.0
2015,NUTS,2010,SI0,1,11.0
2016,NUTS,2010,SI0,1,12.0
2017,NUTS,2010,SI0,1,41.0
2018,NUTS,2010,SI0,1,58.0
2019,NUTS,2010,SI0,1,106.0
2013,NUTS,2010,SI03,2,6.0
2014,NUTS,2010,SI03,2,5.0
2015,NUTS,2010,SI03,2,4.0
2016,NUTS,2010,SI03,2,4.0
2017,NUTS,2010,SI03,2,1.0
2018,NUTS,2010,SI03,2,2.0
2019,NUTS,2010,SI03,2,9.0
2013,NUTS,2010,SI04,2,10.0
2014,NUTS,2010,SI04,2,8.0
2015,NUTS,2010,SI04,2,8.0
2016,NUTS,2010,SI04,2,9.0
2017,NUTS,2010,SI04,2,40.0
2018,NUTS,2010,SI04,2,56.0
2019,NUTS,2010,SI04,2,97.0
2011,NUTS,2010,SK,0,46.0
2012,NUTS,2010,SK,0,44.0
2013,NUTS,2010,SK,0,36.0
2014,NUTS,2010,SK,0,17.0
2015,NUTS,2010,SK,0,36.0
2016,NUTS,2010,SK,0,88.0
2017,NUTS,2010,SK,0,87.0
2018,NUTS,2010,SK,0,64.0
2019,NUTS,2010,SK,0,8.0
2020,NUTS,2010,SK,0,12.0
2011,NUTS,2010,SK01,2,19.0
2012,NUTS,2010,SK01,2,12.0
2013,NUTS,2010,SK01,2,13.0
2014,NUTS,2010,SK01,2,5.0
2015,NUTS,2010,SK01,2,14.0
2016,NUTS,2010,SK01,2,24.0
2017,NUTS,2010,SK01,2,36.0
2018,NUTS,2010,SK01,2,21.0
2019,NUTS,2010,SK01,2,5.0
2020,NUTS,2010,SK01,2,7.0
2011,NUTS,2010,SK02,2,4.0
2012,NUTS,2010,SK02,2,2.0
2013,NUTS,2010,SK02,2,13.0
2014,NUTS,2010,SK02,2,9.0
2015,NUTS,2010,SK02,2,16.0
2016,NUTS,2010,SK02,2,47.0
2017,NUTS,2010,SK02,2,34.0
2018,NUTS,2010,SK02,2,30.0
2019,NUTS,2010,SK02,2,0.0
2020,NUTS,2010,SK02,2,3.0
2011,NUTS,2010,SK03,2,4.0
2012,NUTS,2010,SK03,2,9.0
2013,NUTS,2010,SK03,2,9.0
2014,NUTS,2010,SK03,2,2.0
2015,NUTS,2010,SK03,2,3.0
2016,NUTS,2010,SK03,2,10.0
2017,NUTS,2010,SK03,2,8.0
2018,NUTS,2010,SK03,2,7.0
2019,NUTS,2010,SK03,2,2.0
2020,NUTS,2010,SK03,2,2.0
2011,NUTS,2010,SK04,2,20.0
2012,NUTS,2010,SK04,2,21.0
2013,NUTS,2010,SK04,2,2.0
2014,NUTS,2010,SK04,2,2.0
2015,NUTS,2010,SK04,2,4.0
2016,NUTS,2010,SK04,2,7.0
2017,NUTS,2010,SK04,2,9.0
2018,NUTS,2010,SK04,2,7.0
2019,NUTS,2010,SK04,2,1.0
2020,NUTS,2010,SK04,2,0.0
2011,NUTS,2010,UK,0,5769.0
2012,NUTS,2010,UK,0,5990.0
2013,NUTS,2010,UK,0,5036.0
2014,NUTS,2010,UK,0,4787.0
2015,NUTS,2010,UK,0,6368.0
2016,NUTS,2010,UK,0,6505.0
2017,NUTS,2010,UK,0,7586.0
2018,NUTS,2010,UK,0,8260.0
2019,NUTS,2010,UK,0,9212.0
2011,NUTS,2010,UKC,1,158.0
2012,NUTS,2010,UKC,1,164.0
2013,NUTS,2010,UKC,1,234.0
2014,NUTS,2010,UKC,1,223.0
2015,NUTS,2010,UKC,1,284.0
2016,NUTS,2010,UKC,1,290.0
2017,NUTS,2010,UKC,1,339.0
2018,NUTS,2010,UKC,1,369.0
2011,NUTS,2010,UKC1,2,133.0
2012,NUTS,2010,UKC1,2,138.0
2013,NUTS,2010,UKC1,2,196.0
2014,NUTS,2010,UKC1,2,186.0
2015,NUTS,2010,UKC1,2,269.0
2016,NUTS,2010,UKC1,2,275.0
2017,NUTS,2010,UKC1,2,321.0
2018,NUTS,2010,UKC1,2,349.0
2011,NUTS,2010,UKC2,2,25.0
2012,NUTS,2010,UKC2,2,26.0
2013,NUTS,2010,UKC2,2,39.0
2014,NUTS,2010,UKC2,2,37.0
2015,NUTS,2010,UKC2,2,15.0
2016,NUTS,2010,UKC2,2,15.0
2017,NUTS,2010,UKC2,2,18.0
2018,NUTS,2010,UKC2,2,20.0
2011,NUTS,2010,UKD,1,42.0
2012,NUTS,2010,UKD,1,44.0
2013,NUTS,2010,UKD,1,188.0
2014,NUTS,2010,UKD,1,178.0
2015,NUTS,2010,UKD,1,18.0
2016,NUTS,2010,UKD,1,18.0
2017,NUTS,2010,UKD,1,21.0
2018,NUTS,2010,UKD,1,23.0
2011,NUTS,2010,UKD1,2,13.0
2012,NUTS,2010,UKD1,2,14.0
2013,NUTS,2010,UKD1,2,0.0
2014,NUTS,2010,UKD1,2,0.0
2015,NUTS,2010,UKD1,2,1.0
2016,NUTS,2010,UKD1,2,1.0
2017,NUTS,2010,UKD1,2,1.0
2018,NUTS,2010,UKD1,2,1.0
2011,NUTS,2010,UKD3,2,0.0
2012,NUTS,2010,UKD3,2,0.0
2013,NUTS,2010,UKD3,2,5.0
2014,NUTS,2010,UKD3,2,5.0
2015,NUTS,2010,UKD3,2,2.0
2016,NUTS,2010,UKD3,2,2.0
2017,NUTS,2010,UKD3,2,2.0
2018,NUTS,2010,UKD3,2,3.0
2011,NUTS,2010,UKD4,2,21.0
2012,NUTS,2010,UKD4,2,22.0
2013,NUTS,2010,UKD4,2,3.0
2014,NUTS,2010,UKD4,2,3.0
2015,NUTS,2010,UKD4,2,0.0
2016,NUTS,2010,UKD4,2,0.0
2017,NUTS,2010,UKD4,2,0.0
2018,NUTS,2010,UKD4,2,0.0
2011,NUTS,2010,UKD6,2,4.0
2012,NUTS,2010,UKD6,2,4.0
2013,NUTS,2010,UKD6,2,4.0
2014,NUTS,2010,UKD6,2,4.0
2015,NUTS,2010,UKD6,2,4.0
2016,NUTS,2010,UKD6,2,4.0
2017,NUTS,2010,UKD6,2,5.0
2018,NUTS,2010,UKD6,2,5.0
2011,NUTS,2010,UKD7,2,4.0
2012,NUTS,2010,UKD7,2,4.0
2013,NUTS,2010,UKD7,2,176.0
2014,NUTS,2010,UKD7,2,167.0
2015,NUTS,2010,UKD7,2,11.0
2016,NUTS,2010,UKD7,2,12.0
2017,NUTS,2010,UKD7,2,14.0
2018,NUTS,2010,UKD7,2,15.0
2011,NUTS,2010,UKE,1,15.0
2012,NUTS,2010,UKE,1,16.0
2013,NUTS,2010,UKE,1,50.0
2014,NUTS,2010,UKE,1,47.0
2015,NUTS,2010,UKE,1,43.0
2016,NUTS,2010,UKE,1,44.0
2017,NUTS,2010,UKE,1,52.0
2018,NUTS,2010,UKE,1,56.0
2011,NUTS,2010,UKE1,2,0.0
2012,NUTS,2010,UKE1,2,0.0
2013,NUTS,2010,UKE1,2,0.0
2014,NUTS,2010,UKE1,2,0.0
2015,NUTS,2010,UKE1,2,0.0
2016,NUTS,2010,UKE1,2,0.0
2017,NUTS,2010,UKE1,2,0.0
2018,NUTS,2010,UKE1,2,0.0
2011,NUTS,2010,UKE2,2,0.0
2012,NUTS,2010,UKE2,2,0.0
2013,NUTS,2010,UKE2,2,2.0
2014,NUTS,2010,UKE2,2,2.0
2015,NUTS,2010,UKE2,2,0.0
2016,NUTS,2010,UKE2,2,0.0
2017,NUTS,2010,UKE2,2,0.0
2018,NUTS,2010,UKE2,2,0.0
2011,NUTS,2010,UKE3,2,15.0
2012,NUTS,2010,UKE3,2,16.0
2013,NUTS,2010,UKE3,2,19.0
2014,NUTS,2010,UKE3,2,18.0
2015,NUTS,2010,UKE3,2,41.0
2016,NUTS,2010,UKE3,2,42.0
2017,NUTS,2010,UKE3,2,49.0
2018,NUTS,2010,UKE3,2,53.0
2011,NUTS,2010,UKE4,2,0.0
2012,NUTS,2010,UKE4,2,0.0
2013,NUTS,2010,UKE4,2,29.0
2014,NUTS,2010,UKE4,2,27.0
2015,NUTS,2010,UKE4,2,2.0
2016,NUTS,2010,UKE4,2,2.0
2017,NUTS,2010,UKE4,2,3.0
2018,NUTS,2010,UKE4,2,3.0
2011,NUTS,2010,UKF,1,44.0
2012,NUTS,2010,UKF,1,46.0
2013,NUTS,2010,UKF,1,42.0
2014,NUTS,2010,UKF,1,40.0
2015,NUTS,2010,UKF,1,18.0
2016,NUTS,2010,UKF,1,19.0
2017,NUTS,2010,UKF,1,22.0
2018,NUTS,2010,UKF,1,24.0
2011,NUTS,2010,UKF1,2,1.0
2012,NUTS,2010,UKF1,2,1.0
2013,NUTS,2010,UKF1,2,3.0
2014,NUTS,2010,UKF1,2,3.0
2015,NUTS,2010,UKF1,2,0.0
2016,NUTS,2010,UKF1,2,0.0
2017,NUTS,2010,UKF1,2,0.0
2018,NUTS,2010,UKF1,2,0.0
2011,NUTS,2010,UKF2,2,43.0
2012,NUTS,2010,UKF2,2,45.0
2013,NUTS,2010,UKF2,2,38.0
2014,NUTS,2010,UKF2,2,36.0
2015,NUTS,2010,UKF2,2,18.0
2016,NUTS,2010,UKF2,2,19.0
2017,NUTS,2010,UKF2,2,22.0
2018,NUTS,2010,UKF2,2,24.0
2011,NUTS,2010,UKF3,2,0.0
2012,NUTS,2010,UKF3,2,0.0
2013,NUTS,2010,UKF3,2,2.0
2014,NUTS,2010,UKF3,2,1.0
2015,NUTS,2010,UKF3,2,0.0
2016,NUTS,2010,UKF3,2,0.0
2017,NUTS,2010,UKF3,2,0.0
2018,NUTS,2010,UKF3,2,0.0
2011,NUTS,2010,UKG,1,38.0
2012,NUTS,2010,UKG,1,40.0
2013,NUTS,2010,UKG,1,10.0
2014,NUTS,2010,UKG,1,10.0
2015,NUTS,2010,UKG,1,19.0
2016,NUTS,2010,UKG,1,19.0
2017,NUTS,2010,UKG,1,23.0
2018,NUTS,2010,UKG,1,25.0
2011,NUTS,2010,UKG1,2,15.0
2012,NUTS,2010,UKG1,2,16.0
2013,NUTS,2010,UKG1,2,2.0
2014,NUTS,2010,UKG1,2,2.0
2015,NUTS,2010,UKG1,2,0.0
2016,NUTS,2010,UKG1,2,0.0
2017,NUTS,2010,UKG1,2,0.0
2018,NUTS,2010,UKG1,2,0.0
2011,NUTS,2010,UKG2,2,13.0
2012,NUTS,2010,UKG2,2,14.0
2013,NUTS,2010,UKG2,2,7.0
2014,NUTS,2010,UKG2,2,6.0
2015,NUTS,2010,UKG2,2,4.0
2016,NUTS,2010,UKG2,2,4.0
2017,NUTS,2010,UKG2,2,5.0
2018,NUTS,2010,UKG2,2,5.0
2011,NUTS,2010,UKG3,2,10.0
2012,NUTS,2010,UKG3,2,10.0
2013,NUTS,2010,UKG3,2,2.0
2014,NUTS,2010,UKG3,2,2.0
2015,NUTS,2010,UKG3,2,15.0
2016,NUTS,2010,UKG3,2,15.0
2017,NUTS,2010,UKG3,2,18.0
2018,NUTS,2010,UKG3,2,20.0
2011,NUTS,2010,UKH,1,1996.0
2012,NUTS,2010,UKH,1,2073.0
2013,NUTS,2010,UKH,1,2477.0
2014,NUTS,2010,UKH,1,2355.0
2015,NUTS,2010,UKH,1,2655.0
2016,NUTS,2010,UKH,1,2713.0
2017,NUTS,2010,UKH,1,3163.0
2018,NUTS,2010,UKH,1,3444.0
2011,NUTS,2010,UKH1,2,1789.0
2012,NUTS,2010,UKH1,2,1858.0
2013,NUTS,2010,UKH1,2,1783.0
2014,NUTS,2010,UKH1,2,1695.0
2015,NUTS,2010,UKH1,2,1895.0
2016,NUTS,2010,UKH1,2,1936.0
2017,NUTS,2010,UKH1,2,2258.0
2018,NUTS,2010,UKH1,2,2458.0
2011,NUTS,2010,UKH2,2,207.0
2012,NUTS,2010,UKH2,2,215.0
2013,NUTS,2010,UKH2,2,668.0
2014,NUTS,2010,UKH2,2,635.0
2015,NUTS,2010,UKH2,2,760.0
2016,NUTS,2010,UKH2,2,776.0
2017,NUTS,2010,UKH2,2,905.0
2018,NUTS,2010,UKH2,2,986.0
2011,NUTS,2010,UKH3,2,0.0
2012,NUTS,2010,UKH3,2,0.0
2013,NUTS,2010,UKH3,2,26.0
2014,NUTS,2010,UKH3,2,25.0
2015,NUTS,2010,UKH3,2,0.0
2016,NUTS,2010,UKH3,2,0.0
2017,NUTS,2010,UKH3,2,0.0
2018,NUTS,2010,UKH3,2,0.0
2011,NUTS,2010,UKI,1,2403.0
2012,NUTS,2010,UKI,1,2495.0
2013,NUTS,2010,UKI,1,1322.0
2014,NUTS,2010,UKI,1,1258.0
2015,NUTS,2010,UKI,1,1921.0
2016,NUTS,2010,UKI,1,1962.0
2017,NUTS,2010,UKI,1,2288.0
2018,NUTS,2010,UKI,1,2491.0
2011,NUTS,2010,UKI3,2,2219.0
2012,NUTS,2010,UKI3,2,2304.0
2013,NUTS,2010,UKI3,2,778.0
2014,NUTS,2010,UKI3,2,739.0
2015,NUTS,2010,UKI3,2,976.0
2016,NUTS,2010,UKI3,2,997.0
2017,NUTS,2010,UKI3,2,1163.0
2018,NUTS,2010,UKI3,2,1266.0
2011,NUTS,2010,UKI4,2,122.0
2012,NUTS,2010,UKI4,2,127.0
2013,NUTS,2010,UKI4,2,39.0
2014,NUTS,2010,UKI4,2,37.0
2015,NUTS,2010,UKI4,2,91.0
2016,NUTS,2010,UKI4,2,93.0
2017,NUTS,2010,UKI4,2,108.0
2018,NUTS,2010,UKI4,2,118.0
2011,NUTS,2010,UKI5,2,0.0
2012,NUTS,2010,UKI5,2,0.0
2013,NUTS,2010,UKI5,2,0.0
2014,NUTS,2010,UKI5,2,0.0
2015,NUTS,2010,UKI5,2,20.0
2016,NUTS,2010,UKI5,2,20.0
2017,NUTS,2010,UKI5,2,24.0
2018,NUTS,2010,UKI5,2,26.0
2011,NUTS,2010,UKI6,2,0.0
2012,NUTS,2010,UKI6,2,0.0
2013,NUTS,2010,UKI6,2,507.0
2014,NUTS,2010,UKI6,2,482.0
2015,NUTS,2010,UKI6,2,265.0
2016,NUTS,2010,UKI6,2,270.0
2017,NUTS,2010,UKI6,2,315.0
2018,NUTS,2010,UKI6,2,343.0
2011,NUTS,2010,UKI7,2,62.0
2012,NUTS,2010,UKI7,2,64.0
2013,NUTS,2010,UKI7,2,0.0
2014,NUTS,2010,UKI7,2,0.0
2015,NUTS,2010,UKI7,2,569.0
2016,NUTS,2010,UKI7,2,581.0
2017,NUTS,2010,UKI7,2,678.0
2018,NUTS,2010,UKI7,2,738.0
2011,NUTS,2010,UKJ,1,865.0
2012,NUTS,2010,UKJ,1,898.0
2013,NUTS,2010,UKJ,1,283.0
2014,NUTS,2010,UKJ,1,269.0
2015,NUTS,2010,UKJ,1,717.0
2016,NUTS,2010,UKJ,1,732.0
2017,NUTS,2010,UKJ,1,854.0
2018,NUTS,2010,UKJ,1,930.0
2011,NUTS,2010,UKJ1,2,639.0
2012,NUTS,2010,UKJ1,2,663.0
2013,NUTS,2010,UKJ1,2,102.0
2014,NUTS,2010,UKJ1,2,97.0
2015,NUTS,2010,UKJ1,2,130.0
2016,NUTS,2010,UKJ1,2,133.0
2017,NUTS,2010,UKJ1,2,155.0
2018,NUTS,2010,UKJ1,2,169.0
2011,NUTS,2010,UKJ2,2,208.0
2012,NUTS,2010,UKJ2,2,216.0
2013,NUTS,2010,UKJ2,2,163.0
2014,NUTS,2010,UKJ2,2,155.0
2015,NUTS,2010,UKJ2,2,524.0
2016,NUTS,2010,UKJ2,2,536.0
2017,NUTS,2010,UKJ2,2,625.0
2018,NUTS,2010,UKJ2,2,680.0
2011,NUTS,2010,UKJ3,2,18.0
2012,NUTS,2010,UKJ3,2,19.0
2013,NUTS,2010,UKJ3,2,16.0
2014,NUTS,2010,UKJ3,2,15.0
2015,NUTS,2010,UKJ3,2,63.0
2016,NUTS,2010,UKJ3,2,64.0
2017,NUTS,2010,UKJ3,2,75.0
2018,NUTS,2010,UKJ3,2,81.0
2011,NUTS,2010,UKJ4,2,0.0
2012,NUTS,2010,UKJ4,2,0.0
2013,NUTS,2010,UKJ4,2,2.0
2014,NUTS,2010,UKJ4,2,2.0
2015,NUTS,2010,UKJ4,2,0.0
2016,NUTS,2010,UKJ4,2,0.0
2017,NUTS,2010,UKJ4,2,0.0
2018,NUTS,2010,UKJ4,2,0.0
2011,NUTS,2010,UKK,1,78.0
2012,NUTS,2010,UKK,1,81.0
2013,NUTS,2010,UKK,1,286.0
2014,NUTS,2010,UKK,1,272.0
2015,NUTS,2010,UKK,1,284.0
2016,NUTS,2010,UKK,1,290.0
2017,NUTS,2010,UKK,1,338.0
2018,NUTS,2010,UKK,1,368.0
2011,NUTS,2010,UKK1,2,19.0
2012,NUTS,2010,UKK1,2,20.0
2013,NUTS,2010,UKK1,2,27.0
2014,NUTS,2010,UKK1,2,26.0
2015,NUTS,2010,UKK1,2,15.0
2016,NUTS,2010,UKK1,2,16.0
2017,NUTS,2010,UKK1,2,18.0
2018,NUTS,2010,UKK1,2,20.0
2011,NUTS,2010,UKK2,2,0.0
2012,NUTS,2010,UKK2,2,0.0
2013,NUTS,2010,UKK2,2,53.0
2014,NUTS,2010,UKK2,2,50.0
2015,NUTS,2010,UKK2,2,41.0
2016,NUTS,2010,UKK2,2,42.0
2017,NUTS,2010,UKK2,2,49.0
2018,NUTS,2010,UKK2,2,53.0
2011,NUTS,2010,UKK3,2,0.0
2012,NUTS,2010,UKK3,2,0.0
2013,NUTS,2010,UKK3,2,0.0
2014,NUTS,2010,UKK3,2,0.0
2015,NUTS,2010,UKK3,2,0.0
2016,NUTS,2010,UKK3,2,0.0
2017,NUTS,2010,UKK3,2,0.0
2018,NUTS,2010,UKK3,2,0.0
2011,NUTS,2010,UKK4,2,59.0
2012,NUTS,2010,UKK4,2,61.0
2013,NUTS,2010,UKK4,2,206.0
2014,NUTS,2010,UKK4,2,196.0
2015,NUTS,2010,UKK4,2,228.0
2016,NUTS,2010,UKK4,2,232.0
2017,NUTS,2010,UKK4,2,271.0
2018,NUTS,2010,UKK4,2,295.0
2011,NUTS,2010,UKL,1,21.0
2012,NUTS,2010,UKL,1,22.0
2013,NUTS,2010,UKL,1,25.0
2014,NUTS,2010,UKL,1,24.0
2015,NUTS,2010,UKL,1,14.0
2016,NUTS,2010,UKL,1,15.0
2017,NUTS,2010,UKL,1,17.0
2018,NUTS,2010,UKL,1,19.0
2011,NUTS,2010,UKL1,2,21.0
2012,NUTS,2010,UKL1,2,22.0
2013,NUTS,2010,UKL1,2,24.0
2014,NUTS,2010,UKL1,2,22.0
2015,NUTS,2010,UKL1,2,14.0
2016,NUTS,2010,UKL1,2,15.0
2017,NUTS,2010,UKL1,2,17.0
2018,NUTS,2010,UKL1,2,19.0
2011,NUTS,2010,UKL2,2,0.0
2012,NUTS,2010,UKL2,2,0.0
2013,NUTS,2010,UKL2,2,2.0
2014,NUTS,2010,UKL2,2,2.0
2015,NUTS,2010,UKL2,2,0.0
2016,NUTS,2010,UKL2,2,0.0
2017,NUTS,2010,UKL2,2,0.0
2018,NUTS,2010,UKL2,2,0.0
2011,NUTS,2010,UKM,1,108.0
2012,NUTS,2010,UKM,1,112.0
2013,NUTS,2010,UKM,1,117.0
2014,NUTS,2010,UKM,1,111.0
2015,NUTS,2010,UKM,1,390.0
2016,NUTS,2010,UKM,1,398.0
2017,NUTS,2010,UKM,1,464.0
2018,NUTS,2010,UKM,1,506.0
2012,NUTS,2010,UKM2,2,56.0
2013,NUTS,2010,UKM2,2,63.0
2014,NUTS,2010,UKM2,2,60.0
2015,NUTS,2010,UKM2,2,69.0
2016,NUTS,2010,UKM2,2,70.0
2017,NUTS,2010,UKM2,2,82.0
2012,NUTS,2010,UKM3,2,8.0
2013,NUTS,2010,UKM3,2,4.0
2014,NUTS,2010,UKM3,2,4.0
2015,NUTS,2010,UKM3,2,272.0
2016,NUTS,2010,UKM3,2,278.0
2017,NUTS,2010,UKM3,2,324.0
2012,NUTS,2010,UKM5,2,0.0
2013,NUTS,2010,UKM5,2,0.0
2014,NUTS,2010,UKM5,2,0.0
2015,NUTS,2010,UKM5,2,0.0
2016,NUTS,2010,UKM5,2,0.0
2017,NUTS,2010,UKM5,2,0.0
2018,NUTS,2010,UKM5,2,0.0
2012,NUTS,2010,UKM6,2,48.0
2013,NUTS,2010,UKM6,2,49.0
2014,NUTS,2010,UKM6,2,47.0
2015,NUTS,2010,UKM6,2,49.0
2016,NUTS,2010,UKM6,2,51.0
2017,NUTS,2010,UKM6,2,59.0
2018,NUTS,2010,UKM6,2,64.0
2014,NUTS,2010,UKM7,2,60.0
2015,NUTS,2010,UKM7,2,69.0
2016,NUTS,2010,UKM7,2,70.0
2017,NUTS,2010,UKM7,2,82.0
2018,NUTS,2010,UKM7,2,89.0
2014,NUTS,2010,UKM8,2,4.0
2015,NUTS,2010,UKM8,2,272.0
2016,NUTS,2010,UKM8,2,278.0
2017,NUTS,2010,UKM8,2,324.0
2018,NUTS,2010,UKM8,2,353.0
2014,NUTS,2010,UKM9,2,0.0
2015,NUTS,2010,UKM9,2,0.0
2016,NUTS,2010,UKM9,2,0.0
2017,NUTS,2010,UKM9,2,0.0
2018,NUTS,2010,UKM9,2,0.0
2011,NUTS,2010,UKN,1,1.0
2012,NUTS,2010,UKN,1,1.0
2013,NUTS,2010,UKN,1,1.0
2014,NUTS,2010,UKN,1,1.0
2015,NUTS,2010,UKN,1,5.0
2016,NUTS,2010,UKN,1,5.0
2017,NUTS,2010,UKN,1,6.0
2018,NUTS,2010,UKN,1,7.0
2011,NUTS,2010,UKN0,2,1.0
2012,NUTS,2010,UKN0,2,1.0
2013,NUTS,2010,UKN0,2,1.0
2014,NUTS,2010,UKN0,2,1.0
2015,NUTS,2010,UKN0,2,5.0
2016,NUTS,2010,UKN0,2,5.0
2017,NUTS,2010,UKN0,2,6.0
2018,NUTS,2010,UKN0,2,7.0
