year,region_type,region_year_spec,region_id,region_level,rd_p_persreg_bes_total_f_hc
2011,NUTS,2010,AT,0,10142.0
2013,NUTS,2010,AT,0,11434.0
2015,NUTS,2010,AT,0,12285.0
2017,NUTS,2010,AT,0,12117.0
2019,NUTS,2010,AT,0,13564.0
2011,NUTS,2010,AT1,1,4976.0
2013,NUTS,2010,AT1,1,5398.0
2015,NUTS,2010,AT1,1,5589.0
2017,NUTS,2010,AT1,1,4951.0
2019,NUTS,2010,AT1,1,5459.0
2011,NUTS,2010,AT11,2,158.0
2013,NUTS,2010,AT11,2,181.0
2015,NUTS,2010,AT11,2,140.0
2017,NUTS,2010,AT11,2,193.0
2019,NUTS,2010,AT11,2,146.0
2011,NUTS,2010,AT12,2,1207.0
2013,NUTS,2010,AT12,2,1291.0
2015,NUTS,2010,AT12,2,1345.0
2017,NUTS,2010,AT12,2,1241.0
2019,NUTS,2010,AT12,2,1551.0
2011,NUTS,2010,AT13,2,3611.0
2013,NUTS,2010,AT13,2,3926.0
2015,NUTS,2010,AT13,2,4104.0
2017,NUTS,2010,AT13,2,3517.0
2019,NUTS,2010,AT13,2,3761.0
2011,NUTS,2010,AT2,1,2602.0
2013,NUTS,2010,AT2,1,2959.0
2015,NUTS,2010,AT2,1,3242.0
2017,NUTS,2010,AT2,1,3235.0
2019,NUTS,2010,AT2,1,3730.0
2011,NUTS,2010,AT21,2,411.0
2013,NUTS,2010,AT21,2,434.0
2015,NUTS,2010,AT21,2,523.0
2017,NUTS,2010,AT21,2,664.0
2019,NUTS,2010,AT21,2,793.0
2011,NUTS,2010,AT22,2,2191.0
2013,NUTS,2010,AT22,2,2525.0
2015,NUTS,2010,AT22,2,2719.0
2017,NUTS,2010,AT22,2,2571.0
2019,NUTS,2010,AT22,2,2937.0
2011,NUTS,2010,AT3,1,2564.0
2013,NUTS,2010,AT3,1,3077.0
2015,NUTS,2010,AT3,1,3454.0
2017,NUTS,2010,AT3,1,3931.0
2019,NUTS,2010,AT3,1,4375.0
2011,NUTS,2010,AT31,2,1271.0
2013,NUTS,2010,AT31,2,1532.0
2015,NUTS,2010,AT31,2,1733.0
2017,NUTS,2010,AT31,2,1818.0
2019,NUTS,2010,AT31,2,2303.0
2011,NUTS,2010,AT32,2,258.0
2013,NUTS,2010,AT32,2,325.0
2015,NUTS,2010,AT32,2,371.0
2017,NUTS,2010,AT32,2,447.0
2019,NUTS,2010,AT32,2,515.0
2011,NUTS,2010,AT33,2,801.0
2013,NUTS,2010,AT33,2,965.0
2015,NUTS,2010,AT33,2,1052.0
2017,NUTS,2010,AT33,2,1300.0
2019,NUTS,2010,AT33,2,1166.0
2011,NUTS,2010,AT34,2,234.0
2013,NUTS,2010,AT34,2,255.0
2015,NUTS,2010,AT34,2,298.0
2017,NUTS,2010,AT34,2,366.0
2019,NUTS,2010,AT34,2,391.0
2011,NUTS,2010,ATZ,1,0.0
2013,NUTS,2010,ATZ,1,0.0
2011,NUTS,2010,ATZZ,2,0.0
2013,NUTS,2010,ATZZ,2,0.0
2012,NUTS,2010,BA,0,298.0
2013,NUTS,2010,BA,0,288.0
2014,NUTS,2010,BA,0,197.0
2019,NUTS,2010,BA,0,249.0
2011,NUTS,2010,BE,0,12666.0
2013,NUTS,2010,BE,0,13018.0
2015,NUTS,2010,BE,0,16778.0
2017,NUTS,2010,BE,0,20896.0
2019,NUTS,2010,BE,0,22451.0
2011,NUTS,2010,BE1,1,1484.0
2013,NUTS,2010,BE1,1,1707.0
2015,NUTS,2010,BE1,1,2418.0
2017,NUTS,2010,BE1,1,3335.0
2019,NUTS,2010,BE1,1,3825.0
2011,NUTS,2010,BE10,2,1484.0
2013,NUTS,2010,BE10,2,1707.0
2015,NUTS,2010,BE10,2,2418.0
2017,NUTS,2010,BE10,2,3335.0
2019,NUTS,2010,BE10,2,3825.0
2011,NUTS,2010,BE2,1,7215.0
2013,NUTS,2010,BE2,1,7634.0
2015,NUTS,2010,BE2,1,9369.0
2017,NUTS,2010,BE2,1,11347.0
2019,NUTS,2010,BE2,1,14294.0
2011,NUTS,2010,BE3,1,3967.0
2013,NUTS,2010,BE3,1,3677.0
2015,NUTS,2010,BE3,1,4991.0
2017,NUTS,2010,BE3,1,6214.0
2019,NUTS,2010,BE3,1,4332.0
2013,NUTS,2010,BEZ,1,0.0
2015,NUTS,2010,BEZ,1,0.0
2019,NUTS,2010,BEZ,1,0.0
2013,NUTS,2010,BEZZ,2,0.0
2015,NUTS,2010,BEZZ,2,0.0
2019,NUTS,2010,BEZZ,2,0.0
2011,NUTS,2010,BG,0,1316.0
2012,NUTS,2010,BG,0,1531.0
2013,NUTS,2010,BG,0,1951.0
2014,NUTS,2010,BG,0,2479.0
2015,NUTS,2010,BG,0,4230.0
2016,NUTS,2010,BG,0,5115.0
2017,NUTS,2010,BG,0,5120.0
2018,NUTS,2010,BG,0,5850.0
2019,NUTS,2010,BG,0,6184.0
2011,NUTS,2010,BG3,1,389.0
2012,NUTS,2010,BG3,1,348.0
2013,NUTS,2010,BG3,1,433.0
2014,NUTS,2010,BG3,1,493.0
2015,NUTS,2010,BG3,1,1277.0
2016,NUTS,2010,BG3,1,1264.0
2017,NUTS,2010,BG3,1,1315.0
2018,NUTS,2010,BG3,1,1659.0
2019,NUTS,2010,BG3,1,1680.0
2015,NUTS,2010,BG31,2,263.0
2016,NUTS,2010,BG31,2,322.0
2017,NUTS,2010,BG31,2,326.0
2018,NUTS,2010,BG31,2,390.0
2019,NUTS,2010,BG31,2,327.0
2012,NUTS,2010,BG32,2,102.0
2013,NUTS,2010,BG32,2,149.0
2014,NUTS,2010,BG32,2,188.0
2015,NUTS,2010,BG32,2,387.0
2016,NUTS,2010,BG32,2,341.0
2017,NUTS,2010,BG32,2,409.0
2018,NUTS,2010,BG32,2,471.0
2019,NUTS,2010,BG32,2,522.0
2011,NUTS,2010,BG33,2,73.0
2012,NUTS,2010,BG33,2,68.0
2013,NUTS,2010,BG33,2,83.0
2015,NUTS,2010,BG33,2,283.0
2016,NUTS,2010,BG33,2,256.0
2017,NUTS,2010,BG33,2,227.0
2018,NUTS,2010,BG33,2,353.0
2019,NUTS,2010,BG33,2,341.0
2011,NUTS,2010,BG34,2,108.0
2014,NUTS,2010,BG34,2,117.0
2015,NUTS,2010,BG34,2,344.0
2016,NUTS,2010,BG34,2,345.0
2017,NUTS,2010,BG34,2,353.0
2018,NUTS,2010,BG34,2,445.0
2019,NUTS,2010,BG34,2,490.0
2011,NUTS,2010,BG4,1,927.0
2012,NUTS,2010,BG4,1,1183.0
2013,NUTS,2010,BG4,1,1518.0
2014,NUTS,2010,BG4,1,1986.0
2015,NUTS,2010,BG4,1,2953.0
2016,NUTS,2010,BG4,1,3851.0
2017,NUTS,2010,BG4,1,3805.0
2018,NUTS,2010,BG4,1,4191.0
2019,NUTS,2010,BG4,1,4504.0
2011,NUTS,2010,BG41,2,701.0
2012,NUTS,2010,BG41,2,935.0
2014,NUTS,2010,BG41,2,1729.0
2015,NUTS,2010,BG41,2,2426.0
2016,NUTS,2010,BG41,2,3270.0
2017,NUTS,2010,BG41,2,3259.0
2018,NUTS,2010,BG41,2,3622.0
2019,NUTS,2010,BG41,2,3905.0
2011,NUTS,2010,BG42,2,226.0
2012,NUTS,2010,BG42,2,248.0
2014,NUTS,2010,BG42,2,257.0
2015,NUTS,2010,BG42,2,527.0
2016,NUTS,2010,BG42,2,581.0
2017,NUTS,2010,BG42,2,546.0
2018,NUTS,2010,BG42,2,569.0
2019,NUTS,2010,BG42,2,599.0
2011,NUTS,2010,BGZ,1,0.0
2012,NUTS,2010,BGZ,1,0.0
2013,NUTS,2010,BGZ,1,0.0
2014,NUTS,2010,BGZ,1,0.0
2019,NUTS,2010,BGZ,1,0.0
2011,NUTS,2010,BGZZ,2,0.0
2012,NUTS,2010,BGZZ,2,0.0
2013,NUTS,2010,BGZZ,2,0.0
2014,NUTS,2010,BGZZ,2,0.0
2019,NUTS,2010,BGZZ,2,0.0
2012,NUTS,2010,CH,0,12924.0
2015,NUTS,2010,CH,0,12809.0
2017,NUTS,2010,CH,0,13499.0
2019,NUTS,2010,CH,0,14387.0
2012,NUTS,2010,CH01,2,1956.0
2015,NUTS,2010,CH01,2,2379.0
2017,NUTS,2010,CH01,2,2047.0
2019,NUTS,2010,CH01,2,2235.0
2012,NUTS,2010,CH02,2,1941.0
2015,NUTS,2010,CH02,2,1706.0
2017,NUTS,2010,CH02,2,1562.0
2019,NUTS,2010,CH02,2,1597.0
2012,NUTS,2010,CH03,2,4791.0
2015,NUTS,2010,CH03,2,4918.0
2017,NUTS,2010,CH03,2,5702.0
2019,NUTS,2010,CH03,2,6269.0
2012,NUTS,2010,CH04,2,1868.0
2015,NUTS,2010,CH04,2,1497.0
2017,NUTS,2010,CH04,2,1732.0
2019,NUTS,2010,CH04,2,1637.0
2012,NUTS,2010,CH05,2,1008.0
2015,NUTS,2010,CH05,2,994.0
2017,NUTS,2010,CH05,2,826.0
2019,NUTS,2010,CH05,2,1189.0
2012,NUTS,2010,CH06,2,1011.0
2015,NUTS,2010,CH06,2,1197.0
2017,NUTS,2010,CH06,2,1279.0
2019,NUTS,2010,CH06,2,1224.0
2012,NUTS,2010,CH07,2,349.0
2015,NUTS,2010,CH07,2,118.0
2017,NUTS,2010,CH07,2,351.0
2019,NUTS,2010,CH07,2,237.0
2011,NUTS,2010,CN_X_HK,5,596679.0
2012,NUTS,2010,CN_X_HK,5,698318.0
2013,NUTS,2010,CN_X_HK,5,766988.0
2014,NUTS,2010,CN_X_HK,5,789239.0
2015,NUTS,2010,CN_X_HK,5,891201.0
2016,NUTS,2010,CN_X_HK,5,961300.0
2017,NUTS,2010,CN_X_HK,5,1030835.0
2018,NUTS,2010,CN_X_HK,5,1091726.0
2019,NUTS,2010,CN_X_HK,5,1138770.0
2011,NUTS,2010,CY,0,158.0
2012,NUTS,2010,CY,0,154.0
2013,NUTS,2010,CY,0,160.0
2014,NUTS,2010,CY,0,157.0
2015,NUTS,2010,CY,0,146.0
2016,NUTS,2010,CY,0,188.0
2017,NUTS,2010,CY,0,224.0
2018,NUTS,2010,CY,0,309.0
2019,NUTS,2010,CY,0,337.0
2011,NUTS,2010,CZ,0,7090.0
2012,NUTS,2010,CZ,0,7711.0
2013,NUTS,2010,CZ,0,8460.0
2014,NUTS,2010,CZ,0,8820.0
2015,NUTS,2010,CZ,0,8744.0
2016,NUTS,2010,CZ,0,9141.0
2017,NUTS,2010,CZ,0,9670.0
2018,NUTS,2010,CZ,0,10016.0
2019,NUTS,2010,CZ,0,10331.0
2020,NUTS,2010,CZ,0,10671.0
2011,NUTS,2010,CZ0,1,7090.0
2012,NUTS,2010,CZ0,1,7711.0
2013,NUTS,2010,CZ0,1,8460.0
2014,NUTS,2010,CZ0,1,8820.0
2015,NUTS,2010,CZ0,1,8744.0
2016,NUTS,2010,CZ0,1,9141.0
2017,NUTS,2010,CZ0,1,9670.0
2018,NUTS,2010,CZ0,1,10016.0
2019,NUTS,2010,CZ0,1,10331.0
2020,NUTS,2010,CZ0,1,10671.0
2011,NUTS,2010,CZ01,2,1783.0
2012,NUTS,2010,CZ01,2,2132.0
2013,NUTS,2010,CZ01,2,2408.0
2014,NUTS,2010,CZ01,2,2403.0
2015,NUTS,2010,CZ01,2,2347.0
2016,NUTS,2010,CZ01,2,2614.0
2017,NUTS,2010,CZ01,2,2645.0
2018,NUTS,2010,CZ01,2,2744.0
2019,NUTS,2010,CZ01,2,2779.0
2020,NUTS,2010,CZ01,2,3077.0
2011,NUTS,2010,CZ02,2,984.0
2012,NUTS,2010,CZ02,2,1033.0
2013,NUTS,2010,CZ02,2,1005.0
2014,NUTS,2010,CZ02,2,942.0
2015,NUTS,2010,CZ02,2,958.0
2016,NUTS,2010,CZ02,2,959.0
2017,NUTS,2010,CZ02,2,1023.0
2018,NUTS,2010,CZ02,2,1123.0
2019,NUTS,2010,CZ02,2,1110.0
2020,NUTS,2010,CZ02,2,1107.0
2011,NUTS,2010,CZ03,2,482.0
2012,NUTS,2010,CZ03,2,513.0
2013,NUTS,2010,CZ03,2,535.0
2014,NUTS,2010,CZ03,2,563.0
2015,NUTS,2010,CZ03,2,561.0
2016,NUTS,2010,CZ03,2,651.0
2017,NUTS,2010,CZ03,2,711.0
2018,NUTS,2010,CZ03,2,787.0
2019,NUTS,2010,CZ03,2,844.0
2020,NUTS,2010,CZ03,2,813.0
2011,NUTS,2010,CZ04,2,293.0
2012,NUTS,2010,CZ04,2,332.0
2013,NUTS,2010,CZ04,2,378.0
2014,NUTS,2010,CZ04,2,401.0
2015,NUTS,2010,CZ04,2,444.0
2016,NUTS,2010,CZ04,2,407.0
2017,NUTS,2010,CZ04,2,401.0
2018,NUTS,2010,CZ04,2,411.0
2019,NUTS,2010,CZ04,2,492.0
2020,NUTS,2010,CZ04,2,441.0
2011,NUTS,2010,CZ05,2,1175.0
2012,NUTS,2010,CZ05,2,1280.0
2013,NUTS,2010,CZ05,2,1444.0
2014,NUTS,2010,CZ05,2,1385.0
2015,NUTS,2010,CZ05,2,1407.0
2016,NUTS,2010,CZ05,2,1365.0
2017,NUTS,2010,CZ05,2,1477.0
2018,NUTS,2010,CZ05,2,1468.0
2019,NUTS,2010,CZ05,2,1419.0
2020,NUTS,2010,CZ05,2,1396.0
2011,NUTS,2010,CZ06,2,1128.0
2012,NUTS,2010,CZ06,2,1160.0
2013,NUTS,2010,CZ06,2,1363.0
2014,NUTS,2010,CZ06,2,1798.0
2015,NUTS,2010,CZ06,2,1639.0
2016,NUTS,2010,CZ06,2,1728.0
2017,NUTS,2010,CZ06,2,1784.0
2018,NUTS,2010,CZ06,2,1802.0
2019,NUTS,2010,CZ06,2,1936.0
2020,NUTS,2010,CZ06,2,2110.0
2011,NUTS,2010,CZ07,2,769.0
2012,NUTS,2010,CZ07,2,775.0
2013,NUTS,2010,CZ07,2,801.0
2014,NUTS,2010,CZ07,2,804.0
2015,NUTS,2010,CZ07,2,864.0
2016,NUTS,2010,CZ07,2,841.0
2017,NUTS,2010,CZ07,2,908.0
2018,NUTS,2010,CZ07,2,942.0
2019,NUTS,2010,CZ07,2,1039.0
2020,NUTS,2010,CZ07,2,1033.0
2011,NUTS,2010,CZ08,2,475.0
2012,NUTS,2010,CZ08,2,484.0
2013,NUTS,2010,CZ08,2,526.0
2014,NUTS,2010,CZ08,2,525.0
2015,NUTS,2010,CZ08,2,523.0
2016,NUTS,2010,CZ08,2,576.0
2017,NUTS,2010,CZ08,2,722.0
2018,NUTS,2010,CZ08,2,739.0
2019,NUTS,2010,CZ08,2,712.0
2020,NUTS,2010,CZ08,2,694.0
2016,NUTS,2010,CZZ,1,0.0
2017,NUTS,2010,CZZ,1,0.0
2018,NUTS,2010,CZZ,1,0.0
2019,NUTS,2010,CZZ,1,0.0
2020,NUTS,2010,CZZ,1,0.0
2016,NUTS,2010,CZZZ,2,0.0
2017,NUTS,2010,CZZZ,2,0.0
2018,NUTS,2010,CZZZ,2,0.0
2019,NUTS,2010,CZZZ,2,0.0
2020,NUTS,2010,CZZZ,2,0.0
2011,NUTS,2010,DE,0,80183.0
2013,NUTS,2010,DE,0,79023.0
2015,NUTS,2010,DE,0,86358.0
2017,NUTS,2010,DE,0,94158.0
2019,NUTS,2010,DE,0,102018.0
2017,NUTS,2010,DE1,1,23300.0
2019,NUTS,2010,DE1,1,25517.0
2017,NUTS,2010,DE11,2,11250.0
2019,NUTS,2010,DE11,2,12237.0
2017,NUTS,2010,DE12,2,5122.0
2019,NUTS,2010,DE12,2,5606.0
2017,NUTS,2010,DE13,2,2566.0
2019,NUTS,2010,DE13,2,2775.0
2017,NUTS,2010,DE14,2,4362.0
2019,NUTS,2010,DE14,2,4899.0
2017,NUTS,2010,DE2,1,17672.0
2019,NUTS,2010,DE2,1,19939.0
2017,NUTS,2010,DE21,2,9832.0
2019,NUTS,2010,DE21,2,11090.0
2017,NUTS,2010,DE22,2,631.0
2019,NUTS,2010,DE22,2,784.0
2017,NUTS,2010,DE23,2,987.0
2019,NUTS,2010,DE23,2,1246.0
2017,NUTS,2010,DE24,2,890.0
2019,NUTS,2010,DE24,2,1126.0
2017,NUTS,2010,DE25,2,2476.0
2019,NUTS,2010,DE25,2,2737.0
2017,NUTS,2010,DE26,2,1436.0
2019,NUTS,2010,DE26,2,1546.0
2017,NUTS,2010,DE27,2,1420.0
2019,NUTS,2010,DE27,2,1409.0
2017,NUTS,2010,DE3,1,4140.0
2019,NUTS,2010,DE3,1,4523.0
2017,NUTS,2010,DE30,2,4140.0
2019,NUTS,2010,DE30,2,4523.0
2017,NUTS,2010,DE4,1,1215.0
2019,NUTS,2010,DE4,1,1192.0
2017,NUTS,2010,DE40,2,1215.0
2019,NUTS,2010,DE40,2,1192.0
2017,NUTS,2010,DE5,1,604.0
2019,NUTS,2010,DE5,1,691.0
2017,NUTS,2010,DE50,2,604.0
2019,NUTS,2010,DE50,2,691.0
2017,NUTS,2010,DE6,1,2192.0
2019,NUTS,2010,DE6,1,2308.0
2017,NUTS,2010,DE60,2,2192.0
2019,NUTS,2010,DE60,2,2308.0
2017,NUTS,2010,DE7,1,9727.0
2019,NUTS,2010,DE7,1,10176.0
2017,NUTS,2010,DE71,2,7712.0
2019,NUTS,2010,DE71,2,8267.0
2017,NUTS,2010,DE72,2,868.0
2019,NUTS,2010,DE72,2,846.0
2017,NUTS,2010,DE73,2,1148.0
2019,NUTS,2010,DE73,2,1062.0
2017,NUTS,2010,DE8,1,629.0
2019,NUTS,2010,DE8,1,753.0
2017,NUTS,2010,DE80,2,629.0
2019,NUTS,2010,DE80,2,753.0
2017,NUTS,2010,DE9,1,6700.0
2019,NUTS,2010,DE9,1,7195.0
2017,NUTS,2010,DE91,2,3360.0
2019,NUTS,2010,DE91,2,3557.0
2017,NUTS,2010,DE92,2,1693.0
2019,NUTS,2010,DE92,2,1820.0
2017,NUTS,2010,DE93,2,595.0
2019,NUTS,2010,DE93,2,601.0
2017,NUTS,2010,DE94,2,1053.0
2019,NUTS,2010,DE94,2,1217.0
2017,NUTS,2010,DEA,1,14603.0
2019,NUTS,2010,DEA,1,15149.0
2017,NUTS,2010,DEA1,2,5414.0
2019,NUTS,2010,DEA1,2,5723.0
2017,NUTS,2010,DEA2,2,4230.0
2019,NUTS,2010,DEA2,2,4176.0
2017,NUTS,2010,DEA3,2,1102.0
2019,NUTS,2010,DEA3,2,1213.0
2017,NUTS,2010,DEA4,2,1852.0
2019,NUTS,2010,DEA4,2,1950.0
2017,NUTS,2010,DEA5,2,2005.0
2019,NUTS,2010,DEA5,2,2086.0
2017,NUTS,2010,DEB,1,5307.0
2019,NUTS,2010,DEB,1,5885.0
2017,NUTS,2010,DEB1,2,705.0
2019,NUTS,2010,DEB1,2,862.0
2017,NUTS,2010,DEB2,2,171.0
2019,NUTS,2010,DEB2,2,180.0
2017,NUTS,2010,DEB3,2,4432.0
2019,NUTS,2010,DEB3,2,4844.0
2017,NUTS,2010,DEC,1,709.0
2019,NUTS,2010,DEC,1,761.0
2017,NUTS,2010,DEC0,2,709.0
2019,NUTS,2010,DEC0,2,761.0
2017,NUTS,2010,DED,1,3502.0
2019,NUTS,2010,DED,1,3722.0
2017,NUTS,2010,DED2,2,1750.0
2019,NUTS,2010,DED2,2,1857.0
2017,NUTS,2010,DED4,2,1347.0
2019,NUTS,2010,DED4,2,1455.0
2017,NUTS,2010,DED5,2,405.0
2019,NUTS,2010,DED5,2,410.0
2017,NUTS,2010,DEE,1,877.0
2019,NUTS,2010,DEE,1,938.0
2017,NUTS,2010,DEE0,2,877.0
2019,NUTS,2010,DEE0,2,938.0
2017,NUTS,2010,DEF,1,1458.0
2019,NUTS,2010,DEF,1,1607.0
2017,NUTS,2010,DEF0,2,1458.0
2019,NUTS,2010,DEF0,2,1607.0
2017,NUTS,2010,DEG,1,1523.0
2019,NUTS,2010,DEG,1,1661.0
2017,NUTS,2010,DEG0,2,1523.0
2019,NUTS,2010,DEG0,2,1661.0
2017,NUTS,2010,DEZ,1,0.0
2019,NUTS,2010,DEZ,1,0.0
2017,NUTS,2010,DEZZ,2,0.0
2019,NUTS,2010,DEZZ,2,0.0
2011,NUTS,2010,DK,0,14188.0
2012,NUTS,2010,DK,0,12928.0
2013,NUTS,2010,DK,0,12538.0
2015,NUTS,2010,DK,0,12773.0
2017,NUTS,2010,DK,0,14138.0
2019,NUTS,2010,DK,0,14072.0
2011,NUTS,2010,DK0,1,13326.0
2013,NUTS,2010,DK0,1,13930.0
2015,NUTS,2010,DK0,1,12773.0
2017,NUTS,2010,DK0,1,14138.0
2019,NUTS,2010,DK0,1,14072.0
2011,NUTS,2010,DK01,2,9895.0
2013,NUTS,2010,DK01,2,10533.0
2015,NUTS,2010,DK01,2,9427.0
2017,NUTS,2010,DK01,2,10788.0
2019,NUTS,2010,DK01,2,10548.0
2011,NUTS,2010,DK02,2,585.0
2013,NUTS,2010,DK02,2,634.0
2015,NUTS,2010,DK02,2,489.0
2017,NUTS,2010,DK02,2,846.0
2019,NUTS,2010,DK02,2,657.0
2011,NUTS,2010,DK03,2,1260.0
2013,NUTS,2010,DK03,2,1193.0
2015,NUTS,2010,DK03,2,1595.0
2017,NUTS,2010,DK03,2,1029.0
2019,NUTS,2010,DK03,2,1245.0
2011,NUTS,2010,DK04,2,1392.0
2013,NUTS,2010,DK04,2,1364.0
2015,NUTS,2010,DK04,2,989.0
2017,NUTS,2010,DK04,2,1189.0
2019,NUTS,2010,DK04,2,1335.0
2011,NUTS,2010,DK05,2,195.0
2013,NUTS,2010,DK05,2,206.0
2015,NUTS,2010,DK05,2,273.0
2017,NUTS,2010,DK05,2,286.0
2019,NUTS,2010,DK05,2,287.0
2011,NUTS,2010,EA19,2,295757.0
2013,NUTS,2010,EA19,2,317466.0
2015,NUTS,2010,EA19,2,344124.0
2017,NUTS,2010,EA19,2,393374.0
2019,NUTS,2010,EA19,2,443294.0
2011,NUTS,2010,EE,0,1103.0
2012,NUTS,2010,EE,0,905.0
2013,NUTS,2010,EE,0,870.0
2014,NUTS,2010,EE,0,930.0
2015,NUTS,2010,EE,0,779.0
2016,NUTS,2010,EE,0,742.0
2017,NUTS,2010,EE,0,817.0
2018,NUTS,2010,EE,0,883.0
2019,NUTS,2010,EE,0,1110.0
2011,NUTS,2010,EL,0,3139.0
2013,NUTS,2010,EL,0,3051.0
2015,NUTS,2010,EL,0,3653.0
2017,NUTS,2010,EL,0,6787.0
2019,NUTS,2010,EL,0,6843.0
2011,NUTS,2010,EL3,1,2091.0
2011,NUTS,2010,EL30,2,2091.0
2011,NUTS,2010,EL4,1,59.0
2011,NUTS,2010,EL41,2,0.0
2011,NUTS,2010,EL42,2,1.0
2011,NUTS,2010,EL43,2,58.0
2011,NUTS,2010,EL5,1,763.0
2011,NUTS,2010,EL51,2,74.0
2011,NUTS,2010,EL52,2,637.0
2011,NUTS,2010,EL53,2,23.0
2011,NUTS,2010,EL54,2,29.0
2011,NUTS,2010,EL6,1,226.0
2011,NUTS,2010,EL61,2,23.0
2011,NUTS,2010,EL62,2,9.0
2011,NUTS,2010,EL63,2,71.0
2011,NUTS,2010,EL64,2,87.0
2011,NUTS,2010,EL65,2,36.0
2015,NUTS,2010,ELZ,1,0.0
2015,NUTS,2010,ELZZ,2,0.0
2011,NUTS,2010,ES,0,37858.0
2012,NUTS,2010,ES,0,37672.0
2013,NUTS,2010,ES,0,38393.0
2014,NUTS,2010,ES,0,37764.0
2015,NUTS,2010,ES,0,38372.0
2016,NUTS,2010,ES,0,38804.0
2017,NUTS,2010,ES,0,41302.0
2018,NUTS,2010,ES,0,45033.0
2019,NUTS,2010,ES,0,46818.0
2011,NUTS,2010,ES1,1,2634.0
2012,NUTS,2010,ES1,1,2575.0
2013,NUTS,2010,ES1,1,2666.0
2014,NUTS,2010,ES1,1,2601.0
2015,NUTS,2010,ES1,1,2399.0
2016,NUTS,2010,ES1,1,2394.0
2017,NUTS,2010,ES1,1,2814.0
2018,NUTS,2010,ES1,1,2981.0
2019,NUTS,2010,ES1,1,3096.0
2011,NUTS,2010,ES11,2,1617.0
2012,NUTS,2010,ES11,2,1601.0
2013,NUTS,2010,ES11,2,1706.0
2014,NUTS,2010,ES11,2,1667.0
2015,NUTS,2010,ES11,2,1583.0
2016,NUTS,2010,ES11,2,1543.0
2017,NUTS,2010,ES11,2,1887.0
2018,NUTS,2010,ES11,2,2008.0
2019,NUTS,2010,ES11,2,2078.0
2011,NUTS,2010,ES12,2,748.0
2012,NUTS,2010,ES12,2,699.0
2013,NUTS,2010,ES12,2,705.0
2014,NUTS,2010,ES12,2,701.0
2015,NUTS,2010,ES12,2,569.0
2016,NUTS,2010,ES12,2,590.0
2017,NUTS,2010,ES12,2,623.0
2018,NUTS,2010,ES12,2,639.0
2019,NUTS,2010,ES12,2,699.0
2011,NUTS,2010,ES13,2,268.0
2012,NUTS,2010,ES13,2,275.0
2013,NUTS,2010,ES13,2,256.0
2014,NUTS,2010,ES13,2,234.0
2015,NUTS,2010,ES13,2,247.0
2016,NUTS,2010,ES13,2,261.0
2017,NUTS,2010,ES13,2,305.0
2018,NUTS,2010,ES13,2,334.0
2019,NUTS,2010,ES13,2,319.0
2011,NUTS,2010,ES2,1,7730.0
2012,NUTS,2010,ES2,1,7578.0
2013,NUTS,2010,ES2,1,7387.0
2014,NUTS,2010,ES2,1,7282.0
2015,NUTS,2010,ES2,1,7420.0
2016,NUTS,2010,ES2,1,7390.0
2017,NUTS,2010,ES2,1,7855.0
2018,NUTS,2010,ES2,1,8420.0
2019,NUTS,2010,ES2,1,8500.0
2011,NUTS,2010,ES21,2,5203.0
2012,NUTS,2010,ES21,2,5231.0
2013,NUTS,2010,ES21,2,5158.0
2014,NUTS,2010,ES21,2,5078.0
2015,NUTS,2010,ES21,2,5178.0
2016,NUTS,2010,ES21,2,5055.0
2017,NUTS,2010,ES21,2,5470.0
2018,NUTS,2010,ES21,2,5870.0
2019,NUTS,2010,ES21,2,5898.0
2011,NUTS,2010,ES22,2,1190.0
2012,NUTS,2010,ES22,2,1038.0
2013,NUTS,2010,ES22,2,1031.0
2014,NUTS,2010,ES22,2,967.0
2015,NUTS,2010,ES22,2,1028.0
2016,NUTS,2010,ES22,2,1079.0
2017,NUTS,2010,ES22,2,1100.0
2018,NUTS,2010,ES22,2,1166.0
2019,NUTS,2010,ES22,2,1217.0
2011,NUTS,2010,ES23,2,363.0
2012,NUTS,2010,ES23,2,356.0
2013,NUTS,2010,ES23,2,325.0
2014,NUTS,2010,ES23,2,360.0
2015,NUTS,2010,ES23,2,365.0
2016,NUTS,2010,ES23,2,325.0
2017,NUTS,2010,ES23,2,359.0
2018,NUTS,2010,ES23,2,334.0
2019,NUTS,2010,ES23,2,332.0
2011,NUTS,2010,ES24,2,974.0
2012,NUTS,2010,ES24,2,952.0
2013,NUTS,2010,ES24,2,873.0
2014,NUTS,2010,ES24,2,877.0
2015,NUTS,2010,ES24,2,849.0
2016,NUTS,2010,ES24,2,931.0
2017,NUTS,2010,ES24,2,926.0
2018,NUTS,2010,ES24,2,1049.0
2019,NUTS,2010,ES24,2,1053.0
2011,NUTS,2010,ES3,1,8947.0
2012,NUTS,2010,ES3,1,9039.0
2013,NUTS,2010,ES3,1,9553.0
2014,NUTS,2010,ES3,1,9272.0
2015,NUTS,2010,ES3,1,9871.0
2016,NUTS,2010,ES3,1,9773.0
2017,NUTS,2010,ES3,1,10005.0
2018,NUTS,2010,ES3,1,10741.0
2019,NUTS,2010,ES3,1,11417.0
2011,NUTS,2010,ES30,2,8947.0
2012,NUTS,2010,ES30,2,9039.0
2013,NUTS,2010,ES30,2,9553.0
2014,NUTS,2010,ES30,2,9272.0
2015,NUTS,2010,ES30,2,9871.0
2016,NUTS,2010,ES30,2,9773.0
2017,NUTS,2010,ES30,2,10005.0
2018,NUTS,2010,ES30,2,10741.0
2019,NUTS,2010,ES30,2,11417.0
2011,NUTS,2010,ES4,1,2766.0
2012,NUTS,2010,ES4,1,2658.0
2013,NUTS,2010,ES4,1,2288.0
2014,NUTS,2010,ES4,1,2256.0
2015,NUTS,2010,ES4,1,2261.0
2016,NUTS,2010,ES4,1,2272.0
2017,NUTS,2010,ES4,1,2518.0
2018,NUTS,2010,ES4,1,2764.0
2019,NUTS,2010,ES4,1,2947.0
2011,NUTS,2010,ES41,2,1904.0
2012,NUTS,2010,ES41,2,1805.0
2013,NUTS,2010,ES41,2,1412.0
2014,NUTS,2010,ES41,2,1407.0
2015,NUTS,2010,ES41,2,1377.0
2016,NUTS,2010,ES41,2,1342.0
2017,NUTS,2010,ES41,2,1494.0
2018,NUTS,2010,ES41,2,1744.0
2019,NUTS,2010,ES41,2,1887.0
2011,NUTS,2010,ES42,2,635.0
2012,NUTS,2010,ES42,2,609.0
2013,NUTS,2010,ES42,2,547.0
2014,NUTS,2010,ES42,2,587.0
2015,NUTS,2010,ES42,2,627.0
2016,NUTS,2010,ES42,2,697.0
2017,NUTS,2010,ES42,2,733.0
2018,NUTS,2010,ES42,2,699.0
2019,NUTS,2010,ES42,2,731.0
2011,NUTS,2010,ES43,2,227.0
2012,NUTS,2010,ES43,2,244.0
2013,NUTS,2010,ES43,2,330.0
2014,NUTS,2010,ES43,2,261.0
2015,NUTS,2010,ES43,2,256.0
2016,NUTS,2010,ES43,2,233.0
2017,NUTS,2010,ES43,2,292.0
2018,NUTS,2010,ES43,2,321.0
2019,NUTS,2010,ES43,2,329.0
2011,NUTS,2010,ES5,1,11983.0
2012,NUTS,2010,ES5,1,12000.0
2013,NUTS,2010,ES5,1,12513.0
2014,NUTS,2010,ES5,1,12362.0
2015,NUTS,2010,ES5,1,12517.0
2016,NUTS,2010,ES5,1,13174.0
2017,NUTS,2010,ES5,1,13913.0
2018,NUTS,2010,ES5,1,15345.0
2019,NUTS,2010,ES5,1,16057.0
2011,NUTS,2010,ES51,2,8695.0
2012,NUTS,2010,ES51,2,8929.0
2013,NUTS,2010,ES51,2,9334.0
2014,NUTS,2010,ES51,2,9114.0
2015,NUTS,2010,ES51,2,9421.0
2016,NUTS,2010,ES51,2,9804.0
2017,NUTS,2010,ES51,2,10236.0
2018,NUTS,2010,ES51,2,11300.0
2019,NUTS,2010,ES51,2,11702.0
2011,NUTS,2010,ES52,2,3185.0
2012,NUTS,2010,ES52,2,2958.0
2013,NUTS,2010,ES52,2,3080.0
2014,NUTS,2010,ES52,2,3142.0
2015,NUTS,2010,ES52,2,2984.0
2016,NUTS,2010,ES52,2,3234.0
2017,NUTS,2010,ES52,2,3532.0
2018,NUTS,2010,ES52,2,3798.0
2019,NUTS,2010,ES52,2,4104.0
2011,NUTS,2010,ES53,2,104.0
2012,NUTS,2010,ES53,2,113.0
2013,NUTS,2010,ES53,2,100.0
2014,NUTS,2010,ES53,2,106.0
2015,NUTS,2010,ES53,2,112.0
2016,NUTS,2010,ES53,2,137.0
2017,NUTS,2010,ES53,2,145.0
2018,NUTS,2010,ES53,2,246.0
2019,NUTS,2010,ES53,2,251.0
2011,NUTS,2010,ES6,1,3458.0
2012,NUTS,2010,ES6,1,3530.0
2013,NUTS,2010,ES6,1,3772.0
2014,NUTS,2010,ES6,1,3800.0
2015,NUTS,2010,ES6,1,3703.0
2016,NUTS,2010,ES6,1,3595.0
2017,NUTS,2010,ES6,1,3968.0
2018,NUTS,2010,ES6,1,4455.0
2019,NUTS,2010,ES6,1,4485.0
2011,NUTS,2010,ES61,2,2876.0
2012,NUTS,2010,ES61,2,2828.0
2013,NUTS,2010,ES61,2,3095.0
2014,NUTS,2010,ES61,2,3058.0
2015,NUTS,2010,ES61,2,2885.0
2016,NUTS,2010,ES61,2,2758.0
2017,NUTS,2010,ES61,2,3040.0
2018,NUTS,2010,ES61,2,3339.0
2019,NUTS,2010,ES61,2,3335.0
2011,NUTS,2010,ES62,2,581.0
2012,NUTS,2010,ES62,2,698.0
2013,NUTS,2010,ES62,2,674.0
2014,NUTS,2010,ES62,2,739.0
2015,NUTS,2010,ES62,2,818.0
2016,NUTS,2010,ES62,2,837.0
2017,NUTS,2010,ES62,2,927.0
2018,NUTS,2010,ES62,2,1116.0
2019,NUTS,2010,ES62,2,1150.0
2012,NUTS,2010,ES63,2,2.0
2015,NUTS,2010,ES63,2,0.0
2012,NUTS,2010,ES64,2,2.0
2015,NUTS,2010,ES64,2,0.0
2011,NUTS,2010,ES7,1,341.0
2012,NUTS,2010,ES7,1,293.0
2013,NUTS,2010,ES7,1,213.0
2014,NUTS,2010,ES7,1,192.0
2015,NUTS,2010,ES7,1,201.0
2016,NUTS,2010,ES7,1,207.0
2017,NUTS,2010,ES7,1,229.0
2018,NUTS,2010,ES7,1,328.0
2019,NUTS,2010,ES7,1,315.0
2011,NUTS,2010,ES70,2,341.0
2012,NUTS,2010,ES70,2,293.0
2013,NUTS,2010,ES70,2,213.0
2014,NUTS,2010,ES70,2,192.0
2015,NUTS,2010,ES70,2,201.0
2016,NUTS,2010,ES70,2,207.0
2017,NUTS,2010,ES70,2,229.0
2018,NUTS,2010,ES70,2,328.0
2019,NUTS,2010,ES70,2,315.0
2011,NUTS,2010,ESZ,1,0.0
2011,NUTS,2010,ESZZ,2,0.0
2011,NUTS,2010,EU27_2020,7,351468.0
2013,NUTS,2010,EU27_2020,7,377395.0
2015,NUTS,2010,EU27_2020,7,409494.0
2017,NUTS,2010,EU27_2020,7,479870.0
2019,NUTS,2010,EU27_2020,7,539601.0
2011,NUTS,2010,FI,0,8221.0
2012,NUTS,2010,FI,0,8117.0
2013,NUTS,2010,FI,0,7997.0
2014,NUTS,2010,FI,0,8082.0
2015,NUTS,2010,FI,0,8318.0
2016,NUTS,2010,FI,0,7781.0
2017,NUTS,2010,FI,0,7605.0
2018,NUTS,2010,FI,0,7840.0
2019,NUTS,2010,FI,0,8129.0
2011,NUTS,2010,FR,0,68979.0
2012,NUTS,2010,FR,0,73652.0
2013,NUTS,2010,FR,0,76337.0
2014,NUTS,2010,FR,0,76679.0
2016,NUTS,2010,FR,0,82494.0
2017,NUTS,2010,FR,0,88748.0
2011,NUTS,2010,FR1,1,27466.0
2012,NUTS,2010,FR1,1,29397.0
2013,NUTS,2010,FR1,1,30262.0
2011,NUTS,2010,FR10,2,27466.0
2012,NUTS,2010,FR10,2,29397.0
2013,NUTS,2010,FR10,2,30262.0
2011,NUTS,2010,FR2,1,6542.0
2012,NUTS,2010,FR2,1,7141.0
2013,NUTS,2010,FR2,1,7007.0
2011,NUTS,2010,FR21,2,592.0
2012,NUTS,2010,FR21,2,679.0
2013,NUTS,2010,FR21,2,544.0
2011,NUTS,2010,FR22,2,1069.0
2012,NUTS,2010,FR22,2,1198.0
2013,NUTS,2010,FR22,2,1308.0
2011,NUTS,2010,FR23,2,1290.0
2012,NUTS,2010,FR23,2,1437.0
2013,NUTS,2010,FR23,2,1456.0
2011,NUTS,2010,FR24,2,1975.0
2012,NUTS,2010,FR24,2,1919.0
2013,NUTS,2010,FR24,2,2022.0
2011,NUTS,2010,FR25,2,665.0
2012,NUTS,2010,FR25,2,828.0
2013,NUTS,2010,FR25,2,698.0
2011,NUTS,2010,FR26,2,952.0
2012,NUTS,2010,FR26,2,1080.0
2013,NUTS,2010,FR26,2,978.0
2011,NUTS,2010,FR3,1,1612.0
2012,NUTS,2010,FR3,1,1633.0
2013,NUTS,2010,FR3,1,1682.0
2011,NUTS,2010,FR30,2,1612.0
2012,NUTS,2010,FR30,2,1633.0
2013,NUTS,2010,FR30,2,1682.0
2011,NUTS,2010,FR4,1,3623.0
2012,NUTS,2010,FR4,1,3530.0
2013,NUTS,2010,FR4,1,3652.0
2011,NUTS,2010,FR41,2,1080.0
2012,NUTS,2010,FR41,2,833.0
2013,NUTS,2010,FR41,2,947.0
2011,NUTS,2010,FR42,2,1569.0
2012,NUTS,2010,FR42,2,1653.0
2013,NUTS,2010,FR42,2,1669.0
2011,NUTS,2010,FR43,2,974.0
2012,NUTS,2010,FR43,2,1044.0
2013,NUTS,2010,FR43,2,1035.0
2011,NUTS,2010,FR5,1,5603.0
2012,NUTS,2010,FR5,1,5743.0
2013,NUTS,2010,FR5,1,6209.0
2011,NUTS,2010,FR51,2,2349.0
2012,NUTS,2010,FR51,2,2319.0
2013,NUTS,2010,FR51,2,2612.0
2011,NUTS,2010,FR52,2,2651.0
2012,NUTS,2010,FR52,2,2725.0
2013,NUTS,2010,FR52,2,2794.0
2011,NUTS,2010,FR53,2,603.0
2012,NUTS,2010,FR53,2,700.0
2013,NUTS,2010,FR53,2,802.0
2011,NUTS,2010,FR6,1,7400.0
2012,NUTS,2010,FR6,1,8560.0
2013,NUTS,2010,FR6,1,8909.0
2011,NUTS,2010,FR61,2,2158.0
2012,NUTS,2010,FR61,2,2394.0
2013,NUTS,2010,FR61,2,2770.0
2011,NUTS,2010,FR62,2,4977.0
2012,NUTS,2010,FR62,2,5805.0
2013,NUTS,2010,FR62,2,5792.0
2011,NUTS,2010,FR63,2,264.0
2012,NUTS,2010,FR63,2,361.0
2013,NUTS,2010,FR63,2,347.0
2011,NUTS,2010,FR7,1,10212.0
2012,NUTS,2010,FR7,1,10595.0
2013,NUTS,2010,FR7,1,10674.0
2011,NUTS,2010,FR71,2,8955.0
2012,NUTS,2010,FR71,2,9197.0
2013,NUTS,2010,FR71,2,9411.0
2011,NUTS,2010,FR72,2,1258.0
2012,NUTS,2010,FR72,2,1398.0
2013,NUTS,2010,FR72,2,1264.0
2011,NUTS,2010,FR8,1,6522.0
2012,NUTS,2010,FR8,1,7227.0
2013,NUTS,2010,FR8,1,7862.0
2011,NUTS,2010,FR81,2,1810.0
2012,NUTS,2010,FR81,2,2254.0
2013,NUTS,2010,FR81,2,2282.0
2011,NUTS,2010,FR82,2,4683.0
2012,NUTS,2010,FR82,2,4970.0
2013,NUTS,2010,FR82,2,5573.0
2011,NUTS,2010,FR83,2,29.0
2012,NUTS,2010,FR83,2,3.0
2013,NUTS,2010,FR83,2,7.0
2011,NUTS,2010,FRA,1,70.0
2012,NUTS,2010,FRA,1,79.0
2013,NUTS,2010,FRA,1,80.0
2011,NUTS,2010,HR,0,1180.0
2012,NUTS,2010,HR,0,1193.0
2013,NUTS,2010,HR,0,1151.0
2014,NUTS,2010,HR,0,1234.0
2015,NUTS,2010,HR,0,1300.0
2016,NUTS,2010,HR,0,1407.0
2017,NUTS,2010,HR,0,1500.0
2018,NUTS,2010,HR,0,1927.0
2019,NUTS,2010,HR,0,2156.0
2020,NUTS,2010,HR,0,2366.0
2011,NUTS,2010,HR0,1,1180.0
2012,NUTS,2010,HR0,1,1193.0
2013,NUTS,2010,HR0,1,1151.0
2014,NUTS,2010,HR0,1,1234.0
2015,NUTS,2010,HR0,1,1300.0
2016,NUTS,2010,HR0,1,1407.0
2017,NUTS,2010,HR0,1,1500.0
2018,NUTS,2010,HR0,1,1927.0
2019,NUTS,2010,HR0,1,2156.0
2020,NUTS,2010,HR0,1,2366.0
2020,NUTS,2010,HR02,2,108.0
2011,NUTS,2010,HR03,2,84.0
2012,NUTS,2010,HR03,2,91.0
2013,NUTS,2010,HR03,2,107.0
2014,NUTS,2010,HR03,2,100.0
2015,NUTS,2010,HR03,2,106.0
2016,NUTS,2010,HR03,2,120.0
2017,NUTS,2010,HR03,2,128.0
2018,NUTS,2010,HR03,2,124.0
2019,NUTS,2010,HR03,2,156.0
2020,NUTS,2010,HR03,2,186.0
2011,NUTS,2010,HR04,2,1096.0
2012,NUTS,2010,HR04,2,1102.0
2013,NUTS,2010,HR04,2,1044.0
2014,NUTS,2010,HR04,2,1134.0
2015,NUTS,2010,HR04,2,1194.0
2016,NUTS,2010,HR04,2,1287.0
2017,NUTS,2010,HR04,2,1372.0
2018,NUTS,2010,HR04,2,1803.0
2019,NUTS,2010,HR04,2,2000.0
2020,NUTS,2010,HR05,2,1611.0
2020,NUTS,2010,HR06,2,461.0
2013,NUTS,2010,HRZ,1,0.0
2014,NUTS,2010,HRZ,1,0.0
2013,NUTS,2010,HRZZ,2,0.0
2014,NUTS,2010,HRZZ,2,0.0
2011,NUTS,2010,HU,0,5360.0
2012,NUTS,2010,HU,0,5959.0
2013,NUTS,2010,HU,0,6417.0
2014,NUTS,2010,HU,0,6255.0
2015,NUTS,2010,HU,0,5957.0
2016,NUTS,2010,HU,0,5657.0
2017,NUTS,2010,HU,0,6636.0
2018,NUTS,2010,HU,0,8232.0
2019,NUTS,2010,HU,0,8516.0
2011,NUTS,2010,HU1,1,3456.0
2012,NUTS,2010,HU1,1,3672.0
2013,NUTS,2010,HU1,1,4059.0
2014,NUTS,2010,HU1,1,4200.0
2015,NUTS,2010,HU1,1,4204.0
2016,NUTS,2010,HU1,1,3885.0
2017,NUTS,2010,HU1,1,4522.0
2018,NUTS,2010,HU1,1,5669.0
2019,NUTS,2010,HU1,1,5907.0
2011,NUTS,2010,HU10,2,3456.0
2012,NUTS,2010,HU10,2,3672.0
2013,NUTS,2010,HU10,2,4059.0
2014,NUTS,2010,HU10,2,4200.0
2015,NUTS,2010,HU10,2,4204.0
2016,NUTS,2010,HU10,2,3885.0
2017,NUTS,2010,HU11,2,4092.0
2018,NUTS,2010,HU11,2,5066.0
2019,NUTS,2010,HU11,2,5247.0
2017,NUTS,2010,HU12,2,430.0
2018,NUTS,2010,HU12,2,603.0
2019,NUTS,2010,HU12,2,660.0
2011,NUTS,2010,HU2,1,803.0
2012,NUTS,2010,HU2,1,1041.0
2013,NUTS,2010,HU2,1,967.0
2014,NUTS,2010,HU2,1,838.0
2015,NUTS,2010,HU2,1,792.0
2016,NUTS,2010,HU2,1,754.0
2017,NUTS,2010,HU2,1,955.0
2018,NUTS,2010,HU2,1,1165.0
2019,NUTS,2010,HU2,1,1147.0
2011,NUTS,2010,HU21,2,292.0
2012,NUTS,2010,HU21,2,479.0
2013,NUTS,2010,HU21,2,375.0
2014,NUTS,2010,HU21,2,310.0
2015,NUTS,2010,HU21,2,349.0
2016,NUTS,2010,HU21,2,320.0
2017,NUTS,2010,HU21,2,355.0
2018,NUTS,2010,HU21,2,390.0
2019,NUTS,2010,HU21,2,449.0
2011,NUTS,2010,HU22,2,288.0
2012,NUTS,2010,HU22,2,269.0
2013,NUTS,2010,HU22,2,273.0
2014,NUTS,2010,HU22,2,255.0
2015,NUTS,2010,HU22,2,199.0
2016,NUTS,2010,HU22,2,182.0
2017,NUTS,2010,HU22,2,263.0
2018,NUTS,2010,HU22,2,345.0
2019,NUTS,2010,HU22,2,387.0
2011,NUTS,2010,HU23,2,223.0
2012,NUTS,2010,HU23,2,293.0
2013,NUTS,2010,HU23,2,319.0
2014,NUTS,2010,HU23,2,273.0
2015,NUTS,2010,HU23,2,244.0
2016,NUTS,2010,HU23,2,252.0
2017,NUTS,2010,HU23,2,337.0
2018,NUTS,2010,HU23,2,430.0
2019,NUTS,2010,HU23,2,311.0
2011,NUTS,2010,HU3,1,1101.0
2012,NUTS,2010,HU3,1,1246.0
2013,NUTS,2010,HU3,1,1391.0
2014,NUTS,2010,HU3,1,1217.0
2015,NUTS,2010,HU3,1,961.0
2016,NUTS,2010,HU3,1,1018.0
2017,NUTS,2010,HU3,1,1159.0
2018,NUTS,2010,HU3,1,1398.0
2019,NUTS,2010,HU3,1,1462.0
2011,NUTS,2010,HU31,2,248.0
2012,NUTS,2010,HU31,2,250.0
2013,NUTS,2010,HU31,2,402.0
2014,NUTS,2010,HU31,2,274.0
2015,NUTS,2010,HU31,2,199.0
2016,NUTS,2010,HU31,2,207.0
2017,NUTS,2010,HU31,2,214.0
2018,NUTS,2010,HU31,2,255.0
2019,NUTS,2010,HU31,2,276.0
2011,NUTS,2010,HU32,2,390.0
2012,NUTS,2010,HU32,2,495.0
2013,NUTS,2010,HU32,2,391.0
2014,NUTS,2010,HU32,2,397.0
2015,NUTS,2010,HU32,2,385.0
2016,NUTS,2010,HU32,2,405.0
2017,NUTS,2010,HU32,2,451.0
2018,NUTS,2010,HU32,2,542.0
2019,NUTS,2010,HU32,2,488.0
2011,NUTS,2010,HU33,2,463.0
2012,NUTS,2010,HU33,2,501.0
2013,NUTS,2010,HU33,2,598.0
2014,NUTS,2010,HU33,2,546.0
2015,NUTS,2010,HU33,2,377.0
2016,NUTS,2010,HU33,2,406.0
2017,NUTS,2010,HU33,2,494.0
2018,NUTS,2010,HU33,2,601.0
2019,NUTS,2010,HU33,2,698.0
2011,NUTS,2010,IE,0,4602.0
2013,NUTS,2010,IE,0,5736.0
2015,NUTS,2010,IE,0,6336.0
2017,NUTS,2010,IE,0,7130.0
2019,NUTS,2010,IE,0,7528.0
2011,NUTS,2010,IE0,1,4602.0
2013,NUTS,2010,IE0,1,5737.0
2015,NUTS,2010,IE0,1,6336.0
2017,NUTS,2010,IE0,1,7130.0
2011,NUTS,2010,IE01,2,1000.0
2013,NUTS,2010,IE01,2,1033.0
2015,NUTS,2010,IE01,2,1088.0
2017,NUTS,2010,IE01,2,1487.0
2011,NUTS,2010,IE02,2,3602.0
2013,NUTS,2010,IE02,2,4705.0
2015,NUTS,2010,IE02,2,5248.0
2017,NUTS,2010,IE02,2,5643.0
2011,NUTS,2010,IEZ,1,0.0
2011,NUTS,2010,IEZZ,2,0.0
2011,NUTS,2010,IS,0,513.0
2013,NUTS,2010,IS,0,770.0
2015,NUTS,2010,IS,0,930.0
2016,NUTS,2010,IS,0,930.0
2017,NUTS,2010,IS,0,907.0
2018,NUTS,2010,IS,0,907.0
2011,NUTS,2010,IT,0,30465.0
2012,NUTS,2010,IT,0,33522.0
2013,NUTS,2010,IT,0,34758.0
2014,NUTS,2010,IT,0,36687.0
2015,NUTS,2010,IT,0,39932.0
2016,NUTS,2010,IT,0,48022.0
2017,NUTS,2010,IT,0,58017.0
2018,NUTS,2010,IT,0,69049.0
2019,NUTS,2010,IT,0,74914.0
2011,NUTS,2010,ITC,1,13030.0
2012,NUTS,2010,ITC,1,14087.0
2013,NUTS,2010,ITC,1,14433.0
2014,NUTS,2010,ITC,1,15366.0
2015,NUTS,2010,ITC,1,16538.0
2016,NUTS,2010,ITC,1,19247.0
2017,NUTS,2010,ITC,1,22336.0
2018,NUTS,2010,ITC,1,26014.0
2019,NUTS,2010,ITC,1,28290.0
2011,NUTS,2010,ITC1,2,3248.0
2012,NUTS,2010,ITC1,2,3606.0
2013,NUTS,2010,ITC1,2,3838.0
2014,NUTS,2010,ITC1,2,4115.0
2015,NUTS,2010,ITC1,2,4666.0
2016,NUTS,2010,ITC1,2,5165.0
2017,NUTS,2010,ITC1,2,5812.0
2018,NUTS,2010,ITC1,2,6560.0
2019,NUTS,2010,ITC1,2,6863.0
2011,NUTS,2010,ITC2,2,42.0
2012,NUTS,2010,ITC2,2,41.0
2013,NUTS,2010,ITC2,2,33.0
2014,NUTS,2010,ITC2,2,32.0
2015,NUTS,2010,ITC2,2,39.0
2016,NUTS,2010,ITC2,2,51.0
2017,NUTS,2010,ITC2,2,46.0
2018,NUTS,2010,ITC2,2,59.0
2019,NUTS,2010,ITC2,2,44.0
2011,NUTS,2010,ITC3,2,735.0
2012,NUTS,2010,ITC3,2,750.0
2013,NUTS,2010,ITC3,2,750.0
2014,NUTS,2010,ITC3,2,739.0
2015,NUTS,2010,ITC3,2,796.0
2016,NUTS,2010,ITC3,2,999.0
2017,NUTS,2010,ITC3,2,1010.0
2018,NUTS,2010,ITC3,2,1146.0
2019,NUTS,2010,ITC3,2,1440.0
2011,NUTS,2010,ITC4,2,9005.0
2012,NUTS,2010,ITC4,2,9690.0
2013,NUTS,2010,ITC4,2,9812.0
2014,NUTS,2010,ITC4,2,10480.0
2015,NUTS,2010,ITC4,2,11037.0
2016,NUTS,2010,ITC4,2,13032.0
2017,NUTS,2010,ITC4,2,15468.0
2018,NUTS,2010,ITC4,2,18249.0
2019,NUTS,2010,ITC4,2,19943.0
2011,NUTS,2010,ITF,1,1679.0
2012,NUTS,2010,ITF,1,2064.0
2013,NUTS,2010,ITF,1,2526.0
2014,NUTS,2010,ITF,1,2596.0
2015,NUTS,2010,ITF,1,3093.0
2016,NUTS,2010,ITF,1,3450.0
2017,NUTS,2010,ITF,1,5098.0
2018,NUTS,2010,ITF,1,6969.0
2019,NUTS,2010,ITF,1,8090.0
2011,NUTS,2010,ITF1,2,299.0
2012,NUTS,2010,ITF1,2,216.0
2013,NUTS,2010,ITF1,2,230.0
2014,NUTS,2010,ITF1,2,199.0
2015,NUTS,2010,ITF1,2,201.0
2016,NUTS,2010,ITF1,2,341.0
2017,NUTS,2010,ITF1,2,444.0
2018,NUTS,2010,ITF1,2,624.0
2019,NUTS,2010,ITF1,2,623.0
2011,NUTS,2010,ITF2,2,17.0
2012,NUTS,2010,ITF2,2,22.0
2013,NUTS,2010,ITF2,2,144.0
2014,NUTS,2010,ITF2,2,122.0
2015,NUTS,2010,ITF2,2,155.0
2016,NUTS,2010,ITF2,2,158.0
2017,NUTS,2010,ITF2,2,218.0
2018,NUTS,2010,ITF2,2,269.0
2019,NUTS,2010,ITF2,2,293.0
2011,NUTS,2010,ITF3,2,935.0
2012,NUTS,2010,ITF3,2,1269.0
2013,NUTS,2010,ITF3,2,1307.0
2014,NUTS,2010,ITF3,2,1431.0
2015,NUTS,2010,ITF3,2,1640.0
2016,NUTS,2010,ITF3,2,1680.0
2017,NUTS,2010,ITF3,2,2403.0
2018,NUTS,2010,ITF3,2,3576.0
2019,NUTS,2010,ITF3,2,4237.0
2011,NUTS,2010,ITF4,2,349.0
2012,NUTS,2010,ITF4,2,489.0
2013,NUTS,2010,ITF4,2,765.0
2014,NUTS,2010,ITF4,2,720.0
2015,NUTS,2010,ITF4,2,873.0
2016,NUTS,2010,ITF4,2,965.0
2017,NUTS,2010,ITF4,2,1228.0
2018,NUTS,2010,ITF4,2,1533.0
2019,NUTS,2010,ITF4,2,1932.0
2011,NUTS,2010,ITF5,2,43.0
2012,NUTS,2010,ITF5,2,21.0
2013,NUTS,2010,ITF5,2,19.0
2014,NUTS,2010,ITF5,2,22.0
2015,NUTS,2010,ITF5,2,30.0
2016,NUTS,2010,ITF5,2,49.0
2017,NUTS,2010,ITF5,2,75.0
2018,NUTS,2010,ITF5,2,110.0
2019,NUTS,2010,ITF5,2,94.0
2011,NUTS,2010,ITF6,2,36.0
2012,NUTS,2010,ITF6,2,47.0
2013,NUTS,2010,ITF6,2,61.0
2014,NUTS,2010,ITF6,2,102.0
2015,NUTS,2010,ITF6,2,194.0
2016,NUTS,2010,ITF6,2,257.0
2017,NUTS,2010,ITF6,2,730.0
2018,NUTS,2010,ITF6,2,856.0
2019,NUTS,2010,ITF6,2,911.0
2011,NUTS,2010,ITG,1,749.0
2012,NUTS,2010,ITG,1,667.0
2013,NUTS,2010,ITG,1,620.0
2014,NUTS,2010,ITG,1,768.0
2015,NUTS,2010,ITG,1,637.0
2016,NUTS,2010,ITG,1,648.0
2017,NUTS,2010,ITG,1,1032.0
2018,NUTS,2010,ITG,1,1566.0
2019,NUTS,2010,ITG,1,2272.0
2011,NUTS,2010,ITG1,2,656.0
2012,NUTS,2010,ITG1,2,584.0
2013,NUTS,2010,ITG1,2,537.0
2014,NUTS,2010,ITG1,2,688.0
2015,NUTS,2010,ITG1,2,514.0
2016,NUTS,2010,ITG1,2,509.0
2017,NUTS,2010,ITG1,2,835.0
2018,NUTS,2010,ITG1,2,1327.0
2019,NUTS,2010,ITG1,2,2041.0
2011,NUTS,2010,ITG2,2,93.0
2012,NUTS,2010,ITG2,2,83.0
2013,NUTS,2010,ITG2,2,83.0
2014,NUTS,2010,ITG2,2,80.0
2015,NUTS,2010,ITG2,2,123.0
2016,NUTS,2010,ITG2,2,139.0
2017,NUTS,2010,ITG2,2,197.0
2018,NUTS,2010,ITG2,2,238.0
2019,NUTS,2010,ITG2,2,231.0
2011,NUTS,2010,ITH,1,9476.0
2012,NUTS,2010,ITH,1,10397.0
2013,NUTS,2010,ITH,1,10464.0
2014,NUTS,2010,ITH,1,10725.0
2015,NUTS,2010,ITH,1,11925.0
2016,NUTS,2010,ITH,1,15013.0
2017,NUTS,2010,ITH,1,17979.0
2018,NUTS,2010,ITH,1,20542.0
2019,NUTS,2010,ITH,1,20092.0
2011,NUTS,2010,ITH1,2,150.0
2012,NUTS,2010,ITH1,2,176.0
2013,NUTS,2010,ITH1,2,143.0
2014,NUTS,2010,ITH1,2,168.0
2015,NUTS,2010,ITH1,2,179.0
2016,NUTS,2010,ITH1,2,302.0
2017,NUTS,2010,ITH1,2,249.0
2018,NUTS,2010,ITH1,2,309.0
2019,NUTS,2010,ITH1,2,286.0
2011,NUTS,2010,ITH2,2,429.0
2012,NUTS,2010,ITH2,2,488.0
2013,NUTS,2010,ITH2,2,507.0
2014,NUTS,2010,ITH2,2,536.0
2015,NUTS,2010,ITH2,2,569.0
2016,NUTS,2010,ITH2,2,449.0
2017,NUTS,2010,ITH2,2,524.0
2018,NUTS,2010,ITH2,2,597.0
2019,NUTS,2010,ITH2,2,643.0
2011,NUTS,2010,ITH3,2,4049.0
2012,NUTS,2010,ITH3,2,4153.0
2013,NUTS,2010,ITH3,2,4197.0
2014,NUTS,2010,ITH3,2,4085.0
2015,NUTS,2010,ITH3,2,4295.0
2016,NUTS,2010,ITH3,2,5655.0
2017,NUTS,2010,ITH3,2,6898.0
2018,NUTS,2010,ITH3,2,8055.0
2019,NUTS,2010,ITH3,2,7806.0
2011,NUTS,2010,ITH4,2,651.0
2012,NUTS,2010,ITH4,2,659.0
2013,NUTS,2010,ITH4,2,647.0
2014,NUTS,2010,ITH4,2,657.0
2015,NUTS,2010,ITH4,2,609.0
2016,NUTS,2010,ITH4,2,714.0
2017,NUTS,2010,ITH4,2,906.0
2018,NUTS,2010,ITH4,2,1018.0
2019,NUTS,2010,ITH4,2,1056.0
2011,NUTS,2010,ITH5,2,4197.0
2012,NUTS,2010,ITH5,2,4921.0
2013,NUTS,2010,ITH5,2,4970.0
2014,NUTS,2010,ITH5,2,5279.0
2015,NUTS,2010,ITH5,2,6273.0
2016,NUTS,2010,ITH5,2,7893.0
2017,NUTS,2010,ITH5,2,9402.0
2018,NUTS,2010,ITH5,2,10564.0
2019,NUTS,2010,ITH5,2,10301.0
2011,NUTS,2010,ITI,1,5531.0
2012,NUTS,2010,ITI,1,6307.0
2013,NUTS,2010,ITI,1,6715.0
2014,NUTS,2010,ITI,1,7232.0
2015,NUTS,2010,ITI,1,7739.0
2016,NUTS,2010,ITI,1,9664.0
2017,NUTS,2010,ITI,1,11572.0
2018,NUTS,2010,ITI,1,13958.0
2019,NUTS,2010,ITI,1,16170.0
2011,NUTS,2010,ITI1,2,1758.0
2012,NUTS,2010,ITI1,2,2087.0
2013,NUTS,2010,ITI1,2,2350.0
2014,NUTS,2010,ITI1,2,2565.0
2015,NUTS,2010,ITI1,2,2843.0
2016,NUTS,2010,ITI1,2,3493.0
2017,NUTS,2010,ITI1,2,4499.0
2018,NUTS,2010,ITI1,2,5330.0
2019,NUTS,2010,ITI1,2,6110.0
2011,NUTS,2010,ITI2,2,224.0
2012,NUTS,2010,ITI2,2,318.0
2013,NUTS,2010,ITI2,2,327.0
2014,NUTS,2010,ITI2,2,464.0
2015,NUTS,2010,ITI2,2,398.0
2016,NUTS,2010,ITI2,2,513.0
2017,NUTS,2010,ITI2,2,610.0
2018,NUTS,2010,ITI2,2,811.0
2019,NUTS,2010,ITI2,2,900.0
2011,NUTS,2010,ITI3,2,647.0
2012,NUTS,2010,ITI3,2,722.0
2013,NUTS,2010,ITI3,2,730.0
2014,NUTS,2010,ITI3,2,901.0
2015,NUTS,2010,ITI3,2,818.0
2016,NUTS,2010,ITI3,2,1159.0
2017,NUTS,2010,ITI3,2,1533.0
2018,NUTS,2010,ITI3,2,1732.0
2019,NUTS,2010,ITI3,2,1731.0
2011,NUTS,2010,ITI4,2,2902.0
2012,NUTS,2010,ITI4,2,3180.0
2013,NUTS,2010,ITI4,2,3308.0
2014,NUTS,2010,ITI4,2,3302.0
2015,NUTS,2010,ITI4,2,3680.0
2016,NUTS,2010,ITI4,2,4499.0
2017,NUTS,2010,ITI4,2,4930.0
2018,NUTS,2010,ITI4,2,6086.0
2019,NUTS,2010,ITI4,2,7429.0
2011,NUTS,2010,JP,0,78195.0
2012,NUTS,2010,JP,0,79913.0
2013,NUTS,2010,JP,0,78915.0
2014,NUTS,2010,JP,0,83526.0
2015,NUTS,2010,JP,0,86016.0
2016,NUTS,2010,JP,0,88328.0
2017,NUTS,2010,JP,0,92998.0
2018,NUTS,2010,JP,0,96881.0
2019,NUTS,2010,JP,0,100686.0
2011,NUTS,2010,KR,0,44418.0
2012,NUTS,2010,KR,0,50223.0
2013,NUTS,2010,KR,0,52598.0
2014,NUTS,2010,KR,0,58736.0
2015,NUTS,2010,KR,0,63475.0
2016,NUTS,2010,KR,0,66891.0
2017,NUTS,2010,KR,0,72856.0
2018,NUTS,2010,KR,0,80655.0
2019,NUTS,2010,KR,0,87368.0
2011,NUTS,2010,LT,0,1060.0
2012,NUTS,2010,LT,0,935.0
2013,NUTS,2010,LT,0,1179.0
2014,NUTS,2010,LT,0,1814.0
2015,NUTS,2010,LT,0,1271.0
2016,NUTS,2010,LT,0,1363.0
2017,NUTS,2010,LT,0,1711.0
2018,NUTS,2010,LT,0,1936.0
2019,NUTS,2010,LT,0,2338.0
2015,NUTS,2010,LT01,2,906.0
2016,NUTS,2010,LT01,2,946.0
2017,NUTS,2010,LT01,2,1094.0
2018,NUTS,2010,LT01,2,1251.0
2019,NUTS,2010,LT01,2,1436.0
2015,NUTS,2010,LT02,2,365.0
2016,NUTS,2010,LT02,2,417.0
2017,NUTS,2010,LT02,2,617.0
2018,NUTS,2010,LT02,2,685.0
2019,NUTS,2010,LT02,2,902.0
2011,NUTS,2010,LU,0,673.0
2013,NUTS,2010,LU,0,419.0
2015,NUTS,2010,LU,0,484.0
2017,NUTS,2010,LU,0,610.0
2019,NUTS,2010,LU,0,613.0
2011,NUTS,2010,LV,0,818.0
2012,NUTS,2010,LV,0,777.0
2013,NUTS,2010,LV,0,710.0
2015,NUTS,2010,LV,0,818.0
2016,NUTS,2010,LV,0,700.0
2017,NUTS,2010,LV,0,755.0
2018,NUTS,2010,LV,0,764.0
2019,NUTS,2010,LV,0,814.0
2011,NUTS,2010,ME,0,81.0
2013,NUTS,2010,ME,0,96.0
2014,NUTS,2010,ME,0,86.0
2015,NUTS,2010,ME,0,81.0
2017,NUTS,2010,ME,0,69.0
2018,NUTS,2010,ME,0,125.0
2019,NUTS,2010,ME,0,133.0
2011,NUTS,2010,MK,0,123.0
2012,NUTS,2010,MK,0,109.0
2015,NUTS,2010,MK,0,288.0
2016,NUTS,2010,MK,0,310.0
2017,NUTS,2010,MK,0,307.0
2018,NUTS,2010,MK,0,341.0
2019,NUTS,2010,MK,0,386.0
2011,NUTS,2010,MT,0,214.0
2012,NUTS,2010,MT,0,272.0
2013,NUTS,2010,MT,0,224.0
2014,NUTS,2010,MT,0,218.0
2015,NUTS,2010,MT,0,195.0
2016,NUTS,2010,MT,0,235.0
2017,NUTS,2010,MT,0,265.0
2018,NUTS,2010,MT,0,257.0
2019,NUTS,2010,MT,0,291.0
2011,NUTS,2010,NL,0,21957.0
2012,NUTS,2010,NL,0,23846.0
2013,NUTS,2010,NL,0,28713.0
2014,NUTS,2010,NL,0,28515.0
2015,NUTS,2010,NL,0,29838.0
2016,NUTS,2010,NL,0,33126.0
2017,NUTS,2010,NL,0,33613.0
2018,NUTS,2010,NL,0,35684.0
2019,NUTS,2010,NL,0,38982.0
2011,NUTS,2010,NO,0,6024.0
2012,NUTS,2010,NO,0,6234.0
2013,NUTS,2010,NO,0,6366.0
2014,NUTS,2010,NO,0,7140.0
2015,NUTS,2010,NO,0,7491.0
2016,NUTS,2010,NO,0,7969.0
2017,NUTS,2010,NO,0,8979.0
2018,NUTS,2010,NO,0,9320.0
2019,NUTS,2010,NO,0,9261.0
2011,NUTS,2010,NO0,1,6024.0
2012,NUTS,2010,NO0,1,6234.0
2013,NUTS,2010,NO0,1,6366.0
2014,NUTS,2010,NO0,1,7140.0
2011,NUTS,2010,NO01,2,2677.0
2012,NUTS,2010,NO01,2,2636.0
2013,NUTS,2010,NO01,2,2631.0
2014,NUTS,2010,NO01,2,2975.0
2011,NUTS,2010,NO02,2,105.0
2012,NUTS,2010,NO02,2,129.0
2013,NUTS,2010,NO02,2,175.0
2014,NUTS,2010,NO02,2,172.0
2011,NUTS,2010,NO03,2,841.0
2012,NUTS,2010,NO03,2,889.0
2013,NUTS,2010,NO03,2,961.0
2014,NUTS,2010,NO03,2,1019.0
2011,NUTS,2010,NO04,2,543.0
2012,NUTS,2010,NO04,2,584.0
2013,NUTS,2010,NO04,2,623.0
2014,NUTS,2010,NO04,2,743.0
2011,NUTS,2010,NO05,2,685.0
2012,NUTS,2010,NO05,2,652.0
2013,NUTS,2010,NO05,2,684.0
2014,NUTS,2010,NO05,2,908.0
2011,NUTS,2010,NO06,2,934.0
2012,NUTS,2010,NO06,2,1105.0
2013,NUTS,2010,NO06,2,1069.0
2014,NUTS,2010,NO06,2,1063.0
2011,NUTS,2010,NO07,2,240.0
2012,NUTS,2010,NO07,2,233.0
2013,NUTS,2010,NO07,2,219.0
2014,NUTS,2010,NO07,2,259.0
2011,NUTS,2010,PL,0,5882.0
2012,NUTS,2010,PL,0,7210.0
2013,NUTS,2010,PL,0,8520.0
2014,NUTS,2010,PL,0,9501.0
2015,NUTS,2010,PL,0,11134.0
2016,NUTS,2010,PL,0,17847.0
2017,NUTS,2010,PL,0,25663.0
2018,NUTS,2010,PL,0,29301.0
2019,NUTS,2010,PL,0,31121.0
2011,NUTS,2010,PL1,1,2048.0
2012,NUTS,2010,PL1,1,2614.0
2013,NUTS,2010,PL1,1,3334.0
2014,NUTS,2010,PL1,1,3783.0
2015,NUTS,2010,PL1,1,4119.0
2011,NUTS,2010,PL11,2,317.0
2012,NUTS,2010,PL11,2,353.0
2013,NUTS,2010,PL11,2,449.0
2014,NUTS,2010,PL11,2,443.0
2015,NUTS,2010,PL11,2,619.0
2011,NUTS,2010,PL12,2,1731.0
2012,NUTS,2010,PL12,2,2261.0
2013,NUTS,2010,PL12,2,2885.0
2014,NUTS,2010,PL12,2,3340.0
2015,NUTS,2010,PL12,2,3500.0
2011,NUTS,2010,PL2,1,1100.0
2012,NUTS,2010,PL2,1,1208.0
2013,NUTS,2010,PL2,1,1520.0
2014,NUTS,2010,PL2,1,1579.0
2015,NUTS,2010,PL2,1,2095.0
2016,NUTS,2010,PL2,1,3401.0
2017,NUTS,2010,PL2,1,4374.0
2018,NUTS,2010,PL2,1,4941.0
2019,NUTS,2010,PL2,1,5572.0
2011,NUTS,2010,PL21,2,557.0
2012,NUTS,2010,PL21,2,703.0
2013,NUTS,2010,PL21,2,912.0
2014,NUTS,2010,PL21,2,895.0
2015,NUTS,2010,PL21,2,1237.0
2016,NUTS,2010,PL21,2,2084.0
2017,NUTS,2010,PL21,2,2713.0
2018,NUTS,2010,PL21,2,2857.0
2019,NUTS,2010,PL21,2,3339.0
2011,NUTS,2010,PL22,2,543.0
2012,NUTS,2010,PL22,2,505.0
2013,NUTS,2010,PL22,2,608.0
2014,NUTS,2010,PL22,2,684.0
2015,NUTS,2010,PL22,2,858.0
2016,NUTS,2010,PL22,2,1317.0
2017,NUTS,2010,PL22,2,1661.0
2018,NUTS,2010,PL22,2,2084.0
2019,NUTS,2010,PL22,2,2233.0
2011,NUTS,2010,PL3,1,1184.0
2012,NUTS,2010,PL3,1,1386.0
2013,NUTS,2010,PL3,1,1418.0
2014,NUTS,2010,PL3,1,1407.0
2015,NUTS,2010,PL3,1,1601.0
2011,NUTS,2010,PL31,2,125.0
2012,NUTS,2010,PL31,2,268.0
2013,NUTS,2010,PL31,2,208.0
2014,NUTS,2010,PL31,2,181.0
2015,NUTS,2010,PL31,2,289.0
2011,NUTS,2010,PL32,2,919.0
2012,NUTS,2010,PL32,2,981.0
2013,NUTS,2010,PL32,2,1043.0
2014,NUTS,2010,PL32,2,1060.0
2015,NUTS,2010,PL32,2,1099.0
2011,NUTS,2010,PL33,2,62.0
2012,NUTS,2010,PL33,2,82.0
2013,NUTS,2010,PL33,2,84.0
2014,NUTS,2010,PL33,2,77.0
2015,NUTS,2010,PL33,2,97.0
2011,NUTS,2010,PL34,2,78.0
2012,NUTS,2010,PL34,2,55.0
2013,NUTS,2010,PL34,2,83.0
2014,NUTS,2010,PL34,2,89.0
2015,NUTS,2010,PL34,2,116.0
2011,NUTS,2010,PL4,1,385.0
2012,NUTS,2010,PL4,1,654.0
2013,NUTS,2010,PL4,1,638.0
2014,NUTS,2010,PL4,1,795.0
2015,NUTS,2010,PL4,1,1123.0
2016,NUTS,2010,PL4,1,1209.0
2017,NUTS,2010,PL4,1,1799.0
2018,NUTS,2010,PL4,1,2199.0
2019,NUTS,2010,PL4,1,2476.0
2011,NUTS,2010,PL41,2,340.0
2012,NUTS,2010,PL41,2,559.0
2013,NUTS,2010,PL41,2,554.0
2014,NUTS,2010,PL41,2,689.0
2015,NUTS,2010,PL41,2,952.0
2016,NUTS,2010,PL41,2,1035.0
2017,NUTS,2010,PL41,2,1369.0
2018,NUTS,2010,PL41,2,1632.0
2019,NUTS,2010,PL41,2,1881.0
2011,NUTS,2010,PL42,2,25.0
2012,NUTS,2010,PL42,2,71.0
2013,NUTS,2010,PL42,2,56.0
2014,NUTS,2010,PL42,2,67.0
2015,NUTS,2010,PL42,2,102.0
2017,NUTS,2010,PL42,2,237.0
2018,NUTS,2010,PL42,2,303.0
2019,NUTS,2010,PL42,2,303.0
2011,NUTS,2010,PL43,2,20.0
2012,NUTS,2010,PL43,2,24.0
2013,NUTS,2010,PL43,2,28.0
2014,NUTS,2010,PL43,2,39.0
2015,NUTS,2010,PL43,2,69.0
2017,NUTS,2010,PL43,2,193.0
2018,NUTS,2010,PL43,2,264.0
2019,NUTS,2010,PL43,2,292.0
2011,NUTS,2010,PL5,1,510.0
2012,NUTS,2010,PL5,1,641.0
2013,NUTS,2010,PL5,1,799.0
2014,NUTS,2010,PL5,1,1014.0
2015,NUTS,2010,PL5,1,1089.0
2016,NUTS,2010,PL5,1,1487.0
2017,NUTS,2010,PL5,1,2018.0
2018,NUTS,2010,PL5,1,2412.0
2019,NUTS,2010,PL5,1,2682.0
2012,NUTS,2010,PL51,2,565.0
2013,NUTS,2010,PL51,2,706.0
2014,NUTS,2010,PL51,2,912.0
2015,NUTS,2010,PL51,2,946.0
2016,NUTS,2010,PL51,2,1200.0
2017,NUTS,2010,PL51,2,1686.0
2018,NUTS,2010,PL51,2,2054.0
2019,NUTS,2010,PL51,2,2346.0
2012,NUTS,2010,PL52,2,76.0
2013,NUTS,2010,PL52,2,93.0
2014,NUTS,2010,PL52,2,102.0
2015,NUTS,2010,PL52,2,143.0
2016,NUTS,2010,PL52,2,287.0
2017,NUTS,2010,PL52,2,332.0
2018,NUTS,2010,PL52,2,358.0
2019,NUTS,2010,PL52,2,336.0
2011,NUTS,2010,PL6,1,655.0
2012,NUTS,2010,PL6,1,707.0
2013,NUTS,2010,PL6,1,811.0
2014,NUTS,2010,PL6,1,923.0
2015,NUTS,2010,PL6,1,1107.0
2016,NUTS,2010,PL6,1,1689.0
2017,NUTS,2010,PL6,1,2332.0
2018,NUTS,2010,PL6,1,2821.0
2019,NUTS,2010,PL6,1,2989.0
2011,NUTS,2010,PL61,2,132.0
2012,NUTS,2010,PL61,2,147.0
2013,NUTS,2010,PL61,2,133.0
2014,NUTS,2010,PL61,2,155.0
2015,NUTS,2010,PL61,2,212.0
2016,NUTS,2010,PL61,2,343.0
2017,NUTS,2010,PL61,2,859.0
2018,NUTS,2010,PL61,2,838.0
2019,NUTS,2010,PL61,2,669.0
2011,NUTS,2010,PL62,2,55.0
2012,NUTS,2010,PL62,2,62.0
2013,NUTS,2010,PL62,2,77.0
2015,NUTS,2010,PL62,2,109.0
2016,NUTS,2010,PL62,2,150.0
2017,NUTS,2010,PL62,2,180.0
2018,NUTS,2010,PL62,2,290.0
2019,NUTS,2010,PL62,2,345.0
2011,NUTS,2010,PL63,2,468.0
2012,NUTS,2010,PL63,2,498.0
2013,NUTS,2010,PL63,2,601.0
2015,NUTS,2010,PL63,2,786.0
2016,NUTS,2010,PL63,2,1196.0
2017,NUTS,2010,PL63,2,1293.0
2018,NUTS,2010,PL63,2,1693.0
2019,NUTS,2010,PL63,2,1975.0
2016,NUTS,2010,PL7,1,1289.0
2017,NUTS,2010,PL7,1,1616.0
2018,NUTS,2010,PL7,1,1846.0
2019,NUTS,2010,PL7,1,1868.0
2017,NUTS,2010,PL71,2,1492.0
2018,NUTS,2010,PL71,2,1682.0
2019,NUTS,2010,PL71,2,1671.0
2017,NUTS,2010,PL72,2,124.0
2018,NUTS,2010,PL72,2,164.0
2019,NUTS,2010,PL72,2,197.0
2016,NUTS,2010,PL8,1,1630.0
2017,NUTS,2010,PL8,1,1614.0
2018,NUTS,2010,PL8,1,1892.0
2019,NUTS,2010,PL8,1,2080.0
2016,NUTS,2010,PL81,2,335.0
2017,NUTS,2010,PL81,2,432.0
2018,NUTS,2010,PL81,2,516.0
2019,NUTS,2010,PL81,2,553.0
2016,NUTS,2010,PL82,2,1134.0
2017,NUTS,2010,PL82,2,991.0
2018,NUTS,2010,PL82,2,1115.0
2019,NUTS,2010,PL82,2,1240.0
2016,NUTS,2010,PL84,2,161.0
2017,NUTS,2010,PL84,2,191.0
2018,NUTS,2010,PL84,2,261.0
2019,NUTS,2010,PL84,2,287.0
2016,NUTS,2010,PL9,1,7142.0
2017,NUTS,2010,PL9,1,11910.0
2018,NUTS,2010,PL9,1,13190.0
2019,NUTS,2010,PL9,1,13454.0
2016,NUTS,2010,PL91,2,6829.0
2017,NUTS,2010,PL91,2,11461.0
2018,NUTS,2010,PL91,2,12351.0
2019,NUTS,2010,PL91,2,12850.0
2016,NUTS,2010,PL92,2,313.0
2017,NUTS,2010,PL92,2,449.0
2018,NUTS,2010,PL92,2,839.0
2019,NUTS,2010,PL92,2,604.0
2011,NUTS,2010,PT,0,9083.0
2012,NUTS,2010,PT,0,10061.0
2013,NUTS,2010,PT,0,10912.0
2014,NUTS,2010,PT,0,12193.0
2015,NUTS,2010,PT,0,14722.0
2016,NUTS,2010,PT,0,12081.0
2017,NUTS,2010,PT,0,13571.0
2018,NUTS,2010,PT,0,14672.0
2019,NUTS,2010,PT,0,16452.0
2020,NUTS,2010,PT,0,19570.0
2011,NUTS,2010,PT1,1,9036.0
2012,NUTS,2010,PT1,1,10005.0
2013,NUTS,2010,PT1,1,10867.0
2014,NUTS,2010,PT1,1,12148.0
2015,NUTS,2010,PT1,1,14674.0
2016,NUTS,2010,PT1,1,12008.0
2017,NUTS,2010,PT1,1,13471.0
2018,NUTS,2010,PT1,1,14532.0
2019,NUTS,2010,PT1,1,16292.0
2020,NUTS,2010,PT1,1,19417.0
2011,NUTS,2010,PT11,2,3516.0
2012,NUTS,2010,PT11,2,4274.0
2013,NUTS,2010,PT11,2,4794.0
2014,NUTS,2010,PT11,2,5709.0
2015,NUTS,2010,PT11,2,8179.0
2016,NUTS,2010,PT11,2,4305.0
2017,NUTS,2010,PT11,2,4929.0
2018,NUTS,2010,PT11,2,5353.0
2019,NUTS,2010,PT11,2,5825.0
2020,NUTS,2010,PT11,2,7417.0
2011,NUTS,2010,PT15,2,72.0
2012,NUTS,2010,PT15,2,64.0
2013,NUTS,2010,PT15,2,64.0
2014,NUTS,2010,PT15,2,86.0
2015,NUTS,2010,PT15,2,118.0
2016,NUTS,2010,PT15,2,104.0
2017,NUTS,2010,PT15,2,82.0
2018,NUTS,2010,PT15,2,88.0
2019,NUTS,2010,PT15,2,130.0
2020,NUTS,2010,PT15,2,152.0
2011,NUTS,2010,PT16,2,1605.0
2012,NUTS,2010,PT16,2,1416.0
2013,NUTS,2010,PT16,2,1597.0
2014,NUTS,2010,PT16,2,1776.0
2015,NUTS,2010,PT16,2,1966.0
2016,NUTS,2010,PT16,2,2319.0
2017,NUTS,2010,PT16,2,2674.0
2018,NUTS,2010,PT16,2,2954.0
2019,NUTS,2010,PT16,2,3572.0
2020,NUTS,2010,PT16,2,3817.0
2011,NUTS,2010,PT17,2,3602.0
2012,NUTS,2010,PT17,2,4023.0
2013,NUTS,2010,PT17,2,4144.0
2014,NUTS,2010,PT17,2,4221.0
2015,NUTS,2010,PT17,2,4035.0
2016,NUTS,2010,PT17,2,4839.0
2017,NUTS,2010,PT17,2,5282.0
2018,NUTS,2010,PT17,2,5419.0
2019,NUTS,2010,PT17,2,5953.0
2020,NUTS,2010,PT17,2,7056.0
2011,NUTS,2010,PT18,2,241.0
2012,NUTS,2010,PT18,2,228.0
2013,NUTS,2010,PT18,2,268.0
2014,NUTS,2010,PT18,2,356.0
2015,NUTS,2010,PT18,2,376.0
2016,NUTS,2010,PT18,2,441.0
2017,NUTS,2010,PT18,2,504.0
2018,NUTS,2010,PT18,2,718.0
2019,NUTS,2010,PT18,2,812.0
2020,NUTS,2010,PT18,2,975.0
2011,NUTS,2010,PT2,1,18.0
2012,NUTS,2010,PT2,1,30.0
2013,NUTS,2010,PT2,1,15.0
2014,NUTS,2010,PT2,1,15.0
2015,NUTS,2010,PT2,1,16.0
2016,NUTS,2010,PT2,1,36.0
2017,NUTS,2010,PT2,1,42.0
2018,NUTS,2010,PT2,1,42.0
2019,NUTS,2010,PT2,1,37.0
2020,NUTS,2010,PT2,1,42.0
2011,NUTS,2010,PT20,2,18.0
2012,NUTS,2010,PT20,2,30.0
2013,NUTS,2010,PT20,2,15.0
2014,NUTS,2010,PT20,2,15.0
2015,NUTS,2010,PT20,2,16.0
2016,NUTS,2010,PT20,2,36.0
2017,NUTS,2010,PT20,2,42.0
2018,NUTS,2010,PT20,2,42.0
2019,NUTS,2010,PT20,2,37.0
2020,NUTS,2010,PT20,2,42.0
2011,NUTS,2010,PT3,1,29.0
2012,NUTS,2010,PT3,1,26.0
2013,NUTS,2010,PT3,1,30.0
2014,NUTS,2010,PT3,1,30.0
2015,NUTS,2010,PT3,1,32.0
2016,NUTS,2010,PT3,1,37.0
2017,NUTS,2010,PT3,1,58.0
2018,NUTS,2010,PT3,1,98.0
2019,NUTS,2010,PT3,1,123.0
2020,NUTS,2010,PT3,1,111.0
2011,NUTS,2010,PT30,2,29.0
2012,NUTS,2010,PT30,2,26.0
2013,NUTS,2010,PT30,2,30.0
2014,NUTS,2010,PT30,2,30.0
2015,NUTS,2010,PT30,2,32.0
2016,NUTS,2010,PT30,2,37.0
2017,NUTS,2010,PT30,2,58.0
2018,NUTS,2010,PT30,2,98.0
2019,NUTS,2010,PT30,2,123.0
2020,NUTS,2010,PT30,2,111.0
2011,NUTS,2010,RO,0,4681.0
2012,NUTS,2010,RO,0,4752.0
2013,NUTS,2010,RO,0,4579.0
2014,NUTS,2010,RO,0,4542.0
2015,NUTS,2010,RO,0,4035.0
2016,NUTS,2010,RO,0,4152.0
2017,NUTS,2010,RO,0,4324.0
2018,NUTS,2010,RO,0,4139.0
2019,NUTS,2010,RO,0,4155.0
2011,NUTS,2010,RO1,1,695.0
2012,NUTS,2010,RO1,1,726.0
2013,NUTS,2010,RO1,1,488.0
2014,NUTS,2010,RO1,1,986.0
2015,NUTS,2010,RO1,1,769.0
2016,NUTS,2010,RO1,1,842.0
2017,NUTS,2010,RO1,1,832.0
2018,NUTS,2010,RO1,1,893.0
2019,NUTS,2010,RO1,1,930.0
2011,NUTS,2010,RO11,2,360.0
2012,NUTS,2010,RO11,2,436.0
2013,NUTS,2010,RO11,2,248.0
2014,NUTS,2010,RO11,2,315.0
2015,NUTS,2010,RO11,2,198.0
2016,NUTS,2010,RO11,2,177.0
2017,NUTS,2010,RO11,2,165.0
2018,NUTS,2010,RO11,2,155.0
2019,NUTS,2010,RO11,2,138.0
2011,NUTS,2010,RO12,2,335.0
2012,NUTS,2010,RO12,2,290.0
2013,NUTS,2010,RO12,2,240.0
2014,NUTS,2010,RO12,2,671.0
2015,NUTS,2010,RO12,2,571.0
2016,NUTS,2010,RO12,2,665.0
2017,NUTS,2010,RO12,2,667.0
2018,NUTS,2010,RO12,2,738.0
2019,NUTS,2010,RO12,2,792.0
2011,NUTS,2010,RO2,1,155.0
2012,NUTS,2010,RO2,1,393.0
2013,NUTS,2010,RO2,1,520.0
2014,NUTS,2010,RO2,1,307.0
2015,NUTS,2010,RO2,1,269.0
2016,NUTS,2010,RO2,1,303.0
2017,NUTS,2010,RO2,1,265.0
2018,NUTS,2010,RO2,1,254.0
2019,NUTS,2010,RO2,1,304.0
2011,NUTS,2010,RO21,2,126.0
2012,NUTS,2010,RO21,2,266.0
2013,NUTS,2010,RO21,2,465.0
2014,NUTS,2010,RO21,2,232.0
2015,NUTS,2010,RO21,2,214.0
2016,NUTS,2010,RO21,2,212.0
2017,NUTS,2010,RO21,2,219.0
2018,NUTS,2010,RO21,2,219.0
2019,NUTS,2010,RO21,2,278.0
2011,NUTS,2010,RO22,2,29.0
2012,NUTS,2010,RO22,2,127.0
2013,NUTS,2010,RO22,2,55.0
2014,NUTS,2010,RO22,2,75.0
2015,NUTS,2010,RO22,2,55.0
2016,NUTS,2010,RO22,2,91.0
2017,NUTS,2010,RO22,2,46.0
2018,NUTS,2010,RO22,2,35.0
2019,NUTS,2010,RO22,2,26.0
2011,NUTS,2010,RO3,1,3725.0
2012,NUTS,2010,RO3,1,3498.0
2013,NUTS,2010,RO3,1,3442.0
2014,NUTS,2010,RO3,1,3128.0
2015,NUTS,2010,RO3,1,2675.0
2016,NUTS,2010,RO3,1,2675.0
2017,NUTS,2010,RO3,1,2882.0
2018,NUTS,2010,RO3,1,2584.0
2019,NUTS,2010,RO3,1,2499.0
2011,NUTS,2010,RO31,2,281.0
2012,NUTS,2010,RO31,2,596.0
2013,NUTS,2010,RO31,2,1142.0
2014,NUTS,2010,RO31,2,886.0
2015,NUTS,2010,RO31,2,597.0
2016,NUTS,2010,RO31,2,541.0
2017,NUTS,2010,RO31,2,422.0
2018,NUTS,2010,RO31,2,530.0
2019,NUTS,2010,RO31,2,565.0
2011,NUTS,2010,RO32,2,3444.0
2012,NUTS,2010,RO32,2,2902.0
2013,NUTS,2010,RO32,2,2300.0
2014,NUTS,2010,RO32,2,2242.0
2015,NUTS,2010,RO32,2,2078.0
2016,NUTS,2010,RO32,2,2134.0
2017,NUTS,2010,RO32,2,2460.0
2018,NUTS,2010,RO32,2,2054.0
2019,NUTS,2010,RO32,2,1934.0
2011,NUTS,2010,RO4,1,105.0
2012,NUTS,2010,RO4,1,136.0
2013,NUTS,2010,RO4,1,129.0
2014,NUTS,2010,RO4,1,121.0
2015,NUTS,2010,RO4,1,322.0
2016,NUTS,2010,RO4,1,332.0
2017,NUTS,2010,RO4,1,345.0
2018,NUTS,2010,RO4,1,408.0
2019,NUTS,2010,RO4,1,422.0
2011,NUTS,2010,RO41,2,69.0
2012,NUTS,2010,RO41,2,75.0
2013,NUTS,2010,RO41,2,27.0
2014,NUTS,2010,RO41,2,49.0
2015,NUTS,2010,RO41,2,62.0
2016,NUTS,2010,RO41,2,43.0
2017,NUTS,2010,RO41,2,58.0
2018,NUTS,2010,RO41,2,60.0
2019,NUTS,2010,RO41,2,43.0
2011,NUTS,2010,RO42,2,36.0
2012,NUTS,2010,RO42,2,60.0
2013,NUTS,2010,RO42,2,102.0
2014,NUTS,2010,RO42,2,72.0
2015,NUTS,2010,RO42,2,260.0
2016,NUTS,2010,RO42,2,289.0
2017,NUTS,2010,RO42,2,287.0
2018,NUTS,2010,RO42,2,348.0
2019,NUTS,2010,RO42,2,379.0
2011,NUTS,2010,RS,0,173.0
2012,NUTS,2010,RS,0,287.0
2013,NUTS,2010,RS,0,495.0
2014,NUTS,2010,RS,0,1078.0
2015,NUTS,2010,RS,0,1134.0
2016,NUTS,2010,RS,0,1246.0
2017,NUTS,2010,RS,0,1146.0
2018,NUTS,2010,RS,0,1110.0
2019,NUTS,2010,RS,0,1172.0
2020,NUTS,2010,RS,0,1219.0
2018,NUTS,2010,RS1,1,1028.0
2019,NUTS,2010,RS1,1,1061.0
2020,NUTS,2010,RS1,1,1112.0
2018,NUTS,2010,RS11,2,744.0
2019,NUTS,2010,RS11,2,745.0
2020,NUTS,2010,RS11,2,830.0
2018,NUTS,2010,RS12,2,284.0
2019,NUTS,2010,RS12,2,316.0
2020,NUTS,2010,RS12,2,282.0
2018,NUTS,2010,RS2,1,82.0
2019,NUTS,2010,RS2,1,111.0
2020,NUTS,2010,RS2,1,107.0
2018,NUTS,2010,RS21,2,24.0
2019,NUTS,2010,RS21,2,37.0
2020,NUTS,2010,RS21,2,51.0
2018,NUTS,2010,RS22,2,58.0
2019,NUTS,2010,RS22,2,74.0
2020,NUTS,2010,RS22,2,56.0
2011,NUTS,2010,SE,0,16014.0
2013,NUTS,2010,SE,0,16313.0
2015,NUTS,2010,SE,0,17193.0
2017,NUTS,2010,SE,0,19445.0
2019,NUTS,2010,SE,0,19783.0
2011,NUTS,2010,SI,0,3370.0
2012,NUTS,2010,SI,0,3281.0
2013,NUTS,2010,SI,0,3451.0
2014,NUTS,2010,SI,0,3412.0
2015,NUTS,2010,SI,0,3226.0
2016,NUTS,2010,SI,0,3250.0
2017,NUTS,2010,SI,0,3563.0
2018,NUTS,2010,SI,0,3932.0
2019,NUTS,2010,SI,0,4250.0
2011,NUTS,2010,SI0,1,3370.0
2012,NUTS,2010,SI0,1,3281.0
2013,NUTS,2010,SI0,1,3451.0
2014,NUTS,2010,SI0,1,3412.0
2015,NUTS,2010,SI0,1,3226.0
2016,NUTS,2010,SI0,1,3250.0
2017,NUTS,2010,SI0,1,3563.0
2018,NUTS,2010,SI0,1,3932.0
2019,NUTS,2010,SI0,1,4250.0
2013,NUTS,2010,SI03,2,1444.0
2014,NUTS,2010,SI03,2,1472.0
2015,NUTS,2010,SI03,2,1354.0
2016,NUTS,2010,SI03,2,1400.0
2017,NUTS,2010,SI03,2,1523.0
2018,NUTS,2010,SI03,2,1724.0
2019,NUTS,2010,SI03,2,1913.0
2013,NUTS,2010,SI04,2,2007.0
2014,NUTS,2010,SI04,2,1940.0
2015,NUTS,2010,SI04,2,1872.0
2016,NUTS,2010,SI04,2,1850.0
2017,NUTS,2010,SI04,2,2039.0
2018,NUTS,2010,SI04,2,2208.0
2019,NUTS,2010,SI04,2,2337.0
2011,NUTS,2010,SK,0,1066.0
2012,NUTS,2010,SK,0,1170.0
2013,NUTS,2010,SK,0,1081.0
2014,NUTS,2010,SK,0,1154.0
2015,NUTS,2010,SK,0,1208.0
2016,NUTS,2010,SK,0,1402.0
2017,NUTS,2010,SK,0,1486.0
2018,NUTS,2010,SK,0,1699.0
2019,NUTS,2010,SK,0,2037.0
2020,NUTS,2010,SK,0,2243.0
2011,NUTS,2010,SK01,2,382.0
2012,NUTS,2010,SK01,2,452.0
2013,NUTS,2010,SK01,2,479.0
2014,NUTS,2010,SK01,2,329.0
2015,NUTS,2010,SK01,2,318.0
2016,NUTS,2010,SK01,2,563.0
2017,NUTS,2010,SK01,2,512.0
2018,NUTS,2010,SK01,2,594.0
2019,NUTS,2010,SK01,2,711.0
2020,NUTS,2010,SK01,2,857.0
2011,NUTS,2010,SK02,2,342.0
2012,NUTS,2010,SK02,2,376.0
2013,NUTS,2010,SK02,2,258.0
2014,NUTS,2010,SK02,2,454.0
2015,NUTS,2010,SK02,2,507.0
2016,NUTS,2010,SK02,2,336.0
2017,NUTS,2010,SK02,2,604.0
2018,NUTS,2010,SK02,2,608.0
2019,NUTS,2010,SK02,2,658.0
2020,NUTS,2010,SK02,2,658.0
2011,NUTS,2010,SK03,2,209.0
2012,NUTS,2010,SK03,2,205.0
2013,NUTS,2010,SK03,2,216.0
2014,NUTS,2010,SK03,2,218.0
2015,NUTS,2010,SK03,2,232.0
2016,NUTS,2010,SK03,2,330.0
2017,NUTS,2010,SK03,2,216.0
2018,NUTS,2010,SK03,2,289.0
2019,NUTS,2010,SK03,2,461.0
2020,NUTS,2010,SK03,2,412.0
2011,NUTS,2010,SK04,2,133.0
2012,NUTS,2010,SK04,2,137.0
2013,NUTS,2010,SK04,2,128.0
2014,NUTS,2010,SK04,2,153.0
2015,NUTS,2010,SK04,2,151.0
2016,NUTS,2010,SK04,2,173.0
2017,NUTS,2010,SK04,2,154.0
2018,NUTS,2010,SK04,2,208.0
2019,NUTS,2010,SK04,2,207.0
2020,NUTS,2010,SK04,2,316.0
2011,NUTS,2010,TR,0,11774.0
2012,NUTS,2010,TR,0,13302.0
2013,NUTS,2010,TR,0,15532.0
2014,NUTS,2010,TR,0,16845.0
2015,NUTS,2010,TR,0,18290.0
2016,NUTS,2010,TR,0,20107.0
2017,NUTS,2010,TR,0,25293.0
2018,NUTS,2010,TR,0,30290.0
2019,NUTS,2010,TR,0,33277.0
2020,NUTS,2010,TR,0,37652.0
2011,NUTS,2010,UK,0,45239.0
2012,NUTS,2010,UK,0,45995.0
2013,NUTS,2010,UK,0,56419.0
2014,NUTS,2010,UK,0,60329.0
2015,NUTS,2010,UK,0,66682.0
2016,NUTS,2010,UK,0,71622.0
2017,NUTS,2010,UK,0,80572.0
2018,NUTS,2010,UK,0,86696.0
2011,NUTS,2010,UKC,1,995.0
2013,NUTS,2010,UKC,1,1532.0
2015,NUTS,2010,UKC,1,1535.0
2017,NUTS,2010,UKC,1,1983.0
2011,NUTS,2010,UKC1,2,392.0
2013,NUTS,2010,UKC1,2,810.0
2015,NUTS,2010,UKC1,2,569.0
2017,NUTS,2010,UKC1,2,683.0
2011,NUTS,2010,UKC2,2,603.0
2013,NUTS,2010,UKC2,2,722.0
2015,NUTS,2010,UKC2,2,966.0
2017,NUTS,2010,UKC2,2,1300.0
2011,NUTS,2010,UKD,1,4375.0
2013,NUTS,2010,UKD,1,4758.0
2015,NUTS,2010,UKD,1,6083.0
2017,NUTS,2010,UKD,1,6924.0
2011,NUTS,2010,UKD1,2,438.0
2013,NUTS,2010,UKD1,2,335.0
2015,NUTS,2010,UKD1,2,622.0
2017,NUTS,2010,UKD1,2,683.0
2011,NUTS,2010,UKD3,2,1060.0
2013,NUTS,2010,UKD3,2,1165.0
2015,NUTS,2010,UKD3,2,1630.0
2017,NUTS,2010,UKD3,2,2027.0
2011,NUTS,2010,UKD4,2,812.0
2013,NUTS,2010,UKD4,2,928.0
2015,NUTS,2010,UKD4,2,1074.0
2017,NUTS,2010,UKD4,2,1216.0
2011,NUTS,2010,UKD6,2,1496.0
2013,NUTS,2010,UKD6,2,1637.0
2015,NUTS,2010,UKD6,2,1838.0
2017,NUTS,2010,UKD6,2,1685.0
2011,NUTS,2010,UKD7,2,569.0
2013,NUTS,2010,UKD7,2,693.0
2015,NUTS,2010,UKD7,2,920.0
2017,NUTS,2010,UKD7,2,1314.0
2011,NUTS,2010,UKE,1,2771.0
2013,NUTS,2010,UKE,1,3620.0
2015,NUTS,2010,UKE,1,4065.0
2017,NUTS,2010,UKE,1,5409.0
2013,NUTS,2010,UKE1,2,576.0
2015,NUTS,2010,UKE1,2,631.0
2017,NUTS,2010,UKE1,2,813.0
2011,NUTS,2010,UKE2,2,1164.0
2013,NUTS,2010,UKE2,2,833.0
2015,NUTS,2010,UKE2,2,1028.0
2017,NUTS,2010,UKE2,2,1185.0
2011,NUTS,2010,UKE3,2,499.0
2013,NUTS,2010,UKE3,2,588.0
2015,NUTS,2010,UKE3,2,674.0
2017,NUTS,2010,UKE3,2,1033.0
2011,NUTS,2010,UKE4,2,1109.0
2013,NUTS,2010,UKE4,2,1623.0
2015,NUTS,2010,UKE4,2,1732.0
2017,NUTS,2010,UKE4,2,2378.0
2011,NUTS,2010,UKF,1,3145.0
2013,NUTS,2010,UKF,1,3868.0
2015,NUTS,2010,UKF,1,4213.0
2017,NUTS,2010,UKF,1,5082.0
2011,NUTS,2010,UKF1,2,2130.0
2013,NUTS,2010,UKF1,2,2755.0
2015,NUTS,2010,UKF1,2,2946.0
2017,NUTS,2010,UKF1,2,3517.0
2011,NUTS,2010,UKF2,2,867.0
2013,NUTS,2010,UKF2,2,942.0
2015,NUTS,2010,UKF2,2,1072.0
2017,NUTS,2010,UKF2,2,1317.0
2011,NUTS,2010,UKF3,2,148.0
2013,NUTS,2010,UKF3,2,171.0
2015,NUTS,2010,UKF3,2,196.0
2017,NUTS,2010,UKF3,2,248.0
2011,NUTS,2010,UKG,1,2311.0
2013,NUTS,2010,UKG,1,3059.0
2015,NUTS,2010,UKG,1,4160.0
2017,NUTS,2010,UKG,1,5400.0
2011,NUTS,2010,UKG1,2,1143.0
2013,NUTS,2010,UKG1,2,1475.0
2015,NUTS,2010,UKG1,2,2026.0
2017,NUTS,2010,UKG1,2,2878.0
2011,NUTS,2010,UKG2,2,393.0
2013,NUTS,2010,UKG2,2,437.0
2015,NUTS,2010,UKG2,2,571.0
2017,NUTS,2010,UKG2,2,714.0
2011,NUTS,2010,UKG3,2,775.0
2013,NUTS,2010,UKG3,2,1146.0
2015,NUTS,2010,UKG3,2,1563.0
2017,NUTS,2010,UKG3,2,1809.0
2011,NUTS,2010,UKH,1,9545.0
2013,NUTS,2010,UKH,1,9855.0
2015,NUTS,2010,UKH,1,11252.0
2017,NUTS,2010,UKH,1,12957.0
2011,NUTS,2010,UKH1,2,4610.0
2013,NUTS,2010,UKH1,2,4696.0
2015,NUTS,2010,UKH1,2,5781.0
2017,NUTS,2010,UKH1,2,6943.0
2011,NUTS,2010,UKH2,2,2744.0
2013,NUTS,2010,UKH2,2,3481.0
2015,NUTS,2010,UKH2,2,3624.0
2017,NUTS,2010,UKH2,2,4091.0
2011,NUTS,2010,UKH3,2,2191.0
2013,NUTS,2010,UKH3,2,1678.0
2015,NUTS,2010,UKH3,2,1847.0
2017,NUTS,2010,UKH3,2,1923.0
2011,NUTS,2010,UKI,1,3633.0
2013,NUTS,2010,UKI,1,5637.0
2015,NUTS,2010,UKI,1,8057.0
2017,NUTS,2010,UKI,1,11075.0
2011,NUTS,2010,UKI3,2,1640.0
2013,NUTS,2010,UKI3,2,2539.0
2015,NUTS,2010,UKI3,2,3520.0
2017,NUTS,2010,UKI3,2,5293.0
2011,NUTS,2010,UKI4,2,603.0
2013,NUTS,2010,UKI4,2,1097.0
2015,NUTS,2010,UKI4,2,1510.0
2017,NUTS,2010,UKI4,2,1912.0
2011,NUTS,2010,UKI5,2,175.0
2013,NUTS,2010,UKI5,2,238.0
2015,NUTS,2010,UKI5,2,320.0
2017,NUTS,2010,UKI5,2,315.0
2011,NUTS,2010,UKI6,2,392.0
2013,NUTS,2010,UKI6,2,306.0
2015,NUTS,2010,UKI6,2,350.0
2017,NUTS,2010,UKI6,2,527.0
2011,NUTS,2010,UKI7,2,822.0
2013,NUTS,2010,UKI7,2,1456.0
2015,NUTS,2010,UKI7,2,2355.0
2017,NUTS,2010,UKI7,2,3028.0
2011,NUTS,2010,UKJ,1,10792.0
2013,NUTS,2010,UKJ,1,14240.0
2015,NUTS,2010,UKJ,1,15457.0
2017,NUTS,2010,UKJ,1,16212.0
2011,NUTS,2010,UKJ1,2,4589.0
2013,NUTS,2010,UKJ1,2,6859.0
2015,NUTS,2010,UKJ1,2,7489.0
2017,NUTS,2010,UKJ1,2,8187.0
2011,NUTS,2010,UKJ2,2,2344.0
2013,NUTS,2010,UKJ2,2,3144.0
2015,NUTS,2010,UKJ2,2,3449.0
2017,NUTS,2010,UKJ2,2,3719.0
2011,NUTS,2010,UKJ3,2,2608.0
2013,NUTS,2010,UKJ3,2,3190.0
2015,NUTS,2010,UKJ3,2,3336.0
2017,NUTS,2010,UKJ3,2,3009.0
2011,NUTS,2010,UKJ4,2,1251.0
2013,NUTS,2010,UKJ4,2,1048.0
2015,NUTS,2010,UKJ4,2,1182.0
2017,NUTS,2010,UKJ4,2,1298.0
2011,NUTS,2010,UKK,1,2681.0
2013,NUTS,2010,UKK,1,3494.0
2015,NUTS,2010,UKK,1,4209.0
2017,NUTS,2010,UKK,1,5081.0
2011,NUTS,2010,UKK1,2,2060.0
2013,NUTS,2010,UKK1,2,2725.0
2015,NUTS,2010,UKK1,2,2999.0
2017,NUTS,2010,UKK1,2,3585.0
2011,NUTS,2010,UKK2,2,413.0
2013,NUTS,2010,UKK2,2,511.0
2015,NUTS,2010,UKK2,2,684.0
2017,NUTS,2010,UKK2,2,796.0
2011,NUTS,2010,UKK3,2,69.0
2013,NUTS,2010,UKK3,2,76.0
2015,NUTS,2010,UKK3,2,124.0
2017,NUTS,2010,UKK3,2,164.0
2011,NUTS,2010,UKK4,2,140.0
2013,NUTS,2010,UKK4,2,182.0
2015,NUTS,2010,UKK4,2,402.0
2017,NUTS,2010,UKK4,2,536.0
2011,NUTS,2010,UKL,1,1345.0
2013,NUTS,2010,UKL,1,1291.0
2015,NUTS,2010,UKL,1,1609.0
2017,NUTS,2010,UKL,1,2500.0
2011,NUTS,2010,UKL1,2,434.0
2013,NUTS,2010,UKL1,2,336.0
2015,NUTS,2010,UKL1,2,861.0
2017,NUTS,2010,UKL1,2,1319.0
2011,NUTS,2010,UKL2,2,911.0
2013,NUTS,2010,UKL2,2,956.0
2015,NUTS,2010,UKL2,2,748.0
2017,NUTS,2010,UKL2,2,1181.0
2011,NUTS,2010,UKM,1,2526.0
2013,NUTS,2010,UKM,1,3736.0
2015,NUTS,2010,UKM,1,4176.0
2017,NUTS,2010,UKM,1,5915.0
2013,NUTS,2010,UKM2,2,451.0
2015,NUTS,2010,UKM2,2,2237.0
2017,NUTS,2010,UKM2,2,3099.0
2013,NUTS,2010,UKM3,2,1850.0
2015,NUTS,2010,UKM3,2,1280.0
2017,NUTS,2010,UKM3,2,1768.0
2013,NUTS,2010,UKM5,2,1304.0
2015,NUTS,2010,UKM5,2,533.0
2017,NUTS,2010,UKM5,2,859.0
2013,NUTS,2010,UKM6,2,132.0
2015,NUTS,2010,UKM6,2,125.0
2017,NUTS,2010,UKM6,2,188.0
2011,NUTS,2010,UKN,1,1119.0
2013,NUTS,2010,UKN,1,1328.0
2015,NUTS,2010,UKN,1,1867.0
2017,NUTS,2010,UKN,1,2034.0
2011,NUTS,2010,UKN0,2,1119.0
2013,NUTS,2010,UKN0,2,1328.0
2015,NUTS,2010,UKN0,2,1867.0
2017,NUTS,2010,UKN0,2,2034.0
2011,NUTS,2010,US,0,352000.0
2012,NUTS,2010,US,0,361000.0
2013,NUTS,2010,US,0,371000.0
2014,NUTS,2010,US,0,376000.0
2015,NUTS,2010,US,0,389000.0
