year,region_type,region_year_spec,region_id,region_level,rd_p_persreg_pc_emp_fte_total_rse_f
1998,NUTS,2010,AT,0,0.1665
2002,NUTS,2010,AT,0,0.2301
2004,NUTS,2010,AT,0,0.2876
2006,NUTS,2010,AT,0,0.3286
2007,NUTS,2010,AT,0,0.3699
2009,NUTS,2010,AT,0,0.4262
2011,NUTS,2010,AT,0,0.4545
2013,NUTS,2010,AT,0,0.4895
2015,NUTS,2010,AT,0,0.5259
2017,NUTS,2010,AT,0,0.5687
2019,NUTS,2010,AT,0,0.6248
2002,NUTS,2010,AT1,1,0.3372
2004,NUTS,2010,AT1,1,0.4114
2006,NUTS,2010,AT1,1,0.4639
2007,NUTS,2010,AT1,1,0.5322
2009,NUTS,2010,AT1,1,0.6057
2011,NUTS,2010,AT1,1,0.6339
2013,NUTS,2010,AT1,1,0.6481
2015,NUTS,2010,AT1,1,0.6811
2017,NUTS,2010,AT1,1,0.7005
2019,NUTS,2010,AT1,1,0.7758
2002,NUTS,2010,AT11,2,0.0475
2004,NUTS,2010,AT11,2,0.0538
2006,NUTS,2010,AT11,2,0.0665
2007,NUTS,2010,AT11,2,0.0556
2009,NUTS,2010,AT11,2,0.053
2011,NUTS,2010,AT11,2,0.077
2013,NUTS,2010,AT11,2,0.0739
2015,NUTS,2010,AT11,2,0.0827
2017,NUTS,2010,AT11,2,0.1071
2019,NUTS,2010,AT11,2,0.0934
2002,NUTS,2010,AT12,2,0.057
2004,NUTS,2010,AT12,2,0.0685
2006,NUTS,2010,AT12,2,0.1025
2007,NUTS,2010,AT12,2,0.1064
2009,NUTS,2010,AT12,2,0.1264
2011,NUTS,2010,AT12,2,0.1636
2013,NUTS,2010,AT12,2,0.1804
2015,NUTS,2010,AT12,2,0.1955
2017,NUTS,2010,AT12,2,0.2199
2019,NUTS,2010,AT12,2,0.309
2002,NUTS,2010,AT13,2,0.6407
2004,NUTS,2010,AT13,2,0.8034
2006,NUTS,2010,AT13,2,0.8765
2007,NUTS,2010,AT13,2,1.0342
2009,NUTS,2010,AT13,2,1.1662
2011,NUTS,2010,AT13,2,1.1836
2013,NUTS,2010,AT13,2,1.1808
2015,NUTS,2010,AT13,2,1.2426
2017,NUTS,2010,AT13,2,1.2533
2019,NUTS,2010,AT13,2,1.3156
2002,NUTS,2010,AT2,1,0.193
2004,NUTS,2010,AT2,1,0.2487
2006,NUTS,2010,AT2,1,0.2955
2007,NUTS,2010,AT2,1,0.32
2009,NUTS,2010,AT2,1,0.3676
2011,NUTS,2010,AT2,1,0.4129
2013,NUTS,2010,AT2,1,0.442
2015,NUTS,2010,AT2,1,0.4905
2017,NUTS,2010,AT2,1,0.5829
2019,NUTS,2010,AT2,1,0.6652
2002,NUTS,2010,AT21,2,0.1138
2004,NUTS,2010,AT21,2,0.1738
2006,NUTS,2010,AT21,2,0.2019
2007,NUTS,2010,AT21,2,0.2328
2009,NUTS,2010,AT21,2,0.2521
2011,NUTS,2010,AT21,2,0.2428
2013,NUTS,2010,AT21,2,0.2297
2015,NUTS,2010,AT21,2,0.2621
2017,NUTS,2010,AT21,2,0.431
2019,NUTS,2010,AT21,2,0.4827
2002,NUTS,2010,AT22,2,0.2293
2004,NUTS,2010,AT22,2,0.2829
2006,NUTS,2010,AT22,2,0.3366
2007,NUTS,2010,AT22,2,0.3585
2009,NUTS,2010,AT22,2,0.4189
2011,NUTS,2010,AT22,2,0.4876
2013,NUTS,2010,AT22,2,0.5372
2015,NUTS,2010,AT22,2,0.5913
2017,NUTS,2010,AT22,2,0.6494
2019,NUTS,2010,AT22,2,0.7439
2002,NUTS,2010,AT3,1,0.1254
2004,NUTS,2010,AT3,1,0.1702
2006,NUTS,2010,AT3,1,0.1838
2007,NUTS,2010,AT3,1,0.2013
2009,NUTS,2010,AT3,1,0.2387
2011,NUTS,2010,AT3,1,0.2558
2013,NUTS,2010,AT3,1,0.3177
2015,NUTS,2010,AT3,1,0.3454
2017,NUTS,2010,AT3,1,0.3876
2019,NUTS,2010,AT3,1,0.4117
2002,NUTS,2010,AT31,2,0.0745
2004,NUTS,2010,AT31,2,0.1021
2006,NUTS,2010,AT31,2,0.126
2007,NUTS,2010,AT31,2,0.1353
2009,NUTS,2010,AT31,2,0.1581
2011,NUTS,2010,AT31,2,0.188
2013,NUTS,2010,AT31,2,0.2482
2015,NUTS,2010,AT31,2,0.2632
2017,NUTS,2010,AT31,2,0.2818
2019,NUTS,2010,AT31,2,0.343
2002,NUTS,2010,AT32,2,0.1091
2004,NUTS,2010,AT32,2,0.1513
2006,NUTS,2010,AT32,2,0.176
2007,NUTS,2010,AT32,2,0.1821
2009,NUTS,2010,AT32,2,0.2437
2011,NUTS,2010,AT32,2,0.2644
2013,NUTS,2010,AT32,2,0.3315
2015,NUTS,2010,AT32,2,0.3917
2017,NUTS,2010,AT32,2,0.422
2019,NUTS,2010,AT32,2,0.4654
2002,NUTS,2010,AT33,2,0.2746
2004,NUTS,2010,AT33,2,0.3617
2006,NUTS,2010,AT33,2,0.3701
2007,NUTS,2010,AT33,2,0.4133
2009,NUTS,2010,AT33,2,0.4672
2011,NUTS,2010,AT33,2,0.4665
2013,NUTS,2010,AT33,2,0.5323
2015,NUTS,2010,AT33,2,0.5774
2017,NUTS,2010,AT33,2,0.6793
2019,NUTS,2010,AT33,2,0.6232
2002,NUTS,2010,AT34,2,0.0578
2004,NUTS,2010,AT34,2,0.0836
2006,NUTS,2010,AT34,2,0.0537
2007,NUTS,2010,AT34,2,0.066
2009,NUTS,2010,AT34,2,0.0859
2011,NUTS,2010,AT34,2,0.0873
2013,NUTS,2010,AT34,2,0.1347
2015,NUTS,2010,AT34,2,0.135
2017,NUTS,2010,AT34,2,0.1696
2019,NUTS,2010,AT34,2,0.179
2000,NUTS,2010,BE,0,0.4534
2001,NUTS,2010,BE,0,0.485
2002,NUTS,2010,BE,0,0.4824
2003,NUTS,2010,BE,0,0.4917
2004,NUTS,2010,BE,0,0.5226
2005,NUTS,2010,BE,0,0.5315
2006,NUTS,2010,BE,0,0.5685
2007,NUTS,2010,BE,0,0.5786
2008,NUTS,2010,BE,0,0.594
2009,NUTS,2010,BE,0,0.6081
2010,NUTS,2010,BE,0,0.6423
2011,NUTS,2010,BE,0,0.6653
2010,NUTS,2010,BE1,1,0.4534
2011,NUTS,2010,BE1,1,0.4445
2010,NUTS,2010,BE10,2,0.4534
2011,NUTS,2010,BE10,2,0.4445
2010,NUTS,2010,BE2,1,0.2675
2011,NUTS,2010,BE2,1,0.2827
2010,NUTS,2010,BE21,2,0.4223
2011,NUTS,2010,BE21,2,0.448
2010,NUTS,2010,BE22,2,0.0566
2011,NUTS,2010,BE22,2,0.0602
2010,NUTS,2010,BE23,2,0.2372
2011,NUTS,2010,BE23,2,0.2458
2010,NUTS,2010,BE24,2,0.4509
2011,NUTS,2010,BE24,2,0.4805
2010,NUTS,2010,BE25,2,0.0508
2011,NUTS,2010,BE25,2,0.0637
2010,NUTS,2010,BE3,1,0.1953
2011,NUTS,2010,BE3,1,0.2174
2010,NUTS,2010,BE31,2,0.7985
2011,NUTS,2010,BE31,2,0.9433
2010,NUTS,2010,BE32,2,0.1574
2011,NUTS,2010,BE32,2,0.1661
2010,NUTS,2010,BE33,2,0.0716
2011,NUTS,2010,BE33,2,0.0734
2010,NUTS,2010,BE34,2,0.0526
2011,NUTS,2010,BE34,2,0.0578
2010,NUTS,2010,BE35,2,0.1012
2011,NUTS,2010,BE35,2,0.1144
2000,NUTS,2010,BG,0,0.3352
2001,NUTS,2010,BG,0,0.3326
2002,NUTS,2010,BG,0,0.3374
2003,NUTS,2010,BG,0,0.3438
2004,NUTS,2010,BG,0,0.3421
2005,NUTS,2010,BG,0,0.3391
2006,NUTS,2010,BG,0,0.3243
2007,NUTS,2010,BG,0,0.3548
2008,NUTS,2010,BG,0,0.3522
2009,NUTS,2010,BG,0,0.3919
2010,NUTS,2010,BG,0,0.3938
2011,NUTS,2010,BG,0,0.4355
2012,NUTS,2010,BG,0,0.4134
2013,NUTS,2010,BG,0,0.459
2014,NUTS,2010,BG,0,0.4817
2015,NUTS,2010,BG,0,0.4933
2016,NUTS,2010,BG,0,0.5695
2017,NUTS,2010,BG,0,0.4953
2018,NUTS,2010,BG,0,0.5197
2019,NUTS,2010,BG,0,0.5287
2003,NUTS,2010,BG3,1,0.1199
2004,NUTS,2010,BG3,1,0.1268
2005,NUTS,2010,BG3,1,0.1157
2006,NUTS,2010,BG3,1,0.1257
2007,NUTS,2010,BG3,1,0.1393
2008,NUTS,2010,BG3,1,0.1495
2009,NUTS,2010,BG3,1,0.1738
2010,NUTS,2010,BG3,1,0.1652
2011,NUTS,2010,BG3,1,0.1675
2012,NUTS,2010,BG3,1,0.1892
2013,NUTS,2010,BG3,1,0.2094
2014,NUTS,2010,BG3,1,0.2364
2015,NUTS,2010,BG3,1,0.2652
2016,NUTS,2010,BG3,1,0.2427
2017,NUTS,2010,BG3,1,0.2394
2018,NUTS,2010,BG3,1,0.2704
2019,NUTS,2010,BG3,1,0.2791
2003,NUTS,2010,BG31,2,0.069
2004,NUTS,2010,BG31,2,0.0862
2005,NUTS,2010,BG31,2,0.0839
2006,NUTS,2010,BG31,2,0.0879
2007,NUTS,2010,BG31,2,0.1027
2008,NUTS,2010,BG31,2,0.0868
2009,NUTS,2010,BG31,2,0.0665
2010,NUTS,2010,BG31,2,0.0968
2011,NUTS,2010,BG31,2,0.0806
2012,NUTS,2010,BG31,2,0.1328
2013,NUTS,2010,BG31,2,0.1378
2014,NUTS,2010,BG31,2,0.1174
2015,NUTS,2010,BG31,2,0.1768
2016,NUTS,2010,BG31,2,0.2136
2017,NUTS,2010,BG31,2,0.2025
2018,NUTS,2010,BG31,2,0.2275
2019,NUTS,2010,BG31,2,0.2488
2003,NUTS,2010,BG32,2,0.0798
2004,NUTS,2010,BG32,2,0.1082
2005,NUTS,2010,BG32,2,0.1156
2006,NUTS,2010,BG32,2,0.1217
2007,NUTS,2010,BG32,2,0.143
2008,NUTS,2010,BG32,2,0.1481
2009,NUTS,2010,BG32,2,0.1389
2010,NUTS,2010,BG32,2,0.1405
2011,NUTS,2010,BG32,2,0.1671
2012,NUTS,2010,BG32,2,0.1777
2013,NUTS,2010,BG32,2,0.2195
2014,NUTS,2010,BG32,2,0.3192
2015,NUTS,2010,BG32,2,0.3066
2016,NUTS,2010,BG32,2,0.2341
2017,NUTS,2010,BG32,2,0.2604
2018,NUTS,2010,BG32,2,0.3045
2019,NUTS,2010,BG32,2,0.2571
2003,NUTS,2010,BG33,2,0.1805
2004,NUTS,2010,BG33,2,0.1829
2005,NUTS,2010,BG33,2,0.16
2006,NUTS,2010,BG33,2,0.1711
2007,NUTS,2010,BG33,2,0.1533
2008,NUTS,2010,BG33,2,0.172
2009,NUTS,2010,BG33,2,0.2434
2010,NUTS,2010,BG33,2,0.2434
2011,NUTS,2010,BG33,2,0.2692
2012,NUTS,2010,BG33,2,0.3051
2013,NUTS,2010,BG33,2,0.3127
2014,NUTS,2010,BG33,2,0.347
2015,NUTS,2010,BG33,2,0.3804
2016,NUTS,2010,BG33,2,0.3629
2017,NUTS,2010,BG33,2,0.3418
2018,NUTS,2010,BG33,2,0.4004
2019,NUTS,2010,BG33,2,0.4251
2003,NUTS,2010,BG34,2,0.1422
2004,NUTS,2010,BG34,2,0.1258
2005,NUTS,2010,BG34,2,0.1001
2006,NUTS,2010,BG34,2,0.1168
2007,NUTS,2010,BG34,2,0.1521
2008,NUTS,2010,BG34,2,0.181
2009,NUTS,2010,BG34,2,0.2248
2010,NUTS,2010,BG34,2,0.1648
2011,NUTS,2010,BG34,2,0.1405
2012,NUTS,2010,BG34,2,0.1374
2013,NUTS,2010,BG34,2,0.1591
2014,NUTS,2010,BG34,2,0.1506
2015,NUTS,2010,BG34,2,0.1833
2016,NUTS,2010,BG34,2,0.1567
2017,NUTS,2010,BG34,2,0.153
2018,NUTS,2010,BG34,2,0.1584
2019,NUTS,2010,BG34,2,0.1875
2003,NUTS,2010,BG4,1,0.5413
2004,NUTS,2010,BG4,1,0.5239
2005,NUTS,2010,BG4,1,0.5442
2006,NUTS,2010,BG4,1,0.5028
2007,NUTS,2010,BG4,1,0.544
2008,NUTS,2010,BG4,1,0.5286
2009,NUTS,2010,BG4,1,0.5673
2010,NUTS,2010,BG4,1,0.5742
2011,NUTS,2010,BG4,1,0.6498
2012,NUTS,2010,BG4,1,0.5881
2013,NUTS,2010,BG4,1,0.6475
2014,NUTS,2010,BG4,1,0.6634
2015,NUTS,2010,BG4,1,0.6611
2016,NUTS,2010,BG4,1,0.8152
2017,NUTS,2010,BG4,1,0.6766
2018,NUTS,2010,BG4,1,0.6911
2019,NUTS,2010,BG4,1,0.6983
2000,NUTS,2010,BG41,2,0.8647
2002,NUTS,2010,BG41,2,0.8719
2003,NUTS,2010,BG41,2,0.8386
2004,NUTS,2010,BG41,2,0.8067
2005,NUTS,2010,BG41,2,0.8197
2006,NUTS,2010,BG41,2,0.7408
2007,NUTS,2010,BG41,2,0.7729
2008,NUTS,2010,BG41,2,0.7408
2009,NUTS,2010,BG41,2,0.8104
2010,NUTS,2010,BG41,2,0.7803
2011,NUTS,2010,BG41,2,0.8879
2012,NUTS,2010,BG41,2,0.8444
2013,NUTS,2010,BG41,2,0.9276
2014,NUTS,2010,BG41,2,0.9587
2015,NUTS,2010,BG41,2,0.93
2016,NUTS,2010,BG41,2,1.1689
2017,NUTS,2010,BG41,2,0.9471
2018,NUTS,2010,BG41,2,0.944
2019,NUTS,2010,BG41,2,0.9474
2003,NUTS,2010,BG42,2,0.084
2004,NUTS,2010,BG42,2,0.0934
2005,NUTS,2010,BG42,2,0.1
2006,NUTS,2010,BG42,2,0.1096
2007,NUTS,2010,BG42,2,0.1708
2008,NUTS,2010,BG42,2,0.1846
2009,NUTS,2010,BG42,2,0.16
2010,NUTS,2010,BG42,2,0.2059
2011,NUTS,2010,BG42,2,0.2179
2012,NUTS,2010,BG42,2,0.1453
2013,NUTS,2010,BG42,2,0.177
2014,NUTS,2010,BG42,2,0.1599
2015,NUTS,2010,BG42,2,0.1833
2016,NUTS,2010,BG42,2,0.1872
2017,NUTS,2010,BG42,2,0.2121
2018,NUTS,2010,BG42,2,0.2445
2019,NUTS,2010,BG42,2,0.2664
1998,NUTS,2010,CY,0,0.0616
1999,NUTS,2010,CY,0,0.0717
2000,NUTS,2010,CY,0,0.0752
2001,NUTS,2010,CY,0,0.0802
2002,NUTS,2010,CY,0,0.0998
2003,NUTS,2010,CY,0,0.1094
2004,NUTS,2010,CY,0,0.1365
2005,NUTS,2010,CY,0,0.1614
2006,NUTS,2010,CY,0,0.1636
2007,NUTS,2010,CY,0,0.1637
2008,NUTS,2010,CY,0,0.1674
2009,NUTS,2010,CY,0,0.1872
2010,NUTS,2010,CY,0,0.1841
2011,NUTS,2010,CY,0,0.1845
2012,NUTS,2010,CY,0,0.1828
2013,NUTS,2010,CY,0,0.1971
2014,NUTS,2010,CY,0,0.198
2015,NUTS,2010,CY,0,0.1909
2016,NUTS,2010,CY,0,0.1928
2017,NUTS,2010,CY,0,0.2193
2018,NUTS,2010,CY,0,0.238
2019,NUTS,2010,CY,0,0.2776
2000,NUTS,2010,CZ,0,0.1744
2001,NUTS,2010,CZ,0,0.1892
2002,NUTS,2010,CZ,0,0.1915
2003,NUTS,2010,CZ,0,0.2032
2004,NUTS,2010,CZ,0,0.2002
2005,NUTS,2010,CZ,0,0.3114
2006,NUTS,2010,CZ,0,0.3221
2007,NUTS,2010,CZ,0,0.339
2008,NUTS,2010,CZ,0,0.3576
2009,NUTS,2010,CZ,0,0.3599
2010,NUTS,2010,CZ,0,0.3612
2011,NUTS,2010,CZ,0,0.3729
2012,NUTS,2010,CZ,0,0.395
2013,NUTS,2010,CZ,0,0.3993
2014,NUTS,2010,CZ,0,0.4104
2015,NUTS,2010,CZ,0,0.4133
2016,NUTS,2010,CZ,0,0.3896
2017,NUTS,2010,CZ,0,0.4025
2018,NUTS,2010,CZ,0,0.4176
2019,NUTS,2010,CZ,0,0.4438
2020,NUTS,2010,CZ,0,0.4751
2000,NUTS,2010,CZ0,1,0.173
2001,NUTS,2010,CZ0,1,0.1876
2002,NUTS,2010,CZ0,1,0.1894
2003,NUTS,2010,CZ0,1,0.2006
2004,NUTS,2010,CZ0,1,0.198
2005,NUTS,2010,CZ0,1,0.3084
2006,NUTS,2010,CZ0,1,0.3189
2007,NUTS,2010,CZ0,1,0.3352
2008,NUTS,2010,CZ0,1,0.3534
2009,NUTS,2010,CZ0,1,0.3549
2010,NUTS,2010,CZ0,1,0.356
2011,NUTS,2010,CZ0,1,0.3673
2012,NUTS,2010,CZ0,1,0.3889
2013,NUTS,2010,CZ0,1,0.392
2014,NUTS,2010,CZ0,1,0.4034
2015,NUTS,2010,CZ0,1,0.4047
2016,NUTS,2010,CZ0,1,0.3806
2017,NUTS,2010,CZ0,1,0.3929
2018,NUTS,2010,CZ0,1,0.4065
2019,NUTS,2010,CZ0,1,0.4316
2020,NUTS,2010,CZ0,1,0.4623
2001,NUTS,2010,CZ01,2,0.7423
2002,NUTS,2010,CZ01,2,0.7514
2003,NUTS,2010,CZ01,2,0.8278
2004,NUTS,2010,CZ01,2,0.7843
2005,NUTS,2010,CZ01,2,1.1617
2006,NUTS,2010,CZ01,2,1.1584
2007,NUTS,2010,CZ01,2,1.3
2008,NUTS,2010,CZ01,2,1.321
2009,NUTS,2010,CZ01,2,1.2653
2010,NUTS,2010,CZ01,2,1.282
2011,NUTS,2010,CZ01,2,1.3521
2012,NUTS,2010,CZ01,2,1.3194
2013,NUTS,2010,CZ01,2,1.4229
2014,NUTS,2010,CZ01,2,1.3738
2015,NUTS,2010,CZ01,2,1.3753
2016,NUTS,2010,CZ01,2,1.3048
2017,NUTS,2010,CZ01,2,1.3724
2018,NUTS,2010,CZ01,2,1.3863
2019,NUTS,2010,CZ01,2,1.4493
2020,NUTS,2010,CZ01,2,1.4993
2001,NUTS,2010,CZ02,2,0.1228
2002,NUTS,2010,CZ02,2,0.1634
2003,NUTS,2010,CZ02,2,0.1651
2004,NUTS,2010,CZ02,2,0.152
2005,NUTS,2010,CZ02,2,0.1896
2006,NUTS,2010,CZ02,2,0.1998
2007,NUTS,2010,CZ02,2,0.1918
2008,NUTS,2010,CZ02,2,0.233
2009,NUTS,2010,CZ02,2,0.2301
2010,NUTS,2010,CZ02,2,0.1948
2011,NUTS,2010,CZ02,2,0.2227
2012,NUTS,2010,CZ02,2,0.2106
2013,NUTS,2010,CZ02,2,0.1931
2014,NUTS,2010,CZ02,2,0.1819
2015,NUTS,2010,CZ02,2,0.2325
2016,NUTS,2010,CZ02,2,0.1873
2017,NUTS,2010,CZ02,2,0.1995
2018,NUTS,2010,CZ02,2,0.2175
2019,NUTS,2010,CZ02,2,0.2251
2020,NUTS,2010,CZ02,2,0.2386
2001,NUTS,2010,CZ03,2,0.1233
2002,NUTS,2010,CZ03,2,0.1132
2003,NUTS,2010,CZ03,2,0.0867
2004,NUTS,2010,CZ03,2,0.0773
2005,NUTS,2010,CZ03,2,0.145
2006,NUTS,2010,CZ03,2,0.1417
2007,NUTS,2010,CZ03,2,0.1488
2008,NUTS,2010,CZ03,2,0.1417
2009,NUTS,2010,CZ03,2,0.1573
2010,NUTS,2010,CZ03,2,0.1562
2011,NUTS,2010,CZ03,2,0.1686
2012,NUTS,2010,CZ03,2,0.1561
2013,NUTS,2010,CZ03,2,0.1857
2014,NUTS,2010,CZ03,2,0.2301
2015,NUTS,2010,CZ03,2,0.208
2016,NUTS,2010,CZ03,2,0.2168
2017,NUTS,2010,CZ03,2,0.2138
2018,NUTS,2010,CZ03,2,0.2317
2019,NUTS,2010,CZ03,2,0.2586
2020,NUTS,2010,CZ03,2,0.2806
2001,NUTS,2010,CZ04,2,0.053
2002,NUTS,2010,CZ04,2,0.0341
2003,NUTS,2010,CZ04,2,0.0351
2004,NUTS,2010,CZ04,2,0.0368
2005,NUTS,2010,CZ04,2,0.0448
2006,NUTS,2010,CZ04,2,0.0597
2007,NUTS,2010,CZ04,2,0.0548
2008,NUTS,2010,CZ04,2,0.0578
2009,NUTS,2010,CZ04,2,0.0616
2010,NUTS,2010,CZ04,2,0.0591
2011,NUTS,2010,CZ04,2,0.056
2012,NUTS,2010,CZ04,2,0.0664
2013,NUTS,2010,CZ04,2,0.0844
2014,NUTS,2010,CZ04,2,0.0724
2015,NUTS,2010,CZ04,2,0.0739
2016,NUTS,2010,CZ04,2,0.0683
2017,NUTS,2010,CZ04,2,0.0838
2018,NUTS,2010,CZ04,2,0.0986
2019,NUTS,2010,CZ04,2,0.0762
2020,NUTS,2010,CZ04,2,0.0751
2001,NUTS,2010,CZ05,2,0.0606
2002,NUTS,2010,CZ05,2,0.0717
2003,NUTS,2010,CZ05,2,0.0735
2004,NUTS,2010,CZ05,2,0.1058
2005,NUTS,2010,CZ05,2,0.1524
2006,NUTS,2010,CZ05,2,0.186
2007,NUTS,2010,CZ05,2,0.1773
2008,NUTS,2010,CZ05,2,0.1541
2009,NUTS,2010,CZ05,2,0.1578
2010,NUTS,2010,CZ05,2,0.1635
2011,NUTS,2010,CZ05,2,0.2101
2012,NUTS,2010,CZ05,2,0.2148
2013,NUTS,2010,CZ05,2,0.2239
2014,NUTS,2010,CZ05,2,0.2172
2015,NUTS,2010,CZ05,2,0.2217
2016,NUTS,2010,CZ05,2,0.2065
2017,NUTS,2010,CZ05,2,0.2373
2018,NUTS,2010,CZ05,2,0.2299
2019,NUTS,2010,CZ05,2,0.2346
2020,NUTS,2010,CZ05,2,0.2604
2001,NUTS,2010,CZ06,2,0.1453
2002,NUTS,2010,CZ06,2,0.1461
2003,NUTS,2010,CZ06,2,0.1681
2004,NUTS,2010,CZ06,2,0.1802
2005,NUTS,2010,CZ06,2,0.3154
2006,NUTS,2010,CZ06,2,0.3137
2007,NUTS,2010,CZ06,2,0.3275
2008,NUTS,2010,CZ06,2,0.4267
2009,NUTS,2010,CZ06,2,0.4102
2010,NUTS,2010,CZ06,2,0.4182
2011,NUTS,2010,CZ06,2,0.3804
2012,NUTS,2010,CZ06,2,0.4381
2013,NUTS,2010,CZ06,2,0.403
2014,NUTS,2010,CZ06,2,0.4798
2015,NUTS,2010,CZ06,2,0.4504
2016,NUTS,2010,CZ06,2,0.4375
2017,NUTS,2010,CZ06,2,0.4259
2018,NUTS,2010,CZ06,2,0.4401
2019,NUTS,2010,CZ06,2,0.4608
2020,NUTS,2010,CZ06,2,0.5277
2001,NUTS,2010,CZ07,2,0.0763
2002,NUTS,2010,CZ07,2,0.0552
2003,NUTS,2010,CZ07,2,0.0721
2004,NUTS,2010,CZ07,2,0.0838
2005,NUTS,2010,CZ07,2,0.1909
2006,NUTS,2010,CZ07,2,0.1887
2007,NUTS,2010,CZ07,2,0.1525
2008,NUTS,2010,CZ07,2,0.1562
2009,NUTS,2010,CZ07,2,0.1584
2010,NUTS,2010,CZ07,2,0.1895
2011,NUTS,2010,CZ07,2,0.1968
2012,NUTS,2010,CZ07,2,0.2456
2013,NUTS,2010,CZ07,2,0.2904
2014,NUTS,2010,CZ07,2,0.3093
2015,NUTS,2010,CZ07,2,0.3332
2016,NUTS,2010,CZ07,2,0.2956
2017,NUTS,2010,CZ07,2,0.2366
2018,NUTS,2010,CZ07,2,0.2505
2019,NUTS,2010,CZ07,2,0.3252
2020,NUTS,2010,CZ07,2,0.3329
2001,NUTS,2010,CZ08,2,0.0901
2002,NUTS,2010,CZ08,2,0.1074
2003,NUTS,2010,CZ08,2,0.0897
2004,NUTS,2010,CZ08,2,0.084
2005,NUTS,2010,CZ08,2,0.1231
2006,NUTS,2010,CZ08,2,0.1411
2007,NUTS,2010,CZ08,2,0.1606
2008,NUTS,2010,CZ08,2,0.172
2009,NUTS,2010,CZ08,2,0.2024
2010,NUTS,2010,CZ08,2,0.1936
2011,NUTS,2010,CZ08,2,0.1979
2012,NUTS,2010,CZ08,2,0.285
2013,NUTS,2010,CZ08,2,0.1644
2014,NUTS,2010,CZ08,2,0.1817
2015,NUTS,2010,CZ08,2,0.1901
2016,NUTS,2010,CZ08,2,0.1816
2017,NUTS,2010,CZ08,2,0.2077
2018,NUTS,2010,CZ08,2,0.2176
2019,NUTS,2010,CZ08,2,0.23
2020,NUTS,2010,CZ08,2,0.2595
1997,NUTS,2010,DE,0,0.2845
1999,NUTS,2010,DE,0,0.2336
2001,NUTS,2010,DE,0,0.2685
2003,NUTS,2010,DE,0,0.2753
2005,NUTS,2010,DE,0,0.2941
2007,NUTS,2010,DE,0,0.3187
2009,NUTS,2010,DE,0,0.3799
2011,NUTS,2010,DE,0,0.4279
2013,NUTS,2010,DE,0,0.451
2015,NUTS,2010,DE,0,0.4842
2017,NUTS,2010,DE,0,0.5073
2019,NUTS,2010,DE,0,0.5391
1999,NUTS,2010,DK,0,0.4024
2001,NUTS,2010,DK,0,0.4409
2002,NUTS,2010,DK,0,0.542
2003,NUTS,2010,DK,0,0.5603
2005,NUTS,2010,DK,0,0.6388
2007,NUTS,2010,DK,0,0.6808
2009,NUTS,2010,DK,0,0.8617
2010,NUTS,2010,DK,0,0.9338
2011,NUTS,2010,DK,0,1.0029
2012,NUTS,2010,DK,0,1.0247
2013,NUTS,2010,DK,0,1.0742
2015,NUTS,2010,DK,0,1.1007
2017,NUTS,2010,DK,0,1.2077
2019,NUTS,2010,DK,0,1.1531
1999,NUTS,2010,DK0,1,0.3996
2001,NUTS,2010,DK0,1,0.4411
2002,NUTS,2010,DK0,1,0.5303
2003,NUTS,2010,DK0,1,0.5874
2009,NUTS,2010,DK0,1,0.8425
2010,NUTS,2010,DK0,1,0.457
2011,NUTS,2010,DK0,1,0.9842
2013,NUTS,2010,DK0,1,1.1039
2015,NUTS,2010,DK0,1,1.0783
2017,NUTS,2010,DK0,1,1.181
2019,NUTS,2010,DK0,1,1.1285
2009,NUTS,2010,DK01,2,1.8953
2010,NUTS,2010,DK01,2,0.8755
2011,NUTS,2010,DK01,2,1.9858
2013,NUTS,2010,DK01,2,2.1686
2015,NUTS,2010,DK01,2,1.9859
2017,NUTS,2010,DK01,2,2.3645
2019,NUTS,2010,DK01,2,2.1102
2009,NUTS,2010,DK02,2,0.4055
2010,NUTS,2010,DK02,2,0.1678
2011,NUTS,2010,DK02,2,0.3146
2013,NUTS,2010,DK02,2,0.383
2015,NUTS,2010,DK02,2,0.3576
2017,NUTS,2010,DK02,2,0.381
2019,NUTS,2010,DK02,2,0.39
2009,NUTS,2010,DK03,2,0.1955
2010,NUTS,2010,DK03,2,0.2011
2011,NUTS,2010,DK03,2,0.4711
2013,NUTS,2010,DK03,2,0.5452
2015,NUTS,2010,DK03,2,0.7376
2017,NUTS,2010,DK03,2,0.399
2019,NUTS,2010,DK03,2,0.454
2009,NUTS,2010,DK04,2,0.4322
2010,NUTS,2010,DK04,2,0.3783
2011,NUTS,2010,DK04,2,0.6621
2013,NUTS,2010,DK04,2,0.7488
2015,NUTS,2010,DK04,2,0.7288
2017,NUTS,2010,DK04,2,0.6893
2019,NUTS,2010,DK04,2,0.7987
2009,NUTS,2010,DK05,2,0.7099
2010,NUTS,2010,DK05,2,0.2495
2011,NUTS,2010,DK05,2,0.3553
2013,NUTS,2010,DK05,2,0.4498
2015,NUTS,2010,DK05,2,0.4124
2017,NUTS,2010,DK05,2,0.7851
2019,NUTS,2010,DK05,2,0.8269
1998,NUTS,2010,EE,0,0.4202
1999,NUTS,2010,EE,0,0.4487
2000,NUTS,2010,EE,0,0.3975
2001,NUTS,2010,EE,0,0.4018
2002,NUTS,2010,EE,0,0.4507
2003,NUTS,2010,EE,0,0.4451
2004,NUTS,2010,EE,0,0.481
2005,NUTS,2010,EE,0,0.4405
2006,NUTS,2010,EE,0,0.4589
2007,NUTS,2010,EE,0,0.4971
2008,NUTS,2010,EE,0,0.4887
2009,NUTS,2010,EE,0,0.6068
2010,NUTS,2010,EE,0,0.5923
2011,NUTS,2010,EE,0,0.6445
2012,NUTS,2010,EE,0,0.6587
2013,NUTS,2010,EE,0,0.6279
2014,NUTS,2010,EE,0,0.63
2015,NUTS,2010,EE,0,0.6103
2016,NUTS,2010,EE,0,0.5977
2017,NUTS,2010,EE,0,0.6179
2018,NUTS,2010,EE,0,0.6856
2019,NUTS,2010,EE,0,0.6625
2001,NUTS,2010,EL,0,0.3087
2003,NUTS,2010,EL,0,0.321
2005,NUTS,2010,EL,0,0.3679
2011,NUTS,2010,EL,0,0.5913
2013,NUTS,2010,EL,0,0.8017
2015,NUTS,2010,EL,0,0.8324
2019,NUTS,2010,EL,0,0.9706
2003,NUTS,2010,EL3,1,0.4475
2005,NUTS,2010,EL3,1,0.476
2011,NUTS,2010,EL3,1,0.6644
2003,NUTS,2010,EL30,2,0.4475
2005,NUTS,2010,EL30,2,0.476
2011,NUTS,2010,EL30,2,0.6644
2003,NUTS,2010,EL4,1,0.2277
2005,NUTS,2010,EL4,1,0.2553
2011,NUTS,2010,EL4,1,0.6291
2003,NUTS,2010,EL41,2,0.2471
2005,NUTS,2010,EL41,2,0.2693
2011,NUTS,2010,EL41,2,0.2474
2003,NUTS,2010,EL42,2,0.0695
2005,NUTS,2010,EL42,2,0.0893
2011,NUTS,2010,EL42,2,0.2078
2003,NUTS,2010,EL43,2,0.3386
2005,NUTS,2010,EL43,2,0.3208
2011,NUTS,2010,EL43,2,0.9315
2011,NUTS,2010,EL5,1,0.6266
2003,NUTS,2010,EL51,2,0.1492
2005,NUTS,2010,EL51,2,0.2299
2011,NUTS,2010,EL51,2,0.415
2003,NUTS,2010,EL52,2,0.3489
2005,NUTS,2010,EL52,2,0.4721
2011,NUTS,2010,EL52,2,0.6929
2003,NUTS,2010,EL53,2,0.1145
2005,NUTS,2010,EL53,2,0.1098
2011,NUTS,2010,EL53,2,0.3087
2003,NUTS,2010,EL54,2,0.2836
2005,NUTS,2010,EL54,2,0.4722
2011,NUTS,2010,EL54,2,0.8649
2011,NUTS,2010,EL6,1,0.3497
2003,NUTS,2010,EL61,2,0.2473
2005,NUTS,2010,EL61,2,0.1628
2011,NUTS,2010,EL61,2,0.4447
2003,NUTS,2010,EL62,2,0.089
2005,NUTS,2010,EL62,2,0.1227
2011,NUTS,2010,EL62,2,0.093
2003,NUTS,2010,EL63,2,0.3982
2005,NUTS,2010,EL63,2,0.3589
2011,NUTS,2010,EL63,2,0.6628
2003,NUTS,2010,EL64,2,0.0525
2005,NUTS,2010,EL64,2,0.0739
2011,NUTS,2010,EL64,2,0.1294
2003,NUTS,2010,EL65,2,0.0309
2005,NUTS,2010,EL65,2,0.1388
2011,NUTS,2010,EL65,2,0.2053
1997,NUTS,2010,ES,0,0.377
1999,NUTS,2010,ES,0,0.383
2001,NUTS,2010,ES,0,0.4731
2002,NUTS,2010,ES,0,0.4689
2003,NUTS,2010,ES,0,0.5054
2004,NUTS,2010,ES,0,0.5282
2005,NUTS,2010,ES,0,0.5389
2006,NUTS,2010,ES,0,0.5372
2007,NUTS,2010,ES,0,0.5486
2008,NUTS,2010,ES,0,0.5807
2009,NUTS,2010,ES,0,0.6197
2010,NUTS,2010,ES,0,0.6293
2011,NUTS,2010,ES,0,0.6124
2012,NUTS,2010,ES,0,0.6129
2013,NUTS,2010,ES,0,0.6151
2014,NUTS,2010,ES,0,0.6007
2015,NUTS,2010,ES,0,0.5936
2016,NUTS,2010,ES,0,0.5989
2017,NUTS,2010,ES,0,0.6087
2018,NUTS,2010,ES,0,0.6236
2019,NUTS,2010,ES,0,0.6415
2003,NUTS,2010,ES1,1,0.4069
2004,NUTS,2010,ES1,1,0.4818
2005,NUTS,2010,ES1,1,0.4589
2006,NUTS,2010,ES1,1,0.4084
2007,NUTS,2010,ES1,1,0.4208
2008,NUTS,2010,ES1,1,0.45
2009,NUTS,2010,ES1,1,0.4811
2010,NUTS,2010,ES1,1,0.5357
2011,NUTS,2010,ES1,1,0.4965
2012,NUTS,2010,ES1,1,0.4574
2013,NUTS,2010,ES1,1,0.4654
2014,NUTS,2010,ES1,1,0.4473
2015,NUTS,2010,ES1,1,0.4474
2016,NUTS,2010,ES1,1,0.4423
2017,NUTS,2010,ES1,1,0.4669
2018,NUTS,2010,ES1,1,0.5129
2019,NUTS,2010,ES1,1,0.522
2003,NUTS,2010,ES11,2,0.4379
2004,NUTS,2010,ES11,2,0.5199
2005,NUTS,2010,ES11,2,0.5091
2006,NUTS,2010,ES11,2,0.4133
2007,NUTS,2010,ES11,2,0.4205
2008,NUTS,2010,ES11,2,0.452
2009,NUTS,2010,ES11,2,0.4717
2010,NUTS,2010,ES11,2,0.5384
2011,NUTS,2010,ES11,2,0.4982
2012,NUTS,2010,ES11,2,0.4481
2013,NUTS,2010,ES11,2,0.4646
2014,NUTS,2010,ES11,2,0.4608
2015,NUTS,2010,ES11,2,0.4497
2016,NUTS,2010,ES11,2,0.4498
2017,NUTS,2010,ES11,2,0.4814
2018,NUTS,2010,ES11,2,0.5125
2019,NUTS,2010,ES11,2,0.5257
2003,NUTS,2010,ES12,2,0.4498
2004,NUTS,2010,ES12,2,0.4227
2005,NUTS,2010,ES12,2,0.4357
2006,NUTS,2010,ES12,2,0.4181
2007,NUTS,2010,ES12,2,0.4292
2008,NUTS,2010,ES12,2,0.4707
2009,NUTS,2010,ES12,2,0.5508
2010,NUTS,2010,ES12,2,0.5652
2011,NUTS,2010,ES12,2,0.5133
2012,NUTS,2010,ES12,2,0.5015
2013,NUTS,2010,ES12,2,0.5006
2014,NUTS,2010,ES12,2,0.4381
2015,NUTS,2010,ES12,2,0.437
2016,NUTS,2010,ES12,2,0.4276
2017,NUTS,2010,ES12,2,0.4609
2018,NUTS,2010,ES12,2,0.5502
2019,NUTS,2010,ES12,2,0.5473
2003,NUTS,2010,ES13,2,0.1677
2004,NUTS,2010,ES13,2,0.3925
2005,NUTS,2010,ES13,2,0.2489
2006,NUTS,2010,ES13,2,0.3675
2007,NUTS,2010,ES13,2,0.4084
2008,NUTS,2010,ES13,2,0.4038
2009,NUTS,2010,ES13,2,0.4045
2010,NUTS,2010,ES13,2,0.4721
2011,NUTS,2010,ES13,2,0.4589
2012,NUTS,2010,ES13,2,0.4266
2013,NUTS,2010,ES13,2,0.4076
2014,NUTS,2010,ES13,2,0.4023
2015,NUTS,2010,ES13,2,0.4559
2016,NUTS,2010,ES13,2,0.4342
2017,NUTS,2010,ES13,2,0.4124
2018,NUTS,2010,ES13,2,0.4507
2019,NUTS,2010,ES13,2,0.463
2003,NUTS,2010,ES2,1,0.6375
2004,NUTS,2010,ES2,1,0.6514
2005,NUTS,2010,ES2,1,0.6942
2006,NUTS,2010,ES2,1,0.707
2007,NUTS,2010,ES2,1,0.7289
2008,NUTS,2010,ES2,1,0.7771
2009,NUTS,2010,ES2,1,0.8275
2010,NUTS,2010,ES2,1,0.8323
2011,NUTS,2010,ES2,1,0.8398
2012,NUTS,2010,ES2,1,0.8728
2013,NUTS,2010,ES2,1,0.8761
2014,NUTS,2010,ES2,1,0.8801
2015,NUTS,2010,ES2,1,0.8602
2016,NUTS,2010,ES2,1,0.8582
2017,NUTS,2010,ES2,1,0.8944
2018,NUTS,2010,ES2,1,0.8907
2019,NUTS,2010,ES2,1,0.889
2003,NUTS,2010,ES21,2,0.5911
2004,NUTS,2010,ES21,2,0.5988
2005,NUTS,2010,ES21,2,0.6884
2006,NUTS,2010,ES21,2,0.6836
2007,NUTS,2010,ES21,2,0.7488
2008,NUTS,2010,ES21,2,0.8004
2009,NUTS,2010,ES21,2,0.8568
2010,NUTS,2010,ES21,2,0.8339
2011,NUTS,2010,ES21,2,0.8977
2012,NUTS,2010,ES21,2,0.9889
2013,NUTS,2010,ES21,2,1.0153
2014,NUTS,2010,ES21,2,1.0232
2015,NUTS,2010,ES21,2,1.0082
2016,NUTS,2010,ES21,2,0.9909
2017,NUTS,2010,ES21,2,1.0703
2018,NUTS,2010,ES21,2,1.0711
2019,NUTS,2010,ES21,2,1.0697
2003,NUTS,2010,ES22,2,1.0747
2004,NUTS,2010,ES22,2,1.0807
2005,NUTS,2010,ES22,2,1.0402
2006,NUTS,2010,ES22,2,1.1623
2007,NUTS,2010,ES22,2,0.9803
2008,NUTS,2010,ES22,2,1.0604
2009,NUTS,2010,ES22,2,1.037
2010,NUTS,2010,ES22,2,1.032
2011,NUTS,2010,ES22,2,0.9831
2012,NUTS,2010,ES22,2,0.991
2013,NUTS,2010,ES22,2,0.9635
2014,NUTS,2010,ES22,2,0.9434
2015,NUTS,2010,ES22,2,0.9523
2016,NUTS,2010,ES22,2,0.9406
2017,NUTS,2010,ES22,2,0.9447
2018,NUTS,2010,ES22,2,0.9211
2019,NUTS,2010,ES22,2,0.9363
2003,NUTS,2010,ES23,2,0.3466
2004,NUTS,2010,ES23,2,0.4285
2005,NUTS,2010,ES23,2,0.3183
2006,NUTS,2010,ES23,2,0.3588
2007,NUTS,2010,ES23,2,0.4389
2008,NUTS,2010,ES23,2,0.5129
2009,NUTS,2010,ES23,2,0.5893
2010,NUTS,2010,ES23,2,0.6472
2011,NUTS,2010,ES23,2,0.599
2012,NUTS,2010,ES23,2,0.6805
2013,NUTS,2010,ES23,2,0.6218
2014,NUTS,2010,ES23,2,0.671
2015,NUTS,2010,ES23,2,0.658
2016,NUTS,2010,ES23,2,0.7035
2017,NUTS,2010,ES23,2,0.6131
2018,NUTS,2010,ES23,2,0.6178
2019,NUTS,2010,ES23,2,0.5674
2003,NUTS,2010,ES24,2,0.5653
2004,NUTS,2010,ES24,2,0.586
2005,NUTS,2010,ES24,2,0.6218
2006,NUTS,2010,ES24,2,0.605
2007,NUTS,2010,ES24,2,0.6429
2008,NUTS,2010,ES24,2,0.6652
2009,NUTS,2010,ES24,2,0.7346
2010,NUTS,2010,ES24,2,0.7724
2011,NUTS,2010,ES24,2,0.7195
2012,NUTS,2010,ES24,2,0.6563
2013,NUTS,2010,ES24,2,0.6479
2014,NUTS,2010,ES24,2,0.6446
2015,NUTS,2010,ES24,2,0.6029
2016,NUTS,2010,ES24,2,0.6256
2017,NUTS,2010,ES24,2,0.639
2018,NUTS,2010,ES24,2,0.6362
2019,NUTS,2010,ES24,2,0.6381
2003,NUTS,2010,ES3,1,0.7242
2004,NUTS,2010,ES3,1,0.7326
2005,NUTS,2010,ES3,1,0.7664
2006,NUTS,2010,ES3,1,0.7658
2007,NUTS,2010,ES3,1,0.8035
2008,NUTS,2010,ES3,1,0.8444
2009,NUTS,2010,ES3,1,0.892
2010,NUTS,2010,ES3,1,0.8728
2011,NUTS,2010,ES3,1,0.8301
2012,NUTS,2010,ES3,1,0.8022
2013,NUTS,2010,ES3,1,0.8398
2014,NUTS,2010,ES3,1,0.8228
2015,NUTS,2010,ES3,1,0.7978
2016,NUTS,2010,ES3,1,0.8378
2017,NUTS,2010,ES3,1,0.8448
2018,NUTS,2010,ES3,1,0.8882
2019,NUTS,2010,ES3,1,0.9506
2003,NUTS,2010,ES30,2,0.7242
2004,NUTS,2010,ES30,2,0.7326
2005,NUTS,2010,ES30,2,0.7664
2006,NUTS,2010,ES30,2,0.7658
2007,NUTS,2010,ES30,2,0.8035
2008,NUTS,2010,ES30,2,0.8444
2009,NUTS,2010,ES30,2,0.892
2010,NUTS,2010,ES30,2,0.8728
2011,NUTS,2010,ES30,2,0.8301
2012,NUTS,2010,ES30,2,0.8022
2013,NUTS,2010,ES30,2,0.8398
2014,NUTS,2010,ES30,2,0.8228
2015,NUTS,2010,ES30,2,0.7978
2016,NUTS,2010,ES30,2,0.8378
2017,NUTS,2010,ES30,2,0.8448
2018,NUTS,2010,ES30,2,0.8882
2019,NUTS,2010,ES30,2,0.9506
2003,NUTS,2010,ES4,1,0.4091
2004,NUTS,2010,ES4,1,0.4151
2005,NUTS,2010,ES4,1,0.3826
2006,NUTS,2010,ES4,1,0.3981
2007,NUTS,2010,ES4,1,0.3871
2008,NUTS,2010,ES4,1,0.4187
2009,NUTS,2010,ES4,1,0.4486
2010,NUTS,2010,ES4,1,0.4361
2011,NUTS,2010,ES4,1,0.4296
2012,NUTS,2010,ES4,1,0.4282
2013,NUTS,2010,ES4,1,0.4073
2014,NUTS,2010,ES4,1,0.4025
2015,NUTS,2010,ES4,1,0.4142
2016,NUTS,2010,ES4,1,0.4162
2017,NUTS,2010,ES4,1,0.4236
2018,NUTS,2010,ES4,1,0.4279
2019,NUTS,2010,ES4,1,0.4569
2003,NUTS,2010,ES41,2,0.607
2004,NUTS,2010,ES41,2,0.6267
2005,NUTS,2010,ES41,2,0.5718
2006,NUTS,2010,ES41,2,0.6059
2007,NUTS,2010,ES41,2,0.5733
2008,NUTS,2010,ES41,2,0.6083
2009,NUTS,2010,ES41,2,0.6552
2010,NUTS,2010,ES41,2,0.607
2011,NUTS,2010,ES41,2,0.6031
2012,NUTS,2010,ES41,2,0.6059
2013,NUTS,2010,ES41,2,0.5917
2014,NUTS,2010,ES41,2,0.5855
2015,NUTS,2010,ES41,2,0.5904
2016,NUTS,2010,ES41,2,0.5952
2017,NUTS,2010,ES41,2,0.6038
2018,NUTS,2010,ES41,2,0.6201
2019,NUTS,2010,ES41,2,0.6566
2003,NUTS,2010,ES42,2,0.1625
2004,NUTS,2010,ES42,2,0.1721
2005,NUTS,2010,ES42,2,0.1692
2006,NUTS,2010,ES42,2,0.1506
2007,NUTS,2010,ES42,2,0.1788
2008,NUTS,2010,ES42,2,0.2005
2009,NUTS,2010,ES42,2,0.2192
2010,NUTS,2010,ES42,2,0.2369
2011,NUTS,2010,ES42,2,0.2369
2012,NUTS,2010,ES42,2,0.2165
2013,NUTS,2010,ES42,2,0.1773
2014,NUTS,2010,ES42,2,0.1892
2015,NUTS,2010,ES42,2,0.2016
2016,NUTS,2010,ES42,2,0.2152
2017,NUTS,2010,ES42,2,0.2213
2018,NUTS,2010,ES42,2,0.1975
2019,NUTS,2010,ES42,2,0.2001
2003,NUTS,2010,ES43,2,0.3381
2004,NUTS,2010,ES43,2,0.2832
2005,NUTS,2010,ES43,2,0.2665
2006,NUTS,2010,ES43,2,0.2979
2007,NUTS,2010,ES43,2,0.3002
2008,NUTS,2010,ES43,2,0.3515
2009,NUTS,2010,ES43,2,0.3509
2010,NUTS,2010,ES43,2,0.3635
2011,NUTS,2010,ES43,2,0.3449
2012,NUTS,2010,ES43,2,0.3574
2013,NUTS,2010,ES43,2,0.3587
2014,NUTS,2010,ES43,2,0.3226
2015,NUTS,2010,ES43,2,0.3526
2016,NUTS,2010,ES43,2,0.3192
2017,NUTS,2010,ES43,2,0.3374
2018,NUTS,2010,ES43,2,0.3741
2019,NUTS,2010,ES43,2,0.4541
2003,NUTS,2010,ES5,1,0.4866
2004,NUTS,2010,ES5,1,0.5008
2005,NUTS,2010,ES5,1,0.5072
2006,NUTS,2010,ES5,1,0.525
2007,NUTS,2010,ES5,1,0.537
2008,NUTS,2010,ES5,1,0.5667
2009,NUTS,2010,ES5,1,0.601
2010,NUTS,2010,ES5,1,0.6306
2011,NUTS,2010,ES5,1,0.6141
2012,NUTS,2010,ES5,1,0.6243
2013,NUTS,2010,ES5,1,0.6257
2014,NUTS,2010,ES5,1,0.6095
2015,NUTS,2010,ES5,1,0.6067
2016,NUTS,2010,ES5,1,0.6202
2017,NUTS,2010,ES5,1,0.626
2018,NUTS,2010,ES5,1,0.6255
2019,NUTS,2010,ES5,1,0.6365
2003,NUTS,2010,ES51,2,0.5559
2004,NUTS,2010,ES51,2,0.5744
2005,NUTS,2010,ES51,2,0.5929
2006,NUTS,2010,ES51,2,0.6317
2007,NUTS,2010,ES51,2,0.6303
2008,NUTS,2010,ES51,2,0.6506
2009,NUTS,2010,ES51,2,0.6836
2010,NUTS,2010,ES51,2,0.7106
2011,NUTS,2010,ES51,2,0.6784
2012,NUTS,2010,ES51,2,0.7078
2013,NUTS,2010,ES51,2,0.7214
2014,NUTS,2010,ES51,2,0.7034
2015,NUTS,2010,ES51,2,0.7303
2016,NUTS,2010,ES51,2,0.7385
2017,NUTS,2010,ES51,2,0.7414
2018,NUTS,2010,ES51,2,0.7352
2019,NUTS,2010,ES51,2,0.7269
2003,NUTS,2010,ES52,2,0.4537
2004,NUTS,2010,ES52,2,0.4602
2005,NUTS,2010,ES52,2,0.4324
2006,NUTS,2010,ES52,2,0.4202
2007,NUTS,2010,ES52,2,0.4589
2008,NUTS,2010,ES52,2,0.5081
2009,NUTS,2010,ES52,2,0.5501
2010,NUTS,2010,ES52,2,0.5761
2011,NUTS,2010,ES52,2,0.5806
2012,NUTS,2010,ES52,2,0.5613
2013,NUTS,2010,ES52,2,0.5488
2014,NUTS,2010,ES52,2,0.532
2015,NUTS,2010,ES52,2,0.4978
2016,NUTS,2010,ES52,2,0.5117
2017,NUTS,2010,ES52,2,0.5123
2018,NUTS,2010,ES52,2,0.5213
2019,NUTS,2010,ES52,2,0.5573
2003,NUTS,2010,ES53,2,0.1385
2004,NUTS,2010,ES53,2,0.1538
2005,NUTS,2010,ES53,2,0.1992
2006,NUTS,2010,ES53,2,0.2106
2007,NUTS,2010,ES53,2,0.2032
2008,NUTS,2010,ES53,2,0.2191
2009,NUTS,2010,ES53,2,0.2441
2010,NUTS,2010,ES53,2,0.2998
2011,NUTS,2010,ES53,2,0.301
2012,NUTS,2010,ES53,2,0.3109
2013,NUTS,2010,ES53,2,0.2899
2014,NUTS,2010,ES53,2,0.2892
2015,NUTS,2010,ES53,2,0.2486
2016,NUTS,2010,ES53,2,0.2869
2017,NUTS,2010,ES53,2,0.3165
2018,NUTS,2010,ES53,2,0.326
2019,NUTS,2010,ES53,2,0.3515
2003,NUTS,2010,ES6,1,0.402
2004,NUTS,2010,ES6,1,0.4336
2005,NUTS,2010,ES6,1,0.4406
2006,NUTS,2010,ES6,1,0.4311
2007,NUTS,2010,ES6,1,0.4335
2008,NUTS,2010,ES6,1,0.4481
2009,NUTS,2010,ES6,1,0.4935
2010,NUTS,2010,ES6,1,0.4945
2011,NUTS,2010,ES6,1,0.4957
2012,NUTS,2010,ES6,1,0.4978
2013,NUTS,2010,ES6,1,0.4946
2014,NUTS,2010,ES6,1,0.4739
2015,NUTS,2010,ES6,1,0.4722
2016,NUTS,2010,ES6,1,0.4464
2017,NUTS,2010,ES6,1,0.4505
2018,NUTS,2010,ES6,1,0.4634
2019,NUTS,2010,ES6,1,0.4592
2003,NUTS,2010,ES61,2,0.4183
2004,NUTS,2010,ES61,2,0.4466
2005,NUTS,2010,ES61,2,0.45
2006,NUTS,2010,ES61,2,0.4056
2007,NUTS,2010,ES61,2,0.4068
2008,NUTS,2010,ES61,2,0.4254
2009,NUTS,2010,ES61,2,0.473
2010,NUTS,2010,ES61,2,0.4684
2011,NUTS,2010,ES61,2,0.4684
2012,NUTS,2010,ES61,2,0.4717
2013,NUTS,2010,ES61,2,0.4695
2014,NUTS,2010,ES61,2,0.4503
2015,NUTS,2010,ES61,2,0.4425
2016,NUTS,2010,ES61,2,0.4225
2017,NUTS,2010,ES61,2,0.4271
2018,NUTS,2010,ES61,2,0.4358
2019,NUTS,2010,ES61,2,0.4296
2003,NUTS,2010,ES62,2,0.3453
2004,NUTS,2010,ES62,2,0.394
2005,NUTS,2010,ES62,2,0.4167
2006,NUTS,2010,ES62,2,0.5795
2007,NUTS,2010,ES62,2,0.5885
2008,NUTS,2010,ES62,2,0.5781
2009,NUTS,2010,ES62,2,0.6258
2010,NUTS,2010,ES62,2,0.6588
2011,NUTS,2010,ES62,2,0.6692
2012,NUTS,2010,ES62,2,0.6614
2013,NUTS,2010,ES62,2,0.6564
2014,NUTS,2010,ES62,2,0.6273
2015,NUTS,2010,ES62,2,0.6698
2016,NUTS,2010,ES62,2,0.5989
2017,NUTS,2010,ES62,2,0.5972
2018,NUTS,2010,ES62,2,0.6287
2019,NUTS,2010,ES62,2,0.6332
2003,NUTS,2010,ES63,2,0.2319
2004,NUTS,2010,ES63,2,0.1362
2005,NUTS,2010,ES63,2,0.1156
2006,NUTS,2010,ES63,2,0.1378
2007,NUTS,2010,ES63,2,0.1088
2008,NUTS,2010,ES63,2,0.0989
2009,NUTS,2010,ES63,2,0.0479
2010,NUTS,2010,ES63,2,0.044
2011,NUTS,2010,ES63,2,0.0489
2012,NUTS,2010,ES63,2,0.0506
2013,NUTS,2010,ES63,2,0.0705
2014,NUTS,2010,ES63,2,0.0632
2015,NUTS,2010,ES63,2,0.0463
2004,NUTS,2010,ES64,2,0.1071
2005,NUTS,2010,ES64,2,0.1139
2006,NUTS,2010,ES64,2,0.2313
2007,NUTS,2010,ES64,2,0.1728
2008,NUTS,2010,ES64,2,0.273
2009,NUTS,2010,ES64,2,0.1329
2010,NUTS,2010,ES64,2,0.092
2011,NUTS,2010,ES64,2,0.098
2012,NUTS,2010,ES64,2,0.0903
2013,NUTS,2010,ES64,2,0.1279
2014,NUTS,2010,ES64,2,0.0832
2015,NUTS,2010,ES64,2,0.0739
2003,NUTS,2010,ES7,1,0.3635
2004,NUTS,2010,ES7,1,0.4127
2005,NUTS,2010,ES7,1,0.386
2006,NUTS,2010,ES7,1,0.3319
2007,NUTS,2010,ES7,1,0.3302
2008,NUTS,2010,ES7,1,0.3473
2009,NUTS,2010,ES7,1,0.3504
2010,NUTS,2010,ES7,1,0.3088
2011,NUTS,2010,ES7,1,0.2851
2012,NUTS,2010,ES7,1,0.3013
2013,NUTS,2010,ES7,1,0.2811
2014,NUTS,2010,ES7,1,0.2724
2015,NUTS,2010,ES7,1,0.2281
2016,NUTS,2010,ES7,1,0.2334
2017,NUTS,2010,ES7,1,0.2347
2018,NUTS,2010,ES7,1,0.2465
2019,NUTS,2010,ES7,1,0.243
2003,NUTS,2010,ES70,2,0.3635
2004,NUTS,2010,ES70,2,0.4127
2005,NUTS,2010,ES70,2,0.386
2006,NUTS,2010,ES70,2,0.3319
2007,NUTS,2010,ES70,2,0.3302
2008,NUTS,2010,ES70,2,0.3473
2009,NUTS,2010,ES70,2,0.3504
2010,NUTS,2010,ES70,2,0.3088
2011,NUTS,2010,ES70,2,0.2851
2012,NUTS,2010,ES70,2,0.3013
2013,NUTS,2010,ES70,2,0.2811
2014,NUTS,2010,ES70,2,0.2724
2015,NUTS,2010,ES70,2,0.2281
2016,NUTS,2010,ES70,2,0.2334
2017,NUTS,2010,ES70,2,0.2347
2018,NUTS,2010,ES70,2,0.2465
2019,NUTS,2010,ES70,2,0.243
2010,NUTS,2010,FR,0,0.3636
2011,NUTS,2010,FR,0,0.5127
2012,NUTS,2010,FR,0,0.5297
2013,NUTS,2010,FR,0,0.544
2014,NUTS,2010,FR,0,0.5519
2016,NUTS,2010,FR,0,0.6241
2017,NUTS,2010,FR,0,0.651
2002,NUTS,2010,HR,0,0.5549
2003,NUTS,2010,HR,0,0.4228
2004,NUTS,2010,HR,0,0.4867
2005,NUTS,2010,HR,0,0.4003
2006,NUTS,2010,HR,0,0.3906
2007,NUTS,2010,HR,0,0.3894
2008,NUTS,2010,HR,0,0.4298
2009,NUTS,2010,HR,0,0.4384
2010,NUTS,2010,HR,0,0.4653
2011,NUTS,2010,HR,0,0.472
2012,NUTS,2010,HR,0,0.4808
2013,NUTS,2010,HR,0,0.4719
2014,NUTS,2010,HR,0,0.4417
2015,NUTS,2010,HR,0,0.4393
2016,NUTS,2010,HR,0,0.5217
2017,NUTS,2010,HR,0,0.5074
2018,NUTS,2010,HR,0,0.513
2019,NUTS,2010,HR,0,0.5531
2020,NUTS,2010,HR,0,0.5861
2002,NUTS,2010,HR0,1,0.541
2003,NUTS,2010,HR0,1,0.4117
2004,NUTS,2010,HR0,1,0.4625
2005,NUTS,2010,HR0,1,0.3839
2006,NUTS,2010,HR0,1,0.373
2007,NUTS,2010,HR0,1,0.3787
2008,NUTS,2010,HR0,1,0.4168
2009,NUTS,2010,HR0,1,0.4256
2010,NUTS,2010,HR0,1,0.4526
2011,NUTS,2010,HR0,1,0.4589
2012,NUTS,2010,HR0,1,0.4695
2013,NUTS,2010,HR0,1,0.4631
2014,NUTS,2010,HR0,1,0.4349
2015,NUTS,2010,HR0,1,0.4324
2016,NUTS,2010,HR0,1,0.5155
2017,NUTS,2010,HR0,1,0.5013
2018,NUTS,2010,HR0,1,0.5063
2019,NUTS,2010,HR0,1,0.544
2020,NUTS,2010,HR0,1,0.5785
2008,NUTS,2010,HR03,2,0.2988
2009,NUTS,2010,HR03,2,0.3046
2010,NUTS,2010,HR03,2,0.3126
2011,NUTS,2010,HR03,2,0.3212
2012,NUTS,2010,HR03,2,0.3271
2013,NUTS,2010,HR03,2,0.3292
2014,NUTS,2010,HR03,2,0.3075
2015,NUTS,2010,HR03,2,0.293
2016,NUTS,2010,HR03,2,0.3614
2017,NUTS,2010,HR03,2,0.3361
2018,NUTS,2010,HR03,2,0.3325
2019,NUTS,2010,HR03,2,0.4001
2020,NUTS,2010,HR03,2,0.4263
2008,NUTS,2010,HR04,2,0.4694
2009,NUTS,2010,HR04,2,0.4797
2010,NUTS,2010,HR04,2,0.5175
2011,NUTS,2010,HR04,2,0.522
2012,NUTS,2010,HR04,2,0.5366
2013,NUTS,2010,HR04,2,0.5264
2014,NUTS,2010,HR04,2,0.4985
2015,NUTS,2010,HR04,2,0.5014
2016,NUTS,2010,HR04,2,0.5879
2017,NUTS,2010,HR04,2,0.5814
2018,NUTS,2010,HR04,2,0.5896
2019,NUTS,2010,HR04,2,0.612
2006,NUTS,2010,HU,0,0.3091
2007,NUTS,2010,HU,0,0.3126
2008,NUTS,2010,HU,0,0.3266
2009,NUTS,2010,HU,0,0.3286
2010,NUTS,2010,HU,0,0.3455
2011,NUTS,2010,HU,0,0.3688
2012,NUTS,2010,HU,0,0.3574
2013,NUTS,2010,HU,0,0.3531
2014,NUTS,2010,HU,0,0.3473
2015,NUTS,2010,HU,0,0.3341
2016,NUTS,2010,HU,0,0.3275
2017,NUTS,2010,HU,0,0.3615
2018,NUTS,2010,HU,0,0.4328
2019,NUTS,2010,HU,0,0.4939
2006,NUTS,2010,HU1,1,0.6066
2007,NUTS,2010,HU1,1,0.6066
2008,NUTS,2010,HU1,1,0.6506
2009,NUTS,2010,HU1,1,0.6988
2010,NUTS,2010,HU1,1,0.7528
2011,NUTS,2010,HU1,1,0.792
2012,NUTS,2010,HU1,1,0.74
2013,NUTS,2010,HU1,1,0.737
2014,NUTS,2010,HU1,1,0.7363
2015,NUTS,2010,HU1,1,0.7145
2016,NUTS,2010,HU1,1,0.7004
2017,NUTS,2010,HU1,1,0.7789
2018,NUTS,2010,HU1,1,0.9226
2019,NUTS,2010,HU1,1,1.0366
2006,NUTS,2010,HU10,2,0.6066
2007,NUTS,2010,HU10,2,0.6066
2008,NUTS,2010,HU10,2,0.6506
2009,NUTS,2010,HU10,2,0.6988
2010,NUTS,2010,HU10,2,0.7528
2011,NUTS,2010,HU10,2,0.792
2012,NUTS,2010,HU10,2,0.74
2013,NUTS,2010,HU10,2,0.737
2014,NUTS,2010,HU10,2,0.7363
2015,NUTS,2010,HU10,2,0.7145
2016,NUTS,2010,HU10,2,0.7004
2017,NUTS,2010,HU11,2,1.1584
2018,NUTS,2010,HU11,2,1.3813
2019,NUTS,2010,HU11,2,1.6146
2017,NUTS,2010,HU12,2,0.1842
2018,NUTS,2010,HU12,2,0.2343
2019,NUTS,2010,HU12,2,0.2043
2006,NUTS,2010,HU2,1,0.1367
2007,NUTS,2010,HU2,1,0.1316
2008,NUTS,2010,HU2,1,0.125
2009,NUTS,2010,HU2,1,0.1334
2010,NUTS,2010,HU2,1,0.1454
2011,NUTS,2010,HU2,1,0.1641
2012,NUTS,2010,HU2,1,0.1756
2013,NUTS,2010,HU2,1,0.1759
2014,NUTS,2010,HU2,1,0.1679
2015,NUTS,2010,HU2,1,0.1557
2016,NUTS,2010,HU2,1,0.1497
2017,NUTS,2010,HU2,1,0.1722
2018,NUTS,2010,HU2,1,0.2144
2019,NUTS,2010,HU2,1,0.2433
2006,NUTS,2010,HU21,2,0.1231
2007,NUTS,2010,HU21,2,0.1061
2008,NUTS,2010,HU21,2,0.1065
2009,NUTS,2010,HU21,2,0.1177
2010,NUTS,2010,HU21,2,0.1155
2011,NUTS,2010,HU21,2,0.1367
2012,NUTS,2010,HU21,2,0.1822
2013,NUTS,2010,HU21,2,0.2003
2014,NUTS,2010,HU21,2,0.1892
2015,NUTS,2010,HU21,2,0.1825
2016,NUTS,2010,HU21,2,0.1778
2017,NUTS,2010,HU21,2,0.1933
2018,NUTS,2010,HU21,2,0.2305
2019,NUTS,2010,HU21,2,0.24
2006,NUTS,2010,HU22,2,0.1091
2007,NUTS,2010,HU22,2,0.1132
2008,NUTS,2010,HU22,2,0.1194
2009,NUTS,2010,HU22,2,0.1275
2010,NUTS,2010,HU22,2,0.1351
2011,NUTS,2010,HU22,2,0.1287
2012,NUTS,2010,HU22,2,0.1267
2013,NUTS,2010,HU22,2,0.1501
2014,NUTS,2010,HU22,2,0.127
2015,NUTS,2010,HU22,2,0.1235
2016,NUTS,2010,HU22,2,0.1056
2017,NUTS,2010,HU22,2,0.1201
2018,NUTS,2010,HU22,2,0.1515
2019,NUTS,2010,HU22,2,0.1886
2006,NUTS,2010,HU23,2,0.1879
2007,NUTS,2010,HU23,2,0.1904
2008,NUTS,2010,HU23,2,0.1566
2009,NUTS,2010,HU23,2,0.1606
2010,NUTS,2010,HU23,2,0.1935
2011,NUTS,2010,HU23,2,0.244
2012,NUTS,2010,HU23,2,0.2299
2013,NUTS,2010,HU23,2,0.1764
2014,NUTS,2010,HU23,2,0.1894
2015,NUTS,2010,HU23,2,0.1594
2016,NUTS,2010,HU23,2,0.167
2017,NUTS,2010,HU23,2,0.2083
2018,NUTS,2010,HU23,2,0.2713
2019,NUTS,2010,HU23,2,0.3177
2006,NUTS,2010,HU3,1,0.1826
2007,NUTS,2010,HU3,1,0.1932
2008,NUTS,2010,HU3,1,0.1945
2009,NUTS,2010,HU3,1,0.2224
2010,NUTS,2010,HU3,1,0.2177
2011,NUTS,2010,HU3,1,0.2369
2012,NUTS,2010,HU3,1,0.2247
2013,NUTS,2010,HU3,1,0.22
2014,NUTS,2010,HU3,1,0.2033
2015,NUTS,2010,HU3,1,0.1953
2016,NUTS,2010,HU3,1,0.1881
2017,NUTS,2010,HU3,1,0.1969
2018,NUTS,2010,HU3,1,0.2429
2019,NUTS,2010,HU3,1,0.2746
2006,NUTS,2010,HU31,2,0.0965
2007,NUTS,2010,HU31,2,0.1056
2008,NUTS,2010,HU31,2,0.0974
2009,NUTS,2010,HU31,2,0.1164
2010,NUTS,2010,HU31,2,0.1257
2011,NUTS,2010,HU31,2,0.1414
2012,NUTS,2010,HU31,2,0.1235
2013,NUTS,2010,HU31,2,0.1214
2014,NUTS,2010,HU31,2,0.1059
2015,NUTS,2010,HU31,2,0.1036
2016,NUTS,2010,HU31,2,0.0998
2017,NUTS,2010,HU31,2,0.1105
2018,NUTS,2010,HU31,2,0.1217
2019,NUTS,2010,HU31,2,0.1565
2006,NUTS,2010,HU32,2,0.213
2007,NUTS,2010,HU32,2,0.2255
2008,NUTS,2010,HU32,2,0.2293
2009,NUTS,2010,HU32,2,0.2419
2010,NUTS,2010,HU32,2,0.2387
2011,NUTS,2010,HU32,2,0.2417
2012,NUTS,2010,HU32,2,0.2478
2013,NUTS,2010,HU32,2,0.2254
2014,NUTS,2010,HU32,2,0.2036
2015,NUTS,2010,HU32,2,0.2008
2016,NUTS,2010,HU32,2,0.1988
2017,NUTS,2010,HU32,2,0.2096
2018,NUTS,2010,HU32,2,0.2622
2019,NUTS,2010,HU32,2,0.2761
2006,NUTS,2010,HU33,2,0.2261
2007,NUTS,2010,HU33,2,0.2341
2008,NUTS,2010,HU33,2,0.2389
2009,NUTS,2010,HU33,2,0.2908
2010,NUTS,2010,HU33,2,0.2726
2011,NUTS,2010,HU33,2,0.3112
2012,NUTS,2010,HU33,2,0.2833
2013,NUTS,2010,HU33,2,0.2959
2014,NUTS,2010,HU33,2,0.285
2015,NUTS,2010,HU33,2,0.2672
2016,NUTS,2010,HU33,2,0.2499
2017,NUTS,2010,HU33,2,0.2558
2018,NUTS,2010,HU33,2,0.3278
2019,NUTS,2010,HU33,2,0.3722
2002,NUTS,2010,IE,0,0.3397
2003,NUTS,2010,IE,0,0.3682
2004,NUTS,2010,IE,0,0.378
2005,NUTS,2010,IE,0,0.3795
2006,NUTS,2010,IE,0,0.3981
2007,NUTS,2010,IE,0,0.4073
2008,NUTS,2010,IE,0,0.4627
2009,NUTS,2010,IE,0,0.5106
2010,NUTS,2010,IE,0,0.5315
2011,NUTS,2010,IE,0,0.5305
2012,NUTS,2010,IE,0,0.6447
2013,NUTS,2010,IE,0,0.9351
2015,NUTS,2010,IE,0,0.8277
2017,NUTS,2010,IE,0,0.9251
2019,NUTS,2010,IE,0,0.8272
2002,NUTS,2010,IE0,1,0.3535
2003,NUTS,2010,IE0,1,0.3832
2004,NUTS,2010,IE0,1,0.3981
2005,NUTS,2010,IE0,1,0.3913
2006,NUTS,2010,IE0,1,0.411
2007,NUTS,2010,IE0,1,0.4026
2008,NUTS,2010,IE0,1,0.4568
2009,NUTS,2010,IE0,1,0.5031
2010,NUTS,2010,IE0,1,0.5226
2011,NUTS,2010,IE0,1,0.521
2013,NUTS,2010,IE0,1,0.5522
2017,NUTS,2010,IE0,1,0.8797
2002,NUTS,2010,IE01,2,0.1943
2003,NUTS,2010,IE01,2,0.2224
2004,NUTS,2010,IE01,2,0.3028
2005,NUTS,2010,IE01,2,0.3629
2013,NUTS,2010,IE01,2,0.4004
2017,NUTS,2010,IE01,2,1.2985
2002,NUTS,2010,IE02,2,0.4025
2003,NUTS,2010,IE02,2,0.4342
2004,NUTS,2010,IE02,2,0.429
2005,NUTS,2010,IE02,2,0.4005
2013,NUTS,2010,IE02,2,0.6027
2017,NUTS,2010,IE02,2,0.821
2003,NUTS,2010,IS,0,0.9714
2005,NUTS,2010,IS,0,1.0745
2006,NUTS,2010,IS,0,1.1655
2007,NUTS,2010,IS,0,1.0453
2008,NUTS,2010,IS,0,1.0784
2009,NUTS,2010,IS,0,1.3161
2011,NUTS,2010,IS,0,1.0545
2003,NUTS,2010,IT,0,0.2431
2004,NUTS,2010,IT,0,0.2398
2005,NUTS,2010,IT,0,0.3067
2006,NUTS,2010,IT,0,0.3261
2007,NUTS,2010,IT,0,0.3489
2008,NUTS,2010,IT,0,0.3473
2009,NUTS,2010,IT,0,0.3855
2010,NUTS,2010,IT,0,0.397
2011,NUTS,2010,IT,0,0.4059
2012,NUTS,2010,IT,0,0.43
2013,NUTS,2010,IT,0,0.4626
2014,NUTS,2010,IT,0,0.4679
2015,NUTS,2010,IT,0,0.4966
2016,NUTS,2010,IT,0,0.5111
2017,NUTS,2010,IT,0,0.5166
2018,NUTS,2010,IT,0,0.5471
2019,NUTS,2010,IT,0,0.5801
2003,NUTS,2010,ITC,1,0.2292
2004,NUTS,2010,ITC,1,0.2275
2005,NUTS,2010,ITC,1,0.2798
2007,NUTS,2010,ITC,1,0.3266
2008,NUTS,2010,ITC,1,0.3329
2009,NUTS,2010,ITC,1,0.3664
2010,NUTS,2010,ITC,1,0.3758
2011,NUTS,2010,ITC,1,0.3833
2012,NUTS,2010,ITC,1,0.4077
2013,NUTS,2010,ITC,1,0.4242
2014,NUTS,2010,ITC,1,0.4275
2015,NUTS,2010,ITC,1,0.4736
2016,NUTS,2010,ITC,1,0.4846
2017,NUTS,2010,ITC,1,0.4853
2018,NUTS,2010,ITC,1,0.5129
2019,NUTS,2010,ITC,1,0.5458
2003,NUTS,2010,ITC1,2,0.1834
2004,NUTS,2010,ITC1,2,0.2021
2005,NUTS,2010,ITC1,2,0.253
2007,NUTS,2010,ITC1,2,0.2854
2008,NUTS,2010,ITC1,2,0.2886
2009,NUTS,2010,ITC1,2,0.3354
2010,NUTS,2010,ITC1,2,0.3352
2011,NUTS,2010,ITC1,2,0.3114
2012,NUTS,2010,ITC1,2,0.3424
2013,NUTS,2010,ITC1,2,0.3828
2014,NUTS,2010,ITC1,2,0.3846
2015,NUTS,2010,ITC1,2,0.4527
2016,NUTS,2010,ITC1,2,0.4116
2017,NUTS,2010,ITC1,2,0.4253
2018,NUTS,2010,ITC1,2,0.4463
2019,NUTS,2010,ITC1,2,0.4651
2003,NUTS,2010,ITC2,2,0.1097
2004,NUTS,2010,ITC2,2,0.1915
2005,NUTS,2010,ITC2,2,0.166
2007,NUTS,2010,ITC2,2,0.2292
2008,NUTS,2010,ITC2,2,0.0984
2009,NUTS,2010,ITC2,2,0.1943
2010,NUTS,2010,ITC2,2,0.168
2011,NUTS,2010,ITC2,2,0.181
2012,NUTS,2010,ITC2,2,0.1799
2013,NUTS,2010,ITC2,2,0.2303
2014,NUTS,2010,ITC2,2,0.2044
2015,NUTS,2010,ITC2,2,0.2051
2016,NUTS,2010,ITC2,2,0.2254
2017,NUTS,2010,ITC2,2,0.2922
2018,NUTS,2010,ITC2,2,0.2047
2019,NUTS,2010,ITC2,2,0.2293
2003,NUTS,2010,ITC3,2,0.2799
2004,NUTS,2010,ITC3,2,0.2705
2005,NUTS,2010,ITC3,2,0.3567
2007,NUTS,2010,ITC3,2,0.3489
2008,NUTS,2010,ITC3,2,0.4042
2009,NUTS,2010,ITC3,2,0.385
2010,NUTS,2010,ITC3,2,0.3928
2011,NUTS,2010,ITC3,2,0.3694
2012,NUTS,2010,ITC3,2,0.4465
2013,NUTS,2010,ITC3,2,0.4924
2014,NUTS,2010,ITC3,2,0.4757
2015,NUTS,2010,ITC3,2,0.5606
2016,NUTS,2010,ITC3,2,0.5265
2017,NUTS,2010,ITC3,2,0.5327
2018,NUTS,2010,ITC3,2,0.5215
2019,NUTS,2010,ITC3,2,0.6198
2003,NUTS,2010,ITC4,2,0.2446
2004,NUTS,2010,ITC4,2,0.2329
2005,NUTS,2010,ITC4,2,0.2818
2007,NUTS,2010,ITC4,2,0.3429
2008,NUTS,2010,ITC4,2,0.3452
2009,NUTS,2010,ITC4,2,0.3797
2010,NUTS,2010,ITC4,2,0.3942
2011,NUTS,2010,ITC4,2,0.4216
2012,NUTS,2010,ITC4,2,0.4343
2013,NUTS,2010,ITC4,2,0.4346
2014,NUTS,2010,ITC4,2,0.4419
2015,NUTS,2010,ITC4,2,0.4734
2016,NUTS,2010,ITC4,2,0.5139
2017,NUTS,2010,ITC4,2,0.5069
2018,NUTS,2010,ITC4,2,0.544
2019,NUTS,2010,ITC4,2,0.5733
2003,NUTS,2010,ITF,1,0.2117
2004,NUTS,2010,ITF,1,0.1986
2005,NUTS,2010,ITF,1,0.2713
2007,NUTS,2010,ITF,1,0.2935
2008,NUTS,2010,ITF,1,0.3105
2009,NUTS,2010,ITF,1,0.3391
2010,NUTS,2010,ITF,1,0.3422
2011,NUTS,2010,ITF,1,0.3467
2012,NUTS,2010,ITF,1,0.3724
2013,NUTS,2010,ITF,1,0.4047
2014,NUTS,2010,ITF,1,0.4406
2017,NUTS,2010,ITF,1,0.4659
2018,NUTS,2010,ITF,1,0.4809
2019,NUTS,2010,ITF,1,0.5317
2003,NUTS,2010,ITF1,2,0.2139
2004,NUTS,2010,ITF1,2,0.2338
2005,NUTS,2010,ITF1,2,0.2801
2007,NUTS,2010,ITF1,2,0.2908
2008,NUTS,2010,ITF1,2,0.2747
2009,NUTS,2010,ITF1,2,0.3055
2010,NUTS,2010,ITF1,2,0.29
2011,NUTS,2010,ITF1,2,0.2837
2012,NUTS,2010,ITF1,2,0.2721
2013,NUTS,2010,ITF1,2,0.2903
2014,NUTS,2010,ITF1,2,0.2902
2015,NUTS,2010,ITF1,2,0.3537
2016,NUTS,2010,ITF1,2,0.3806
2017,NUTS,2010,ITF1,2,0.4219
2018,NUTS,2010,ITF1,2,0.3752
2019,NUTS,2010,ITF1,2,0.3952
2003,NUTS,2010,ITF2,2,0.1094
2004,NUTS,2010,ITF2,2,0.0924
2005,NUTS,2010,ITF2,2,0.2089
2007,NUTS,2010,ITF2,2,0.1832
2008,NUTS,2010,ITF2,2,0.1638
2009,NUTS,2010,ITF2,2,0.1955
2012,NUTS,2010,ITF2,2,0.2172
2013,NUTS,2010,ITF2,2,0.2598
2014,NUTS,2010,ITF2,2,0.2655
2017,NUTS,2010,ITF2,2,0.4501
2018,NUTS,2010,ITF2,2,0.4711
2019,NUTS,2010,ITF2,2,0.5728
2003,NUTS,2010,ITF3,2,0.2815
2004,NUTS,2010,ITF3,2,0.2428
2005,NUTS,2010,ITF3,2,0.3
2007,NUTS,2010,ITF3,2,0.3278
2008,NUTS,2010,ITF3,2,0.3788
2009,NUTS,2010,ITF3,2,0.4244
2010,NUTS,2010,ITF3,2,0.4193
2011,NUTS,2010,ITF3,2,0.4596
2012,NUTS,2010,ITF3,2,0.5136
2013,NUTS,2010,ITF3,2,0.5301
2014,NUTS,2010,ITF3,2,0.5884
2015,NUTS,2010,ITF3,2,0.6207
2016,NUTS,2010,ITF3,2,0.6309
2017,NUTS,2010,ITF3,2,0.6014
2018,NUTS,2010,ITF3,2,0.6313
2019,NUTS,2010,ITF3,2,0.7254
2003,NUTS,2010,ITF4,2,0.1921
2004,NUTS,2010,ITF4,2,0.1827
2005,NUTS,2010,ITF4,2,0.303
2007,NUTS,2010,ITF4,2,0.3204
2008,NUTS,2010,ITF4,2,0.332
2009,NUTS,2010,ITF4,2,0.3567
2010,NUTS,2010,ITF4,2,0.3594
2011,NUTS,2010,ITF4,2,0.3307
2012,NUTS,2010,ITF4,2,0.3269
2013,NUTS,2010,ITF4,2,0.3452
2014,NUTS,2010,ITF4,2,0.3863
2015,NUTS,2010,ITF4,2,0.3965
2016,NUTS,2010,ITF4,2,0.3893
2017,NUTS,2010,ITF4,2,0.4035
2018,NUTS,2010,ITF4,2,0.4064
2019,NUTS,2010,ITF4,2,0.4343
2003,NUTS,2010,ITF5,2,0.183
2004,NUTS,2010,ITF5,2,0.1771
2005,NUTS,2010,ITF5,2,0.2093
2007,NUTS,2010,ITF5,2,0.3207
2008,NUTS,2010,ITF5,2,0.2844
2009,NUTS,2010,ITF5,2,0.2305
2012,NUTS,2010,ITF5,2,0.3312
2013,NUTS,2010,ITF5,2,0.3119
2014,NUTS,2010,ITF5,2,0.3327
2015,NUTS,2010,ITF5,2,0.3532
2017,NUTS,2010,ITF5,2,0.3249
2018,NUTS,2010,ITF5,2,0.3368
2019,NUTS,2010,ITF5,2,0.3773
2003,NUTS,2010,ITF6,2,0.0972
2004,NUTS,2010,ITF6,2,0.098
2005,NUTS,2010,ITF6,2,0.1617
2007,NUTS,2010,ITF6,2,0.1632
2008,NUTS,2010,ITF6,2,0.1609
2009,NUTS,2010,ITF6,2,0.1809
2010,NUTS,2010,ITF6,2,0.1991
2011,NUTS,2010,ITF6,2,0.1947
2012,NUTS,2010,ITF6,2,0.2307
2013,NUTS,2010,ITF6,2,0.3393
2014,NUTS,2010,ITF6,2,0.3527
2015,NUTS,2010,ITF6,2,0.3594
2016,NUTS,2010,ITF6,2,0.3238
2017,NUTS,2010,ITF6,2,0.2963
2018,NUTS,2010,ITF6,2,0.3593
2019,NUTS,2010,ITF6,2,0.3567
2003,NUTS,2010,ITG,1,0.2289
2004,NUTS,2010,ITG,1,0.2097
2005,NUTS,2010,ITG,1,0.2906
2007,NUTS,2010,ITG,1,0.2989
2008,NUTS,2010,ITG,1,0.3037
2009,NUTS,2010,ITG,1,0.3259
2010,NUTS,2010,ITG,1,0.3316
2011,NUTS,2010,ITG,1,0.3316
2012,NUTS,2010,ITG,1,0.3653
2013,NUTS,2010,ITG,1,0.4194
2014,NUTS,2010,ITG,1,0.4499
2015,NUTS,2010,ITG,1,0.437
2016,NUTS,2010,ITG,1,0.3763
2017,NUTS,2010,ITG,1,0.3708
2018,NUTS,2010,ITG,1,0.3796
2019,NUTS,2010,ITG,1,0.3989
2003,NUTS,2010,ITG1,2,0.2271
2004,NUTS,2010,ITG1,2,0.2156
2005,NUTS,2010,ITG1,2,0.3036
2007,NUTS,2010,ITG1,2,0.2924
2008,NUTS,2010,ITG1,2,0.3016
2009,NUTS,2010,ITG1,2,0.3177
2010,NUTS,2010,ITG1,2,0.332
2011,NUTS,2010,ITG1,2,0.3218
2012,NUTS,2010,ITG1,2,0.3508
2013,NUTS,2010,ITG1,2,0.4117
2014,NUTS,2010,ITG1,2,0.4436
2015,NUTS,2010,ITG1,2,0.4204
2016,NUTS,2010,ITG1,2,0.3927
2017,NUTS,2010,ITG1,2,0.3796
2018,NUTS,2010,ITG1,2,0.4056
2019,NUTS,2010,ITG1,2,0.4321
2003,NUTS,2010,ITG2,2,0.2328
2004,NUTS,2010,ITG2,2,0.1972
2005,NUTS,2010,ITG2,2,0.2614
2007,NUTS,2010,ITG2,2,0.3134
2008,NUTS,2010,ITG2,2,0.3083
2009,NUTS,2010,ITG2,2,0.3436
2010,NUTS,2010,ITG2,2,0.3308
2011,NUTS,2010,ITG2,2,0.3519
2012,NUTS,2010,ITG2,2,0.3948
2013,NUTS,2010,ITG2,2,0.4354
2014,NUTS,2010,ITG2,2,0.4632
2015,NUTS,2010,ITG2,2,0.4707
2016,NUTS,2010,ITG2,2,0.3423
2017,NUTS,2010,ITG2,2,0.352
2018,NUTS,2010,ITG2,2,0.3277
2019,NUTS,2010,ITG2,2,0.3341
2003,NUTS,2010,ITH,1,0.1635
2004,NUTS,2010,ITH,1,0.1819
2005,NUTS,2010,ITH,1,0.2411
2007,NUTS,2010,ITH,1,0.3131
2008,NUTS,2010,ITH,1,0.3008
2009,NUTS,2010,ITH,1,0.3416
2010,NUTS,2010,ITH,1,0.355
2011,NUTS,2010,ITH,1,0.3633
2012,NUTS,2010,ITH,1,0.3822
2013,NUTS,2010,ITH,1,0.427
2014,NUTS,2010,ITH,1,0.4313
2015,NUTS,2010,ITH,1,0.4288
2016,NUTS,2010,ITH,1,0.4661
2017,NUTS,2010,ITH,1,0.4869
2018,NUTS,2010,ITH,1,0.5197
2019,NUTS,2010,ITH,1,0.5322
2003,NUTS,2010,ITH1,2,0.0711
2004,NUTS,2010,ITH1,2,0.0997
2005,NUTS,2010,ITH1,2,0.1032
2007,NUTS,2010,ITH1,2,0.1564
2008,NUTS,2010,ITH1,2,0.126
2009,NUTS,2010,ITH1,2,0.1347
2010,NUTS,2010,ITH1,2,0.1363
2011,NUTS,2010,ITH1,2,0.1876
2012,NUTS,2010,ITH1,2,0.1687
2013,NUTS,2010,ITH1,2,0.2036
2014,NUTS,2010,ITH1,2,0.2459
2015,NUTS,2010,ITH1,2,0.2372
2016,NUTS,2010,ITH1,2,0.2798
2017,NUTS,2010,ITH1,2,0.3105
2018,NUTS,2010,ITH1,2,0.3354
2019,NUTS,2010,ITH1,2,0.3782
2003,NUTS,2010,ITH2,2,0.262
2004,NUTS,2010,ITH2,2,0.2797
2005,NUTS,2010,ITH2,2,0.3198
2007,NUTS,2010,ITH2,2,0.4023
2008,NUTS,2010,ITH2,2,0.3397
2009,NUTS,2010,ITH2,2,0.3983
2010,NUTS,2010,ITH2,2,0.4028
2011,NUTS,2010,ITH2,2,0.44
2012,NUTS,2010,ITH2,2,0.4842
2013,NUTS,2010,ITH2,2,0.5703
2014,NUTS,2010,ITH2,2,0.568
2015,NUTS,2010,ITH2,2,0.5748
2016,NUTS,2010,ITH2,2,0.6338
2017,NUTS,2010,ITH2,2,0.6085
2018,NUTS,2010,ITH2,2,0.6717
2019,NUTS,2010,ITH2,2,0.6774
2003,NUTS,2010,ITH3,2,0.1253
2004,NUTS,2010,ITH3,2,0.1494
2005,NUTS,2010,ITH3,2,0.1894
2007,NUTS,2010,ITH3,2,0.2194
2008,NUTS,2010,ITH3,2,0.2183
2009,NUTS,2010,ITH3,2,0.3061
2010,NUTS,2010,ITH3,2,0.2871
2011,NUTS,2010,ITH3,2,0.292
2012,NUTS,2010,ITH3,2,0.3019
2013,NUTS,2010,ITH3,2,0.3311
2014,NUTS,2010,ITH3,2,0.3318
2015,NUTS,2010,ITH3,2,0.3367
2016,NUTS,2010,ITH3,2,0.3537
2017,NUTS,2010,ITH3,2,0.3666
2018,NUTS,2010,ITH3,2,0.3983
2019,NUTS,2010,ITH3,2,0.4179
2003,NUTS,2010,ITH4,2,0.1651
2004,NUTS,2010,ITH4,2,0.1875
2005,NUTS,2010,ITH4,2,0.2537
2007,NUTS,2010,ITH4,2,0.3007
2008,NUTS,2010,ITH4,2,0.357
2009,NUTS,2010,ITH4,2,0.3785
2010,NUTS,2010,ITH4,2,0.402
2011,NUTS,2010,ITH4,2,0.4673
2012,NUTS,2010,ITH4,2,0.4992
2013,NUTS,2010,ITH4,2,0.4884
2014,NUTS,2010,ITH4,2,0.5297
2015,NUTS,2010,ITH4,2,0.5546
2016,NUTS,2010,ITH4,2,0.5561
2017,NUTS,2010,ITH4,2,0.5794
2018,NUTS,2010,ITH4,2,0.5898
2019,NUTS,2010,ITH4,2,0.5884
2005,NUTS,2010,ITH5,2,0.2983
2007,NUTS,2010,ITH5,2,0.4188
2008,NUTS,2010,ITH5,2,0.3875
2009,NUTS,2010,ITH5,2,0.3862
2010,NUTS,2010,ITH5,2,0.4325
2011,NUTS,2010,ITH5,2,0.4215
2012,NUTS,2010,ITH5,2,0.4483
2013,NUTS,2010,ITH5,2,0.5187
2014,NUTS,2010,ITH5,2,0.5159
2015,NUTS,2010,ITH5,2,0.4969
2016,NUTS,2010,ITH5,2,0.5592
2017,NUTS,2010,ITH5,2,0.594
2018,NUTS,2010,ITH5,2,0.6327
2019,NUTS,2010,ITH5,2,0.6373
2003,NUTS,2010,ITI,1,0.3627
2004,NUTS,2010,ITI,1,0.3533
2005,NUTS,2010,ITI,1,0.4359
2007,NUTS,2010,ITI,1,0.4652
2008,NUTS,2010,ITI,1,0.4459
2009,NUTS,2010,ITI,1,0.4901
2010,NUTS,2010,ITI,1,0.5071
2011,NUTS,2010,ITI,1,0.5246
2012,NUTS,2010,ITI,1,0.5419
2013,NUTS,2010,ITI,1,0.5652
2014,NUTS,2010,ITI,1,0.5392
2017,NUTS,2010,ITI,1,0.6128
2018,NUTS,2010,ITI,1,0.6555
2019,NUTS,2010,ITI,1,0.6912
2003,NUTS,2010,ITI1,2,0.2223
2004,NUTS,2010,ITI1,2,0.2309
2005,NUTS,2010,ITI1,2,0.3313
2007,NUTS,2010,ITI1,2,0.3737
2008,NUTS,2010,ITI1,2,0.3923
2009,NUTS,2010,ITI1,2,0.4314
2010,NUTS,2010,ITI1,2,0.444
2011,NUTS,2010,ITI1,2,0.4707
2012,NUTS,2010,ITI1,2,0.5096
2013,NUTS,2010,ITI1,2,0.5131
2014,NUTS,2010,ITI1,2,0.4755
2015,NUTS,2010,ITI1,2,0.5191
2016,NUTS,2010,ITI1,2,0.5333
2017,NUTS,2010,ITI1,2,0.5412
2018,NUTS,2010,ITI1,2,0.6226
2019,NUTS,2010,ITI1,2,0.6268
2003,NUTS,2010,ITI2,2,0.217
2004,NUTS,2010,ITI2,2,0.201
2005,NUTS,2010,ITI2,2,0.346
2007,NUTS,2010,ITI2,2,0.3447
2008,NUTS,2010,ITI2,2,0.3059
2009,NUTS,2010,ITI2,2,0.3001
2010,NUTS,2010,ITI2,2,0.3083
2011,NUTS,2010,ITI2,2,0.3366
2012,NUTS,2010,ITI2,2,0.3772
2013,NUTS,2010,ITI2,2,0.3648
2014,NUTS,2010,ITI2,2,0.3802
2017,NUTS,2010,ITI2,2,0.3718
2018,NUTS,2010,ITI2,2,0.4353
2019,NUTS,2010,ITI2,2,0.4255
2005,NUTS,2010,ITI3,2,0.1936
2007,NUTS,2010,ITI3,2,0.1834
2008,NUTS,2010,ITI3,2,0.1686
2009,NUTS,2010,ITI3,2,0.1783
2010,NUTS,2010,ITI3,2,0.185
2011,NUTS,2010,ITI3,2,0.1896
2012,NUTS,2010,ITI3,2,0.1936
2013,NUTS,2010,ITI3,2,0.231
2014,NUTS,2010,ITI3,2,0.2401
2015,NUTS,2010,ITI3,2,0.2536
2016,NUTS,2010,ITI3,2,0.2983
2017,NUTS,2010,ITI3,2,0.355
2018,NUTS,2010,ITI3,2,0.3465
2019,NUTS,2010,ITI3,2,0.3486
2003,NUTS,2010,ITI4,2,0.5728
2004,NUTS,2010,ITI4,2,0.5409
2005,NUTS,2010,ITI4,2,0.5994
2007,NUTS,2010,ITI4,2,0.6425
2008,NUTS,2010,ITI4,2,0.5955
2009,NUTS,2010,ITI4,2,0.6611
2010,NUTS,2010,ITI4,2,0.6811
2011,NUTS,2010,ITI4,2,0.6925
2012,NUTS,2010,ITI4,2,0.6916
2013,NUTS,2010,ITI4,2,0.7274
2014,NUTS,2010,ITI4,2,0.6877
2015,NUTS,2010,ITI4,2,0.7415
2016,NUTS,2010,ITI4,2,0.7869
2017,NUTS,2010,ITI4,2,0.765
2018,NUTS,2010,ITI4,2,0.7932
2019,NUTS,2010,ITI4,2,0.868
1998,NUTS,2010,KR,0,0.0746
2000,NUTS,2010,LT,0,0.4868
2001,NUTS,2010,LT,0,0.5555
2002,NUTS,2010,LT,0,0.4357
2003,NUTS,2010,LT,0,0.4572
2004,NUTS,2010,LT,0,0.5067
2005,NUTS,2010,LT,0,0.534
2006,NUTS,2010,LT,0,0.5597
2007,NUTS,2010,LT,0,0.5852
2008,NUTS,2010,LT,0,0.6091
2009,NUTS,2010,LT,0,0.6355
2010,NUTS,2010,LT,0,0.676
2011,NUTS,2010,LT,0,0.6445
2012,NUTS,2010,LT,0,0.6271
2013,NUTS,2010,LT,0,0.6429
2014,NUTS,2010,LT,0,0.6434
2015,NUTS,2010,LT,0,0.5774
2016,NUTS,2010,LT,0,0.5915
2017,NUTS,2010,LT,0,0.6019
2018,NUTS,2010,LT,0,0.6048
2019,NUTS,2010,LT,0,0.6457
2015,NUTS,2010,LT01,2,1.098
2016,NUTS,2010,LT01,2,1.0565
2017,NUTS,2010,LT01,2,1.0129
2018,NUTS,2010,LT01,2,1.0252
2019,NUTS,2010,LT01,2,1.0841
2015,NUTS,2010,LT02,2,0.3228
2016,NUTS,2010,LT02,2,0.3461
2017,NUTS,2010,LT02,2,0.3666
2018,NUTS,2010,LT02,2,0.3624
2019,NUTS,2010,LT02,2,0.3999
2005,NUTS,2010,LU,0,0.4842
2009,NUTS,2010,LU,0,0.5746
2011,NUTS,2010,LU,0,0.6677
2013,NUTS,2010,LU,0,0.6509
2014,NUTS,2010,LU,0,0.564
2015,NUTS,2010,LU,0,0.6296
2017,NUTS,2010,LU,0,0.6418
2019,NUTS,2010,LU,0,0.6355
1997,NUTS,2010,LV,0,0.2563
1998,NUTS,2010,LV,0,0.2611
1999,NUTS,2010,LV,0,0.2838
2000,NUTS,2010,LV,0,0.4196
2001,NUTS,2010,LV,0,0.4282
2002,NUTS,2010,LV,0,0.4007
2003,NUTS,2010,LV,0,0.3703
2004,NUTS,2010,LV,0,0.3935
2005,NUTS,2010,LV,0,0.3541
2006,NUTS,2010,LV,0,0.3844
2007,NUTS,2010,LV,0,0.4151
2008,NUTS,2010,LV,0,0.4335
2009,NUTS,2010,LV,0,0.4007
2010,NUTS,2010,LV,0,0.42
2011,NUTS,2010,LV,0,0.4723
2012,NUTS,2010,LV,0,0.4584
2013,NUTS,2010,LV,0,0.4185
2015,NUTS,2010,LV,0,0.4149
2016,NUTS,2010,LV,0,0.3624
2017,NUTS,2010,LV,0,0.4085
2018,NUTS,2010,LV,0,0.3874
2019,NUTS,2010,LV,0,0.4067
2011,NUTS,2010,ME,0,0.2327
2013,NUTS,2010,ME,0,0.2042
2014,NUTS,2010,ME,0,0.2076
2015,NUTS,2010,ME,0,0.2419
2017,NUTS,2010,ME,0,0.2097
2018,NUTS,2010,ME,0,0.22
2019,NUTS,2010,ME,0,0.2294
2006,NUTS,2010,MK,0,0.2537
2007,NUTS,2010,MK,0,0.238
2008,NUTS,2010,MK,0,0.2262
2009,NUTS,2010,MK,0,0.2021
2010,NUTS,2010,MK,0,0.2551
2011,NUTS,2010,MK,0,0.2093
2012,NUTS,2010,MK,0,0.2689
2015,NUTS,2010,MK,0,0.3242
2016,NUTS,2010,MK,0,0.3415
2017,NUTS,2010,MK,0,0.2973
2018,NUTS,2010,MK,0,0.315
2019,NUTS,2010,MK,0,0.2915
2004,NUTS,2010,MT,0,0.2466
2005,NUTS,2010,MT,0,0.2634
2006,NUTS,2010,MT,0,0.2862
2007,NUTS,2010,MT,0,0.246
2008,NUTS,2010,MT,0,0.2814
2009,NUTS,2010,MT,0,0.272
2010,NUTS,2010,MT,0,0.267
2011,NUTS,2010,MT,0,0.3195
2012,NUTS,2010,MT,0,0.3648
2013,NUTS,2010,MT,0,0.3425
2014,NUTS,2010,MT,0,0.3151
2015,NUTS,2010,MT,0,0.2862
2016,NUTS,2010,MT,0,0.2942
2017,NUTS,2010,MT,0,0.3155
2018,NUTS,2010,MT,0,0.2866
2019,NUTS,2010,MT,0,0.2958
2011,NUTS,2010,NL,0,0.4033
2012,NUTS,2010,NL,0,0.4728
2011,NUTS,2010,NL1,1,0.2632
2012,NUTS,2010,NL1,1,0.3055
2011,NUTS,2010,NL11,2,0.6034
2012,NUTS,2010,NL11,2,0.6663
2011,NUTS,2010,NL12,2,0.0693
2012,NUTS,2010,NL12,2,0.1169
2011,NUTS,2010,NL13,2,0.1052
2012,NUTS,2010,NL13,2,0.1202
2011,NUTS,2010,NL2,1,0.3372
2012,NUTS,2010,NL2,1,0.435
2011,NUTS,2010,NL21,2,0.2499
2012,NUTS,2010,NL21,2,0.2906
2011,NUTS,2010,NL22,2,0.4167
2012,NUTS,2010,NL22,2,0.5407
2011,NUTS,2010,NL23,2,0.1806
2012,NUTS,2010,NL23,2,0.305
2011,NUTS,2010,NL3,1,0.5131
2012,NUTS,2010,NL3,1,0.5727
2011,NUTS,2010,NL31,2,0.5672
2012,NUTS,2010,NL31,2,0.6773
2011,NUTS,2010,NL32,2,0.6177
2012,NUTS,2010,NL32,2,0.6753
2011,NUTS,2010,NL33,2,0.4563
2012,NUTS,2010,NL33,2,0.5024
2011,NUTS,2010,NL34,2,0.0407
2012,NUTS,2010,NL34,2,0.0547
2011,NUTS,2010,NL4,1,0.3141
2012,NUTS,2010,NL4,1,0.392
2011,NUTS,2010,NL41,2,0.2888
2012,NUTS,2010,NL41,2,0.3618
2011,NUTS,2010,NL42,2,0.373
2012,NUTS,2010,NL42,2,0.461
2000,NUTS,2010,PL,0,0.5269
2003,NUTS,2010,PL,0,0.3626
2004,NUTS,2010,PL,0,0.3717
2005,NUTS,2010,PL,0,0.3961
2006,NUTS,2010,PL,0,0.3572
2007,NUTS,2010,PL,0,0.359
2008,NUTS,2010,PL,0,0.3368
2009,NUTS,2010,PL,0,0.3425
2010,NUTS,2010,PL,0,0.3741
2011,NUTS,2010,PL,0,0.3683
2012,NUTS,2010,PL,0,0.3681
2013,NUTS,2010,PL,0,0.3881
2014,NUTS,2010,PL,0,0.406
2015,NUTS,2010,PL,0,0.4171
2016,NUTS,2010,PL,0,0.4261
2017,NUTS,2010,PL,0,0.5667
2018,NUTS,2010,PL,0,0.5739
2019,NUTS,2010,PL,0,0.5974
2000,NUTS,2010,PL1,1,0.8835
2003,NUTS,2010,PL1,1,0.8829
2004,NUTS,2010,PL1,1,0.9009
2005,NUTS,2010,PL1,1,1.1514
2006,NUTS,2010,PL1,1,0.9094
2007,NUTS,2010,PL1,1,0.8465
2008,NUTS,2010,PL1,1,0.7263
2009,NUTS,2010,PL1,1,0.7827
2010,NUTS,2010,PL1,1,0.8454
2011,NUTS,2010,PL1,1,0.7463
2012,NUTS,2010,PL1,1,0.76
2013,NUTS,2010,PL1,1,0.5426
2014,NUTS,2010,PL1,1,0.5403
2015,NUTS,2010,PL1,1,0.5466
2000,NUTS,2010,PL11,2,0.3346
2003,NUTS,2010,PL11,2,0.3063
2004,NUTS,2010,PL11,2,0.2986
2005,NUTS,2010,PL11,2,1.7021
2006,NUTS,2010,PL11,2,0.3098
2007,NUTS,2010,PL11,2,0.2928
2008,NUTS,2010,PL11,2,0.2716
2009,NUTS,2010,PL11,2,0.3424
2010,NUTS,2010,PL11,2,0.3449
2011,NUTS,2010,PL11,2,0.2898
2012,NUTS,2010,PL11,2,0.3518
2013,NUTS,2010,PL11,2,0.3176
2014,NUTS,2010,PL11,2,0.3158
2015,NUTS,2010,PL11,2,0.3317
2000,NUTS,2010,PL12,2,0.6851
2003,NUTS,2010,PL12,2,0.7167
2004,NUTS,2010,PL12,2,0.7373
2005,NUTS,2010,PL12,2,0.1701
2006,NUTS,2010,PL12,2,0.7374
2007,NUTS,2010,PL12,2,0.6852
2008,NUTS,2010,PL12,2,0.5816
2009,NUTS,2010,PL12,2,0.6125
2010,NUTS,2010,PL12,2,0.6689
2011,NUTS,2010,PL12,2,0.6017
2012,NUTS,2010,PL12,2,0.5894
2013,NUTS,2010,PL12,2,0.6576
2014,NUTS,2010,PL12,2,0.649
2015,NUTS,2010,PL12,2,0.6437
2000,NUTS,2010,PL2,1,0.2361
2003,NUTS,2010,PL2,1,0.4034
2004,NUTS,2010,PL2,1,0.4033
2005,NUTS,2010,PL2,1,0.6488
2006,NUTS,2010,PL2,1,0.3207
2007,NUTS,2010,PL2,1,0.3344
2008,NUTS,2010,PL2,1,0.3073
2009,NUTS,2010,PL2,1,0.3157
2010,NUTS,2010,PL2,1,0.3619
2011,NUTS,2010,PL2,1,0.3686
2012,NUTS,2010,PL2,1,0.3587
2013,NUTS,2010,PL2,1,0.3769
2014,NUTS,2010,PL2,1,0.4164
2015,NUTS,2010,PL2,1,0.4595
2016,NUTS,2010,PL2,1,0.4165
2017,NUTS,2010,PL2,1,0.556
2018,NUTS,2010,PL2,1,0.558
2019,NUTS,2010,PL2,1,0.6443
2000,NUTS,2010,PL21,2,0.2281
2003,NUTS,2010,PL21,2,0.5587
2004,NUTS,2010,PL21,2,0.6084
2005,NUTS,2010,PL21,2,0.9494
2006,NUTS,2010,PL21,2,0.3649
2007,NUTS,2010,PL21,2,0.4255
2008,NUTS,2010,PL21,2,0.407
2009,NUTS,2010,PL21,2,0.4327
2010,NUTS,2010,PL21,2,0.5204
2011,NUTS,2010,PL21,2,0.5554
2012,NUTS,2010,PL21,2,0.522
2013,NUTS,2010,PL21,2,0.5609
2014,NUTS,2010,PL21,2,0.6241
2015,NUTS,2010,PL21,2,0.6926
2016,NUTS,2010,PL21,2,0.5974
2017,NUTS,2010,PL21,2,0.8598
2018,NUTS,2010,PL21,2,0.8512
2019,NUTS,2010,PL21,2,0.8847
2000,NUTS,2010,PL22,2,0.2448
2003,NUTS,2010,PL22,2,0.2683
2004,NUTS,2010,PL22,2,0.2459
2005,NUTS,2010,PL22,2,0.4239
2006,NUTS,2010,PL22,2,0.2846
2007,NUTS,2010,PL22,2,0.2652
2008,NUTS,2010,PL22,2,0.2319
2009,NUTS,2010,PL22,2,0.2331
2010,NUTS,2010,PL22,2,0.2493
2011,NUTS,2010,PL22,2,0.2357
2012,NUTS,2010,PL22,2,0.2462
2013,NUTS,2010,PL22,2,0.2497
2014,NUTS,2010,PL22,2,0.2694
2015,NUTS,2010,PL22,2,0.2926
2016,NUTS,2010,PL22,2,0.2838
2017,NUTS,2010,PL22,2,0.3283
2018,NUTS,2010,PL22,2,0.3348
2019,NUTS,2010,PL22,2,0.4614
2000,NUTS,2010,PL3,1,0.146
2003,NUTS,2010,PL3,1,0.1798
2004,NUTS,2010,PL3,1,0.1798
2005,NUTS,2010,PL3,1,0.3552
2006,NUTS,2010,PL3,1,0.1921
2007,NUTS,2010,PL3,1,0.1839
2008,NUTS,2010,PL3,1,0.1902
2009,NUTS,2010,PL3,1,0.1943
2010,NUTS,2010,PL3,1,0.2314
2011,NUTS,2010,PL3,1,0.2207
2012,NUTS,2010,PL3,1,0.219
2013,NUTS,2010,PL3,1,0.2423
2014,NUTS,2010,PL3,1,0.2559
2015,NUTS,2010,PL3,1,0.2806
2000,NUTS,2010,PL31,2,0.269
2003,NUTS,2010,PL31,2,0.2657
2004,NUTS,2010,PL31,2,0.2817
2005,NUTS,2010,PL31,2,0.564
2006,NUTS,2010,PL31,2,0.2874
2007,NUTS,2010,PL31,2,0.2763
2008,NUTS,2010,PL31,2,0.2524
2009,NUTS,2010,PL31,2,0.2706
2010,NUTS,2010,PL31,2,0.2797
2011,NUTS,2010,PL31,2,0.2919
2012,NUTS,2010,PL31,2,0.3021
2013,NUTS,2010,PL31,2,0.3027
2014,NUTS,2010,PL31,2,0.3027
2015,NUTS,2010,PL31,2,0.2956
2000,NUTS,2010,PL32,2,0.0285
2003,NUTS,2010,PL32,2,0.0678
2004,NUTS,2010,PL32,2,0.0758
2005,NUTS,2010,PL32,2,0.3583
2006,NUTS,2010,PL32,2,0.082
2007,NUTS,2010,PL32,2,0.078
2008,NUTS,2010,PL32,2,0.0878
2009,NUTS,2010,PL32,2,0.0859
2010,NUTS,2010,PL32,2,0.1955
2011,NUTS,2010,PL32,2,0.164
2012,NUTS,2010,PL32,2,0.1685
2013,NUTS,2010,PL32,2,0.2007
2014,NUTS,2010,PL32,2,0.2308
2015,NUTS,2010,PL32,2,0.3054
2000,NUTS,2010,PL33,2,0.0143
2003,NUTS,2010,PL33,2,0.1159
2004,NUTS,2010,PL33,2,0.1017
2005,NUTS,2010,PL33,2,0.1329
2006,NUTS,2010,PL33,2,0.0969
2007,NUTS,2010,PL33,2,0.1142
2008,NUTS,2010,PL33,2,0.1473
2009,NUTS,2010,PL33,2,0.1511
2011,NUTS,2010,PL33,2,0.1166
2012,NUTS,2010,PL33,2,0.0431
2013,NUTS,2010,PL33,2,0.1406
2014,NUTS,2010,PL33,2,0.1509
2015,NUTS,2010,PL33,2,0.1771
2000,NUTS,2010,PL34,2,0.2398
2003,NUTS,2010,PL34,2,0.2714
2004,NUTS,2010,PL34,2,0.2303
2005,NUTS,2010,PL34,2,0.1525
2006,NUTS,2010,PL34,2,0.3106
2007,NUTS,2010,PL34,2,0.2586
2008,NUTS,2010,PL34,2,0.2938
2009,NUTS,2010,PL34,2,0.2858
2011,NUTS,2010,PL34,2,0.2971
2012,NUTS,2010,PL34,2,0.3512
2013,NUTS,2010,PL34,2,0.3071
2014,NUTS,2010,PL34,2,0.325
2015,NUTS,2010,PL34,2,0.332
2000,NUTS,2010,PL4,1,0.1635
2003,NUTS,2010,PL4,1,0.259
2004,NUTS,2010,PL4,1,0.2753
2005,NUTS,2010,PL4,1,0.5493
2006,NUTS,2010,PL4,1,0.281
2007,NUTS,2010,PL4,1,0.3244
2008,NUTS,2010,PL4,1,0.3144
2009,NUTS,2010,PL4,1,0.2414
2010,NUTS,2010,PL4,1,0.2792
2011,NUTS,2010,PL4,1,0.2857
2012,NUTS,2010,PL4,1,0.2709
2013,NUTS,2010,PL4,1,0.2518
2014,NUTS,2010,PL4,1,0.2937
2015,NUTS,2010,PL4,1,0.3091
2016,NUTS,2010,PL4,1,0.2597
2017,NUTS,2010,PL4,1,0.3233
2018,NUTS,2010,PL4,1,0.328
2019,NUTS,2010,PL4,1,0.3128
2000,NUTS,2010,PL41,2,0.1892
2003,NUTS,2010,PL41,2,0.2677
2004,NUTS,2010,PL41,2,0.2958
2005,NUTS,2010,PL41,2,0.519
2006,NUTS,2010,PL41,2,0.3165
2007,NUTS,2010,PL41,2,0.3651
2008,NUTS,2010,PL41,2,0.3616
2009,NUTS,2010,PL41,2,0.2679
2010,NUTS,2010,PL41,2,0.3233
2011,NUTS,2010,PL41,2,0.3269
2012,NUTS,2010,PL41,2,0.3128
2013,NUTS,2010,PL41,2,0.2771
2014,NUTS,2010,PL41,2,0.3203
2015,NUTS,2010,PL41,2,0.3479
2016,NUTS,2010,PL41,2,0.2911
2017,NUTS,2010,PL41,2,0.3273
2019,NUTS,2010,PL41,2,0.3399
2000,NUTS,2010,PL42,2,0.1511
2003,NUTS,2010,PL42,2,0.2786
2004,NUTS,2010,PL42,2,0.2807
2005,NUTS,2010,PL42,2,0.681
2006,NUTS,2010,PL42,2,0.3017
2007,NUTS,2010,PL42,2,0.3582
2008,NUTS,2010,PL42,2,0.3297
2009,NUTS,2010,PL42,2,0.2665
2012,NUTS,2010,PL42,2,0.2888
2013,NUTS,2010,PL42,2,0.2595
2014,NUTS,2010,PL42,2,0.3225
2015,NUTS,2010,PL42,2,0.3219
2016,NUTS,2010,PL42,2,0.2527
2017,NUTS,2010,PL42,2,0.3919
2018,NUTS,2010,PL42,2,0.4043
2000,NUTS,2010,PL43,2,0.0802
2003,NUTS,2010,PL43,2,0.1985
2004,NUTS,2010,PL43,2,0.1987
2005,NUTS,2010,PL43,2,0.4588
2006,NUTS,2010,PL43,2,0.1473
2007,NUTS,2010,PL43,2,0.1629
2008,NUTS,2010,PL43,2,0.1479
2009,NUTS,2010,PL43,2,0.1229
2012,NUTS,2010,PL43,2,0.1104
2013,NUTS,2010,PL43,2,0.1581
2014,NUTS,2010,PL43,2,0.1663
2015,NUTS,2010,PL43,2,0.1719
2016,NUTS,2010,PL43,2,0.1587
2017,NUTS,2010,PL43,2,0.1959
2000,NUTS,2010,PL5,1,0.2391
2003,NUTS,2010,PL5,1,0.3616
2004,NUTS,2010,PL5,1,0.3554
2005,NUTS,2010,PL5,1,0.6256
2006,NUTS,2010,PL5,1,0.3089
2007,NUTS,2010,PL5,1,0.3261
2008,NUTS,2010,PL5,1,0.3213
2009,NUTS,2010,PL5,1,0.304
2010,NUTS,2010,PL5,1,0.3099
2011,NUTS,2010,PL5,1,0.357
2012,NUTS,2010,PL5,1,0.3765
2013,NUTS,2010,PL5,1,0.4467
2014,NUTS,2010,PL5,1,0.446
2015,NUTS,2010,PL5,1,0.4332
2016,NUTS,2010,PL5,1,0.4042
2017,NUTS,2010,PL5,1,0.5527
2018,NUTS,2010,PL5,1,0.5502
2000,NUTS,2010,PL51,2,0.3206
2003,NUTS,2010,PL51,2,0.4245
2004,NUTS,2010,PL51,2,0.4075
2005,NUTS,2010,PL51,2,0.4478
2006,NUTS,2010,PL51,2,0.3465
2007,NUTS,2010,PL51,2,0.3704
2008,NUTS,2010,PL51,2,0.3704
2009,NUTS,2010,PL51,2,0.3493
2010,NUTS,2010,PL51,2,0.3446
2011,NUTS,2010,PL51,2,0.4044
2012,NUTS,2010,PL51,2,0.4286
2013,NUTS,2010,PL51,2,0.5188
2014,NUTS,2010,PL51,2,0.5236
2015,NUTS,2010,PL51,2,0.5068
2016,NUTS,2010,PL51,2,0.456
2018,NUTS,2010,PL51,2,0.6316
2019,NUTS,2010,PL51,2,0.6439
2000,NUTS,2010,PL52,2,0.0387
2003,NUTS,2010,PL52,2,0.1706
2004,NUTS,2010,PL52,2,0.1899
2005,NUTS,2010,PL52,2,1.1628
2006,NUTS,2010,PL52,2,0.1863
2007,NUTS,2010,PL52,2,0.1865
2008,NUTS,2010,PL52,2,0.1722
2009,NUTS,2010,PL52,2,0.1645
2010,NUTS,2010,PL52,2,0.1966
2011,NUTS,2010,PL52,2,0.2043
2012,NUTS,2010,PL52,2,0.2118
2013,NUTS,2010,PL52,2,0.2201
2014,NUTS,2010,PL52,2,0.2121
2015,NUTS,2010,PL52,2,0.2199
2016,NUTS,2010,PL52,2,0.2349
2018,NUTS,2010,PL52,2,0.2885
2000,NUTS,2010,PL6,1,0.1265
2003,NUTS,2010,PL6,1,0.2868
2004,NUTS,2010,PL6,1,0.3193
2005,NUTS,2010,PL6,1,0.5459
2006,NUTS,2010,PL6,1,0.3473
2007,NUTS,2010,PL6,1,0.33
2008,NUTS,2010,PL6,1,0.3363
2009,NUTS,2010,PL6,1,0.2802
2010,NUTS,2010,PL6,1,0.3035
2011,NUTS,2010,PL6,1,0.325
2012,NUTS,2010,PL6,1,0.3241
2013,NUTS,2010,PL6,1,0.325
2014,NUTS,2010,PL6,1,0.3241
2015,NUTS,2010,PL6,1,0.3096
2016,NUTS,2010,PL6,1,0.334
2017,NUTS,2010,PL6,1,0.4542
2018,NUTS,2010,PL6,1,0.4402
2019,NUTS,2010,PL6,1,0.4969
2000,NUTS,2010,PL61,2,0.0674
2003,NUTS,2010,PL61,2,0.2433
2004,NUTS,2010,PL61,2,0.2547
2005,NUTS,2010,PL61,2,0.9595
2006,NUTS,2010,PL61,2,0.315
2007,NUTS,2010,PL61,2,0.3255
2008,NUTS,2010,PL61,2,0.3888
2009,NUTS,2010,PL61,2,0.2357
2012,NUTS,2010,PL61,2,0.2958
2013,NUTS,2010,PL61,2,0.2962
2014,NUTS,2010,PL61,2,0.2858
2015,NUTS,2010,PL61,2,0.2912
2016,NUTS,2010,PL61,2,0.2504
2017,NUTS,2010,PL61,2,0.4603
2000,NUTS,2010,PL62,2,0.0338
2003,NUTS,2010,PL62,2,0.196
2004,NUTS,2010,PL62,2,0.2104
2005,NUTS,2010,PL62,2,0.4659
2006,NUTS,2010,PL62,2,0.1992
2007,NUTS,2010,PL62,2,0.1953
2008,NUTS,2010,PL62,2,0.201
2009,NUTS,2010,PL62,2,0.1799
2012,NUTS,2010,PL62,2,0.2482
2013,NUTS,2010,PL62,2,0.2263
2014,NUTS,2010,PL62,2,0.2484
2015,NUTS,2010,PL62,2,0.2281
2016,NUTS,2010,PL62,2,0.2541
2017,NUTS,2010,PL62,2,0.3175
2000,NUTS,2010,PL63,2,0.2719
2003,NUTS,2010,PL63,2,0.3943
2004,NUTS,2010,PL63,2,0.4712
2005,NUTS,2010,PL63,2,0.146
2006,NUTS,2010,PL63,2,0.4912
2007,NUTS,2010,PL63,2,0.4287
2008,NUTS,2010,PL63,2,0.3826
2009,NUTS,2010,PL63,2,0.3962
2010,NUTS,2010,PL63,2,0.3936
2011,NUTS,2010,PL63,2,0.4279
2012,NUTS,2010,PL63,2,0.3934
2013,NUTS,2010,PL63,2,0.4068
2014,NUTS,2010,PL63,2,0.4015
2015,NUTS,2010,PL63,2,0.3706
2016,NUTS,2010,PL63,2,0.4493
2017,NUTS,2010,PL63,2,0.5226
2018,NUTS,2010,PL63,2,0.6238
2019,NUTS,2010,PL63,2,0.5856
2016,NUTS,2010,PL7,1,0.3595
2017,NUTS,2010,PL7,1,0.4093
2018,NUTS,2010,PL7,1,0.4073
2016,NUTS,2010,PL71,2,0.4294
2017,NUTS,2010,PL71,2,0.5169
2019,NUTS,2010,PL71,2,0.5624
2016,NUTS,2010,PL72,2,0.202
2017,NUTS,2010,PL72,2,0.1687
2016,NUTS,2010,PL8,1,0.3224
2017,NUTS,2010,PL8,1,0.3772
2018,NUTS,2010,PL8,1,0.4671
2016,NUTS,2010,PL81,2,0.3741
2017,NUTS,2010,PL81,2,0.4634
2016,NUTS,2010,PL82,2,0.2954
2017,NUTS,2010,PL82,2,0.2966
2019,NUTS,2010,PL82,2,0.273
2016,NUTS,2010,PL84,2,0.2749
2017,NUTS,2010,PL84,2,0.3624
2018,NUTS,2010,PL84,2,0.4382
2019,NUTS,2010,PL84,2,0.4498
2016,NUTS,2010,PL9,1,0.7646
2017,NUTS,2010,PL9,1,1.1137
2018,NUTS,2010,PL9,1,1.087
2019,NUTS,2010,PL9,1,1.0581
2016,NUTS,2010,PL91,2,1.26
2017,NUTS,2010,PL91,2,1.8352
2016,NUTS,2010,PL92,2,0.0664
2017,NUTS,2010,PL92,2,0.0864
2000,NUTS,2010,PT,0,0.3474
2001,NUTS,2010,PT,0,0.3647
2002,NUTS,2010,PT,0,0.3904
2003,NUTS,2010,PT,0,0.417
2004,NUTS,2010,PT,0,0.4248
2005,NUTS,2010,PT,0,0.433
2006,NUTS,2010,PT,0,0.4946
2007,NUTS,2010,PT,0,0.5574
2008,NUTS,2010,PT,0,0.7866
2009,NUTS,2010,PT,0,0.8521
2010,NUTS,2010,PT,0,0.8759
2011,NUTS,2010,PT,0,0.9333
2012,NUTS,2010,PT,0,0.9421
2013,NUTS,2010,PT,0,0.8537
2014,NUTS,2010,PT,0,0.815
2015,NUTS,2010,PT,0,0.8012
2016,NUTS,2010,PT,0,0.8326
2017,NUTS,2010,PT,0,0.8794
2018,NUTS,2010,PT,0,0.9001
2019,NUTS,2010,PT,0,0.9284
2020,NUTS,2010,PT,0,0.9833
2001,NUTS,2010,PT1,1,0.3476
2003,NUTS,2010,PT1,1,0.3971
2004,NUTS,2010,PT1,1,0.4079
2005,NUTS,2010,PT1,1,0.4138
2006,NUTS,2010,PT1,1,0.4745
2007,NUTS,2010,PT1,1,0.5347
2008,NUTS,2010,PT1,1,0.7567
2009,NUTS,2010,PT1,1,0.7785
2010,NUTS,2010,PT1,1,0.8066
2011,NUTS,2010,PT1,1,0.8858
2012,NUTS,2010,PT1,1,0.8921
2013,NUTS,2010,PT1,1,0.8178
2014,NUTS,2010,PT1,1,0.7918
2015,NUTS,2010,PT1,1,0.7843
2016,NUTS,2010,PT1,1,0.8189
2017,NUTS,2010,PT1,1,0.8668
2018,NUTS,2010,PT1,1,0.8877
2019,NUTS,2010,PT1,1,0.9165
2020,NUTS,2010,PT1,1,0.9753
2001,NUTS,2010,PT11,2,0.2198
2003,NUTS,2010,PT11,2,0.2629
2004,NUTS,2010,PT11,2,0.2718
2005,NUTS,2010,PT11,2,0.2744
2006,NUTS,2010,PT11,2,0.3228
2007,NUTS,2010,PT11,2,0.3768
2008,NUTS,2010,PT11,2,0.5509
2009,NUTS,2010,PT11,2,0.61
2010,NUTS,2010,PT11,2,0.6488
2011,NUTS,2010,PT11,2,0.7429
2012,NUTS,2010,PT11,2,0.7494
2013,NUTS,2010,PT11,2,0.7522
2014,NUTS,2010,PT11,2,0.7314
2015,NUTS,2010,PT11,2,0.7211
2016,NUTS,2010,PT11,2,0.7601
2017,NUTS,2010,PT11,2,0.8163
2018,NUTS,2010,PT11,2,0.8286
2019,NUTS,2010,PT11,2,0.8893
2020,NUTS,2010,PT11,2,0.966
2001,NUTS,2010,PT15,2,0.2974
2003,NUTS,2010,PT15,2,0.2496
2004,NUTS,2010,PT15,2,0.2462
2005,NUTS,2010,PT15,2,0.2558
2006,NUTS,2010,PT15,2,0.2693
2007,NUTS,2010,PT15,2,0.2925
2008,NUTS,2010,PT15,2,0.4747
2009,NUTS,2010,PT15,2,0.5125
2010,NUTS,2010,PT15,2,0.4546
2011,NUTS,2010,PT15,2,0.4569
2012,NUTS,2010,PT15,2,0.4449
2013,NUTS,2010,PT15,2,0.3825
2014,NUTS,2010,PT15,2,0.3695
2015,NUTS,2010,PT15,2,0.3484
2016,NUTS,2010,PT15,2,0.3409
2017,NUTS,2010,PT15,2,0.2938
2018,NUTS,2010,PT15,2,0.3127
2019,NUTS,2010,PT15,2,0.3701
2020,NUTS,2010,PT15,2,0.3971
2001,NUTS,2010,PT16,2,0.2911
2003,NUTS,2010,PT16,2,0.2622
2004,NUTS,2010,PT16,2,0.277
2005,NUTS,2010,PT16,2,0.2881
2006,NUTS,2010,PT16,2,0.33
2007,NUTS,2010,PT16,2,0.369
2008,NUTS,2010,PT16,2,0.5516
2009,NUTS,2010,PT16,2,0.5542
2010,NUTS,2010,PT16,2,0.6126
2011,NUTS,2010,PT16,2,0.7534
2012,NUTS,2010,PT16,2,0.7502
2013,NUTS,2010,PT16,2,0.6471
2014,NUTS,2010,PT16,2,0.6403
2015,NUTS,2010,PT16,2,0.6167
2016,NUTS,2010,PT16,2,0.6527
2017,NUTS,2010,PT16,2,0.7248
2018,NUTS,2010,PT16,2,0.7598
2019,NUTS,2010,PT16,2,0.7795
2020,NUTS,2010,PT16,2,0.8167
2001,NUTS,2010,PT17,2,0.6176
2003,NUTS,2010,PT17,2,0.7783
2004,NUTS,2010,PT17,2,0.7842
2005,NUTS,2010,PT17,2,0.7926
2006,NUTS,2010,PT17,2,0.9056
2007,NUTS,2010,PT17,2,0.989
2008,NUTS,2010,PT17,2,1.3142
2009,NUTS,2010,PT17,2,1.3405
2010,NUTS,2010,PT17,2,1.3663
2011,NUTS,2010,PT17,2,1.383
2012,NUTS,2010,PT17,2,1.4007
2013,NUTS,2010,PT17,2,1.2509
2014,NUTS,2010,PT17,2,1.1821
2015,NUTS,2010,PT17,2,1.1774
2016,NUTS,2010,PT17,2,1.2051
2017,NUTS,2010,PT17,2,1.2508
2018,NUTS,2010,PT17,2,1.2682
2019,NUTS,2010,PT17,2,1.2589
2020,NUTS,2010,PT17,2,1.3225
2001,NUTS,2010,PT18,2,0.1505
2003,NUTS,2010,PT18,2,0.2236
2004,NUTS,2010,PT18,2,0.2249
2005,NUTS,2010,PT18,2,0.2179
2006,NUTS,2010,PT18,2,0.2344
2007,NUTS,2010,PT18,2,0.2621
2008,NUTS,2010,PT18,2,0.4585
2009,NUTS,2010,PT18,2,0.3556
2010,NUTS,2010,PT18,2,0.2883
2011,NUTS,2010,PT18,2,0.3007
2012,NUTS,2010,PT18,2,0.3162
2013,NUTS,2010,PT18,2,0.2766
2014,NUTS,2010,PT18,2,0.2736
2015,NUTS,2010,PT18,2,0.31
2016,NUTS,2010,PT18,2,0.3425
2017,NUTS,2010,PT18,2,0.3656
2018,NUTS,2010,PT18,2,0.3884
2019,NUTS,2010,PT18,2,0.4018
2020,NUTS,2010,PT18,2,0.4252
2001,NUTS,2010,PT2,1,0.3167
2003,NUTS,2010,PT2,1,0.3547
2004,NUTS,2010,PT2,1,0.3713
2005,NUTS,2010,PT2,1,0.399
2006,NUTS,2010,PT2,1,0.3535
2007,NUTS,2010,PT2,1,0.3221
2008,NUTS,2010,PT2,1,0.4319
2009,NUTS,2010,PT2,1,0.3623
2010,NUTS,2010,PT2,1,0.3308
2011,NUTS,2010,PT2,1,0.393
2012,NUTS,2010,PT2,1,0.3572
2013,NUTS,2010,PT2,1,0.2709
2014,NUTS,2010,PT2,1,0.2819
2015,NUTS,2010,PT2,1,0.2175
2016,NUTS,2010,PT2,1,0.2232
2017,NUTS,2010,PT2,1,0.2257
2018,NUTS,2010,PT2,1,0.2284
2019,NUTS,2010,PT2,1,0.2144
2020,NUTS,2010,PT2,1,0.2191
2001,NUTS,2010,PT20,2,0.3167
2003,NUTS,2010,PT20,2,0.3547
2004,NUTS,2010,PT20,2,0.3713
2005,NUTS,2010,PT20,2,0.399
2006,NUTS,2010,PT20,2,0.3535
2007,NUTS,2010,PT20,2,0.3221
2008,NUTS,2010,PT20,2,0.4319
2009,NUTS,2010,PT20,2,0.3623
2010,NUTS,2010,PT20,2,0.3308
2011,NUTS,2010,PT20,2,0.393
2012,NUTS,2010,PT20,2,0.3572
2013,NUTS,2010,PT20,2,0.2709
2014,NUTS,2010,PT20,2,0.2819
2015,NUTS,2010,PT20,2,0.2175
2016,NUTS,2010,PT20,2,0.2232
2017,NUTS,2010,PT20,2,0.2257
2018,NUTS,2010,PT20,2,0.2284
2019,NUTS,2010,PT20,2,0.2144
2020,NUTS,2010,PT20,2,0.2191
2001,NUTS,2010,PT3,1,0.2008
2003,NUTS,2010,PT3,1,0.1577
2004,NUTS,2010,PT3,1,0.151
2005,NUTS,2010,PT3,1,0.1471
2006,NUTS,2010,PT3,1,0.1598
2007,NUTS,2010,PT3,1,0.1669
2008,NUTS,2010,PT3,1,0.231
2009,NUTS,2010,PT3,1,0.179
2010,NUTS,2010,PT3,1,0.1682
2011,NUTS,2010,PT3,1,0.2315
2012,NUTS,2010,PT3,1,0.1957
2013,NUTS,2010,PT3,1,0.1863
2014,NUTS,2010,PT3,1,0.1888
2015,NUTS,2010,PT3,1,0.2153
2016,NUTS,2010,PT3,1,0.2466
2017,NUTS,2010,PT3,1,0.2768
2018,NUTS,2010,PT3,1,0.2935
2019,NUTS,2010,PT3,1,0.2338
2020,NUTS,2010,PT3,1,0.2444
2001,NUTS,2010,PT30,2,0.2008
2003,NUTS,2010,PT30,2,0.1577
2004,NUTS,2010,PT30,2,0.151
2005,NUTS,2010,PT30,2,0.1471
2006,NUTS,2010,PT30,2,0.1598
2007,NUTS,2010,PT30,2,0.1669
2008,NUTS,2010,PT30,2,0.231
2009,NUTS,2010,PT30,2,0.179
2010,NUTS,2010,PT30,2,0.1682
2011,NUTS,2010,PT30,2,0.2315
2012,NUTS,2010,PT30,2,0.1957
2013,NUTS,2010,PT30,2,0.1863
2014,NUTS,2010,PT30,2,0.1888
2015,NUTS,2010,PT30,2,0.2153
2016,NUTS,2010,PT30,2,0.2466
2017,NUTS,2010,PT30,2,0.2768
2018,NUTS,2010,PT30,2,0.2935
2019,NUTS,2010,PT30,2,0.2338
2020,NUTS,2010,PT30,2,0.2444
1999,NUTS,2010,RO,0,0.2331
2000,NUTS,2010,RO,0,0.1981
2001,NUTS,2010,RO,0,0.1937
2002,NUTS,2010,RO,0,0.2286
2003,NUTS,2010,RO,0,0.2405
2004,NUTS,2010,RO,0,0.2412
2005,NUTS,2010,RO,0,0.2729
2006,NUTS,2010,RO,0,0.2149
2007,NUTS,2010,RO,0,0.2071
2008,NUTS,2010,RO,0,0.2232
2009,NUTS,2010,RO,0,0.2767
2010,NUTS,2010,RO,0,0.2899
2011,NUTS,2010,RO,0,0.2441
2012,NUTS,2010,RO,0,0.2651
2013,NUTS,2010,RO,0,0.278
2014,NUTS,2010,RO,0,0.2663
2015,NUTS,2010,RO,0,0.2555
2016,NUTS,2010,RO,0,0.263
2017,NUTS,2010,RO,0,0.2506
2018,NUTS,2010,RO,0,0.2456
2019,NUTS,2010,RO,0,0.2489
2002,NUTS,2010,RO1,1,0.0967
2003,NUTS,2010,RO1,1,0.1095
2004,NUTS,2010,RO1,1,0.1167
2005,NUTS,2010,RO1,1,0.0965
2006,NUTS,2010,RO1,1,0.1043
2007,NUTS,2010,RO1,1,0.1
2008,NUTS,2010,RO1,1,0.1338
2009,NUTS,2010,RO1,1,0.1627
2010,NUTS,2010,RO1,1,0.1986
2011,NUTS,2010,RO1,1,0.1432
2012,NUTS,2010,RO1,1,0.1555
2013,NUTS,2010,RO1,1,0.1292
2014,NUTS,2010,RO1,1,0.1494
2015,NUTS,2010,RO1,1,0.1328
2016,NUTS,2010,RO1,1,0.1318
2017,NUTS,2010,RO1,1,0.1194
2018,NUTS,2010,RO1,1,0.1348
2019,NUTS,2010,RO1,1,0.1414
2002,NUTS,2010,RO11,2,0.0608
2003,NUTS,2010,RO11,2,0.0738
2004,NUTS,2010,RO11,2,0.1162
2005,NUTS,2010,RO11,2,0.0942
2006,NUTS,2010,RO11,2,0.1247
2007,NUTS,2010,RO11,2,0.1115
2008,NUTS,2010,RO11,2,0.162
2009,NUTS,2010,RO11,2,0.1875
2010,NUTS,2010,RO11,2,0.1817
2011,NUTS,2010,RO11,2,0.1409
2012,NUTS,2010,RO11,2,0.1441
2013,NUTS,2010,RO11,2,0.1162
2014,NUTS,2010,RO11,2,0.1354
2015,NUTS,2010,RO11,2,0.1212
2016,NUTS,2010,RO11,2,0.1242
2017,NUTS,2010,RO11,2,0.1118
2018,NUTS,2010,RO11,2,0.1163
2019,NUTS,2010,RO11,2,0.1275
2002,NUTS,2010,RO12,2,0.1359
2003,NUTS,2010,RO12,2,0.1495
2004,NUTS,2010,RO12,2,0.1172
2005,NUTS,2010,RO12,2,0.0993
2006,NUTS,2010,RO12,2,0.0801
2007,NUTS,2010,RO12,2,0.086
2008,NUTS,2010,RO12,2,0.1006
2009,NUTS,2010,RO12,2,0.1338
2010,NUTS,2010,RO12,2,0.2216
2011,NUTS,2010,RO12,2,0.1464
2012,NUTS,2010,RO12,2,0.172
2013,NUTS,2010,RO12,2,0.1471
2014,NUTS,2010,RO12,2,0.1689
2015,NUTS,2010,RO12,2,0.1483
2016,NUTS,2010,RO12,2,0.1417
2017,NUTS,2010,RO12,2,0.1294
2018,NUTS,2010,RO12,2,0.1607
2019,NUTS,2010,RO12,2,0.16
2002,NUTS,2010,RO2,1,0.0885
2003,NUTS,2010,RO2,1,0.0766
2004,NUTS,2010,RO2,1,0.086
2005,NUTS,2010,RO2,1,0.0762
2006,NUTS,2010,RO2,1,0.0841
2007,NUTS,2010,RO2,1,0.0904
2008,NUTS,2010,RO2,1,0.0981
2009,NUTS,2010,RO2,1,0.0896
2010,NUTS,2010,RO2,1,0.0908
2011,NUTS,2010,RO2,1,0.0887
2012,NUTS,2010,RO2,1,0.0941
2013,NUTS,2010,RO2,1,0.1026
2014,NUTS,2010,RO2,1,0.0949
2015,NUTS,2010,RO2,1,0.1004
2016,NUTS,2010,RO2,1,0.0995
2017,NUTS,2010,RO2,1,0.0996
2018,NUTS,2010,RO2,1,0.1009
2019,NUTS,2010,RO2,1,0.1121
2002,NUTS,2010,RO21,2,0.0999
2003,NUTS,2010,RO21,2,0.0832
2004,NUTS,2010,RO21,2,0.0957
2005,NUTS,2010,RO21,2,0.0811
2006,NUTS,2010,RO21,2,0.0899
2007,NUTS,2010,RO21,2,0.0936
2008,NUTS,2010,RO21,2,0.118
2009,NUTS,2010,RO21,2,0.1024
2010,NUTS,2010,RO21,2,0.102
2011,NUTS,2010,RO21,2,0.1073
2012,NUTS,2010,RO21,2,0.1099
2013,NUTS,2010,RO21,2,0.1288
2014,NUTS,2010,RO21,2,0.1177
2015,NUTS,2010,RO21,2,0.1242
2016,NUTS,2010,RO21,2,0.117
2017,NUTS,2010,RO21,2,0.1137
2018,NUTS,2010,RO21,2,0.1087
2019,NUTS,2010,RO21,2,0.1298
2002,NUTS,2010,RO22,2,0.0696
2003,NUTS,2010,RO22,2,0.0664
2004,NUTS,2010,RO22,2,0.0709
2005,NUTS,2010,RO22,2,0.0679
2006,NUTS,2010,RO22,2,0.075
2007,NUTS,2010,RO22,2,0.085
2008,NUTS,2010,RO22,2,0.0652
2009,NUTS,2010,RO22,2,0.0686
2010,NUTS,2010,RO22,2,0.0725
2011,NUTS,2010,RO22,2,0.0576
2012,NUTS,2010,RO22,2,0.067
2013,NUTS,2010,RO22,2,0.0554
2014,NUTS,2010,RO22,2,0.0512
2015,NUTS,2010,RO22,2,0.0562
2016,NUTS,2010,RO22,2,0.0676
2017,NUTS,2010,RO22,2,0.0739
2018,NUTS,2010,RO22,2,0.0865
2019,NUTS,2010,RO22,2,0.0795
2002,NUTS,2010,RO3,1,0.5368
2003,NUTS,2010,RO3,1,0.5656
2004,NUTS,2010,RO3,1,0.5373
2005,NUTS,2010,RO3,1,0.7387
2006,NUTS,2010,RO3,1,0.5077
2007,NUTS,2010,RO3,1,0.4603
2008,NUTS,2010,RO3,1,0.493
2009,NUTS,2010,RO3,1,0.464
2010,NUTS,2010,RO3,1,0.4592
2011,NUTS,2010,RO3,1,0.3767
2012,NUTS,2010,RO3,1,0.4262
2013,NUTS,2010,RO3,1,0.4604
2014,NUTS,2010,RO3,1,0.4542
2015,NUTS,2010,RO3,1,0.4349
2016,NUTS,2010,RO3,1,0.4797
2017,NUTS,2010,RO3,1,0.455
2018,NUTS,2010,RO3,1,0.4346
2019,NUTS,2010,RO3,1,0.4337
2002,NUTS,2010,RO31,2,0.1276
2003,NUTS,2010,RO31,2,0.1101
2004,NUTS,2010,RO31,2,0.1055
2005,NUTS,2010,RO31,2,0.1169
2006,NUTS,2010,RO31,2,0.1161
2007,NUTS,2010,RO31,2,0.136
2008,NUTS,2010,RO31,2,0.1148
2009,NUTS,2010,RO31,2,0.1041
2010,NUTS,2010,RO31,2,0.1116
2011,NUTS,2010,RO31,2,0.0579
2012,NUTS,2010,RO31,2,0.0854
2013,NUTS,2010,RO31,2,0.1257
2014,NUTS,2010,RO31,2,0.1095
2015,NUTS,2010,RO31,2,0.0867
2016,NUTS,2010,RO31,2,0.0952
2017,NUTS,2010,RO31,2,0.076
2018,NUTS,2010,RO31,2,0.0722
2019,NUTS,2010,RO31,2,0.0749
2002,NUTS,2010,RO32,2,1.1808
2003,NUTS,2010,RO32,2,1.3069
2004,NUTS,2010,RO32,2,1.1764
2005,NUTS,2010,RO32,2,1.5872
2006,NUTS,2010,RO32,2,1.0207
2007,NUTS,2010,RO32,2,0.8991
2008,NUTS,2010,RO32,2,0.9996
2009,NUTS,2010,RO32,2,0.9206
2010,NUTS,2010,RO32,2,0.8613
2011,NUTS,2010,RO32,2,0.7145
2012,NUTS,2010,RO32,2,0.8035
2013,NUTS,2010,RO32,2,0.8443
2014,NUTS,2010,RO32,2,0.8486
2015,NUTS,2010,RO32,2,0.8002
2016,NUTS,2010,RO32,2,0.8541
2017,NUTS,2010,RO32,2,0.8389
2018,NUTS,2010,RO32,2,0.7959
2019,NUTS,2010,RO32,2,0.7751
2002,NUTS,2010,RO4,1,0.094
2003,NUTS,2010,RO4,1,0.1252
2004,NUTS,2010,RO4,1,0.1397
2005,NUTS,2010,RO4,1,0.0991
2006,NUTS,2010,RO4,1,0.097
2007,NUTS,2010,RO4,1,0.1114
2008,NUTS,2010,RO4,1,0.0897
2009,NUTS,2010,RO4,1,0.1016
2010,NUTS,2010,RO4,1,0.1406
2011,NUTS,2010,RO4,1,0.1618
2012,NUTS,2010,RO4,1,0.1524
2013,NUTS,2010,RO4,1,0.1762
2014,NUTS,2010,RO4,1,0.1294
2015,NUTS,2010,RO4,1,0.1641
2016,NUTS,2010,RO4,1,0.152
2017,NUTS,2010,RO4,1,0.142
2018,NUTS,2010,RO4,1,0.1265
2019,NUTS,2010,RO4,1,0.1272
2002,NUTS,2010,RO41,2,0.0962
2003,NUTS,2010,RO41,2,0.107
2004,NUTS,2010,RO41,2,0.089
2005,NUTS,2010,RO41,2,0.0953
2006,NUTS,2010,RO41,2,0.0964
2007,NUTS,2010,RO41,2,0.1076
2008,NUTS,2010,RO41,2,0.0872
2009,NUTS,2010,RO41,2,0.0874
2010,NUTS,2010,RO41,2,0.0864
2011,NUTS,2010,RO41,2,0.1416
2012,NUTS,2010,RO41,2,0.1282
2013,NUTS,2010,RO41,2,0.1414
2014,NUTS,2010,RO41,2,0.1048
2015,NUTS,2010,RO41,2,0.1345
2016,NUTS,2010,RO41,2,0.1386
2017,NUTS,2010,RO41,2,0.1288
2018,NUTS,2010,RO41,2,0.0574
2019,NUTS,2010,RO41,2,0.0587
2002,NUTS,2010,RO42,2,0.091
2003,NUTS,2010,RO42,2,0.1509
2004,NUTS,2010,RO42,2,0.2093
2005,NUTS,2010,RO42,2,0.1042
2006,NUTS,2010,RO42,2,0.0978
2007,NUTS,2010,RO42,2,0.1161
2008,NUTS,2010,RO42,2,0.0928
2009,NUTS,2010,RO42,2,0.1197
2010,NUTS,2010,RO42,2,0.2092
2011,NUTS,2010,RO42,2,0.1882
2012,NUTS,2010,RO42,2,0.1853
2013,NUTS,2010,RO42,2,0.2194
2014,NUTS,2010,RO42,2,0.161
2015,NUTS,2010,RO42,2,0.1988
2016,NUTS,2010,RO42,2,0.1673
2017,NUTS,2010,RO42,2,0.1576
2018,NUTS,2010,RO42,2,0.2105
2019,NUTS,2010,RO42,2,0.207
2010,NUTS,2010,RS,0,0.5408
2011,NUTS,2010,RS,0,0.6201
2012,NUTS,2010,RS,0,0.6427
2013,NUTS,2010,RS,0,0.6536
2014,NUTS,2010,RS,0,0.6224
2015,NUTS,2010,RS,0,0.6971
2016,NUTS,2010,RS,0,0.662
2017,NUTS,2010,RS,0,0.6371
2018,NUTS,2010,RS,0,0.6497
2019,NUTS,2010,RS,0,0.6417
2020,NUTS,2010,RS,0,0.6705
2018,NUTS,2010,RS1,1,0.9112
2019,NUTS,2010,RS1,1,0.9081
2020,NUTS,2010,RS1,1,0.9479
2018,NUTS,2010,RS11,2,1.2749
2019,NUTS,2010,RS11,2,1.2826
2020,NUTS,2010,RS11,2,1.3555
2018,NUTS,2010,RS12,2,0.523
2019,NUTS,2010,RS12,2,0.5092
2020,NUTS,2010,RS12,2,0.517
2018,NUTS,2010,RS2,1,0.246
2019,NUTS,2010,RS2,1,0.229
2020,NUTS,2010,RS2,1,0.2352
2018,NUTS,2010,RS21,2,0.1689
2019,NUTS,2010,RS21,2,0.1505
2020,NUTS,2010,RS21,2,0.1737
2018,NUTS,2010,RS22,2,0.358
2019,NUTS,2010,RS22,2,0.3414
2020,NUTS,2010,RS22,2,0.3238
2005,NUTS,2010,SE,0,0.7827
2007,NUTS,2010,SE,0,0.6356
2009,NUTS,2010,SE,0,0.6792
2011,NUTS,2010,SE,0,0.6957
2013,NUTS,2010,SE,0,0.8351
2015,NUTS,2010,SE,0,0.8226
2017,NUTS,2010,SE,0,0.9148
2019,NUTS,2010,SE,0,1.0065
1997,NUTS,2010,SI,0,0.3323
1998,NUTS,2010,SI,0,0.3557
1999,NUTS,2010,SI,0,0.3774
2000,NUTS,2010,SI,0,0.3784
2001,NUTS,2010,SI,0,0.381
2002,NUTS,2010,SI,0,0.3965
2003,NUTS,2010,SI,0,0.3005
2004,NUTS,2010,SI,0,0.3074
2005,NUTS,2010,SI,0,0.4201
2006,NUTS,2010,SI,0,0.4546
2007,NUTS,2010,SI,0,0.4875
2008,NUTS,2010,SI,0,0.5251
2009,NUTS,2010,SI,0,0.5764
2010,NUTS,2010,SI,0,0.6219
2011,NUTS,2010,SI,0,0.742
2012,NUTS,2010,SI,0,0.7295
2013,NUTS,2010,SI,0,0.7524
2014,NUTS,2010,SI,0,0.7359
2015,NUTS,2010,SI,0,0.66
2016,NUTS,2010,SI,0,0.6476
2017,NUTS,2010,SI,0,0.6629
2018,NUTS,2010,SI,0,0.7195
2019,NUTS,2010,SI,0,0.7661
1999,NUTS,2010,SI0,1,0.3639
2000,NUTS,2010,SI0,1,0.3697
2001,NUTS,2010,SI0,1,0.3711
2002,NUTS,2010,SI0,1,0.3798
2003,NUTS,2010,SI0,1,0.2942
2004,NUTS,2010,SI0,1,0.2966
2005,NUTS,2010,SI0,1,0.4097
2006,NUTS,2010,SI0,1,0.4436
2007,NUTS,2010,SI0,1,0.4726
2008,NUTS,2010,SI0,1,0.5132
2009,NUTS,2010,SI0,1,0.5584
2010,NUTS,2010,SI0,1,0.6028
2011,NUTS,2010,SI0,1,0.7195
2012,NUTS,2010,SI0,1,0.7123
2013,NUTS,2010,SI0,1,0.7335
2014,NUTS,2010,SI0,1,0.7121
2015,NUTS,2010,SI0,1,0.6446
2016,NUTS,2010,SI0,1,0.6355
2017,NUTS,2010,SI0,1,0.6491
2018,NUTS,2010,SI0,1,0.7029
2019,NUTS,2010,SI0,1,0.7536
2013,NUTS,2010,SI03,2,0.3365
2014,NUTS,2010,SI03,2,0.3103
2015,NUTS,2010,SI03,2,0.2768
2016,NUTS,2010,SI03,2,0.2819
2017,NUTS,2010,SI03,2,0.2933
2018,NUTS,2010,SI03,2,0.3299
2019,NUTS,2010,SI03,2,0.3594
2013,NUTS,2010,SI04,2,1.1518
2014,NUTS,2010,SI04,2,1.1346
2015,NUTS,2010,SI04,2,1.0269
2016,NUTS,2010,SI04,2,0.9995
2017,NUTS,2010,SI04,2,1.026
2018,NUTS,2010,SI04,2,1.1079
2019,NUTS,2010,SI04,2,1.1687
1997,NUTS,2010,SK,0,0.3681
1998,NUTS,2010,SK,0,0.3836
1999,NUTS,2010,SK,0,0.364
2000,NUTS,2010,SK,0,0.4016
2001,NUTS,2010,SK,0,0.391
2002,NUTS,2010,SK,0,0.3869
2003,NUTS,2010,SK,0,0.4006
2004,NUTS,2010,SK,0,0.4546
2005,NUTS,2010,SK,0,0.4575
2006,NUTS,2010,SK,0,0.492
2007,NUTS,2010,SK,0,0.4957
2008,NUTS,2010,SK,0,0.5
2009,NUTS,2010,SK,0,0.506
2010,NUTS,2010,SK,0,0.5791
2011,NUTS,2010,SK,0,0.5945
2012,NUTS,2010,SK,0,0.582
2013,NUTS,2010,SK,0,0.5585
2014,NUTS,2010,SK,0,0.5462
2015,NUTS,2010,SK,0,0.5274
2016,NUTS,2010,SK,0,0.4806
2017,NUTS,2010,SK,0,0.5037
2018,NUTS,2010,SK,0,0.5269
2019,NUTS,2010,SK,0,0.5407
2020,NUTS,2010,SK,0,0.569
2000,NUTS,2010,SK01,2,1.4844
2001,NUTS,2010,SK01,2,1.4009
2002,NUTS,2010,SK01,2,1.5285
2003,NUTS,2010,SK01,2,1.5387
2004,NUTS,2010,SK01,2,1.7869
2005,NUTS,2010,SK01,2,1.6671
2006,NUTS,2010,SK01,2,1.8893
2007,NUTS,2010,SK01,2,1.8664
2008,NUTS,2010,SK01,2,1.815
2009,NUTS,2010,SK01,2,1.9108
2010,NUTS,2010,SK01,2,2.3781
2011,NUTS,2010,SK01,2,2.47
2012,NUTS,2010,SK01,2,2.314
2013,NUTS,2010,SK01,2,2.193
2014,NUTS,2010,SK01,2,2.0697
2015,NUTS,2010,SK01,2,1.9887
2016,NUTS,2010,SK01,2,1.8374
2017,NUTS,2010,SK01,2,1.8656
2018,NUTS,2010,SK01,2,1.9869
2019,NUTS,2010,SK01,2,2.0621
2020,NUTS,2010,SK01,2,2.2569
2000,NUTS,2010,SK02,2,0.149
2001,NUTS,2010,SK02,2,0.1548
2002,NUTS,2010,SK02,2,0.1478
2003,NUTS,2010,SK02,2,0.1561
2004,NUTS,2010,SK02,2,0.1842
2005,NUTS,2010,SK02,2,0.2003
2006,NUTS,2010,SK02,2,0.1998
2007,NUTS,2010,SK02,2,0.2151
2008,NUTS,2010,SK02,2,0.2134
2009,NUTS,2010,SK02,2,0.2359
2010,NUTS,2010,SK02,2,0.2697
2011,NUTS,2010,SK02,2,0.267
2012,NUTS,2010,SK02,2,0.2727
2013,NUTS,2010,SK02,2,0.297
2014,NUTS,2010,SK02,2,0.3186
2015,NUTS,2010,SK02,2,0.303
2016,NUTS,2010,SK02,2,0.2417
2017,NUTS,2010,SK02,2,0.2955
2018,NUTS,2010,SK02,2,0.2884
2019,NUTS,2010,SK02,2,0.2804
2020,NUTS,2010,SK02,2,0.2945
2000,NUTS,2010,SK03,2,0.1952
2001,NUTS,2010,SK03,2,0.1826
2002,NUTS,2010,SK03,2,0.1641
2003,NUTS,2010,SK03,2,0.1828
2004,NUTS,2010,SK03,2,0.207
2005,NUTS,2010,SK03,2,0.2058
2006,NUTS,2010,SK03,2,0.2101
2007,NUTS,2010,SK03,2,0.2099
2008,NUTS,2010,SK03,2,0.2346
2009,NUTS,2010,SK03,2,0.2699
2010,NUTS,2010,SK03,2,0.2777
2011,NUTS,2010,SK03,2,0.2856
2012,NUTS,2010,SK03,2,0.2835
2013,NUTS,2010,SK03,2,0.2464
2014,NUTS,2010,SK03,2,0.2785
2015,NUTS,2010,SK03,2,0.2659
2016,NUTS,2010,SK03,2,0.2815
2017,NUTS,2010,SK03,2,0.2604
2018,NUTS,2010,SK03,2,0.2748
2019,NUTS,2010,SK03,2,0.2906
2020,NUTS,2010,SK03,2,0.2788
2000,NUTS,2010,SK04,2,0.2779
2001,NUTS,2010,SK04,2,0.2991
2002,NUTS,2010,SK04,2,0.2575
2003,NUTS,2010,SK04,2,0.2679
2004,NUTS,2010,SK04,2,0.3036
2005,NUTS,2010,SK04,2,0.3343
2006,NUTS,2010,SK04,2,0.3339
2007,NUTS,2010,SK04,2,0.3415
2008,NUTS,2010,SK04,2,0.3706
2009,NUTS,2010,SK04,2,0.3825
2010,NUTS,2010,SK04,2,0.3829
2011,NUTS,2010,SK04,2,0.4076
2012,NUTS,2010,SK04,2,0.4303
2013,NUTS,2010,SK04,2,0.4289
2014,NUTS,2010,SK04,2,0.4108
2015,NUTS,2010,SK04,2,0.4098
2016,NUTS,2010,SK04,2,0.3505
2017,NUTS,2010,SK04,2,0.361
2018,NUTS,2010,SK04,2,0.3883
2019,NUTS,2010,SK04,2,0.3954
2020,NUTS,2010,SK04,2,0.4091
2006,NUTS,2010,TR,0,0.285
2007,NUTS,2010,TR,0,0.3254
2008,NUTS,2010,TR,0,0.3262
2009,NUTS,2010,TR,0,0.3378
2010,NUTS,2010,TR,0,0.3365
2011,NUTS,2010,TR,0,0.3451
2012,NUTS,2010,TR,0,0.3794
2013,NUTS,2010,TR,0,0.394
2014,NUTS,2010,TR,0,0.3895
2015,NUTS,2010,TR,0,0.4005
2016,NUTS,2010,TR,0,0.3999
2017,NUTS,2010,TR,0,0.4303
2018,NUTS,2010,TR,0,0.4658
2019,NUTS,2010,TR,0,0.5054
2020,NUTS,2010,TR,0,0.598
