year,region_type,region_year_spec,region_id,region_level,rd_p_persreg_total_pc_act_hc_total_f
2011,NUTS,2010,AT,0,1.687
2013,NUTS,2010,AT,0,1.7779
2015,NUTS,2010,AT,0,1.8687
2017,NUTS,2010,AT,0,1.9202
2019,NUTS,2010,AT,0,2.0982
2011,NUTS,2010,AT1,1,2.1178
2013,NUTS,2010,AT1,1,2.2132
2015,NUTS,2010,AT1,1,2.2648
2017,NUTS,2010,AT1,1,2.2831
2019,NUTS,2010,AT1,1,2.52
2011,NUTS,2010,AT11,2,0.3777
2013,NUTS,2010,AT11,2,0.4446
2015,NUTS,2010,AT11,2,0.3857
2017,NUTS,2010,AT11,2,0.4328
2019,NUTS,2010,AT11,2,0.4018
2011,NUTS,2010,AT12,2,0.4664
2013,NUTS,2010,AT12,2,0.5631
2015,NUTS,2010,AT12,2,0.6121
2017,NUTS,2010,AT12,2,0.6697
2019,NUTS,2010,AT12,2,0.8138
2011,NUTS,2010,AT13,2,3.9541
2013,NUTS,2010,AT13,2,3.9821
2015,NUTS,2010,AT13,2,4.0759
2017,NUTS,2010,AT13,2,4.0312
2019,NUTS,2010,AT13,2,4.3488
2011,NUTS,2010,AT2,1,1.8117
2013,NUTS,2010,AT2,1,1.8747
2015,NUTS,2010,AT2,1,2.0095
2017,NUTS,2010,AT2,1,2.0815
2019,NUTS,2010,AT2,1,2.3113
2011,NUTS,2010,AT21,2,0.7367
2013,NUTS,2010,AT21,2,0.731
2015,NUTS,2010,AT21,2,0.7649
2017,NUTS,2010,AT21,2,0.9447
2019,NUTS,2010,AT21,2,1.1197
2011,NUTS,2010,AT22,2,2.2886
2013,NUTS,2010,AT22,2,2.392
2015,NUTS,2010,AT22,2,2.5643
2017,NUTS,2010,AT22,2,2.583
2019,NUTS,2010,AT22,2,2.8299
2011,NUTS,2010,AT3,1,1.0612
2013,NUTS,2010,AT3,1,1.1639
2015,NUTS,2010,AT3,1,1.2611
2017,NUTS,2010,AT3,1,1.3429
2019,NUTS,2010,AT3,1,1.4306
2011,NUTS,2010,AT31,2,0.7376
2013,NUTS,2010,AT31,2,0.8024
2015,NUTS,2010,AT31,2,0.9023
2017,NUTS,2010,AT31,2,0.9192
2019,NUTS,2010,AT31,2,1.0668
2011,NUTS,2010,AT32,2,1.1008
2013,NUTS,2010,AT32,2,1.3074
2015,NUTS,2010,AT32,2,1.4843
2017,NUTS,2010,AT32,2,1.6109
2019,NUTS,2010,AT32,2,1.6724
2011,NUTS,2010,AT33,2,2.0029
2013,NUTS,2010,AT33,2,2.114
2015,NUTS,2010,AT33,2,2.1736
2017,NUTS,2010,AT33,2,2.3324
2019,NUTS,2010,AT33,2,2.3739
2011,NUTS,2010,AT34,2,0.4111
2013,NUTS,2010,AT34,2,0.4534
2015,NUTS,2010,AT34,2,0.5259
2017,NUTS,2010,AT34,2,0.6229
2019,NUTS,2010,AT34,2,0.6259
2011,NUTS,2010,BE,0,1.5597
2013,NUTS,2010,BE,0,1.585
2015,NUTS,2010,BE,0,1.8081
2017,NUTS,2010,BE,0,2.0261
2019,NUTS,2010,BE,0,2.1823
2011,NUTS,2010,BE1,1,0.962
2013,NUTS,2010,BE1,1,2.9142
2015,NUTS,2010,BE1,1,3.2189
2017,NUTS,2010,BE1,1,3.5669
2019,NUTS,2010,BE1,1,4.3977
2011,NUTS,2010,BE10,2,0.962
2013,NUTS,2010,BE10,2,2.9142
2015,NUTS,2010,BE10,2,3.2189
2017,NUTS,2010,BE10,2,3.5669
2019,NUTS,2010,BE10,2,4.3977
2011,NUTS,2010,BE2,1,0.6612
2013,NUTS,2010,BE2,1,1.5495
2015,NUTS,2010,BE2,1,1.7514
2017,NUTS,2010,BE2,1,1.9205
2019,NUTS,2010,BE2,1,2.1347
2011,NUTS,2010,BE21,2,0.922
2013,NUTS,2010,BE21,2,1.4207
2015,NUTS,2010,BE21,2,1.6198
2011,NUTS,2010,BE22,2,0.2267
2013,NUTS,2010,BE22,2,0.6198
2015,NUTS,2010,BE22,2,0.7643
2011,NUTS,2010,BE23,2,0.6628
2013,NUTS,2010,BE23,2,2.0496
2015,NUTS,2010,BE23,2,2.2593
2011,NUTS,2010,BE24,2,0.9842
2013,NUTS,2010,BE24,2,2.8775
2015,NUTS,2010,BE24,2,3.2466
2011,NUTS,2010,BE25,2,0.2833
2013,NUTS,2010,BE25,2,0.4396
2015,NUTS,2010,BE25,2,0.5148
2011,NUTS,2010,BE3,1,0.6145
2013,NUTS,2010,BE3,1,1.1805
2015,NUTS,2010,BE3,1,1.4102
2017,NUTS,2010,BE3,1,1.663
2019,NUTS,2010,BE3,1,1.449
2011,NUTS,2010,BE31,2,2.9045
2013,NUTS,2010,BE31,2,4.4778
2015,NUTS,2010,BE31,2,4.7247
2011,NUTS,2010,BE32,2,0.3582
2013,NUTS,2010,BE32,2,0.4756
2015,NUTS,2010,BE32,2,0.9208
2011,NUTS,2010,BE33,2,0.2385
2013,NUTS,2010,BE33,2,1.1949
2015,NUTS,2010,BE33,2,1.1533
2011,NUTS,2010,BE34,2,0.1861
2013,NUTS,2010,BE34,2,0.1354
2015,NUTS,2010,BE34,2,0.1676
2011,NUTS,2010,BE35,2,0.3755
2013,NUTS,2010,BE35,2,0.7064
2015,NUTS,2010,BE35,2,1.0647
2011,NUTS,2010,BG,0,0.7058
2012,NUTS,2010,BG,0,0.7285
2013,NUTS,2010,BG,0,0.7406
2014,NUTS,2010,BG,0,0.8287
2015,NUTS,2010,BG,0,0.9278
2016,NUTS,2010,BG,0,1.0382
2017,NUTS,2010,BG,0,0.9882
2018,NUTS,2010,BG,0,1.0756
2019,NUTS,2010,BG,0,1.0827
2011,NUTS,2010,BG3,1,0.3829
2012,NUTS,2010,BG3,1,0.4127
2013,NUTS,2010,BG3,1,0.4344
2014,NUTS,2010,BG3,1,0.5167
2015,NUTS,2010,BG3,1,0.6187
2016,NUTS,2010,BG3,1,0.5939
2017,NUTS,2010,BG3,1,0.589
2018,NUTS,2010,BG3,1,0.6763
2019,NUTS,2010,BG3,1,0.6749
2011,NUTS,2010,BG31,2,0.2113
2012,NUTS,2010,BG31,2,0.3215
2013,NUTS,2010,BG31,2,0.2949
2014,NUTS,2010,BG31,2,0.2821
2015,NUTS,2010,BG31,2,0.4001
2016,NUTS,2010,BG31,2,0.4839
2017,NUTS,2010,BG31,2,0.4444
2018,NUTS,2010,BG31,2,0.5046
2019,NUTS,2010,BG31,2,0.4836
2011,NUTS,2010,BG32,2,0.4223
2012,NUTS,2010,BG32,2,0.396
2013,NUTS,2010,BG32,2,0.4345
2014,NUTS,2010,BG32,2,0.5374
2015,NUTS,2010,BG32,2,0.6661
2016,NUTS,2010,BG32,2,0.5434
2017,NUTS,2010,BG32,2,0.6111
2018,NUTS,2010,BG32,2,0.6654
2019,NUTS,2010,BG32,2,0.6137
2011,NUTS,2010,BG33,2,0.5233
2012,NUTS,2010,BG33,2,0.5536
2013,NUTS,2010,BG33,2,0.6005
2014,NUTS,2010,BG33,2,0.7894
2015,NUTS,2010,BG33,2,0.8918
2016,NUTS,2010,BG33,2,0.8428
2017,NUTS,2010,BG33,2,0.8238
2018,NUTS,2010,BG33,2,0.9866
2019,NUTS,2010,BG33,2,0.9659
2011,NUTS,2010,BG34,2,0.3465
2012,NUTS,2010,BG34,2,0.3582
2013,NUTS,2010,BG34,2,0.376
2014,NUTS,2010,BG34,2,0.4067
2015,NUTS,2010,BG34,2,0.4694
2016,NUTS,2010,BG34,2,0.4684
2017,NUTS,2010,BG34,2,0.4422
2018,NUTS,2010,BG34,2,0.5164
2019,NUTS,2010,BG34,2,0.5817
2011,NUTS,2010,BG4,1,0.9823
2012,NUTS,2010,BG4,1,0.9949
2013,NUTS,2010,BG4,1,0.9906
2014,NUTS,2010,BG4,1,1.0737
2015,NUTS,2010,BG4,1,1.1708
2016,NUTS,2010,BG4,1,1.3948
2017,NUTS,2010,BG4,1,1.2931
2018,NUTS,2010,BG4,1,1.3683
2019,NUTS,2010,BG4,1,1.3778
2011,NUTS,2010,BG41,2,1.3667
2012,NUTS,2010,BG41,2,1.3974
2013,NUTS,2010,BG41,2,1.387
2014,NUTS,2010,BG41,2,1.4893
2015,NUTS,2010,BG41,2,1.5727
2016,NUTS,2010,BG41,2,1.9051
2017,NUTS,2010,BG41,2,1.7459
2018,NUTS,2010,BG41,2,1.8287
2019,NUTS,2010,BG41,2,1.7954
2011,NUTS,2010,BG42,2,0.3272
2012,NUTS,2010,BG42,2,0.3323
2013,NUTS,2010,BG42,2,0.3505
2014,NUTS,2010,BG42,2,0.3943
2015,NUTS,2010,BG42,2,0.4839
2016,NUTS,2010,BG42,2,0.5033
2017,NUTS,2010,BG42,2,0.5277
2018,NUTS,2010,BG42,2,0.5654
2019,NUTS,2010,BG42,2,0.6595
2012,NUTS,2010,CH,0,2.0076
2015,NUTS,2010,CH,0,1.9648
2017,NUTS,2010,CH,0,2.0154
2019,NUTS,2010,CH,0,2.1292
2011,NUTS,2010,CY,0,0.5639
2012,NUTS,2010,CY,0,0.552
2013,NUTS,2010,CY,0,0.6098
2014,NUTS,2010,CY,0,0.6014
2015,NUTS,2010,CY,0,0.6025
2016,NUTS,2010,CY,0,0.6422
2017,NUTS,2010,CY,0,0.6797
2018,NUTS,2010,CY,0,0.7256
2019,NUTS,2010,CY,0,0.7943
2011,NUTS,2010,CZ,0,1.1923
2012,NUTS,2010,CZ,0,1.2244
2013,NUTS,2010,CZ,0,1.3016
2014,NUTS,2010,CZ,0,1.3141
2015,NUTS,2010,CZ,0,1.3525
2016,NUTS,2010,CZ,0,1.3041
2017,NUTS,2010,CZ,0,1.3945
2018,NUTS,2010,CZ,0,1.4644
2019,NUTS,2010,CZ,0,1.5088
2020,NUTS,2010,CZ,0,1.5633
2011,NUTS,2010,CZ0,1,1.1752
2012,NUTS,2010,CZ0,1,1.2062
2013,NUTS,2010,CZ0,1,1.2795
2014,NUTS,2010,CZ0,1,1.2929
2015,NUTS,2010,CZ0,1,1.3259
2016,NUTS,2010,CZ0,1,1.2757
2017,NUTS,2010,CZ0,1,1.3622
2018,NUTS,2010,CZ0,1,1.4262
2019,NUTS,2010,CZ0,1,1.4684
2020,NUTS,2010,CZ0,1,1.5226
2011,NUTS,2010,CZ01,2,4.0361
2012,NUTS,2010,CZ01,2,3.9842
2013,NUTS,2010,CZ01,2,4.372
2014,NUTS,2010,CZ01,2,4.32
2015,NUTS,2010,CZ01,2,4.1955
2016,NUTS,2010,CZ01,2,3.9259
2017,NUTS,2010,CZ01,2,4.2089
2018,NUTS,2010,CZ01,2,4.2455
2019,NUTS,2010,CZ01,2,4.3232
2020,NUTS,2010,CZ01,2,4.4365
2011,NUTS,2010,CZ02,2,0.5995
2012,NUTS,2010,CZ02,2,0.5802
2013,NUTS,2010,CZ02,2,0.572
2014,NUTS,2010,CZ02,2,0.5744
2015,NUTS,2010,CZ02,2,0.6818
2016,NUTS,2010,CZ02,2,0.7051
2017,NUTS,2010,CZ02,2,0.7353
2018,NUTS,2010,CZ02,2,0.7602
2019,NUTS,2010,CZ02,2,0.7627
2020,NUTS,2010,CZ02,2,0.7743
2011,NUTS,2010,CZ03,2,0.8138
2012,NUTS,2010,CZ03,2,0.8097
2013,NUTS,2010,CZ03,2,0.8438
2014,NUTS,2010,CZ03,2,0.885
2015,NUTS,2010,CZ03,2,0.8706
2016,NUTS,2010,CZ03,2,0.914
2017,NUTS,2010,CZ03,2,0.9785
2018,NUTS,2010,CZ03,2,1.0412
2019,NUTS,2010,CZ03,2,1.068
2020,NUTS,2010,CZ03,2,1.0661
2011,NUTS,2010,CZ04,2,0.2147
2012,NUTS,2010,CZ04,2,0.227
2013,NUTS,2010,CZ04,2,0.2615
2014,NUTS,2010,CZ04,2,0.2724
2015,NUTS,2010,CZ04,2,0.2934
2016,NUTS,2010,CZ04,2,0.2737
2017,NUTS,2010,CZ04,2,0.2808
2018,NUTS,2010,CZ04,2,0.3039
2019,NUTS,2010,CZ04,2,0.3261
2020,NUTS,2010,CZ04,2,0.3277
2011,NUTS,2010,CZ05,2,0.7244
2012,NUTS,2010,CZ05,2,0.7309
2013,NUTS,2010,CZ05,2,0.8233
2014,NUTS,2010,CZ05,2,0.82
2015,NUTS,2010,CZ05,2,0.8225
2016,NUTS,2010,CZ05,2,0.7801
2017,NUTS,2010,CZ05,2,0.8573
2018,NUTS,2010,CZ05,2,0.8769
2019,NUTS,2010,CZ05,2,0.883
2020,NUTS,2010,CZ05,2,0.9165
2011,NUTS,2010,CZ06,2,1.3268
2012,NUTS,2010,CZ06,2,1.4585
2013,NUTS,2010,CZ06,2,1.5284
2014,NUTS,2010,CZ06,2,1.5884
2015,NUTS,2010,CZ06,2,1.7127
2016,NUTS,2010,CZ06,2,1.619
2017,NUTS,2010,CZ06,2,1.7079
2018,NUTS,2010,CZ06,2,1.8317
2019,NUTS,2010,CZ06,2,1.9024
2020,NUTS,2010,CZ06,2,2.0377
2011,NUTS,2010,CZ07,2,0.6966
2012,NUTS,2010,CZ07,2,0.774
2013,NUTS,2010,CZ07,2,0.8479
2014,NUTS,2010,CZ07,2,0.8628
2015,NUTS,2010,CZ07,2,0.9357
2016,NUTS,2010,CZ07,2,0.9381
2017,NUTS,2010,CZ07,2,0.8955
2018,NUTS,2010,CZ07,2,0.9371
2019,NUTS,2010,CZ07,2,1.0508
2020,NUTS,2010,CZ07,2,1.0862
2011,NUTS,2010,CZ08,2,0.6711
2012,NUTS,2010,CZ08,2,0.7235
2013,NUTS,2010,CZ08,2,0.6252
2014,NUTS,2010,CZ08,2,0.6328
2015,NUTS,2010,CZ08,2,0.6649
2016,NUTS,2010,CZ08,2,0.6542
2017,NUTS,2010,CZ08,2,0.7079
2018,NUTS,2010,CZ08,2,0.8154
2019,NUTS,2010,CZ08,2,0.7984
2020,NUTS,2010,CZ08,2,0.8046
2011,NUTS,2010,DE,0,1.4214
2013,NUTS,2010,DE,0,1.4867
2015,NUTS,2010,DE,0,1.5517
2017,NUTS,2010,DE,0,1.6008
2019,NUTS,2010,DE,0,1.6864
2011,NUTS,2010,DK,0,2.2994
2012,NUTS,2010,DK,0,2.4165
2013,NUTS,2010,DK,0,2.4493
2015,NUTS,2010,DK,0,2.421
2017,NUTS,2010,DK,0,2.4401
2019,NUTS,2010,DK,0,2.4566
2011,NUTS,2010,DK0,1,2.2322
2012,NUTS,2010,DK0,1,2.4398
2013,NUTS,2010,DK0,1,2.5058
2015,NUTS,2010,DK0,1,2.3759
2017,NUTS,2010,DK0,1,2.3902
2019,NUTS,2010,DK0,1,2.4069
2011,NUTS,2010,DK01,2,4.2284
2013,NUTS,2010,DK01,2,4.4647
2015,NUTS,2010,DK01,2,4.2107
2017,NUTS,2010,DK01,2,4.3166
2019,NUTS,2010,DK01,2,4.3306
2011,NUTS,2010,DK02,2,0.8473
2013,NUTS,2010,DK02,2,0.8639
2015,NUTS,2010,DK02,2,0.8603
2017,NUTS,2010,DK02,2,1.0116
2019,NUTS,2010,DK02,2,0.9455
2011,NUTS,2010,DK03,2,1.0304
2013,NUTS,2010,DK03,2,1.1794
2015,NUTS,2010,DK03,2,1.4278
2017,NUTS,2010,DK03,2,0.9524
2019,NUTS,2010,DK03,2,1.0094
2011,NUTS,2010,DK04,2,1.6872
2013,NUTS,2010,DK04,2,2.199
2015,NUTS,2010,DK04,2,1.7357
2017,NUTS,2010,DK04,2,1.7111
2019,NUTS,2010,DK04,2,1.7464
2011,NUTS,2010,DK05,2,1.1326
2013,NUTS,2010,DK05,2,1.5411
2015,NUTS,2010,DK05,2,1.4457
2017,NUTS,2010,DK05,2,1.884
2019,NUTS,2010,DK05,2,2.0256
2011,NUTS,2010,EA19,2,1.3273
2013,NUTS,2010,EA19,2,1.3704
2015,NUTS,2010,EA19,2,1.447
2017,NUTS,2010,EA19,2,1.5267
2019,NUTS,2010,EA19,2,1.636
2011,NUTS,2010,EE,0,1.4605
2012,NUTS,2010,EE,0,1.4756
2013,NUTS,2010,EE,0,1.5062
2014,NUTS,2010,EE,0,1.5742
2015,NUTS,2010,EE,0,1.4681
2016,NUTS,2010,EE,0,1.3661
2017,NUTS,2010,EE,0,1.36
2018,NUTS,2010,EE,0,1.3783
2019,NUTS,2010,EE,0,1.4446
2011,NUTS,2010,EL,0,1.4358
2013,NUTS,2010,EL,0,1.816
2015,NUTS,2010,EL,0,1.9812
2017,NUTS,2010,EL,0,1.9061
2019,NUTS,2010,EL,0,2.1866
2011,NUTS,2010,EL3,1,1.5078
2011,NUTS,2010,EL30,2,1.5078
2011,NUTS,2010,EL4,1,1.7143
2011,NUTS,2010,EL41,2,2.4058
2011,NUTS,2010,EL42,2,0.9526
2011,NUTS,2010,EL43,2,1.9237
2011,NUTS,2010,EL5,1,1.4408
2011,NUTS,2010,EL51,2,1.4605
2011,NUTS,2010,EL52,2,1.3454
2011,NUTS,2010,EL53,2,1.1476
2011,NUTS,2010,EL54,2,2.1974
2011,NUTS,2010,EL6,1,1.0743
2011,NUTS,2010,EL61,2,1.9624
2011,NUTS,2010,EL62,2,0.6852
2011,NUTS,2010,EL63,2,1.309
2011,NUTS,2010,EL64,2,0.3441
2011,NUTS,2010,EL65,2,0.5313
2011,NUTS,2010,ES,0,1.3458
2012,NUTS,2010,ES,0,1.289
2013,NUTS,2010,ES,0,1.2615
2014,NUTS,2010,ES,0,1.2698
2015,NUTS,2010,ES,0,1.3082
2016,NUTS,2010,ES,0,1.3176
2017,NUTS,2010,ES,0,1.379
2018,NUTS,2010,ES,0,1.4346
2019,NUTS,2010,ES,0,1.4669
2011,NUTS,2010,ES1,1,1.1515
2012,NUTS,2010,ES1,1,1.1495
2013,NUTS,2010,ES1,1,1.1672
2014,NUTS,2010,ES1,1,1.1275
2015,NUTS,2010,ES1,1,1.1537
2016,NUTS,2010,ES1,1,1.1434
2017,NUTS,2010,ES1,1,1.2194
2018,NUTS,2010,ES1,1,1.2494
2019,NUTS,2010,ES1,1,1.3365
2011,NUTS,2010,ES11,2,1.1387
2012,NUTS,2010,ES11,2,1.1677
2013,NUTS,2010,ES11,2,1.1927
2014,NUTS,2010,ES11,2,1.1621
2015,NUTS,2010,ES11,2,1.1886
2016,NUTS,2010,ES11,2,1.1857
2017,NUTS,2010,ES11,2,1.275
2018,NUTS,2010,ES11,2,1.3324
2019,NUTS,2010,ES11,2,1.4236
2011,NUTS,2010,ES12,2,1.1324
2012,NUTS,2010,ES12,2,1.0755
2013,NUTS,2010,ES12,2,1.1226
2014,NUTS,2010,ES12,2,1.0318
2015,NUTS,2010,ES12,2,1.0312
2016,NUTS,2010,ES12,2,0.9938
2017,NUTS,2010,ES12,2,1.0802
2018,NUTS,2010,ES12,2,0.9896
2019,NUTS,2010,ES12,2,1.1108
2011,NUTS,2010,ES13,2,1.2474
2012,NUTS,2010,ES13,2,1.1934
2013,NUTS,2010,ES13,2,1.1258
2014,NUTS,2010,ES13,2,1.1349
2015,NUTS,2010,ES13,2,1.206
2016,NUTS,2010,ES13,2,1.2095
2017,NUTS,2010,ES13,2,1.2005
2018,NUTS,2010,ES13,2,1.3088
2019,NUTS,2010,ES13,2,1.3172
2011,NUTS,2010,ES2,1,1.7631
2012,NUTS,2010,ES2,1,1.7942
2013,NUTS,2010,ES2,1,1.7788
2014,NUTS,2010,ES2,1,1.7969
2015,NUTS,2010,ES2,1,1.8559
2016,NUTS,2010,ES2,1,1.8404
2017,NUTS,2010,ES2,1,1.9273
2018,NUTS,2010,ES2,1,1.9926
2019,NUTS,2010,ES2,1,1.9793
2011,NUTS,2010,ES21,2,2.0186
2012,NUTS,2010,ES21,2,2.1567
2013,NUTS,2010,ES21,2,2.1577
2014,NUTS,2010,ES21,2,2.1569
2015,NUTS,2010,ES21,2,2.2518
2016,NUTS,2010,ES21,2,2.2098
2017,NUTS,2010,ES21,2,2.3357
2018,NUTS,2010,ES21,2,2.4132
2019,NUTS,2010,ES21,2,2.41
2011,NUTS,2010,ES22,2,1.9489
2012,NUTS,2010,ES22,2,1.7799
2013,NUTS,2010,ES22,2,1.764
2014,NUTS,2010,ES22,2,1.75
2015,NUTS,2010,ES22,2,1.7754
2016,NUTS,2010,ES22,2,1.8181
2017,NUTS,2010,ES22,2,1.9116
2018,NUTS,2010,ES22,2,1.9425
2019,NUTS,2010,ES22,2,1.8939
2011,NUTS,2010,ES23,2,1.3115
2012,NUTS,2010,ES23,2,1.3552
2013,NUTS,2010,ES23,2,1.2797
2014,NUTS,2010,ES23,2,1.3713
2015,NUTS,2010,ES23,2,1.3834
2016,NUTS,2010,ES23,2,1.4723
2017,NUTS,2010,ES23,2,1.4773
2018,NUTS,2010,ES23,2,1.4848
2019,NUTS,2010,ES23,2,1.4681
2011,NUTS,2010,ES24,2,1.3432
2012,NUTS,2010,ES24,2,1.3083
2013,NUTS,2010,ES24,2,1.2832
2014,NUTS,2010,ES24,2,1.3326
2015,NUTS,2010,ES24,2,1.3542
2016,NUTS,2010,ES24,2,1.3332
2017,NUTS,2010,ES24,2,1.3731
2018,NUTS,2010,ES24,2,1.4453
2019,NUTS,2010,ES24,2,1.4312
2011,NUTS,2010,ES3,1,2.0528
2012,NUTS,2010,ES3,1,1.853
2013,NUTS,2010,ES3,1,1.8355
2014,NUTS,2010,ES3,1,1.876
2015,NUTS,2010,ES3,1,1.9058
2016,NUTS,2010,ES3,1,1.8902
2017,NUTS,2010,ES3,1,1.9403
2018,NUTS,2010,ES3,1,2.0216
2019,NUTS,2010,ES3,1,2.0684
2011,NUTS,2010,ES30,2,2.0528
2012,NUTS,2010,ES30,2,1.853
2013,NUTS,2010,ES30,2,1.8355
2014,NUTS,2010,ES30,2,1.876
2015,NUTS,2010,ES30,2,1.9058
2016,NUTS,2010,ES30,2,1.8902
2017,NUTS,2010,ES30,2,1.9403
2018,NUTS,2010,ES30,2,2.0216
2019,NUTS,2010,ES30,2,2.0684
2011,NUTS,2010,ES4,1,1.109
2012,NUTS,2010,ES4,1,1.029
2013,NUTS,2010,ES4,1,0.8854
2014,NUTS,2010,ES4,1,0.8883
2015,NUTS,2010,ES4,1,0.9438
2016,NUTS,2010,ES4,1,0.946
2017,NUTS,2010,ES4,1,0.991
2018,NUTS,2010,ES4,1,1.0645
2019,NUTS,2010,ES4,1,1.0733
2011,NUTS,2010,ES41,2,1.5171
2012,NUTS,2010,ES41,2,1.4357
2013,NUTS,2010,ES41,2,1.3084
2014,NUTS,2010,ES41,2,1.3332
2015,NUTS,2010,ES41,2,1.3806
2016,NUTS,2010,ES41,2,1.3678
2017,NUTS,2010,ES41,2,1.4284
2018,NUTS,2010,ES41,2,1.5589
2019,NUTS,2010,ES41,2,1.6087
2011,NUTS,2010,ES42,2,0.8025
2012,NUTS,2010,ES42,2,0.7128
2013,NUTS,2010,ES42,2,0.4875
2014,NUTS,2010,ES42,2,0.4947
2015,NUTS,2010,ES42,2,0.5807
2016,NUTS,2010,ES42,2,0.6127
2017,NUTS,2010,ES42,2,0.6311
2018,NUTS,2010,ES42,2,0.6649
2019,NUTS,2010,ES42,2,0.6691
2011,NUTS,2010,ES43,2,0.7203
2012,NUTS,2010,ES43,2,0.686
2013,NUTS,2010,ES43,2,0.6708
2014,NUTS,2010,ES43,2,0.6085
2015,NUTS,2010,ES43,2,0.626
2016,NUTS,2010,ES43,2,0.6002
2017,NUTS,2010,ES43,2,0.6702
2018,NUTS,2010,ES43,2,0.7043
2019,NUTS,2010,ES43,2,0.6321
2011,NUTS,2010,ES5,1,1.3552
2012,NUTS,2010,ES5,1,1.3373
2013,NUTS,2010,ES5,1,1.3286
2014,NUTS,2010,ES5,1,1.3499
2015,NUTS,2010,ES5,1,1.3627
2016,NUTS,2010,ES5,1,1.3905
2017,NUTS,2010,ES5,1,1.4613
2018,NUTS,2010,ES5,1,1.5103
2019,NUTS,2010,ES5,1,1.5517
2011,NUTS,2010,ES51,2,1.5555
2012,NUTS,2010,ES51,2,1.5625
2013,NUTS,2010,ES51,2,1.5737
2014,NUTS,2010,ES51,2,1.5502
2015,NUTS,2010,ES51,2,1.5921
2016,NUTS,2010,ES51,2,1.6167
2017,NUTS,2010,ES51,2,1.6942
2018,NUTS,2010,ES51,2,1.7661
2019,NUTS,2010,ES51,2,1.7853
2011,NUTS,2010,ES52,2,1.2064
2012,NUTS,2010,ES52,2,1.1647
2013,NUTS,2010,ES52,2,1.1286
2014,NUTS,2010,ES52,2,1.2207
2015,NUTS,2010,ES52,2,1.1944
2016,NUTS,2010,ES52,2,1.235
2017,NUTS,2010,ES52,2,1.2931
2018,NUTS,2010,ES52,2,1.3265
2019,NUTS,2010,ES52,2,1.4038
2011,NUTS,2010,ES53,2,0.627
2012,NUTS,2010,ES53,2,0.572
2013,NUTS,2010,ES53,2,0.5457
2014,NUTS,2010,ES53,2,0.5661
2015,NUTS,2010,ES53,2,0.5922
2016,NUTS,2010,ES53,2,0.5852
2017,NUTS,2010,ES53,2,0.6408
2018,NUTS,2010,ES53,2,0.6337
2019,NUTS,2010,ES53,2,0.6654
2011,NUTS,2010,ES6,1,0.9518
2012,NUTS,2010,ES6,1,0.9004
2013,NUTS,2010,ES6,1,0.8956
2014,NUTS,2010,ES6,1,0.8938
2015,NUTS,2010,ES6,1,0.9566
2016,NUTS,2010,ES6,1,0.9681
2017,NUTS,2010,ES6,1,1.0257
2018,NUTS,2010,ES6,1,1.0572
2019,NUTS,2010,ES6,1,1.0687
2011,NUTS,2010,ES61,2,0.9639
2012,NUTS,2010,ES61,2,0.9058
2013,NUTS,2010,ES61,2,0.9004
2014,NUTS,2010,ES61,2,0.8938
2015,NUTS,2010,ES61,2,0.9511
2016,NUTS,2010,ES61,2,0.9546
2017,NUTS,2010,ES61,2,1.0149
2018,NUTS,2010,ES61,2,1.0418
2019,NUTS,2010,ES61,2,1.0465
2011,NUTS,2010,ES62,2,0.9553
2012,NUTS,2010,ES62,2,0.9405
2013,NUTS,2010,ES62,2,0.9433
2014,NUTS,2010,ES62,2,0.9602
2015,NUTS,2010,ES62,2,1.0659
2016,NUTS,2010,ES62,2,1.1226
2017,NUTS,2010,ES62,2,1.1656
2018,NUTS,2010,ES62,2,1.2207
2019,NUTS,2010,ES62,2,1.2688
2011,NUTS,2010,ES63,2,0.0935
2012,NUTS,2010,ES63,2,0.0881
2013,NUTS,2010,ES63,2,0.0764
2014,NUTS,2010,ES63,2,0.1964
2015,NUTS,2010,ES63,2,0.1933
2011,NUTS,2010,ES64,2,0.2086
2012,NUTS,2010,ES64,2,0.2014
2013,NUTS,2010,ES64,2,0.1776
2014,NUTS,2010,ES64,2,0.1633
2015,NUTS,2010,ES64,2,0.1497
2011,NUTS,2010,ES7,1,0.5104
2012,NUTS,2010,ES7,1,0.4713
2013,NUTS,2010,ES7,1,0.4391
2014,NUTS,2010,ES7,1,0.4226
2015,NUTS,2010,ES7,1,0.4327
2016,NUTS,2010,ES7,1,0.4497
2017,NUTS,2010,ES7,1,0.4703
2018,NUTS,2010,ES7,1,0.5014
2019,NUTS,2010,ES7,1,0.4878
2011,NUTS,2010,ES70,2,0.5104
2012,NUTS,2010,ES70,2,0.4713
2013,NUTS,2010,ES70,2,0.4391
2014,NUTS,2010,ES70,2,0.4226
2015,NUTS,2010,ES70,2,0.4327
2016,NUTS,2010,ES70,2,0.4497
2017,NUTS,2010,ES70,2,0.4703
2018,NUTS,2010,ES70,2,0.5014
2019,NUTS,2010,ES70,2,0.4878
2011,NUTS,2010,EU27_2020,7,1.2636
2013,NUTS,2010,EU27_2020,7,1.3064
2015,NUTS,2010,EU27_2020,7,1.3718
2017,NUTS,2010,EU27_2020,7,1.4692
2019,NUTS,2010,EU27_2020,7,1.5833
2011,NUTS,2010,FI,0,2.1956
2012,NUTS,2010,FI,0,2.1419
2013,NUTS,2010,FI,0,2.0882
2014,NUTS,2010,FI,0,2.0714
2015,NUTS,2010,FI,0,2.0231
2016,NUTS,2010,FI,0,1.9608
2017,NUTS,2010,FI,0,2.007
2018,NUTS,2010,FI,0,2.0552
2019,NUTS,2010,FI,0,2.1231
2011,NUTS,2010,FR,0,1.1155
2012,NUTS,2010,FR,0,1.1432
2013,NUTS,2010,FR,0,1.157
2014,NUTS,2010,FR,0,1.2256
2016,NUTS,2010,FR,0,1.3473
2017,NUTS,2010,FR,0,1.392
2011,NUTS,2010,HR,0,1.0496
2012,NUTS,2010,HR,0,1.0278
2013,NUTS,2010,HR,0,1.0204
2014,NUTS,2010,HR,0,0.9609
2015,NUTS,2010,HR,0,1.0137
2016,NUTS,2010,HR,0,1.1253
2017,NUTS,2010,HR,0,1.1941
2018,NUTS,2010,HR,0,1.286
2019,NUTS,2010,HR,0,1.4406
2020,NUTS,2010,HR,0,1.5517
2011,NUTS,2010,HR0,1,1.0242
2012,NUTS,2010,HR0,1,1.0073
2014,NUTS,2010,HR0,1,0.9475
2015,NUTS,2010,HR0,1,0.9999
2016,NUTS,2010,HR0,1,1.114
2017,NUTS,2010,HR0,1,1.1807
2018,NUTS,2010,HR0,1,1.2702
2019,NUTS,2010,HR0,1,1.4192
2020,NUTS,2010,HR0,1,1.5329
2011,NUTS,2010,HR03,2,0.7809
2012,NUTS,2010,HR03,2,0.7771
2014,NUTS,2010,HR03,2,0.6762
2015,NUTS,2010,HR03,2,0.6668
2016,NUTS,2010,HR03,2,0.7548
2017,NUTS,2010,HR03,2,0.8229
2018,NUTS,2010,HR03,2,0.8792
2019,NUTS,2010,HR03,2,1.0661
2020,NUTS,2010,HR03,2,1.146
2011,NUTS,2010,HR04,2,1.135
2012,NUTS,2010,HR04,2,1.1124
2014,NUTS,2010,HR04,2,1.0814
2015,NUTS,2010,HR04,2,1.1648
2016,NUTS,2010,HR04,2,1.2838
2017,NUTS,2010,HR04,2,1.354
2018,NUTS,2010,HR04,2,1.4592
2019,NUTS,2010,HR04,2,1.5874
2011,NUTS,2010,HU,0,1.0695
2012,NUTS,2010,HU,0,1.0556
2013,NUTS,2010,HU,0,1.0638
2014,NUTS,2010,HU,0,1.0172
2015,NUTS,2010,HU,0,1.005
2016,NUTS,2010,HU,0,0.9463
2017,NUTS,2010,HU,0,1.0296
2018,NUTS,2010,HU,0,1.1797
2019,NUTS,2010,HU,0,1.3677
2011,NUTS,2010,HU1,1,2.019
2012,NUTS,2010,HU1,1,1.9005
2013,NUTS,2010,HU1,1,1.9312
2014,NUTS,2010,HU1,1,1.884
2015,NUTS,2010,HU1,1,1.9404
2016,NUTS,2010,HU1,1,1.7529
2017,NUTS,2010,HU1,1,1.9376
2018,NUTS,2010,HU1,1,2.2902
2019,NUTS,2010,HU1,1,2.6192
2011,NUTS,2010,HU10,2,2.019
2012,NUTS,2010,HU10,2,1.9005
2013,NUTS,2010,HU10,2,1.9312
2014,NUTS,2010,HU10,2,1.884
2015,NUTS,2010,HU10,2,1.9404
2016,NUTS,2010,HU10,2,1.7529
2017,NUTS,2010,HU11,2,2.8306
2018,NUTS,2010,HU11,2,3.41
2019,NUTS,2010,HU11,2,4.0529
2017,NUTS,2010,HU12,2,0.5369
2018,NUTS,2010,HU12,2,0.5878
2019,NUTS,2010,HU12,2,0.5469
2011,NUTS,2010,HU2,1,0.5579
2012,NUTS,2010,HU2,1,0.5963
2013,NUTS,2010,HU2,1,0.5946
2014,NUTS,2010,HU2,1,0.5396
2015,NUTS,2010,HU2,1,0.5142
2016,NUTS,2010,HU2,1,0.5007
2017,NUTS,2010,HU2,1,0.5883
2018,NUTS,2010,HU2,1,0.664
2019,NUTS,2010,HU2,1,0.7318
2011,NUTS,2010,HU21,2,0.405
2012,NUTS,2010,HU21,2,0.5707
2013,NUTS,2010,HU21,2,0.5195
2014,NUTS,2010,HU21,2,0.4884
2015,NUTS,2010,HU21,2,0.4747
2016,NUTS,2010,HU21,2,0.4712
2017,NUTS,2010,HU21,2,0.4614
2018,NUTS,2010,HU21,2,0.5068
2019,NUTS,2010,HU21,2,0.5805
2011,NUTS,2010,HU22,2,0.5273
2012,NUTS,2010,HU22,2,0.4235
2013,NUTS,2010,HU22,2,0.4772
2014,NUTS,2010,HU22,2,0.4221
2015,NUTS,2010,HU22,2,0.3744
2016,NUTS,2010,HU22,2,0.3557
2017,NUTS,2010,HU22,2,0.4125
2018,NUTS,2010,HU22,2,0.5123
2019,NUTS,2010,HU22,2,0.5789
2011,NUTS,2010,HU23,2,0.7894
2012,NUTS,2010,HU23,2,0.839
2013,NUTS,2010,HU23,2,0.8264
2014,NUTS,2010,HU23,2,0.7383
2015,NUTS,2010,HU23,2,0.7262
2016,NUTS,2010,HU23,2,0.7045
2017,NUTS,2010,HU23,2,0.9564
2018,NUTS,2010,HU23,2,1.0435
2019,NUTS,2010,HU23,2,1.1177
2011,NUTS,2010,HU3,1,0.8676
2012,NUTS,2010,HU3,1,0.8613
2013,NUTS,2010,HU3,1,0.8667
2014,NUTS,2010,HU3,1,0.7922
2015,NUTS,2010,HU3,1,0.7403
2016,NUTS,2010,HU3,1,0.7345
2017,NUTS,2010,HU3,1,0.7377
2018,NUTS,2010,HU3,1,0.7995
2019,NUTS,2010,HU3,1,0.941
2011,NUTS,2010,HU31,2,0.4334
2012,NUTS,2010,HU31,2,0.4054
2013,NUTS,2010,HU31,2,0.4667
2014,NUTS,2010,HU31,2,0.3715
2015,NUTS,2010,HU31,2,0.3536
2016,NUTS,2010,HU31,2,0.3332
2017,NUTS,2010,HU31,2,0.3526
2018,NUTS,2010,HU31,2,0.3815
2019,NUTS,2010,HU31,2,0.4993
2011,NUTS,2010,HU32,2,0.903
2012,NUTS,2010,HU32,2,0.9251
2013,NUTS,2010,HU32,2,0.8498
2014,NUTS,2010,HU32,2,0.8125
2015,NUTS,2010,HU32,2,0.7679
2016,NUTS,2010,HU32,2,0.7707
2017,NUTS,2010,HU32,2,0.7703
2018,NUTS,2010,HU32,2,0.7849
2019,NUTS,2010,HU32,2,0.871
2011,NUTS,2010,HU33,2,1.2162
2012,NUTS,2010,HU33,2,1.1863
2013,NUTS,2010,HU33,2,1.2236
2014,NUTS,2010,HU33,2,1.13
2015,NUTS,2010,HU33,2,1.0388
2016,NUTS,2010,HU33,2,1.0294
2017,NUTS,2010,HU33,2,1.0315
2018,NUTS,2010,HU33,2,1.1881
2019,NUTS,2010,HU33,2,1.3969
2011,NUTS,2010,IE,0,1.2932
2012,NUTS,2010,IE,0,1.0981
2013,NUTS,2010,IE,0,1.649
2015,NUTS,2010,IE,0,1.5822
2017,NUTS,2010,IE,0,1.7253
2019,NUTS,2010,IE,0,1.6922
2011,NUTS,2010,IE0,1,1.2733
2013,NUTS,2010,IE0,1,1.3437
2017,NUTS,2010,IE0,1,1.6396
2011,NUTS,2010,IE01,2,0.8491
2013,NUTS,2010,IE01,2,0.8286
2017,NUTS,2010,IE01,2,2.6833
2011,NUTS,2010,IE02,2,1.4163
2013,NUTS,2010,IE02,2,1.5197
2017,NUTS,2010,IE02,2,1.4926
2011,NUTS,2010,IS,0,2.3524
2015,NUTS,2010,IS,0,2.846
2016,NUTS,2010,IS,0,3.0648
2017,NUTS,2010,IS,0,2.8865
2018,NUTS,2010,IS,0,2.8544
2011,NUTS,2010,IT,0,1.237
2012,NUTS,2010,IT,0,1.2589
2013,NUTS,2010,IT,0,1.2642
2014,NUTS,2010,IT,0,1.2333
2015,NUTS,2010,IT,0,1.3079
2016,NUTS,2010,IT,0,1.3646
2017,NUTS,2010,IT,0,1.4498
2018,NUTS,2010,IT,0,1.5572
2019,NUTS,2010,IT,0,1.6373
2011,NUTS,2010,ITC,1,1.2302
2012,NUTS,2010,ITC,1,1.256
2013,NUTS,2010,ITC,1,1.195
2014,NUTS,2010,ITC,1,1.1674
2015,NUTS,2010,ITC,1,1.2422
2016,NUTS,2010,ITC,1,1.3276
2017,NUTS,2010,ITC,1,1.3978
2018,NUTS,2010,ITC,1,1.5295
2019,NUTS,2010,ITC,1,1.597
2011,NUTS,2010,ITC1,2,0.9143
2012,NUTS,2010,ITC1,2,1.0054
2013,NUTS,2010,ITC1,2,1.0723
2014,NUTS,2010,ITC1,2,1.0179
2015,NUTS,2010,ITC1,2,1.1688
2016,NUTS,2010,ITC1,2,1.1536
2017,NUTS,2010,ITC1,2,1.2106
2018,NUTS,2010,ITC1,2,1.3339
2019,NUTS,2010,ITC1,2,1.3599
2011,NUTS,2010,ITC2,2,0.6015
2012,NUTS,2010,ITC2,2,0.5751
2013,NUTS,2010,ITC2,2,0.6044
2014,NUTS,2010,ITC2,2,0.44
2015,NUTS,2010,ITC2,2,0.4655
2016,NUTS,2010,ITC2,2,0.5688
2017,NUTS,2010,ITC2,2,0.7101
2018,NUTS,2010,ITC2,2,0.6475
2019,NUTS,2010,ITC2,2,0.6022
2011,NUTS,2010,ITC3,2,1.4365
2012,NUTS,2010,ITC3,2,1.4156
2013,NUTS,2010,ITC3,2,1.2254
2014,NUTS,2010,ITC3,2,1.1376
2015,NUTS,2010,ITC3,2,1.2231
2016,NUTS,2010,ITC3,2,1.2586
2017,NUTS,2010,ITC3,2,1.2714
2018,NUTS,2010,ITC3,2,1.2513
2019,NUTS,2010,ITC3,2,1.3981
2011,NUTS,2010,ITC4,2,1.355
2012,NUTS,2010,ITC4,2,1.3557
2013,NUTS,2010,ITC4,2,1.2522
2014,NUTS,2010,ITC4,2,1.2478
2015,NUTS,2010,ITC4,2,1.2883
2016,NUTS,2010,ITC4,2,1.4248
2017,NUTS,2010,ITC4,2,1.5072
2018,NUTS,2010,ITC4,2,1.6669
2019,NUTS,2010,ITC4,2,1.7412
2011,NUTS,2010,ITF,1,0.9305
2012,NUTS,2010,ITF,1,0.9146
2013,NUTS,2010,ITF,1,0.9573
2014,NUTS,2010,ITF,1,0.9577
2017,NUTS,2010,ITF,1,1.0656
2018,NUTS,2010,ITF,1,1.1449
2019,NUTS,2010,ITF,1,1.2438
2011,NUTS,2010,ITF1,2,0.8668
2012,NUTS,2010,ITF1,2,0.8401
2013,NUTS,2010,ITF1,2,0.9526
2014,NUTS,2010,ITF1,2,0.8794
2015,NUTS,2010,ITF1,2,0.9452
2016,NUTS,2010,ITF1,2,0.9469
2017,NUTS,2010,ITF1,2,1.0243
2018,NUTS,2010,ITF1,2,1.0497
2019,NUTS,2010,ITF1,2,1.0662
2012,NUTS,2010,ITF2,2,0.7277
2013,NUTS,2010,ITF2,2,0.8913
2014,NUTS,2010,ITF2,2,0.8623
2017,NUTS,2010,ITF2,2,1.0299
2018,NUTS,2010,ITF2,2,1.1616
2019,NUTS,2010,ITF2,2,1.166
2011,NUTS,2010,ITF3,2,1.2062
2012,NUTS,2010,ITF3,2,1.1542
2013,NUTS,2010,ITF3,2,1.1499
2014,NUTS,2010,ITF3,2,1.1996
2015,NUTS,2010,ITF3,2,1.2628
2016,NUTS,2010,ITF3,2,1.2288
2017,NUTS,2010,ITF3,2,1.2529
2018,NUTS,2010,ITF3,2,1.3806
2019,NUTS,2010,ITF3,2,1.5284
2011,NUTS,2010,ITF4,2,0.8787
2012,NUTS,2010,ITF4,2,0.8924
2013,NUTS,2010,ITF4,2,0.8982
2014,NUTS,2010,ITF4,2,0.8826
2015,NUTS,2010,ITF4,2,0.9509
2016,NUTS,2010,ITF4,2,0.9355
2017,NUTS,2010,ITF4,2,1.0015
2018,NUTS,2010,ITF4,2,1.0507
2019,NUTS,2010,ITF4,2,1.1499
2012,NUTS,2010,ITF5,2,0.6621
2013,NUTS,2010,ITF5,2,0.6032
2014,NUTS,2010,ITF5,2,0.6219
2015,NUTS,2010,ITF5,2,0.6866
2017,NUTS,2010,ITF5,2,0.699
2018,NUTS,2010,ITF5,2,0.7392
2019,NUTS,2010,ITF5,2,0.7671
2011,NUTS,2010,ITF6,2,0.5052
2012,NUTS,2010,ITF6,2,0.4877
2013,NUTS,2010,ITF6,2,0.6409
2014,NUTS,2010,ITF6,2,0.6162
2015,NUTS,2010,ITF6,2,0.7186
2016,NUTS,2010,ITF6,2,0.6348
2017,NUTS,2010,ITF6,2,0.8067
2018,NUTS,2010,ITF6,2,0.8617
2019,NUTS,2010,ITF6,2,0.9175
2011,NUTS,2010,ITG,1,0.995
2012,NUTS,2010,ITG,1,0.9514
2013,NUTS,2010,ITG,1,1.013
2014,NUTS,2010,ITG,1,0.995
2015,NUTS,2010,ITG,1,0.9907
2016,NUTS,2010,ITG,1,0.8964
2017,NUTS,2010,ITG,1,0.9132
2018,NUTS,2010,ITG,1,0.9406
2019,NUTS,2010,ITG,1,1.0316
2011,NUTS,2010,ITG1,2,1.0074
2012,NUTS,2010,ITG1,2,0.945
2013,NUTS,2010,ITG1,2,0.9856
2014,NUTS,2010,ITG1,2,0.9953
2015,NUTS,2010,ITG1,2,0.9699
2016,NUTS,2010,ITG1,2,0.9145
2017,NUTS,2010,ITG1,2,0.9257
2018,NUTS,2010,ITG1,2,0.985
2019,NUTS,2010,ITG1,2,1.1092
2011,NUTS,2010,ITG2,2,0.9686
2012,NUTS,2010,ITG2,2,0.9656
2013,NUTS,2010,ITG2,2,1.0744
2014,NUTS,2010,ITG2,2,0.9943
2015,NUTS,2010,ITG2,2,1.0353
2016,NUTS,2010,ITG2,2,0.856
2017,NUTS,2010,ITG2,2,0.8845
2018,NUTS,2010,ITG2,2,0.8409
2019,NUTS,2010,ITG2,2,0.8653
2011,NUTS,2010,ITH,1,1.2412
2012,NUTS,2010,ITH,1,1.3094
2013,NUTS,2010,ITH,1,1.3283
2014,NUTS,2010,ITH,1,1.2871
2015,NUTS,2010,ITH,1,1.3653
2016,NUTS,2010,ITH,1,1.5089
2017,NUTS,2010,ITH,1,1.6425
2018,NUTS,2010,ITH,1,1.7553
2019,NUTS,2010,ITH,1,1.7496
2011,NUTS,2010,ITH1,2,0.5796
2012,NUTS,2010,ITH1,2,0.5682
2013,NUTS,2010,ITH1,2,0.5805
2014,NUTS,2010,ITH1,2,0.5009
2015,NUTS,2010,ITH1,2,0.6229
2016,NUTS,2010,ITH1,2,0.7413
2017,NUTS,2010,ITH1,2,0.7913
2018,NUTS,2010,ITH1,2,0.8788
2019,NUTS,2010,ITH1,2,0.8984
2011,NUTS,2010,ITH2,2,1.5992
2012,NUTS,2010,ITH2,2,1.6757
2013,NUTS,2010,ITH2,2,1.8516
2014,NUTS,2010,ITH2,2,1.8332
2015,NUTS,2010,ITH2,2,1.9321
2016,NUTS,2010,ITH2,2,1.8545
2017,NUTS,2010,ITH2,2,2.0509
2018,NUTS,2010,ITH2,2,2.1372
2019,NUTS,2010,ITH2,2,2.0949
2011,NUTS,2010,ITH3,2,1.0857
2012,NUTS,2010,ITH3,2,1.1357
2013,NUTS,2010,ITH3,2,1.1344
2014,NUTS,2010,ITH3,2,1.0711
2015,NUTS,2010,ITH3,2,1.1752
2016,NUTS,2010,ITH3,2,1.3503
2017,NUTS,2010,ITH3,2,1.4608
2018,NUTS,2010,ITH3,2,1.5921
2019,NUTS,2010,ITH3,2,1.6078
2011,NUTS,2010,ITH4,2,1.197
2012,NUTS,2010,ITH4,2,1.2517
2013,NUTS,2010,ITH4,2,1.2275
2014,NUTS,2010,ITH4,2,1.294
2015,NUTS,2010,ITH4,2,1.3238
2016,NUTS,2010,ITH4,2,1.2999
2017,NUTS,2010,ITH4,2,1.4725
2018,NUTS,2010,ITH4,2,1.5156
2019,NUTS,2010,ITH4,2,1.5354
2011,NUTS,2010,ITH5,2,1.4478
2012,NUTS,2010,ITH5,2,1.5463
2013,NUTS,2010,ITH5,2,1.5771
2014,NUTS,2010,ITH5,2,1.5392
2015,NUTS,2010,ITH5,2,1.5889
2016,NUTS,2010,ITH5,2,1.7719
2017,NUTS,2010,ITH5,2,1.926
2018,NUTS,2010,ITH5,2,2.0497
2019,NUTS,2010,ITH5,2,2.0124
2011,NUTS,2010,ITI,1,1.4997
2012,NUTS,2010,ITI,1,1.5207
2013,NUTS,2010,ITI,1,1.5273
2014,NUTS,2010,ITI,1,1.4602
2017,NUTS,2010,ITI,1,1.6722
2018,NUTS,2010,ITI,1,1.7658
2019,NUTS,2010,ITI,1,1.8969
2011,NUTS,2010,ITI1,2,1.3123
2012,NUTS,2010,ITI1,2,1.3731
2013,NUTS,2010,ITI1,2,1.3957
2014,NUTS,2010,ITI1,2,1.3146
2015,NUTS,2010,ITI1,2,1.3884
2016,NUTS,2010,ITI1,2,1.4488
2017,NUTS,2010,ITI1,2,1.5845
2018,NUTS,2010,ITI1,2,1.7337
2019,NUTS,2010,ITI1,2,1.8331
2011,NUTS,2010,ITI2,2,1.1466
2012,NUTS,2010,ITI2,2,1.1694
2013,NUTS,2010,ITI2,2,1.145
2014,NUTS,2010,ITI2,2,1.2272
2017,NUTS,2010,ITI2,2,1.2273
2018,NUTS,2010,ITI2,2,1.3994
2019,NUTS,2010,ITI2,2,1.4079
2011,NUTS,2010,ITI3,2,0.8063
2012,NUTS,2010,ITI3,2,0.8348
2013,NUTS,2010,ITI3,2,0.8816
2014,NUTS,2010,ITI3,2,0.9055
2015,NUTS,2010,ITI3,2,0.9249
2016,NUTS,2010,ITI3,2,1.0259
2017,NUTS,2010,ITI3,2,1.2037
2018,NUTS,2010,ITI3,2,1.1955
2019,NUTS,2010,ITI3,2,1.2397
2011,NUTS,2010,ITI4,2,1.8888
2012,NUTS,2010,ITI4,2,1.8724
2013,NUTS,2010,ITI4,2,1.8558
2014,NUTS,2010,ITI4,2,1.7409
2015,NUTS,2010,ITI4,2,1.858
2016,NUTS,2010,ITI4,2,1.9095
2017,NUTS,2010,ITI4,2,1.9203
2018,NUTS,2010,ITI4,2,1.9894
2019,NUTS,2010,ITI4,2,2.1906
2011,NUTS,2010,KR,0,1.1596
2011,NUTS,2010,LT,0,1.6582
2012,NUTS,2010,LT,0,1.6621
2013,NUTS,2010,LT,0,1.6951
2014,NUTS,2010,LT,0,1.7468
2015,NUTS,2010,LT,0,1.5811
2016,NUTS,2010,LT,0,1.6369
2017,NUTS,2010,LT,0,1.6862
2018,NUTS,2010,LT,0,1.7193
2019,NUTS,2010,LT,0,1.732
2015,NUTS,2010,LT01,2,2.6549
2016,NUTS,2010,LT01,2,2.5413
2017,NUTS,2010,LT01,2,2.4675
2018,NUTS,2010,LT01,2,2.5106
2019,NUTS,2010,LT01,2,2.5646
2015,NUTS,2010,LT02,2,1.0639
2016,NUTS,2010,LT02,2,1.1533
2017,NUTS,2010,LT02,2,1.2252
2018,NUTS,2010,LT02,2,1.2454
2019,NUTS,2010,LT02,2,1.2505
2011,NUTS,2010,LU,0,1.5039
2013,NUTS,2010,LU,0,1.2607
2014,NUTS,2010,LU,0,1.013
2015,NUTS,2010,LU,0,1.353
2017,NUTS,2010,LU,0,1.3539
2019,NUTS,2010,LU,0,1.3829
2011,NUTS,2010,LV,0,1.0772
2012,NUTS,2010,LV,0,1.1696
2013,NUTS,2010,LV,0,1.1099
2015,NUTS,2010,LV,0,1.2578
2016,NUTS,2010,LV,0,1.2625
2017,NUTS,2010,LV,0,1.3193
2018,NUTS,2010,LV,0,1.3779
2019,NUTS,2010,LV,0,1.4567
2011,NUTS,2010,ME,0,1.0962
2013,NUTS,2010,ME,0,1.1063
2014,NUTS,2010,ME,0,1.0521
2015,NUTS,2010,ME,0,0.995
2017,NUTS,2010,ME,0,1.0311
2018,NUTS,2010,ME,0,1.0851
2019,NUTS,2010,ME,0,1.0344
2011,NUTS,2010,MK,0,0.342
2012,NUTS,2010,MK,0,0.4213
2015,NUTS,2010,MK,0,0.5804
2016,NUTS,2010,MK,0,0.6201
2017,NUTS,2010,MK,0,0.5751
2018,NUTS,2010,MK,0,0.5919
2019,NUTS,2010,MK,0,0.5504
2011,NUTS,2010,MT,0,0.9714
2012,NUTS,2010,MT,0,1.0551
2013,NUTS,2010,MT,0,0.9767
2014,NUTS,2010,MT,0,0.9269
2015,NUTS,2010,MT,0,0.9321
2016,NUTS,2010,MT,0,0.8849
2017,NUTS,2010,MT,0,0.944
2018,NUTS,2010,MT,0,0.89
2019,NUTS,2010,MT,0,0.8743
2011,NUTS,2010,NL,0,1.0572
2012,NUTS,2010,NL,0,1.1559
2013,NUTS,2010,NL,0,1.1987
2014,NUTS,2010,NL,0,1.2209
2015,NUTS,2010,NL,0,1.2526
2016,NUTS,2010,NL,0,1.3215
2017,NUTS,2010,NL,0,1.3333
2018,NUTS,2010,NL,0,1.393
2019,NUTS,2010,NL,0,1.4799
2011,NUTS,2010,NL1,1,0.8738
2012,NUTS,2010,NL1,1,0.7968
2011,NUTS,2010,NL11,2,1.4698
2012,NUTS,2010,NL11,2,1.503
2011,NUTS,2010,NL12,2,0.4181
2012,NUTS,2010,NL12,2,0.4416
2011,NUTS,2010,NL13,2,0.7412
2012,NUTS,2010,NL13,2,0.4055
2011,NUTS,2010,NL2,1,0.9826
2012,NUTS,2010,NL2,1,1.1408
2011,NUTS,2010,NL21,2,0.7853
2012,NUTS,2010,NL21,2,0.923
2011,NUTS,2010,NL22,2,1.1447
2012,NUTS,2010,NL22,2,1.324
2011,NUTS,2010,NL23,2,0.7237
2012,NUTS,2010,NL23,2,0.8323
2011,NUTS,2010,NL3,1,1.224
2012,NUTS,2010,NL3,1,1.3106
2011,NUTS,2010,NL31,2,1.3224
2012,NUTS,2010,NL31,2,1.5236
2011,NUTS,2010,NL32,2,1.4092
2012,NUTS,2010,NL32,2,1.5426
2011,NUTS,2010,NL33,2,1.1256
2012,NUTS,2010,NL33,2,1.1492
2011,NUTS,2010,NL34,2,0.3501
2012,NUTS,2010,NL34,2,0.2598
2011,NUTS,2010,NL4,1,0.9789
2012,NUTS,2010,NL4,1,1.1315
2011,NUTS,2010,NL41,2,0.9804
2012,NUTS,2010,NL41,2,1.185
2011,NUTS,2010,NL42,2,0.9755
2012,NUTS,2010,NL42,2,1.0086
2011,NUTS,2010,NO,0,2.082
2012,NUTS,2010,NO,0,2.0941
2013,NUTS,2010,NO,0,2.1728
2014,NUTS,2010,NO,0,2.269
2015,NUTS,2010,NO,0,2.3683
2016,NUTS,2010,NO,0,2.4689
2017,NUTS,2010,NO,0,2.6524
2018,NUTS,2010,NO,0,2.7118
2019,NUTS,2010,NO,0,2.7383
2011,NUTS,2010,NO0,1,2.032
2012,NUTS,2010,NO0,1,2.0404
2013,NUTS,2010,NO0,1,2.1173
2014,NUTS,2010,NO0,1,2.2081
2011,NUTS,2010,NO01,2,3.537
2012,NUTS,2010,NO01,2,3.4987
2013,NUTS,2010,NO01,2,3.5199
2014,NUTS,2010,NO01,2,3.6572
2011,NUTS,2010,NO02,2,0.6788
2012,NUTS,2010,NO02,2,0.6516
2013,NUTS,2010,NO02,2,0.7492
2014,NUTS,2010,NO02,2,0.7898
2011,NUTS,2010,NO03,2,0.8003
2012,NUTS,2010,NO03,2,0.8099
2013,NUTS,2010,NO03,2,0.8729
2014,NUTS,2010,NO03,2,0.9496
2011,NUTS,2010,NO04,2,0.9338
2012,NUTS,2010,NO04,2,0.9615
2013,NUTS,2010,NO04,2,0.9868
2014,NUTS,2010,NO04,2,1.0704
2011,NUTS,2010,NO05,2,1.8979
2012,NUTS,2010,NO05,2,1.9347
2013,NUTS,2010,NO05,2,1.9963
2014,NUTS,2010,NO05,2,2.21
2011,NUTS,2010,NO06,2,3.6513
2012,NUTS,2010,NO06,2,3.7039
2013,NUTS,2010,NO06,2,4.0387
2014,NUTS,2010,NO06,2,3.6597
2011,NUTS,2010,NO07,2,1.9584
2012,NUTS,2010,NO07,2,2.1021
2013,NUTS,2010,NO07,2,2.1202
2014,NUTS,2010,NO07,2,2.2274
2011,NUTS,2010,PL,0,0.7336
2012,NUTS,2010,PL,0,0.7458
2013,NUTS,2010,PL,0,0.7696
2014,NUTS,2010,PL,0,0.7951
2015,NUTS,2010,PL,0,0.8108
2016,NUTS,2010,PL,0,0.8875
2017,NUTS,2010,PL,0,1.2626
2018,NUTS,2010,PL,0,1.3858
2019,NUTS,2010,PL,0,1.4209
2011,NUTS,2010,PL1,1,1.5537
2012,NUTS,2010,PL1,1,1.5534
2013,NUTS,2010,PL1,1,1.0605
2014,NUTS,2010,PL1,1,1.0525
2015,NUTS,2010,PL1,1,1.0542
2011,NUTS,2010,PL11,2,0.6394
2012,NUTS,2010,PL11,2,0.729
2013,NUTS,2010,PL11,2,0.6351
2014,NUTS,2010,PL11,2,0.6389
2015,NUTS,2010,PL11,2,0.6883
2011,NUTS,2010,PL12,2,1.2282
2012,NUTS,2010,PL12,2,1.1869
2013,NUTS,2010,PL12,2,1.2867
2014,NUTS,2010,PL12,2,1.256
2015,NUTS,2010,PL12,2,1.2223
2011,NUTS,2010,PL2,1,0.6667
2012,NUTS,2010,PL2,1,0.7159
2013,NUTS,2010,PL2,1,0.7151
2014,NUTS,2010,PL2,1,0.7542
2015,NUTS,2010,PL2,1,0.8269
2016,NUTS,2010,PL2,1,0.8335
2017,NUTS,2010,PL2,1,1.1999
2018,NUTS,2010,PL2,1,1.3283
2019,NUTS,2010,PL2,1,1.4336
2011,NUTS,2010,PL21,2,0.8957
2012,NUTS,2010,PL21,2,1.0062
2013,NUTS,2010,PL21,2,1.0005
2014,NUTS,2010,PL21,2,1.0671
2015,NUTS,2010,PL21,2,1.189
2016,NUTS,2010,PL21,2,1.1891
2017,NUTS,2010,PL21,2,1.8189
2018,NUTS,2010,PL21,2,1.9202
2019,NUTS,2010,PL21,2,1.9228
2011,NUTS,2010,PL22,2,0.5051
2012,NUTS,2010,PL22,2,0.5134
2013,NUTS,2010,PL22,2,0.5168
2014,NUTS,2010,PL22,2,0.5318
2015,NUTS,2010,PL22,2,0.5677
2016,NUTS,2010,PL22,2,0.5727
2017,NUTS,2010,PL22,2,0.7389
2018,NUTS,2010,PL22,2,0.8807
2019,NUTS,2010,PL22,2,1.0602
2011,NUTS,2010,PL3,1,0.4863
2012,NUTS,2010,PL3,1,0.5026
2013,NUTS,2010,PL3,1,0.5437
2014,NUTS,2010,PL3,1,0.5557
2015,NUTS,2010,PL3,1,0.5589
2011,NUTS,2010,PL31,2,0.6642
2012,NUTS,2010,PL31,2,0.7735
2013,NUTS,2010,PL31,2,0.7336
2014,NUTS,2010,PL31,2,0.7412
2015,NUTS,2010,PL31,2,0.7205
2011,NUTS,2010,PL32,2,0.4492
2012,NUTS,2010,PL32,2,0.4792
2013,NUTS,2010,PL32,2,0.5226
2014,NUTS,2010,PL32,2,0.5591
2015,NUTS,2010,PL32,2,0.5639
2012,NUTS,2010,PL33,2,0.0699
2013,NUTS,2010,PL33,2,0.2203
2014,NUTS,2010,PL33,2,0.2296
2015,NUTS,2010,PL33,2,0.2417
2012,NUTS,2010,PL34,2,0.533
2013,NUTS,2010,PL34,2,0.576
2014,NUTS,2010,PL34,2,0.5545
2015,NUTS,2010,PL34,2,0.5872
2011,NUTS,2010,PL4,1,0.7291
2012,NUTS,2010,PL4,1,0.7013
2013,NUTS,2010,PL4,1,0.7034
2014,NUTS,2010,PL4,1,0.7626
2015,NUTS,2010,PL4,1,0.7951
2016,NUTS,2010,PL4,1,0.6788
2017,NUTS,2010,PL4,1,0.9148
2018,NUTS,2010,PL4,1,1.0385
2019,NUTS,2010,PL4,1,0.9466
2011,NUTS,2010,PL41,2,0.9772
2012,NUTS,2010,PL41,2,0.9022
2013,NUTS,2010,PL41,2,0.9173
2014,NUTS,2010,PL41,2,1.0055
2015,NUTS,2010,PL41,2,1.0567
2016,NUTS,2010,PL41,2,0.8795
2017,NUTS,2010,PL41,2,1.0866
2018,NUTS,2010,PL41,2,1.2778
2019,NUTS,2010,PL41,2,1.103
2012,NUTS,2010,PL42,2,0.5804
2013,NUTS,2010,PL42,2,0.5545
2014,NUTS,2010,PL42,2,0.5952
2015,NUTS,2010,PL42,2,0.6228
2016,NUTS,2010,PL42,2,0.5231
2017,NUTS,2010,PL42,2,0.8378
2018,NUTS,2010,PL42,2,0.8642
2019,NUTS,2010,PL42,2,0.9155
2012,NUTS,2010,PL43,2,0.2095
2013,NUTS,2010,PL43,2,0.2089
2014,NUTS,2010,PL43,2,0.2201
2015,NUTS,2010,PL43,2,0.2232
2016,NUTS,2010,PL43,2,0.2112
2017,NUTS,2010,PL43,2,0.4093
2018,NUTS,2010,PL43,2,0.4303
2019,NUTS,2010,PL43,2,0.4006
2011,NUTS,2010,PL5,1,0.5865
2012,NUTS,2010,PL5,1,0.6424
2013,NUTS,2010,PL5,1,0.7208
2014,NUTS,2010,PL5,1,0.7322
2015,NUTS,2010,PL5,1,0.7688
2016,NUTS,2010,PL5,1,0.7473
2017,NUTS,2010,PL5,1,1.0643
2018,NUTS,2010,PL5,1,1.1146
2019,NUTS,2010,PL5,1,1.1765
2011,NUTS,2010,PL51,2,0.6445
2012,NUTS,2010,PL51,2,0.7134
2013,NUTS,2010,PL51,2,0.808
2014,NUTS,2010,PL51,2,0.8311
2015,NUTS,2010,PL51,2,0.8882
2016,NUTS,2010,PL51,2,0.8369
2017,NUTS,2010,PL51,2,1.2093
2018,NUTS,2010,PL51,2,1.2959
2019,NUTS,2010,PL51,2,1.3426
2011,NUTS,2010,PL52,2,0.3991
2012,NUTS,2010,PL52,2,0.4155
2013,NUTS,2010,PL52,2,0.4412
2014,NUTS,2010,PL52,2,0.4329
2015,NUTS,2010,PL52,2,0.4227
2016,NUTS,2010,PL52,2,0.4533
2017,NUTS,2010,PL52,2,0.5897
2018,NUTS,2010,PL52,2,0.5331
2019,NUTS,2010,PL52,2,0.6083
2011,NUTS,2010,PL6,1,0.5693
2012,NUTS,2010,PL6,1,0.5587
2013,NUTS,2010,PL6,1,0.5652
2014,NUTS,2010,PL6,1,0.5962
2015,NUTS,2010,PL6,1,0.5734
2016,NUTS,2010,PL6,1,0.6249
2017,NUTS,2010,PL6,1,1.0031
2018,NUTS,2010,PL6,1,1.1437
2011,NUTS,2010,PL61,2,0.4655
2012,NUTS,2010,PL61,2,0.4553
2013,NUTS,2010,PL61,2,0.4521
2014,NUTS,2010,PL61,2,0.4933
2015,NUTS,2010,PL61,2,0.4869
2016,NUTS,2010,PL61,2,0.5181
2017,NUTS,2010,PL61,2,1.0597
2019,NUTS,2010,PL61,2,1.0614
2011,NUTS,2010,PL62,2,0.4258
2012,NUTS,2010,PL62,2,0.4447
2013,NUTS,2010,PL62,2,0.4387
2014,NUTS,2010,PL62,2,0.4979
2015,NUTS,2010,PL62,2,0.4427
2016,NUTS,2010,PL62,2,0.4909
2017,NUTS,2010,PL62,2,0.6267
2011,NUTS,2010,PL63,2,0.7649
2012,NUTS,2010,PL63,2,0.7226
2013,NUTS,2010,PL63,2,0.7402
2014,NUTS,2010,PL63,2,0.7475
2015,NUTS,2010,PL63,2,0.7246
2016,NUTS,2010,PL63,2,0.7933
2017,NUTS,2010,PL63,2,1.165
2018,NUTS,2010,PL63,2,1.328
2019,NUTS,2010,PL63,2,1.3367
2016,NUTS,2010,PL7,1,0.6701
2017,NUTS,2010,PL7,1,0.9779
2018,NUTS,2010,PL7,1,0.946
2016,NUTS,2010,PL71,2,0.8492
2017,NUTS,2010,PL71,2,1.2201
2019,NUTS,2010,PL71,2,1.2556
2016,NUTS,2010,PL72,2,0.2807
2017,NUTS,2010,PL72,2,0.4498
2016,NUTS,2010,PL8,1,0.7166
2017,NUTS,2010,PL8,1,0.9038
2018,NUTS,2010,PL8,1,1.0418
2019,NUTS,2010,PL8,1,1.1188
2016,NUTS,2010,PL81,2,0.8997
2017,NUTS,2010,PL81,2,1.2445
2018,NUTS,2010,PL81,2,1.4732
2019,NUTS,2010,PL81,2,1.5689
2016,NUTS,2010,PL82,2,0.5787
2017,NUTS,2010,PL82,2,0.567
2018,NUTS,2010,PL82,2,0.6223
2019,NUTS,2010,PL82,2,0.6446
2016,NUTS,2010,PL84,2,0.6243
2017,NUTS,2010,PL84,2,0.8923
2018,NUTS,2010,PL84,2,0.9752
2019,NUTS,2010,PL84,2,1.1146
2016,NUTS,2010,PL9,1,1.653
2017,NUTS,2010,PL9,1,2.3622
2018,NUTS,2010,PL9,1,2.5694
2019,NUTS,2010,PL9,1,2.6002
2016,NUTS,2010,PL91,2,2.7588
2017,NUTS,2010,PL91,2,3.9342
2018,NUTS,2010,PL91,2,4.0866
2019,NUTS,2010,PL91,2,4.0558
2016,NUTS,2010,PL92,2,0.1451
2017,NUTS,2010,PL92,2,0.2024
2018,NUTS,2010,PL92,2,0.3102
2019,NUTS,2010,PL92,2,0.2444
2011,NUTS,2010,PT,0,1.6681
2012,NUTS,2010,PT,0,1.6993
2013,NUTS,2010,PT,0,1.7518
2014,NUTS,2010,PT,0,1.778
2015,NUTS,2010,PT,0,1.9215
2016,NUTS,2010,PT,0,1.8689
2017,NUTS,2010,PT,0,1.9466
2018,NUTS,2010,PT,0,2.0602
2019,NUTS,2010,PT,0,2.1393
2020,NUTS,2010,PT,0,2.2879
2011,NUTS,2010,PT1,1,1.6011
2012,NUTS,2010,PT1,1,1.6294
2013,NUTS,2010,PT1,1,1.6988
2014,NUTS,2010,PT1,1,1.7427
2015,NUTS,2010,PT1,1,1.8922
2016,NUTS,2010,PT1,1,1.8454
2017,NUTS,2010,PT1,1,1.9245
2018,NUTS,2010,PT1,1,2.0391
2019,NUTS,2010,PT1,1,2.1142
2020,NUTS,2010,PT1,1,2.2698
2011,NUTS,2010,PT11,2,1.4162
2012,NUTS,2010,PT11,2,1.4664
2013,NUTS,2010,PT11,2,1.597
2014,NUTS,2010,PT11,2,1.69
2015,NUTS,2010,PT11,2,2.0063
2016,NUTS,2010,PT11,2,1.6724
2017,NUTS,2010,PT11,2,1.7439
2018,NUTS,2010,PT11,2,1.866
2019,NUTS,2010,PT11,2,1.9511
2020,NUTS,2010,PT11,2,2.1421
2011,NUTS,2010,PT15,2,0.7878
2012,NUTS,2010,PT15,2,0.7407
2013,NUTS,2010,PT15,2,0.7555
2014,NUTS,2010,PT15,2,0.7473
2015,NUTS,2010,PT15,2,0.7879
2016,NUTS,2010,PT15,2,0.7565
2017,NUTS,2010,PT15,2,0.6578
2018,NUTS,2010,PT15,2,0.7268
2019,NUTS,2010,PT15,2,0.8236
2020,NUTS,2010,PT15,2,0.894
2011,NUTS,2010,PT16,2,1.3497
2012,NUTS,2010,PT16,2,1.3152
2013,NUTS,2010,PT16,2,1.324
2014,NUTS,2010,PT16,2,1.3592
2015,NUTS,2010,PT16,2,1.4141
2016,NUTS,2010,PT16,2,1.5495
2017,NUTS,2010,PT16,2,1.66
2018,NUTS,2010,PT16,2,1.767
2019,NUTS,2010,PT16,2,1.8875
2020,NUTS,2010,PT16,2,1.9784
2011,NUTS,2010,PT17,2,2.4085
2012,NUTS,2010,PT17,2,2.4677
2013,NUTS,2010,PT17,2,2.5339
2014,NUTS,2010,PT17,2,2.5224
2015,NUTS,2010,PT17,2,2.5784
2016,NUTS,2010,PT17,2,2.6928
2017,NUTS,2010,PT17,2,2.7969
2018,NUTS,2010,PT17,2,2.9109
2019,NUTS,2010,PT17,2,2.9249
2020,NUTS,2010,PT17,2,3.1148
2011,NUTS,2010,PT18,2,0.6206
2012,NUTS,2010,PT18,2,0.6704
2013,NUTS,2010,PT18,2,0.6505
2014,NUTS,2010,PT18,2,0.6832
2015,NUTS,2010,PT18,2,0.7123
2016,NUTS,2010,PT18,2,0.8042
2017,NUTS,2010,PT18,2,0.8653
2018,NUTS,2010,PT18,2,0.9909
2019,NUTS,2010,PT18,2,1.0532
2020,NUTS,2010,PT18,2,1.1381
2011,NUTS,2010,PT2,1,0.5918
2012,NUTS,2010,PT2,1,0.6772
2013,NUTS,2010,PT2,1,0.5808
2014,NUTS,2010,PT2,1,0.6077
2015,NUTS,2010,PT2,1,0.6026
2016,NUTS,2010,PT2,1,0.6467
2017,NUTS,2010,PT2,1,0.6383
2018,NUTS,2010,PT2,1,0.5432
2019,NUTS,2010,PT2,1,0.5367
2020,NUTS,2010,PT2,1,0.623
2011,NUTS,2010,PT20,2,0.5918
2012,NUTS,2010,PT20,2,0.6772
2013,NUTS,2010,PT20,2,0.5808
2014,NUTS,2010,PT20,2,0.6077
2015,NUTS,2010,PT20,2,0.6026
2016,NUTS,2010,PT20,2,0.6467
2017,NUTS,2010,PT20,2,0.6383
2018,NUTS,2010,PT20,2,0.5432
2019,NUTS,2010,PT20,2,0.5367
2020,NUTS,2010,PT20,2,0.623
2011,NUTS,2010,PT3,1,0.4339
2012,NUTS,2010,PT3,1,0.3313
2013,NUTS,2010,PT3,1,0.3721
2014,NUTS,2010,PT3,1,0.4218
2015,NUTS,2010,PT3,1,0.4444
2016,NUTS,2010,PT3,1,0.4954
2017,NUTS,2010,PT3,1,0.5605
2018,NUTS,2010,PT3,1,0.6257
2019,NUTS,2010,PT3,1,0.644
2020,NUTS,2010,PT3,1,0.6596
2011,NUTS,2010,PT30,2,0.4339
2012,NUTS,2010,PT30,2,0.3313
2013,NUTS,2010,PT30,2,0.3721
2014,NUTS,2010,PT30,2,0.4218
2015,NUTS,2010,PT30,2,0.4444
2016,NUTS,2010,PT30,2,0.4954
2017,NUTS,2010,PT30,2,0.5605
2018,NUTS,2010,PT30,2,0.6257
2019,NUTS,2010,PT30,2,0.644
2020,NUTS,2010,PT30,2,0.6596
2011,NUTS,2010,RO,0,0.5904
2012,NUTS,2010,RO,0,0.5965
2013,NUTS,2010,RO,0,0.6106
2014,NUTS,2010,RO,0,0.5974
2015,NUTS,2010,RO,0,0.5962
2016,NUTS,2010,RO,0,0.6111
2017,NUTS,2010,RO,0,0.6013
2018,NUTS,2010,RO,0,0.5989
2019,NUTS,2010,RO,0,0.6004
2011,NUTS,2010,RO1,1,0.3542
2012,NUTS,2010,RO1,1,0.3263
2013,NUTS,2010,RO1,1,0.2961
2014,NUTS,2010,RO1,1,0.3667
2015,NUTS,2010,RO1,1,0.3474
2016,NUTS,2010,RO1,1,0.3617
2017,NUTS,2010,RO1,1,0.3469
2018,NUTS,2010,RO1,1,0.3841
2019,NUTS,2010,RO1,1,0.3971
2011,NUTS,2010,RO11,2,0.3448
2012,NUTS,2010,RO11,2,0.3152
2013,NUTS,2010,RO11,2,0.2827
2014,NUTS,2010,RO11,2,0.322
2015,NUTS,2010,RO11,2,0.3037
2016,NUTS,2010,RO11,2,0.3066
2017,NUTS,2010,RO11,2,0.2925
2018,NUTS,2010,RO11,2,0.3201
2019,NUTS,2010,RO11,2,0.3381
2011,NUTS,2010,RO12,2,0.3663
2012,NUTS,2010,RO12,2,0.3412
2013,NUTS,2010,RO12,2,0.3138
2014,NUTS,2010,RO12,2,0.4254
2015,NUTS,2010,RO12,2,0.4042
2016,NUTS,2010,RO12,2,0.4324
2017,NUTS,2010,RO12,2,0.4176
2018,NUTS,2010,RO12,2,0.4734
2019,NUTS,2010,RO12,2,0.4751
2011,NUTS,2010,RO2,1,0.1976
2012,NUTS,2010,RO2,1,0.2189
2013,NUTS,2010,RO2,1,0.2433
2014,NUTS,2010,RO2,1,0.2398
2015,NUTS,2010,RO2,1,0.251
2016,NUTS,2010,RO2,1,0.259
2017,NUTS,2010,RO2,1,0.2627
2018,NUTS,2010,RO2,1,0.2767
2019,NUTS,2010,RO2,1,0.2836
2011,NUTS,2010,RO21,2,0.2249
2012,NUTS,2010,RO21,2,0.2428
2013,NUTS,2010,RO21,2,0.288
2014,NUTS,2010,RO21,2,0.2749
2015,NUTS,2010,RO21,2,0.2768
2016,NUTS,2010,RO21,2,0.2706
2017,NUTS,2010,RO21,2,0.2614
2018,NUTS,2010,RO21,2,0.2527
2019,NUTS,2010,RO21,2,0.2746
2011,NUTS,2010,RO22,2,0.1541
2012,NUTS,2010,RO22,2,0.1799
2013,NUTS,2010,RO22,2,0.1669
2014,NUTS,2010,RO22,2,0.1766
2015,NUTS,2010,RO22,2,0.2054
2016,NUTS,2010,RO22,2,0.2385
2017,NUTS,2010,RO22,2,0.265
2018,NUTS,2010,RO22,2,0.3194
2019,NUTS,2010,RO22,2,0.2996
2011,NUTS,2010,RO3,1,1.0154
2012,NUTS,2010,RO3,1,1.0183
2013,NUTS,2010,RO3,1,1.0299
2014,NUTS,2010,RO3,1,0.9853
2015,NUTS,2010,RO3,1,0.9906
2016,NUTS,2010,RO3,1,1.0376
2017,NUTS,2010,RO3,1,1.0132
2018,NUTS,2010,RO3,1,0.9982
2019,NUTS,2010,RO3,1,1.0034
2011,NUTS,2010,RO31,2,0.1636
2012,NUTS,2010,RO31,2,0.211
2013,NUTS,2010,RO31,2,0.2876
2014,NUTS,2010,RO31,2,0.2464
2015,NUTS,2010,RO31,2,0.2111
2016,NUTS,2010,RO31,2,0.213
2017,NUTS,2010,RO31,2,0.1698
2018,NUTS,2010,RO31,2,0.1899
2019,NUTS,2010,RO31,2,0.204
2011,NUTS,2010,RO32,2,1.9629
2012,NUTS,2010,RO32,2,1.9431
2013,NUTS,2010,RO32,2,1.8963
2014,NUTS,2010,RO32,2,1.8414
2015,NUTS,2010,RO32,2,1.8542
2016,NUTS,2010,RO32,2,1.8873
2017,NUTS,2010,RO32,2,1.8947
2018,NUTS,2010,RO32,2,1.8237
2019,NUTS,2010,RO32,2,1.7896
2011,NUTS,2010,RO4,1,0.3063
2012,NUTS,2010,RO4,1,0.315
2013,NUTS,2010,RO4,1,0.3542
2014,NUTS,2010,RO4,1,0.2985
2015,NUTS,2010,RO4,1,0.3792
2016,NUTS,2010,RO4,1,0.3774
2017,NUTS,2010,RO4,1,0.3719
2018,NUTS,2010,RO4,1,0.3098
2019,NUTS,2010,RO4,1,0.3122
2011,NUTS,2010,RO41,2,0.2295
2012,NUTS,2010,RO41,2,0.2035
2013,NUTS,2010,RO41,2,0.2177
2014,NUTS,2010,RO41,2,0.2075
2015,NUTS,2010,RO41,2,0.2554
2016,NUTS,2010,RO41,2,0.2594
2017,NUTS,2010,RO41,2,0.2438
2018,NUTS,2010,RO41,2,0.164
2019,NUTS,2010,RO41,2,0.1643
2011,NUTS,2010,RO42,2,0.4057
2012,NUTS,2010,RO42,2,0.4628
2013,NUTS,2010,RO42,2,0.5226
2014,NUTS,2010,RO42,2,0.4163
2015,NUTS,2010,RO42,2,0.5268
2016,NUTS,2010,RO42,2,0.5186
2017,NUTS,2010,RO42,2,0.5298
2018,NUTS,2010,RO42,2,0.4921
2019,NUTS,2010,RO42,2,0.4873
2011,NUTS,2010,RS,0,0.7916
2012,NUTS,2010,RS,0,0.7838
2013,NUTS,2010,RS,0,0.8296
2014,NUTS,2010,RS,0,0.8273
2015,NUTS,2010,RS,0,0.9017
2016,NUTS,2010,RS,0,0.8658
2017,NUTS,2010,RS,0,0.8478
2018,NUTS,2010,RS,0,0.8613
2019,NUTS,2010,RS,0,0.8816
2020,NUTS,2010,RS,0,0.9432
2018,NUTS,2010,RS1,1,1.2898
2019,NUTS,2010,RS1,1,1.3118
2020,NUTS,2010,RS1,1,1.4092
2018,NUTS,2010,RS11,2,1.7375
2019,NUTS,2010,RS11,2,1.785
2020,NUTS,2010,RS11,2,1.9415
2018,NUTS,2010,RS12,2,0.8106
2019,NUTS,2010,RS12,2,0.8085
2020,NUTS,2010,RS12,2,0.846
2018,NUTS,2010,RS2,1,0.2876
2019,NUTS,2010,RS2,1,0.2874
2020,NUTS,2010,RS2,1,0.2964
2018,NUTS,2010,RS21,2,0.2182
2019,NUTS,2010,RS21,2,0.2027
2020,NUTS,2010,RS21,2,0.2278
2018,NUTS,2010,RS22,2,0.3861
2019,NUTS,2010,RS22,2,0.4064
2020,NUTS,2010,RS22,2,0.3941
2011,NUTS,2010,SE,0,2.0524
2013,NUTS,2010,SE,0,2.0709
2015,NUTS,2010,SE,0,2.1161
2017,NUTS,2010,SE,0,1.8896
2019,NUTS,2010,SE,0,1.9321
2011,NUTS,2010,SI,0,1.7279
2012,NUTS,2010,SI,0,1.6593
2013,NUTS,2010,SI,0,1.6938
2014,NUTS,2010,SI,0,1.6671
2015,NUTS,2010,SI,0,1.6075
2016,NUTS,2010,SI,0,1.5185
2017,NUTS,2010,SI,0,1.5949
2018,NUTS,2010,SI,0,1.7749
2019,NUTS,2010,SI,0,1.885
2011,NUTS,2010,SI0,1,1.6788
2012,NUTS,2010,SI0,1,1.621
2013,NUTS,2010,SI0,1,1.6549
2014,NUTS,2010,SI0,1,1.6182
2015,NUTS,2010,SI0,1,1.5721
2016,NUTS,2010,SI0,1,1.49
2017,NUTS,2010,SI0,1,1.5649
2018,NUTS,2010,SI0,1,1.7352
2019,NUTS,2010,SI0,1,1.8536
2013,NUTS,2010,SI03,2,0.8248
2014,NUTS,2010,SI03,2,0.8186
2015,NUTS,2010,SI03,2,0.7556
2016,NUTS,2010,SI03,2,0.758
2017,NUTS,2010,SI03,2,0.8033
2018,NUTS,2010,SI03,2,0.9306
2019,NUTS,2010,SI03,2,1.0224
2013,NUTS,2010,SI04,2,2.5609
2014,NUTS,2010,SI04,2,2.4995
2015,NUTS,2010,SI04,2,2.4577
2016,NUTS,2010,SI04,2,2.2732
2017,NUTS,2010,SI04,2,2.3852
2018,NUTS,2010,SI04,2,2.6152
2019,NUTS,2010,SI04,2,2.7442
2011,NUTS,2010,SK,0,0.9853
2012,NUTS,2010,SK,0,0.9712
2013,NUTS,2010,SK,0,0.9303
2014,NUTS,2010,SK,0,0.9579
2015,NUTS,2010,SK,0,0.9317
2016,NUTS,2010,SK,0,1.0607
2017,NUTS,2010,SK,0,1.0555
2018,NUTS,2010,SK,0,1.1107
2019,NUTS,2010,SK,0,1.1193
2020,NUTS,2010,SK,0,1.1352
2011,NUTS,2010,SK01,2,4.2198
2012,NUTS,2010,SK01,2,3.9945
2013,NUTS,2010,SK01,2,3.7969
2014,NUTS,2010,SK01,2,3.7173
2015,NUTS,2010,SK01,2,3.5419
2016,NUTS,2010,SK01,2,4.0127
2017,NUTS,2010,SK01,2,3.8913
2018,NUTS,2010,SK01,2,4.1675
2019,NUTS,2010,SK01,2,4.2596
2020,NUTS,2010,SK01,2,4.4496
2011,NUTS,2010,SK02,2,0.4432
2012,NUTS,2010,SK02,2,0.4472
2013,NUTS,2010,SK02,2,0.4749
2014,NUTS,2010,SK02,2,0.5857
2015,NUTS,2010,SK02,2,0.5642
2016,NUTS,2010,SK02,2,0.5474
2017,NUTS,2010,SK02,2,0.6168
2018,NUTS,2010,SK02,2,0.6257
2019,NUTS,2010,SK02,2,0.6084
2020,NUTS,2010,SK02,2,0.6128
2011,NUTS,2010,SK03,2,0.5977
2012,NUTS,2010,SK03,2,0.6397
2013,NUTS,2010,SK03,2,0.5746
2014,NUTS,2010,SK03,2,0.6093
2015,NUTS,2010,SK03,2,0.6223
2016,NUTS,2010,SK03,2,0.7934
2017,NUTS,2010,SK03,2,0.7251
2018,NUTS,2010,SK03,2,0.7407
2019,NUTS,2010,SK03,2,0.7228
2020,NUTS,2010,SK03,2,0.6907
2011,NUTS,2010,SK04,2,0.6757
2012,NUTS,2010,SK04,2,0.6722
2013,NUTS,2010,SK04,2,0.6631
2014,NUTS,2010,SK04,2,0.6587
2015,NUTS,2010,SK04,2,0.6428
2016,NUTS,2010,SK04,2,0.7009
2017,NUTS,2010,SK04,2,0.698
2018,NUTS,2010,SK04,2,0.7558
2019,NUTS,2010,SK04,2,0.751
2020,NUTS,2010,SK04,2,0.7502
2011,NUTS,2010,TR,0,0.7162
2012,NUTS,2010,TR,0,0.7845
2013,NUTS,2010,TR,0,0.7924
2014,NUTS,2010,TR,0,0.8634
2015,NUTS,2010,TR,0,0.8714
2016,NUTS,2010,TR,0,0.9116
2017,NUTS,2010,TR,0,0.9685
2018,NUTS,2010,TR,0,1.0104
2019,NUTS,2010,TR,0,1.056
2020,NUTS,2010,TR,0,1.206
2011,NUTS,2010,UK,0,1.4222
2012,NUTS,2010,UK,0,1.4421
2013,NUTS,2010,UK,0,1.5162
2014,NUTS,2010,UK,0,1.5406
2015,NUTS,2010,UK,0,1.6322
2016,NUTS,2010,UK,0,1.6756
2017,NUTS,2010,UK,0,1.7248
2018,NUTS,2010,UK,0,1.7734
2011,NUTS,2010,UKC,1,1.2714
2013,NUTS,2010,UKC,1,1.3776
2015,NUTS,2010,UKC,1,1.4513
2017,NUTS,2010,UKC,1,1.5164
2011,NUTS,2010,UKC1,2,1.066
2013,NUTS,2010,UKC1,2,1.2582
2015,NUTS,2010,UKC1,2,1.2156
2017,NUTS,2010,UKC1,2,1.2165
2011,NUTS,2010,UKC2,2,1.4402
2013,NUTS,2010,UKC2,2,1.4723
2015,NUTS,2010,UKC2,2,1.6393
2017,NUTS,2010,UKC2,2,1.7565
2011,NUTS,2010,UKD,1,1.1347
2013,NUTS,2010,UKD,1,1.2023
2015,NUTS,2010,UKD,1,1.3375
2017,NUTS,2010,UKD,1,1.3936
2011,NUTS,2010,UKD1,2,0.5705
2013,NUTS,2010,UKD1,2,0.4879
2015,NUTS,2010,UKD1,2,0.7395
2017,NUTS,2010,UKD1,2,0.816
2011,NUTS,2010,UKD3,2,1.3713
2013,NUTS,2010,UKD3,2,1.3713
2015,NUTS,2010,UKD3,2,1.509
2017,NUTS,2010,UKD3,2,1.4966
2011,NUTS,2010,UKD4,2,1.0079
2013,NUTS,2010,UKD4,2,1.1754
2015,NUTS,2010,UKD4,2,1.229
2017,NUTS,2010,UKD4,2,1.2845
2011,NUTS,2010,UKD6,2,0.9664
2013,NUTS,2010,UKD6,2,1.1221
2015,NUTS,2010,UKD6,2,1.2174
2017,NUTS,2010,UKD6,2,1.1409
2011,NUTS,2010,UKD7,2,1.144
2013,NUTS,2010,UKD7,2,1.2185
2015,NUTS,2010,UKD7,2,1.4173
2017,NUTS,2010,UKD7,2,1.6707
2011,NUTS,2010,UKE,1,1.2743
2013,NUTS,2010,UKE,1,1.372
2015,NUTS,2010,UKE,1,1.4861
2017,NUTS,2010,UKE,1,1.6257
2011,NUTS,2010,UKE1,2,0.4715
2013,NUTS,2010,UKE1,2,0.749
2015,NUTS,2010,UKE1,2,0.7546
2017,NUTS,2010,UKE1,2,0.8085
2011,NUTS,2010,UKE2,2,1.6566
2013,NUTS,2010,UKE2,2,1.5832
2015,NUTS,2010,UKE2,2,1.7645
2017,NUTS,2010,UKE2,2,1.777
2011,NUTS,2010,UKE3,2,1.5666
2013,NUTS,2010,UKE3,2,1.6309
2015,NUTS,2010,UKE3,2,1.8263
2017,NUTS,2010,UKE3,2,1.9957
2011,NUTS,2010,UKE4,2,1.3144
2013,NUTS,2010,UKE4,2,1.3947
2015,NUTS,2010,UKE4,2,1.4752
2017,NUTS,2010,UKE4,2,1.6637
2011,NUTS,2010,UKF,1,1.2594
2013,NUTS,2010,UKF,1,1.358
2015,NUTS,2010,UKF,1,1.411
2017,NUTS,2010,UKF,1,1.4914
2011,NUTS,2010,UKF1,2,1.5712
2013,NUTS,2010,UKF1,2,1.7243
2015,NUTS,2010,UKF1,2,1.7503
2017,NUTS,2010,UKF1,2,1.9487
2011,NUTS,2010,UKF2,2,1.2486
2013,NUTS,2010,UKF2,2,1.3142
2015,NUTS,2010,UKF2,2,1.3263
2017,NUTS,2010,UKF2,2,1.3301
2011,NUTS,2010,UKF3,2,0.3756
2013,NUTS,2010,UKF3,2,0.406
2015,NUTS,2010,UKF3,2,0.526
2017,NUTS,2010,UKF3,2,0.5406
2011,NUTS,2010,UKG,1,0.9545
2013,NUTS,2010,UKG,1,1.0601
2015,NUTS,2010,UKG,1,1.2239
2017,NUTS,2010,UKG,1,1.3228
2011,NUTS,2010,UKG1,2,0.4447
2013,NUTS,2010,UKG1,2,0.5533
2015,NUTS,2010,UKG1,2,0.7351
2017,NUTS,2010,UKG1,2,0.9983
2011,NUTS,2010,UKG2,2,0.3269
2013,NUTS,2010,UKG2,2,0.3437
2015,NUTS,2010,UKG2,2,0.4605
2017,NUTS,2010,UKG2,2,0.4933
2011,NUTS,2010,UKG3,2,1.6332
2013,NUTS,2010,UKG3,2,1.7846
2015,NUTS,2010,UKG3,2,1.9844
2017,NUTS,2010,UKG3,2,2.0078
2011,NUTS,2010,UKH,1,1.6964
2013,NUTS,2010,UKH,1,1.7403
2015,NUTS,2010,UKH,1,1.8254
2017,NUTS,2010,UKH,1,1.9339
2011,NUTS,2010,UKH1,2,2.5089
2013,NUTS,2010,UKH1,2,2.611
2015,NUTS,2010,UKH1,2,2.7646
2017,NUTS,2010,UKH1,2,3.0179
2011,NUTS,2010,UKH2,2,1.3186
2013,NUTS,2010,UKH2,2,1.5046
2015,NUTS,2010,UKH2,2,1.4898
2017,NUTS,2010,UKH2,2,1.5971
2011,NUTS,2010,UKH3,2,0.9391
2013,NUTS,2010,UKH3,2,0.776
2015,NUTS,2010,UKH3,2,0.8428
2017,NUTS,2010,UKH3,2,0.8259
2011,NUTS,2010,UKI,1,1.8791
2013,NUTS,2010,UKI,1,1.8571
2015,NUTS,2010,UKI,1,1.9874
2017,NUTS,2010,UKI,1,2.0863
2011,NUTS,2010,UKI3,2,10.7119
2013,NUTS,2010,UKI3,2,9.3673
2015,NUTS,2010,UKI3,2,9.7663
2017,NUTS,2010,UKI3,2,10.7232
2011,NUTS,2010,UKI4,2,0.8907
2013,NUTS,2010,UKI4,2,0.915
2015,NUTS,2010,UKI4,2,1.0832
2017,NUTS,2010,UKI4,2,1.125
2011,NUTS,2010,UKI5,2,0.2524
2013,NUTS,2010,UKI5,2,0.274
2015,NUTS,2010,UKI5,2,0.2599
2017,NUTS,2010,UKI5,2,0.2492
2011,NUTS,2010,UKI6,2,0.3521
2013,NUTS,2010,UKI6,2,0.3992
2015,NUTS,2010,UKI6,2,0.4277
2017,NUTS,2010,UKI6,2,0.4632
2011,NUTS,2010,UKI7,2,0.7712
2013,NUTS,2010,UKI7,2,0.8941
2015,NUTS,2010,UKI7,2,1.0844
2017,NUTS,2010,UKI7,2,1.1975
2011,NUTS,2010,UKJ,1,1.6434
2013,NUTS,2010,UKJ,1,1.8342
2015,NUTS,2010,UKJ,1,1.9515
2017,NUTS,2010,UKJ,1,1.939
2011,NUTS,2010,UKJ1,2,2.795
2013,NUTS,2010,UKJ1,2,3.2583
2015,NUTS,2010,UKJ1,2,3.3994
2017,NUTS,2010,UKJ1,2,3.535
2011,NUTS,2010,UKJ2,2,1.1355
2013,NUTS,2010,UKJ2,2,1.2435
2015,NUTS,2010,UKJ2,2,1.3237
2017,NUTS,2010,UKJ2,2,1.3144
2011,NUTS,2010,UKJ3,2,1.7291
2013,NUTS,2010,UKJ3,2,1.8853
2015,NUTS,2010,UKJ3,2,1.9821
2017,NUTS,2010,UKJ3,2,1.8635
2011,NUTS,2010,UKJ4,2,0.7648
2013,NUTS,2010,UKJ4,2,0.7975
2015,NUTS,2010,UKJ4,2,0.8679
2017,NUTS,2010,UKJ4,2,0.8523
2011,NUTS,2010,UKK,1,1.0501
2013,NUTS,2010,UKK,1,1.0959
2015,NUTS,2010,UKK,1,1.1565
2017,NUTS,2010,UKK,1,1.2553
2011,NUTS,2010,UKK1,2,1.5191
2013,NUTS,2010,UKK1,2,1.6392
2015,NUTS,2010,UKK1,2,1.6612
2017,NUTS,2010,UKK1,2,1.7859
2011,NUTS,2010,UKK2,2,0.3248
2013,NUTS,2010,UKK2,2,0.3624
2015,NUTS,2010,UKK2,2,0.4841
2017,NUTS,2010,UKK2,2,0.539
2011,NUTS,2010,UKK3,2,0.151
2013,NUTS,2010,UKK3,2,0.1672
2015,NUTS,2010,UKK3,2,0.2117
2017,NUTS,2010,UKK3,2,0.2596
2011,NUTS,2010,UKK4,2,1.2609
2013,NUTS,2010,UKK4,2,1.2117
2015,NUTS,2010,UKK4,2,1.2175
2017,NUTS,2010,UKK4,2,1.3094
2011,NUTS,2010,UKL,1,1.1648
2013,NUTS,2010,UKL,1,1.146
2015,NUTS,2010,UKL,1,1.1919
2017,NUTS,2010,UKL,1,1.3431
2011,NUTS,2010,UKL1,2,0.8675
2013,NUTS,2010,UKL1,2,0.9036
2015,NUTS,2010,UKL1,2,0.9889
2017,NUTS,2010,UKL1,2,1.1649
2011,NUTS,2010,UKL2,2,1.6473
2013,NUTS,2010,UKL2,2,1.5259
2015,NUTS,2010,UKL2,2,1.5343
2017,NUTS,2010,UKL2,2,1.6163
2011,NUTS,2010,UKM,1,1.4565
2013,NUTS,2010,UKM,1,1.6801
2015,NUTS,2010,UKM,1,1.7694
2017,NUTS,2010,UKM,1,1.9752
2013,NUTS,2010,UKM2,2,2.1412
2015,NUTS,2010,UKM2,2,2.5775
2017,NUTS,2010,UKM2,2,0.6962
2013,NUTS,2010,UKM3,2,1.4177
2015,NUTS,2010,UKM3,2,1.432
2017,NUTS,2010,UKM3,2,0.342
2013,NUTS,2010,UKM5,2,2.6803
2015,NUTS,2010,UKM5,2,1.975
2017,NUTS,2010,UKM5,2,2.3119
2013,NUTS,2010,UKM6,2,0.217
2015,NUTS,2010,UKM6,2,0.2053
2017,NUTS,2010,UKM6,2,0.2987
2017,NUTS,2010,UKM7,2,2.2489
2017,NUTS,2010,UKM8,2,1.7896
2017,NUTS,2010,UKM9,2,0.0
2011,NUTS,2010,UKN,1,1.0282
2013,NUTS,2010,UKN,1,0.9765
2015,NUTS,2010,UKN,1,1.1405
2017,NUTS,2010,UKN,1,1.2237
2011,NUTS,2010,UKN0,2,1.0282
2013,NUTS,2010,UKN0,2,0.9765
2015,NUTS,2010,UKN0,2,1.1405
2017,NUTS,2010,UKN0,2,1.2237
