year,region_type,region_year_spec,region_id,region_level,rd_p_persreg_hes_rse_t_pc_act_fte
2011,NUTS,2010,AT,0,0.2911
2012,NUTS,2010,AT,0,0.2998
2013,NUTS,2010,AT,0,0.3002
2014,NUTS,2010,AT,0,0.3133
2015,NUTS,2010,AT,0,0.3148
2016,NUTS,2010,AT,0,0.3014
2017,NUTS,2010,AT,0,0.3035
2018,NUTS,2010,AT,0,0.3184
2019,NUTS,2010,AT,0,0.326
2020,NUTS,2010,AT,0,0.3363
2011,NUTS,2010,AT1,1,0.3666
2013,NUTS,2010,AT1,1,0.3823
2019,NUTS,2010,AT1,1,0.4063
2011,NUTS,2010,AT11,2,0.0186
2013,NUTS,2010,AT11,2,0.0256
2019,NUTS,2010,AT11,2,0.0481
2011,NUTS,2010,AT12,2,0.0316
2013,NUTS,2010,AT12,2,0.0588
2015,NUTS,2010,AT12,2,0.0695
2017,NUTS,2010,AT12,2,0.0902
2019,NUTS,2010,AT12,2,0.1266
2011,NUTS,2010,AT13,2,0.7501
2013,NUTS,2010,AT13,2,0.7428
2015,NUTS,2010,AT13,2,0.761
2017,NUTS,2010,AT13,2,0.6886
2019,NUTS,2010,AT13,2,0.7073
2011,NUTS,2010,AT2,1,0.297
2013,NUTS,2010,AT2,1,0.3037
2017,NUTS,2010,AT2,1,0.3261
2019,NUTS,2010,AT2,1,0.34
2011,NUTS,2010,AT21,2,0.1088
2013,NUTS,2010,AT21,2,0.1073
2015,NUTS,2010,AT21,2,0.0901
2017,NUTS,2010,AT21,2,0.1031
2019,NUTS,2010,AT21,2,0.1011
2011,NUTS,2010,AT22,2,0.3802
2013,NUTS,2010,AT22,2,0.391
2015,NUTS,2010,AT22,2,0.4329
2017,NUTS,2010,AT22,2,0.423
2019,NUTS,2010,AT22,2,0.4434
2011,NUTS,2010,AT3,1,0.1914
2013,NUTS,2010,AT3,1,0.1938
2019,NUTS,2010,AT3,1,0.2133
2011,NUTS,2010,AT31,2,0.1347
2013,NUTS,2010,AT31,2,0.1353
2015,NUTS,2010,AT31,2,0.1298
2017,NUTS,2010,AT31,2,0.1267
2019,NUTS,2010,AT31,2,0.1348
2011,NUTS,2010,AT32,2,0.2101
2013,NUTS,2010,AT32,2,0.2148
2015,NUTS,2010,AT32,2,0.2555
2017,NUTS,2010,AT32,2,0.2533
2019,NUTS,2010,AT32,2,0.2807
2011,NUTS,2010,AT33,2,0.3803
2013,NUTS,2010,AT33,2,0.3792
2015,NUTS,2010,AT33,2,0.3912
2017,NUTS,2010,AT33,2,0.3797
2019,NUTS,2010,AT33,2,0.412
2011,NUTS,2010,AT34,2,0.0214
2013,NUTS,2010,AT34,2,0.0257
2019,NUTS,2010,AT34,2,0.0353
2011,NUTS,2010,BE,0,0.3782
2012,NUTS,2010,BE,0,0.3784
2013,NUTS,2010,BE,0,0.3821
2014,NUTS,2010,BE,0,0.3888
2015,NUTS,2010,BE,0,0.4131
2016,NUTS,2010,BE,0,0.3973
2017,NUTS,2010,BE,0,0.3986
2018,NUTS,2010,BE,0,0.3984
2019,NUTS,2010,BE,0,0.4016
2020,NUTS,2010,BE,0,0.4368
2011,NUTS,2010,BE1,1,0.6537
2012,NUTS,2010,BE1,1,0.6497
2013,NUTS,2010,BE1,1,0.6663
2014,NUTS,2010,BE1,1,0.7055
2015,NUTS,2010,BE1,1,0.7959
2016,NUTS,2010,BE1,1,0.7512
2017,NUTS,2010,BE1,1,0.7612
2018,NUTS,2010,BE1,1,0.7114
2019,NUTS,2010,BE1,1,0.6983
2011,NUTS,2010,BE10,2,0.6537
2012,NUTS,2010,BE10,2,0.6497
2013,NUTS,2010,BE10,2,0.6663
2014,NUTS,2010,BE10,2,0.7055
2015,NUTS,2010,BE10,2,0.7959
2016,NUTS,2010,BE10,2,0.7512
2017,NUTS,2010,BE10,2,0.7612
2018,NUTS,2010,BE10,2,0.7114
2019,NUTS,2010,BE10,2,0.6983
2011,NUTS,2010,BE2,1,0.3713
2012,NUTS,2010,BE2,1,0.3801
2013,NUTS,2010,BE2,1,0.3859
2014,NUTS,2010,BE2,1,0.3892
2015,NUTS,2010,BE2,1,0.392
2016,NUTS,2010,BE2,1,0.3852
2017,NUTS,2010,BE2,1,0.3871
2018,NUTS,2010,BE2,1,0.3967
2019,NUTS,2010,BE2,1,0.4037
2011,NUTS,2010,BE3,1,0.2895
2012,NUTS,2010,BE3,1,0.2728
2013,NUTS,2010,BE3,1,0.2689
2014,NUTS,2010,BE3,1,0.2674
2015,NUTS,2010,BE3,1,0.3087
2016,NUTS,2010,BE3,1,0.2839
2017,NUTS,2010,BE3,1,0.2798
2018,NUTS,2010,BE3,1,0.2766
2019,NUTS,2010,BE3,1,0.2757
2011,NUTS,2010,BG,0,0.1367
2012,NUTS,2010,BG,0,0.1139
2013,NUTS,2010,BG,0,0.122
2014,NUTS,2010,BG,0,0.1362
2015,NUTS,2010,BG,0,0.1181
2016,NUTS,2010,BG,0,0.1614
2017,NUTS,2010,BG,0,0.1169
2018,NUTS,2010,BG,0,0.1201
2019,NUTS,2010,BG,0,0.1108
2020,NUTS,2010,BG,0,0.1116
2011,NUTS,2010,BG3,1,0.0976
2012,NUTS,2010,BG3,1,0.0966
2013,NUTS,2010,BG3,1,0.1015
2014,NUTS,2010,BG3,1,0.1336
2016,NUTS,2010,BG3,1,0.1044
2019,NUTS,2010,BG3,1,0.1039
2011,NUTS,2010,BG32,2,0.1292
2012,NUTS,2010,BG32,2,0.1208
2013,NUTS,2010,BG32,2,0.1278
2014,NUTS,2010,BG32,2,0.2387
2015,NUTS,2010,BG32,2,0.1698
2019,NUTS,2010,BG32,2,0.1094
2011,NUTS,2010,BG33,2,0.165
2012,NUTS,2010,BG33,2,0.1659
2013,NUTS,2010,BG33,2,0.167
2014,NUTS,2010,BG33,2,0.207
2015,NUTS,2010,BG33,2,0.1723
2015,NUTS,2010,BG34,2,0.0545
2016,NUTS,2010,BG34,2,0.0642
2017,NUTS,2010,BG34,2,0.059
2011,NUTS,2010,BG4,1,0.17
2012,NUTS,2010,BG4,1,0.127
2013,NUTS,2010,BG4,1,0.1371
2014,NUTS,2010,BG4,1,0.1336
2016,NUTS,2010,BG4,1,0.2075
2019,NUTS,2010,BG4,1,0.1105
2013,NUTS,2010,BG41,2,0.1832
2015,NUTS,2010,BG41,2,0.1632
2017,NUTS,2010,BG41,2,0.1758
2018,NUTS,2010,BG41,2,0.1613
2019,NUTS,2010,BG41,2,0.1261
2013,NUTS,2010,BG42,2,0.0636
2019,NUTS,2010,BG42,2,0.0848
2012,NUTS,2010,CH,0,0.4246
2015,NUTS,2010,CH,0,0.465
2017,NUTS,2010,CH,0,0.4848
2019,NUTS,2010,CH,0,0.5066
2011,NUTS,2010,CY,0,0.133
2012,NUTS,2010,CY,0,0.1236
2013,NUTS,2010,CY,0,0.1292
2014,NUTS,2010,CY,0,0.1264
2015,NUTS,2010,CY,0,0.128
2016,NUTS,2010,CY,0,0.1291
2017,NUTS,2010,CY,0,0.1442
2018,NUTS,2010,CY,0,0.1521
2019,NUTS,2010,CY,0,0.1646
2020,NUTS,2010,CY,0,0.1663
2011,NUTS,2010,CZ,0,0.1999
2012,NUTS,2010,CZ,0,0.2222
2013,NUTS,2010,CZ,0,0.2109
2014,NUTS,2010,CZ,0,0.2106
2015,NUTS,2010,CZ,0,0.2184
2016,NUTS,2010,CZ,0,0.2011
2017,NUTS,2010,CZ,0,0.2072
2018,NUTS,2010,CZ,0,0.2279
2019,NUTS,2010,CZ,0,0.2408
2020,NUTS,2010,CZ,0,0.2552
2011,NUTS,2010,CZ0,1,0.197
2012,NUTS,2010,CZ0,1,0.2187
2013,NUTS,2010,CZ0,1,0.2072
2014,NUTS,2010,CZ0,1,0.207
2015,NUTS,2010,CZ0,1,0.2139
2016,NUTS,2010,CZ0,1,0.1965
2017,NUTS,2010,CZ0,1,0.2023
2018,NUTS,2010,CZ0,1,0.2216
2019,NUTS,2010,CZ0,1,0.234
2020,NUTS,2010,CZ0,1,0.2482
2011,NUTS,2010,CZ01,2,0.6639
2012,NUTS,2010,CZ01,2,0.6318
2013,NUTS,2010,CZ01,2,0.7118
2014,NUTS,2010,CZ01,2,0.6636
2015,NUTS,2010,CZ01,2,0.6653
2016,NUTS,2010,CZ01,2,0.5514
2017,NUTS,2010,CZ01,2,0.6125
2018,NUTS,2010,CZ01,2,0.6926
2019,NUTS,2010,CZ01,2,0.7593
2020,NUTS,2010,CZ01,2,0.7913
2011,NUTS,2010,CZ02,2,0.0121
2012,NUTS,2010,CZ02,2,0.0135
2013,NUTS,2010,CZ02,2,0.0137
2014,NUTS,2010,CZ02,2,0.0194
2015,NUTS,2010,CZ02,2,0.0244
2016,NUTS,2010,CZ02,2,0.0195
2017,NUTS,2010,CZ02,2,0.0231
2018,NUTS,2010,CZ02,2,0.0246
2019,NUTS,2010,CZ02,2,0.0274
2020,NUTS,2010,CZ02,2,0.0264
2011,NUTS,2010,CZ03,2,0.1624
2012,NUTS,2010,CZ03,2,0.1517
2013,NUTS,2010,CZ03,2,0.1706
2014,NUTS,2010,CZ03,2,0.1841
2015,NUTS,2010,CZ03,2,0.1661
2016,NUTS,2010,CZ03,2,0.1613
2017,NUTS,2010,CZ03,2,0.1695
2018,NUTS,2010,CZ03,2,0.1804
2019,NUTS,2010,CZ03,2,0.1862
2020,NUTS,2010,CZ03,2,0.1957
2011,NUTS,2010,CZ04,2,0.0241
2012,NUTS,2010,CZ04,2,0.0285
2013,NUTS,2010,CZ04,2,0.0365
2014,NUTS,2010,CZ04,2,0.0366
2015,NUTS,2010,CZ04,2,0.0419
2016,NUTS,2010,CZ04,2,0.0383
2017,NUTS,2010,CZ04,2,0.0455
2018,NUTS,2010,CZ04,2,0.056
2019,NUTS,2010,CZ04,2,0.0407
2020,NUTS,2010,CZ04,2,0.033
2011,NUTS,2010,CZ05,2,0.1373
2012,NUTS,2010,CZ05,2,0.1167
2013,NUTS,2010,CZ05,2,0.1119
2014,NUTS,2010,CZ05,2,0.1165
2015,NUTS,2010,CZ05,2,0.1217
2016,NUTS,2010,CZ05,2,0.1173
2017,NUTS,2010,CZ05,2,0.1271
2018,NUTS,2010,CZ05,2,0.137
2019,NUTS,2010,CZ05,2,0.1448
2020,NUTS,2010,CZ05,2,0.1471
2011,NUTS,2010,CZ06,2,0.2215
2012,NUTS,2010,CZ06,2,0.3164
2013,NUTS,2010,CZ06,2,0.2247
2014,NUTS,2010,CZ06,2,0.2273
2015,NUTS,2010,CZ06,2,0.244
2016,NUTS,2010,CZ06,2,0.2414
2017,NUTS,2010,CZ06,2,0.2426
2018,NUTS,2010,CZ06,2,0.2478
2019,NUTS,2010,CZ06,2,0.2371
2020,NUTS,2010,CZ06,2,0.2867
2011,NUTS,2010,CZ07,2,0.1334
2012,NUTS,2010,CZ07,2,0.1801
2013,NUTS,2010,CZ07,2,0.2089
2014,NUTS,2010,CZ07,2,0.2234
2015,NUTS,2010,CZ07,2,0.2455
2016,NUTS,2010,CZ07,2,0.2454
2017,NUTS,2010,CZ07,2,0.1806
2018,NUTS,2010,CZ07,2,0.186
2019,NUTS,2010,CZ07,2,0.2189
2020,NUTS,2010,CZ07,2,0.2138
2011,NUTS,2010,CZ08,2,0.1807
2012,NUTS,2010,CZ08,2,0.254
2013,NUTS,2010,CZ08,2,0.1459
2014,NUTS,2010,CZ08,2,0.1593
2015,NUTS,2010,CZ08,2,0.1719
2016,NUTS,2010,CZ08,2,0.1646
2017,NUTS,2010,CZ08,2,0.1667
2018,NUTS,2010,CZ08,2,0.1892
2019,NUTS,2010,CZ08,2,0.1924
2020,NUTS,2010,CZ08,2,0.2156
2011,NUTS,2010,DE,0,0.2359
2012,NUTS,2010,DE,0,0.2438
2013,NUTS,2010,DE,0,0.2469
2014,NUTS,2010,DE,0,0.2504
2015,NUTS,2010,DE,0,0.2549
2016,NUTS,2010,DE,0,0.2662
2017,NUTS,2010,DE,0,0.2706
2018,NUTS,2010,DE,0,0.2771
2019,NUTS,2010,DE,0,0.274
2020,NUTS,2010,DE,0,0.2878
2011,NUTS,2010,DE1,1,0.2356
2012,NUTS,2010,DE1,1,0.2508
2013,NUTS,2010,DE1,1,0.2509
2014,NUTS,2010,DE1,1,0.2501
2015,NUTS,2010,DE1,1,0.2463
2016,NUTS,2010,DE1,1,0.263
2017,NUTS,2010,DE1,1,0.267
2018,NUTS,2010,DE1,1,0.2703
2019,NUTS,2010,DE1,1,0.2631
2011,NUTS,2010,DE11,2,0.1377
2012,NUTS,2010,DE11,2,0.1505
2013,NUTS,2010,DE11,2,0.1513
2014,NUTS,2010,DE11,2,0.147
2015,NUTS,2010,DE11,2,0.1468
2016,NUTS,2010,DE11,2,0.1638
2017,NUTS,2010,DE11,2,0.1647
2018,NUTS,2010,DE11,2,0.1623
2019,NUTS,2010,DE11,2,0.1581
2011,NUTS,2010,DE12,2,0.3638
2012,NUTS,2010,DE12,2,0.3765
2013,NUTS,2010,DE12,2,0.3718
2014,NUTS,2010,DE12,2,0.37
2015,NUTS,2010,DE12,2,0.3466
2016,NUTS,2010,DE12,2,0.3779
2017,NUTS,2010,DE12,2,0.38
2018,NUTS,2010,DE12,2,0.3886
2019,NUTS,2010,DE12,2,0.3645
2011,NUTS,2010,DE13,2,0.242
2012,NUTS,2010,DE13,2,0.246
2013,NUTS,2010,DE13,2,0.2525
2014,NUTS,2010,DE13,2,0.253
2015,NUTS,2010,DE13,2,0.259
2016,NUTS,2010,DE13,2,0.2695
2017,NUTS,2010,DE13,2,0.2689
2018,NUTS,2010,DE13,2,0.2727
2019,NUTS,2010,DE13,2,0.273
2011,NUTS,2010,DE14,2,0.251
2012,NUTS,2010,DE14,2,0.2894
2013,NUTS,2010,DE14,2,0.2859
2014,NUTS,2010,DE14,2,0.2982
2015,NUTS,2010,DE14,2,0.3052
2016,NUTS,2010,DE14,2,0.3087
2017,NUTS,2010,DE14,2,0.3269
2018,NUTS,2010,DE14,2,0.3348
2019,NUTS,2010,DE14,2,0.3357
2011,NUTS,2010,DE2,1,0.1888
2012,NUTS,2010,DE2,1,0.1959
2013,NUTS,2010,DE2,1,0.2027
2014,NUTS,2010,DE2,1,0.2038
2015,NUTS,2010,DE2,1,0.2042
2016,NUTS,2010,DE2,1,0.2113
2017,NUTS,2010,DE2,1,0.2114
2018,NUTS,2010,DE2,1,0.2178
2019,NUTS,2010,DE2,1,0.2219
2011,NUTS,2010,DE21,2,0.2728
2012,NUTS,2010,DE21,2,0.2792
2013,NUTS,2010,DE21,2,0.2904
2014,NUTS,2010,DE21,2,0.2877
2015,NUTS,2010,DE21,2,0.2914
2016,NUTS,2010,DE21,2,0.286
2017,NUTS,2010,DE21,2,0.2809
2018,NUTS,2010,DE21,2,0.289
2019,NUTS,2010,DE21,2,0.2942
2011,NUTS,2010,DE22,2,0.0395
2012,NUTS,2010,DE22,2,0.0395
2013,NUTS,2010,DE22,2,0.0435
2014,NUTS,2010,DE22,2,0.0506
2015,NUTS,2010,DE22,2,0.0503
2016,NUTS,2010,DE22,2,0.0647
2017,NUTS,2010,DE22,2,0.0638
2018,NUTS,2010,DE22,2,0.0734
2019,NUTS,2010,DE22,2,0.0734
2011,NUTS,2010,DE23,2,0.1605
2012,NUTS,2010,DE23,2,0.1617
2013,NUTS,2010,DE23,2,0.1583
2014,NUTS,2010,DE23,2,0.165
2015,NUTS,2010,DE23,2,0.1687
2016,NUTS,2010,DE23,2,0.1815
2017,NUTS,2010,DE23,2,0.1845
2018,NUTS,2010,DE23,2,0.1881
2019,NUTS,2010,DE23,2,0.1931
2011,NUTS,2010,DE24,2,0.1696
2012,NUTS,2010,DE24,2,0.1741
2013,NUTS,2010,DE24,2,0.179
2014,NUTS,2010,DE24,2,0.1747
2015,NUTS,2010,DE24,2,0.1767
2016,NUTS,2010,DE24,2,0.1913
2017,NUTS,2010,DE24,2,0.1987
2018,NUTS,2010,DE24,2,0.2027
2019,NUTS,2010,DE24,2,0.2097
2011,NUTS,2010,DE25,2,0.247
2012,NUTS,2010,DE25,2,0.2664
2013,NUTS,2010,DE25,2,0.2816
2014,NUTS,2010,DE25,2,0.2839
2015,NUTS,2010,DE25,2,0.2779
2016,NUTS,2010,DE25,2,0.2917
2017,NUTS,2010,DE25,2,0.2948
2018,NUTS,2010,DE25,2,0.2993
2019,NUTS,2010,DE25,2,0.3089
2011,NUTS,2010,DE26,2,0.1941
2012,NUTS,2010,DE26,2,0.2024
2013,NUTS,2010,DE26,2,0.2052
2014,NUTS,2010,DE26,2,0.2064
2015,NUTS,2010,DE26,2,0.1986
2016,NUTS,2010,DE26,2,0.2186
2017,NUTS,2010,DE26,2,0.2259
2018,NUTS,2010,DE26,2,0.2354
2019,NUTS,2010,DE26,2,0.229
2011,NUTS,2010,DE27,2,0.0487
2012,NUTS,2010,DE27,2,0.0501
2013,NUTS,2010,DE27,2,0.0519
2014,NUTS,2010,DE27,2,0.0536
2015,NUTS,2010,DE27,2,0.056
2016,NUTS,2010,DE27,2,0.0664
2017,NUTS,2010,DE27,2,0.0678
2018,NUTS,2010,DE27,2,0.0713
2019,NUTS,2010,DE27,2,0.0759
2011,NUTS,2010,DE3,1,0.348
2012,NUTS,2010,DE3,1,0.3603
2013,NUTS,2010,DE3,1,0.3368
2014,NUTS,2010,DE3,1,0.3374
2015,NUTS,2010,DE3,1,0.3495
2016,NUTS,2010,DE3,1,0.3561
2017,NUTS,2010,DE3,1,0.3417
2018,NUTS,2010,DE3,1,0.3323
2019,NUTS,2010,DE3,1,0.3414
2011,NUTS,2010,DE30,2,0.348
2012,NUTS,2010,DE30,2,0.3603
2013,NUTS,2010,DE30,2,0.3368
2014,NUTS,2010,DE30,2,0.3374
2015,NUTS,2010,DE30,2,0.3495
2016,NUTS,2010,DE30,2,0.3561
2017,NUTS,2010,DE30,2,0.3417
2018,NUTS,2010,DE30,2,0.3323
2019,NUTS,2010,DE30,2,0.3414
2011,NUTS,2010,DE4,1,0.1195
2012,NUTS,2010,DE4,1,0.1266
2013,NUTS,2010,DE4,1,0.1333
2014,NUTS,2010,DE4,1,0.1344
2015,NUTS,2010,DE4,1,0.1331
2016,NUTS,2010,DE4,1,0.1415
2017,NUTS,2010,DE4,1,0.1496
2018,NUTS,2010,DE4,1,0.1536
2019,NUTS,2010,DE4,1,0.1556
2011,NUTS,2010,DE40,2,0.1195
2012,NUTS,2010,DE40,2,0.1266
2013,NUTS,2010,DE40,2,0.1333
2014,NUTS,2010,DE40,2,0.1344
2015,NUTS,2010,DE40,2,0.1331
2016,NUTS,2010,DE40,2,0.1415
2017,NUTS,2010,DE40,2,0.1496
2018,NUTS,2010,DE40,2,0.1536
2019,NUTS,2010,DE40,2,0.1556
2011,NUTS,2010,DE5,1,0.4495
2012,NUTS,2010,DE5,1,0.4319
2013,NUTS,2010,DE5,1,0.453
2014,NUTS,2010,DE5,1,0.4546
2015,NUTS,2010,DE5,1,0.4555
2016,NUTS,2010,DE5,1,0.4539
2017,NUTS,2010,DE5,1,0.4594
2018,NUTS,2010,DE5,1,0.4464
2019,NUTS,2010,DE5,1,0.4396
2011,NUTS,2010,DE50,2,0.4495
2012,NUTS,2010,DE50,2,0.4319
2013,NUTS,2010,DE50,2,0.453
2014,NUTS,2010,DE50,2,0.4546
2015,NUTS,2010,DE50,2,0.4555
2016,NUTS,2010,DE50,2,0.4539
2017,NUTS,2010,DE50,2,0.4594
2018,NUTS,2010,DE50,2,0.4464
2019,NUTS,2010,DE50,2,0.4396
2011,NUTS,2010,DE6,1,0.2876
2012,NUTS,2010,DE6,1,0.2846
2013,NUTS,2010,DE6,1,0.3028
2014,NUTS,2010,DE6,1,0.3017
2015,NUTS,2010,DE6,1,0.3173
2016,NUTS,2010,DE6,1,0.3332
2017,NUTS,2010,DE6,1,0.3295
2018,NUTS,2010,DE6,1,0.3404
2019,NUTS,2010,DE6,1,0.3525
2011,NUTS,2010,DE60,2,0.2876
2012,NUTS,2010,DE60,2,0.2846
2013,NUTS,2010,DE60,2,0.3028
2014,NUTS,2010,DE60,2,0.3017
2015,NUTS,2010,DE60,2,0.3173
2016,NUTS,2010,DE60,2,0.3332
2017,NUTS,2010,DE60,2,0.3295
2018,NUTS,2010,DE60,2,0.3404
2019,NUTS,2010,DE60,2,0.3525
2011,NUTS,2010,DE7,1,0.182
2012,NUTS,2010,DE7,1,0.1813
2013,NUTS,2010,DE7,1,0.1859
2014,NUTS,2010,DE7,1,0.1842
2015,NUTS,2010,DE7,1,0.1834
2016,NUTS,2010,DE7,1,0.2013
2017,NUTS,2010,DE7,1,0.2071
2018,NUTS,2010,DE7,1,0.2145
2019,NUTS,2010,DE7,1,0.2136
2011,NUTS,2010,DE71,2,0.168
2012,NUTS,2010,DE71,2,0.1642
2013,NUTS,2010,DE71,2,0.1732
2014,NUTS,2010,DE71,2,0.1734
2015,NUTS,2010,DE71,2,0.172
2016,NUTS,2010,DE71,2,0.1832
2017,NUTS,2010,DE71,2,0.1884
2018,NUTS,2010,DE71,2,0.1962
2019,NUTS,2010,DE71,2,0.1931
2011,NUTS,2010,DE72,2,0.2961
2012,NUTS,2010,DE72,2,0.3045
2013,NUTS,2010,DE72,2,0.3103
2014,NUTS,2010,DE72,2,0.3029
2015,NUTS,2010,DE72,2,0.3113
2016,NUTS,2010,DE72,2,0.3254
2017,NUTS,2010,DE72,2,0.3379
2018,NUTS,2010,DE72,2,0.3509
2019,NUTS,2010,DE72,2,0.3546
2011,NUTS,2010,DE73,2,0.1293
2012,NUTS,2010,DE73,2,0.1323
2013,NUTS,2010,DE73,2,0.1209
2014,NUTS,2010,DE73,2,0.1165
2015,NUTS,2010,DE73,2,0.1115
2016,NUTS,2010,DE73,2,0.1514
2017,NUTS,2010,DE73,2,0.1582
2018,NUTS,2010,DE73,2,0.1611
2019,NUTS,2010,DE73,2,0.1647
2011,NUTS,2010,DE8,1,0.1565
2012,NUTS,2010,DE8,1,0.171
2013,NUTS,2010,DE8,1,0.1743
2014,NUTS,2010,DE8,1,0.1791
2015,NUTS,2010,DE8,1,0.1678
2016,NUTS,2010,DE8,1,0.1775
2017,NUTS,2010,DE8,1,0.1898
2018,NUTS,2010,DE8,1,0.1925
2019,NUTS,2010,DE8,1,0.1979
2011,NUTS,2010,DE80,2,0.1565
2012,NUTS,2010,DE80,2,0.171
2013,NUTS,2010,DE80,2,0.1743
2014,NUTS,2010,DE80,2,0.1791
2015,NUTS,2010,DE80,2,0.1678
2016,NUTS,2010,DE80,2,0.1775
2017,NUTS,2010,DE80,2,0.1898
2018,NUTS,2010,DE80,2,0.1925
2019,NUTS,2010,DE80,2,0.1979
2011,NUTS,2010,DE9,1,0.1785
2012,NUTS,2010,DE9,1,0.1843
2013,NUTS,2010,DE9,1,0.191
2014,NUTS,2010,DE9,1,0.1885
2015,NUTS,2010,DE9,1,0.1858
2016,NUTS,2010,DE9,1,0.1995
2017,NUTS,2010,DE9,1,0.2076
2018,NUTS,2010,DE9,1,0.2126
2019,NUTS,2010,DE9,1,0.2108
2011,NUTS,2010,DE91,2,0.3884
2012,NUTS,2010,DE91,2,0.4052
2013,NUTS,2010,DE91,2,0.421
2014,NUTS,2010,DE91,2,0.4126
2015,NUTS,2010,DE91,2,0.3975
2016,NUTS,2010,DE91,2,0.4372
2017,NUTS,2010,DE91,2,0.4534
2018,NUTS,2010,DE91,2,0.4658
2019,NUTS,2010,DE91,2,0.4585
2011,NUTS,2010,DE92,2,0.2403
2012,NUTS,2010,DE92,2,0.2355
2013,NUTS,2010,DE92,2,0.249
2014,NUTS,2010,DE92,2,0.2442
2015,NUTS,2010,DE92,2,0.2513
2016,NUTS,2010,DE92,2,0.2667
2017,NUTS,2010,DE92,2,0.2709
2018,NUTS,2010,DE92,2,0.2732
2019,NUTS,2010,DE92,2,0.2726
2011,NUTS,2010,DE93,2,0.0381
2012,NUTS,2010,DE93,2,0.0513
2013,NUTS,2010,DE93,2,0.0516
2014,NUTS,2010,DE93,2,0.0464
2015,NUTS,2010,DE93,2,0.0295
2016,NUTS,2010,DE93,2,0.0356
2017,NUTS,2010,DE93,2,0.0353
2018,NUTS,2010,DE93,2,0.036
2019,NUTS,2010,DE93,2,0.032
2011,NUTS,2010,DE94,2,0.0868
2012,NUTS,2010,DE94,2,0.0902
2013,NUTS,2010,DE94,2,0.0923
2014,NUTS,2010,DE94,2,0.0995
2015,NUTS,2010,DE94,2,0.1059
2016,NUTS,2010,DE94,2,0.108
2017,NUTS,2010,DE94,2,0.1218
2018,NUTS,2010,DE94,2,0.1255
2019,NUTS,2010,DE94,2,0.1272
2011,NUTS,2010,DEA,1,0.2015
2012,NUTS,2010,DEA,1,0.2005
2013,NUTS,2010,DEA,1,0.199
2014,NUTS,2010,DEA,1,0.2206
2015,NUTS,2010,DEA,1,0.2198
2016,NUTS,2010,DEA,1,0.2364
2017,NUTS,2010,DEA,1,0.2472
2018,NUTS,2010,DEA,1,0.2537
2019,NUTS,2010,DEA,1,0.2544
2011,NUTS,2010,DEA1,2,0.113
2012,NUTS,2010,DEA1,2,0.1257
2013,NUTS,2010,DEA1,2,0.133
2014,NUTS,2010,DEA1,2,0.1386
2015,NUTS,2010,DEA1,2,0.1393
2016,NUTS,2010,DEA1,2,0.1527
2017,NUTS,2010,DEA1,2,0.1586
2018,NUTS,2010,DEA1,2,0.1693
2019,NUTS,2010,DEA1,2,0.166
2011,NUTS,2010,DEA2,2,0.3399
2012,NUTS,2010,DEA2,2,0.3201
2013,NUTS,2010,DEA2,2,0.2992
2014,NUTS,2010,DEA2,2,0.3704
2015,NUTS,2010,DEA2,2,0.3723
2016,NUTS,2010,DEA2,2,0.3752
2017,NUTS,2010,DEA2,2,0.3943
2018,NUTS,2010,DEA2,2,0.3978
2019,NUTS,2010,DEA2,2,0.4002
2011,NUTS,2010,DEA3,2,0.1571
2012,NUTS,2010,DEA3,2,0.1622
2013,NUTS,2010,DEA3,2,0.1703
2014,NUTS,2010,DEA3,2,0.1687
2015,NUTS,2010,DEA3,2,0.162
2016,NUTS,2010,DEA3,2,0.1716
2017,NUTS,2010,DEA3,2,0.1776
2018,NUTS,2010,DEA3,2,0.181
2019,NUTS,2010,DEA3,2,0.18
2011,NUTS,2010,DEA4,2,0.1619
2012,NUTS,2010,DEA4,2,0.163
2013,NUTS,2010,DEA4,2,0.1641
2014,NUTS,2010,DEA4,2,0.1751
2015,NUTS,2010,DEA4,2,0.1706
2016,NUTS,2010,DEA4,2,0.1973
2017,NUTS,2010,DEA4,2,0.2115
2018,NUTS,2010,DEA4,2,0.2231
2019,NUTS,2010,DEA4,2,0.2224
2011,NUTS,2010,DEA5,2,0.2156
2012,NUTS,2010,DEA5,2,0.2121
2013,NUTS,2010,DEA5,2,0.2132
2014,NUTS,2010,DEA5,2,0.22
2015,NUTS,2010,DEA5,2,0.2192
2016,NUTS,2010,DEA5,2,0.251
2017,NUTS,2010,DEA5,2,0.2616
2018,NUTS,2010,DEA5,2,0.2666
2019,NUTS,2010,DEA5,2,0.2717
2011,NUTS,2010,DEB,1,0.133
2012,NUTS,2010,DEB,1,0.1393
2013,NUTS,2010,DEB,1,0.1434
2014,NUTS,2010,DEB,1,0.1408
2015,NUTS,2010,DEB,1,0.1463
2016,NUTS,2010,DEB,1,0.1649
2017,NUTS,2010,DEB,1,0.1634
2018,NUTS,2010,DEB,1,0.1702
2019,NUTS,2010,DEB,1,0.1712
2011,NUTS,2010,DEB1,2,0.0403
2012,NUTS,2010,DEB1,2,0.0405
2013,NUTS,2010,DEB1,2,0.0423
2014,NUTS,2010,DEB1,2,0.0398
2015,NUTS,2010,DEB1,2,0.0418
2016,NUTS,2010,DEB1,2,0.0488
2017,NUTS,2010,DEB1,2,0.0495
2018,NUTS,2010,DEB1,2,0.0534
2019,NUTS,2010,DEB1,2,0.0588
2011,NUTS,2010,DEB2,2,0.1336
2012,NUTS,2010,DEB2,2,0.135
2013,NUTS,2010,DEB2,2,0.1298
2014,NUTS,2010,DEB2,2,0.1161
2015,NUTS,2010,DEB2,2,0.1264
2016,NUTS,2010,DEB2,2,0.1363
2017,NUTS,2010,DEB2,2,0.1392
2018,NUTS,2010,DEB2,2,0.1313
2019,NUTS,2010,DEB2,2,0.131
2011,NUTS,2010,DEB3,2,0.2013
2012,NUTS,2010,DEB3,2,0.2129
2013,NUTS,2010,DEB3,2,0.2205
2014,NUTS,2010,DEB3,2,0.221
2015,NUTS,2010,DEB3,2,0.2286
2016,NUTS,2010,DEB3,2,0.2583
2017,NUTS,2010,DEB3,2,0.2531
2018,NUTS,2010,DEB3,2,0.2671
2019,NUTS,2010,DEB3,2,0.264
2011,NUTS,2010,DEC,1,0.1529
2012,NUTS,2010,DEC,1,0.1909
2013,NUTS,2010,DEC,1,0.2032
2014,NUTS,2010,DEC,1,0.21
2015,NUTS,2010,DEC,1,0.2112
2016,NUTS,2010,DEC,1,0.2151
2017,NUTS,2010,DEC,1,0.2115
2018,NUTS,2010,DEC,1,0.2144
2019,NUTS,2010,DEC,1,0.2133
2011,NUTS,2010,DEC0,2,0.1529
2012,NUTS,2010,DEC0,2,0.1909
2013,NUTS,2010,DEC0,2,0.2032
2014,NUTS,2010,DEC0,2,0.21
2015,NUTS,2010,DEC0,2,0.2112
2016,NUTS,2010,DEC0,2,0.2151
2017,NUTS,2010,DEC0,2,0.2115
2018,NUTS,2010,DEC0,2,0.2144
2019,NUTS,2010,DEC0,2,0.2133
2011,NUTS,2010,DED,1,0.2684
2012,NUTS,2010,DED,1,0.2913
2013,NUTS,2010,DED,1,0.3167
2014,NUTS,2010,DED,1,0.3105
2015,NUTS,2010,DED,1,0.2996
2016,NUTS,2010,DED,1,0.312
2017,NUTS,2010,DED,1,0.3303
2018,NUTS,2010,DED,1,0.3425
2019,NUTS,2010,DED,1,0.3364
2011,NUTS,2010,DED2,2,0.3514
2012,NUTS,2010,DED2,2,0.3776
2013,NUTS,2010,DED2,2,0.3885
2014,NUTS,2010,DED2,2,0.2317
2015,NUTS,2010,DED2,2,0.3561
2016,NUTS,2010,DED2,2,0.3749
2017,NUTS,2010,DED2,2,0.4014
2018,NUTS,2010,DED2,2,0.4229
2019,NUTS,2010,DED2,2,0.4047
2011,NUTS,2010,DED4,2,0.211
2012,NUTS,2010,DED4,2,0.2261
2013,NUTS,2010,DED4,2,0.2458
2014,NUTS,2010,DED4,2,0.4047
2015,NUTS,2010,DED4,2,0.2422
2016,NUTS,2010,DED4,2,0.2416
2017,NUTS,2010,DED4,2,0.2537
2018,NUTS,2010,DED4,2,0.2623
2019,NUTS,2010,DED4,2,0.2598
2011,NUTS,2010,DED5,2,0.2209
2012,NUTS,2010,DED5,2,0.2503
2013,NUTS,2010,DED5,2,0.3072
2014,NUTS,2010,DED5,2,0.2982
2015,NUTS,2010,DED5,2,0.2914
2016,NUTS,2010,DED5,2,0.3142
2017,NUTS,2010,DED5,2,0.3273
2018,NUTS,2010,DED5,2,0.3286
2019,NUTS,2010,DED5,2,0.334
2011,NUTS,2010,DEE,1,0.1342
2012,NUTS,2010,DEE,1,0.1424
2013,NUTS,2010,DEE,1,0.1505
2014,NUTS,2010,DEE,1,0.1463
2015,NUTS,2010,DEE,1,0.1485
2016,NUTS,2010,DEE,1,0.1521
2017,NUTS,2010,DEE,1,0.157
2018,NUTS,2010,DEE,1,0.1662
2019,NUTS,2010,DEE,1,0.1744
2011,NUTS,2010,DEE0,2,0.1342
2012,NUTS,2010,DEE0,2,0.1424
2013,NUTS,2010,DEE0,2,0.1505
2014,NUTS,2010,DEE0,2,0.1463
2015,NUTS,2010,DEE0,2,0.1485
2016,NUTS,2010,DEE0,2,0.1521
2017,NUTS,2010,DEE0,2,0.157
2018,NUTS,2010,DEE0,2,0.1662
2019,NUTS,2010,DEE0,2,0.1744
2011,NUTS,2010,DEF,1,0.1253
2012,NUTS,2010,DEF,1,0.1312
2013,NUTS,2010,DEF,1,0.121
2014,NUTS,2010,DEF,1,0.1287
2015,NUTS,2010,DEF,1,0.1243
2016,NUTS,2010,DEF,1,0.1305
2017,NUTS,2010,DEF,1,0.13
2018,NUTS,2010,DEF,1,0.1336
2019,NUTS,2010,DEF,1,0.1344
2011,NUTS,2010,DEF0,2,0.1253
2012,NUTS,2010,DEF0,2,0.1312
2013,NUTS,2010,DEF0,2,0.121
2014,NUTS,2010,DEF0,2,0.1287
2015,NUTS,2010,DEF0,2,0.1243
2016,NUTS,2010,DEF0,2,0.1305
2017,NUTS,2010,DEF0,2,0.13
2018,NUTS,2010,DEF0,2,0.1336
2019,NUTS,2010,DEF0,2,0.1344
2011,NUTS,2010,DEG,1,0.1965
2012,NUTS,2010,DEG,1,0.2094
2013,NUTS,2010,DEG,1,0.2161
2014,NUTS,2010,DEG,1,0.2167
2015,NUTS,2010,DEG,1,0.2157
2016,NUTS,2010,DEG,1,0.2138
2017,NUTS,2010,DEG,1,0.2177
2018,NUTS,2010,DEG,1,0.2215
2019,NUTS,2010,DEG,1,0.2325
2011,NUTS,2010,DEG0,2,0.1965
2012,NUTS,2010,DEG0,2,0.2094
2013,NUTS,2010,DEG0,2,0.2161
2014,NUTS,2010,DEG0,2,0.2167
2015,NUTS,2010,DEG0,2,0.2157
2016,NUTS,2010,DEG0,2,0.2138
2017,NUTS,2010,DEG0,2,0.2177
2018,NUTS,2010,DEG0,2,0.2215
2019,NUTS,2010,DEG0,2,0.2325
2011,NUTS,2010,DK,0,0.4938
2012,NUTS,2010,DK,0,0.5131
2013,NUTS,2010,DK,0,0.5442
2014,NUTS,2010,DK,0,0.5709
2015,NUTS,2010,DK,0,0.5777
2016,NUTS,2010,DK,0,0.5708
2017,NUTS,2010,DK,0,0.5591
2018,NUTS,2010,DK,0,0.5704
2019,NUTS,2010,DK,0,0.5716
2020,NUTS,2010,DK,0,0.5765
2011,NUTS,2010,DK0,1,0.4877
2012,NUTS,2010,DK0,1,0.4987
2013,NUTS,2010,DK0,1,0.529
2014,NUTS,2010,DK0,1,0.5539
2015,NUTS,2010,DK0,1,0.5602
2016,NUTS,2010,DK0,1,0.5525
2017,NUTS,2010,DK0,1,0.5419
2018,NUTS,2010,DK0,1,0.5525
2019,NUTS,2010,DK0,1,0.5528
2011,NUTS,2010,DK01,2,0.8372
2012,NUTS,2010,DK01,2,0.8552
2013,NUTS,2010,DK01,2,0.9258
2014,NUTS,2010,DK01,2,0.9611
2015,NUTS,2010,DK01,2,0.9434
2016,NUTS,2010,DK01,2,0.9326
2017,NUTS,2010,DK01,2,0.9256
2019,NUTS,2010,DK01,2,0.9409
2011,NUTS,2010,DK02,2,0.2066
2012,NUTS,2010,DK02,2,0.1715
2013,NUTS,2010,DK02,2,0.1702
2014,NUTS,2010,DK02,2,0.2019
2015,NUTS,2010,DK02,2,0.2006
2016,NUTS,2010,DK02,2,0.2006
2017,NUTS,2010,DK02,2,0.1984
2019,NUTS,2010,DK02,2,0.2005
2011,NUTS,2010,DK03,2,0.2271
2012,NUTS,2010,DK03,2,0.2408
2013,NUTS,2010,DK03,2,0.257
2014,NUTS,2010,DK03,2,0.2762
2015,NUTS,2010,DK03,2,0.2903
2016,NUTS,2010,DK03,2,0.2864
2017,NUTS,2010,DK03,2,0.2255
2019,NUTS,2010,DK03,2,0.233
2011,NUTS,2010,DK04,2,0.4444
2012,NUTS,2010,DK04,2,0.4661
2013,NUTS,2010,DK04,2,0.437
2014,NUTS,2010,DK04,2,0.4594
2015,NUTS,2010,DK04,2,0.5048
2016,NUTS,2010,DK04,2,0.4832
2017,NUTS,2010,DK04,2,0.4397
2019,NUTS,2010,DK04,2,0.4538
2011,NUTS,2010,DK05,2,0.4039
2012,NUTS,2010,DK05,2,0.4115
2013,NUTS,2010,DK05,2,0.5002
2014,NUTS,2010,DK05,2,0.4753
2015,NUTS,2010,DK05,2,0.4491
2016,NUTS,2010,DK05,2,0.4471
2017,NUTS,2010,DK05,2,0.6038
2019,NUTS,2010,DK05,2,0.6131
2011,NUTS,2010,EA19,2,0.2589
2012,NUTS,2010,EA19,2,0.2634
2013,NUTS,2010,EA19,2,0.2686
2014,NUTS,2010,EA19,2,0.2707
2015,NUTS,2010,EA19,2,0.2777
2016,NUTS,2010,EA19,2,0.2802
2017,NUTS,2010,EA19,2,0.2864
2018,NUTS,2010,EA19,2,0.2906
2019,NUTS,2010,EA19,2,0.2963
2020,NUTS,2010,EA19,2,0.308
2011,NUTS,2010,EE,0,0.3584
2012,NUTS,2010,EE,0,0.3805
2013,NUTS,2010,EE,0,0.3628
2014,NUTS,2010,EE,0,0.3735
2015,NUTS,2010,EE,0,0.3717
2016,NUTS,2010,EE,0,0.3687
2017,NUTS,2010,EE,0,0.3693
2018,NUTS,2010,EE,0,0.4093
2019,NUTS,2010,EE,0,0.3684
2020,NUTS,2010,EE,0,0.355
2011,NUTS,2010,EL,0,0.3313
2012,NUTS,2010,EL,0,0.3267
2013,NUTS,2010,EL,0,0.3969
2014,NUTS,2010,EL,0,0.397
2015,NUTS,2010,EL,0,0.468
2016,NUTS,2010,EL,0,0.3647
2017,NUTS,2010,EL,0,0.3802
2018,NUTS,2010,EL,0,0.3998
2019,NUTS,2010,EL,0,0.4388
2020,NUTS,2010,EL,0,0.4935
2011,NUTS,2010,EL3,1,0.3274
2013,NUTS,2010,EL3,1,0.389
2015,NUTS,2010,EL3,1,0.5187
2017,NUTS,2010,EL3,1,0.3668
2019,NUTS,2010,EL3,1,0.4034
2011,NUTS,2010,EL30,2,0.3274
2013,NUTS,2010,EL30,2,0.389
2015,NUTS,2010,EL30,2,0.5187
2017,NUTS,2010,EL30,2,0.3668
2019,NUTS,2010,EL30,2,0.4034
2011,NUTS,2010,EL4,1,0.4557
2013,NUTS,2010,EL4,1,0.4687
2015,NUTS,2010,EL4,1,0.4222
2017,NUTS,2010,EL4,1,0.327
2019,NUTS,2010,EL4,1,0.3913
2011,NUTS,2010,EL41,2,0.4732
2013,NUTS,2010,EL41,2,0.5437
2015,NUTS,2010,EL41,2,0.5022
2017,NUTS,2010,EL41,2,0.3719
2019,NUTS,2010,EL41,2,0.3737
2011,NUTS,2010,EL42,2,0.115
2013,NUTS,2010,EL42,2,0.1299
2015,NUTS,2010,EL42,2,0.1119
2017,NUTS,2010,EL42,2,0.117
2019,NUTS,2010,EL42,2,0.0848
2011,NUTS,2010,EL43,2,0.6293
2013,NUTS,2010,EL43,2,0.6312
2015,NUTS,2010,EL43,2,0.5742
2017,NUTS,2010,EL43,2,0.4249
2019,NUTS,2010,EL43,2,0.5619
2011,NUTS,2010,EL5,1,0.3781
2013,NUTS,2010,EL5,1,0.4816
2015,NUTS,2010,EL5,1,0.5139
2017,NUTS,2010,EL5,1,0.4033
2019,NUTS,2010,EL5,1,0.4947
2011,NUTS,2010,EL51,2,0.3258
2013,NUTS,2010,EL51,2,0.4694
2015,NUTS,2010,EL51,2,0.3731
2017,NUTS,2010,EL51,2,0.3315
2019,NUTS,2010,EL51,2,0.4105
2011,NUTS,2010,EL52,2,0.4079
2013,NUTS,2010,EL52,2,0.5164
2015,NUTS,2010,EL52,2,0.5447
2017,NUTS,2010,EL52,2,0.4085
2019,NUTS,2010,EL52,2,0.5067
2011,NUTS,2010,EL53,2,0.0947
2013,NUTS,2010,EL53,2,0.1942
2015,NUTS,2010,EL53,2,0.2352
2017,NUTS,2010,EL53,2,0.2618
2019,NUTS,2010,EL53,2,0.2966
2011,NUTS,2010,EL54,2,0.5348
2013,NUTS,2010,EL54,2,0.5368
2015,NUTS,2010,EL54,2,0.8293
2017,NUTS,2010,EL54,2,0.6263
2019,NUTS,2010,EL54,2,0.7532
2011,NUTS,2010,EL6,1,0.2068
2013,NUTS,2010,EL6,1,0.2602
2015,NUTS,2010,EL6,1,0.3304
2017,NUTS,2010,EL6,1,0.3707
2019,NUTS,2010,EL6,1,0.4153
2011,NUTS,2010,EL61,2,0.2756
2013,NUTS,2010,EL61,2,0.3557
2015,NUTS,2010,EL61,2,0.3687
2017,NUTS,2010,EL61,2,0.3744
2019,NUTS,2010,EL61,2,0.5014
2011,NUTS,2010,EL62,2,0.0418
2013,NUTS,2010,EL62,2,0.2116
2015,NUTS,2010,EL62,2,0.6542
2017,NUTS,2010,EL62,2,0.6093
2019,NUTS,2010,EL62,2,0.5959
2011,NUTS,2010,EL63,2,0.4518
2013,NUTS,2010,EL63,2,0.4176
2015,NUTS,2010,EL63,2,0.5308
2017,NUTS,2010,EL63,2,0.7714
2019,NUTS,2010,EL63,2,0.7868
2011,NUTS,2010,EL64,2,0.0233
2013,NUTS,2010,EL64,2,0.0885
2015,NUTS,2010,EL64,2,0.0737
2017,NUTS,2010,EL64,2,0.0514
2019,NUTS,2010,EL64,2,0.0625
2011,NUTS,2010,EL65,2,0.075
2013,NUTS,2010,EL65,2,0.141
2015,NUTS,2010,EL65,2,0.1843
2017,NUTS,2010,EL65,2,0.1072
2019,NUTS,2010,EL65,2,0.1448
2011,NUTS,2010,ES,0,0.2671
2012,NUTS,2010,ES,0,0.2568
2013,NUTS,2010,ES,0,0.2501
2014,NUTS,2010,ES,0,0.2505
2015,NUTS,2010,ES,0,0.2508
2016,NUTS,2010,ES,0,0.2578
2017,NUTS,2010,ES,0,0.2772
2018,NUTS,2010,ES,0,0.2831
2019,NUTS,2010,ES,0,0.2922
2020,NUTS,2010,ES,0,0.2991
2011,NUTS,2010,ES1,1,0.2784
2013,NUTS,2010,ES1,1,0.2328
2015,NUTS,2010,ES1,1,0.2326
2016,NUTS,2010,ES1,1,0.2278
2017,NUTS,2010,ES1,1,0.2377
2018,NUTS,2010,ES1,1,0.2464
2011,NUTS,2010,ES11,2,0.2901
2012,NUTS,2010,ES11,2,0.2353
2014,NUTS,2010,ES11,2,0.2356
2015,NUTS,2010,ES11,2,0.2377
2016,NUTS,2010,ES11,2,0.2327
2017,NUTS,2010,ES11,2,0.2358
2018,NUTS,2010,ES11,2,0.2429
2019,NUTS,2010,ES11,2,0.2499
2011,NUTS,2010,ES12,2,0.2672
2012,NUTS,2010,ES12,2,0.2345
2013,NUTS,2010,ES12,2,0.2326
2014,NUTS,2010,ES12,2,0.2097
2015,NUTS,2010,ES12,2,0.2304
2016,NUTS,2010,ES12,2,0.2236
2017,NUTS,2010,ES12,2,0.2669
2018,NUTS,2010,ES12,2,0.2793
2019,NUTS,2010,ES12,2,0.3288
2011,NUTS,2010,ES13,2,0.2431
2015,NUTS,2010,ES13,2,0.2128
2016,NUTS,2010,ES13,2,0.2122
2017,NUTS,2010,ES13,2,0.1978
2018,NUTS,2010,ES13,2,0.2074
2011,NUTS,2010,ES2,1,0.3468
2013,NUTS,2010,ES2,1,0.3252
2019,NUTS,2010,ES2,1,0.3596
2011,NUTS,2010,ES21,2,0.2852
2012,NUTS,2010,ES21,2,0.3135
2013,NUTS,2010,ES21,2,0.3106
2014,NUTS,2010,ES21,2,0.3287
2015,NUTS,2010,ES21,2,0.3317
2016,NUTS,2010,ES21,2,0.3346
2017,NUTS,2010,ES21,2,0.3537
2018,NUTS,2010,ES21,2,0.3668
2019,NUTS,2010,ES21,2,0.3713
2011,NUTS,2010,ES22,2,0.5083
2011,NUTS,2010,ES23,2,0.2456
2012,NUTS,2010,ES23,2,0.2917
2014,NUTS,2010,ES23,2,0.3091
2015,NUTS,2010,ES23,2,0.3038
2016,NUTS,2010,ES23,2,0.3593
2017,NUTS,2010,ES23,2,0.2884
2018,NUTS,2010,ES23,2,0.2809
2011,NUTS,2010,ES24,2,0.3948
2012,NUTS,2010,ES24,2,0.342
2013,NUTS,2010,ES24,2,0.2994
2014,NUTS,2010,ES24,2,0.2753
2015,NUTS,2010,ES24,2,0.2887
2016,NUTS,2010,ES24,2,0.2947
2017,NUTS,2010,ES24,2,0.3036
2018,NUTS,2010,ES24,2,0.3158
2011,NUTS,2010,ES3,1,0.33
2012,NUTS,2010,ES3,1,0.3191
2013,NUTS,2010,ES3,1,0.3199
2014,NUTS,2010,ES3,1,0.3262
2015,NUTS,2010,ES3,1,0.3131
2016,NUTS,2010,ES3,1,0.3317
2017,NUTS,2010,ES3,1,0.3885
2018,NUTS,2010,ES3,1,0.401
2019,NUTS,2010,ES3,1,0.4138
2011,NUTS,2010,ES30,2,0.33
2012,NUTS,2010,ES30,2,0.3191
2013,NUTS,2010,ES30,2,0.3199
2014,NUTS,2010,ES30,2,0.3262
2015,NUTS,2010,ES30,2,0.3131
2016,NUTS,2010,ES30,2,0.3317
2017,NUTS,2010,ES30,2,0.3885
2018,NUTS,2010,ES30,2,0.401
2019,NUTS,2010,ES30,2,0.4138
2011,NUTS,2010,ES4,1,0.2042
2013,NUTS,2010,ES4,1,0.1885
2014,NUTS,2010,ES4,1,0.1911
2015,NUTS,2010,ES4,1,0.1987
2016,NUTS,2010,ES4,1,0.202
2018,NUTS,2010,ES4,1,0.2111
2019,NUTS,2010,ES4,1,0.2342
2011,NUTS,2010,ES41,2,0.3196
2012,NUTS,2010,ES41,2,0.2997
2013,NUTS,2010,ES41,2,0.3135
2014,NUTS,2010,ES41,2,0.3103
2015,NUTS,2010,ES41,2,0.3232
2016,NUTS,2010,ES41,2,0.3277
2017,NUTS,2010,ES41,2,0.3465
2018,NUTS,2010,ES41,2,0.3449
2019,NUTS,2010,ES41,2,0.3563
2011,NUTS,2010,ES42,2,0.0774
2012,NUTS,2010,ES42,2,0.0687
2013,NUTS,2010,ES42,2,0.0519
2014,NUTS,2010,ES42,2,0.0597
2015,NUTS,2010,ES42,2,0.0665
2017,NUTS,2010,ES42,2,0.0784
2011,NUTS,2010,ES43,2,0.1867
2013,NUTS,2010,ES43,2,0.1741
2014,NUTS,2010,ES43,2,0.1779
2015,NUTS,2010,ES43,2,0.1744
2011,NUTS,2010,ES5,1,0.262
2012,NUTS,2010,ES5,1,0.2585
2013,NUTS,2010,ES5,1,0.2571
2014,NUTS,2010,ES5,1,0.2635
2015,NUTS,2010,ES5,1,0.2617
2016,NUTS,2010,ES5,1,0.2704
2017,NUTS,2010,ES5,1,0.2822
2018,NUTS,2010,ES5,1,0.2815
2011,NUTS,2010,ES51,2,0.2593
2012,NUTS,2010,ES51,2,0.2602
2013,NUTS,2010,ES51,2,0.2633
2014,NUTS,2010,ES51,2,0.266
2015,NUTS,2010,ES51,2,0.27
2016,NUTS,2010,ES51,2,0.2826
2017,NUTS,2010,ES51,2,0.2959
2018,NUTS,2010,ES51,2,0.2951
2019,NUTS,2010,ES51,2,0.297
2011,NUTS,2010,ES52,2,0.2905
2012,NUTS,2010,ES52,2,0.2798
2013,NUTS,2010,ES52,2,0.271
2014,NUTS,2010,ES52,2,0.2804
2015,NUTS,2010,ES52,2,0.2768
2016,NUTS,2010,ES52,2,0.2765
2017,NUTS,2010,ES52,2,0.2842
2018,NUTS,2010,ES52,2,0.2811
2019,NUTS,2010,ES52,2,0.2949
2011,NUTS,2010,ES53,2,0.1604
2012,NUTS,2010,ES53,2,0.1617
2013,NUTS,2010,ES53,2,0.1618
2014,NUTS,2010,ES53,2,0.1798
2015,NUTS,2010,ES53,2,0.1517
2016,NUTS,2010,ES53,2,0.1718
2017,NUTS,2010,ES53,2,0.1903
2018,NUTS,2010,ES53,2,0.2012
2011,NUTS,2010,ES6,1,0.2411
2012,NUTS,2010,ES6,1,0.2302
2013,NUTS,2010,ES6,1,0.2163
2014,NUTS,2010,ES6,1,0.2057
2015,NUTS,2010,ES6,1,0.2135
2016,NUTS,2010,ES6,1,0.2144
2017,NUTS,2010,ES6,1,0.2324
2018,NUTS,2010,ES6,1,0.2428
2019,NUTS,2010,ES6,1,0.2465
2011,NUTS,2010,ES61,2,0.2125
2012,NUTS,2010,ES61,2,0.2047
2013,NUTS,2010,ES61,2,0.1894
2014,NUTS,2010,ES61,2,0.1783
2015,NUTS,2010,ES61,2,0.1846
2016,NUTS,2010,ES61,2,0.1849
2017,NUTS,2010,ES61,2,0.2078
2018,NUTS,2010,ES61,2,0.216
2019,NUTS,2010,ES61,2,0.2192
2011,NUTS,2010,ES62,2,0.4192
2012,NUTS,2010,ES62,2,0.391
2013,NUTS,2010,ES62,2,0.3833
2014,NUTS,2010,ES62,2,0.3754
2015,NUTS,2010,ES62,2,0.3978
2016,NUTS,2010,ES62,2,0.397
2018,NUTS,2010,ES62,2,0.4035
2019,NUTS,2010,ES62,2,0.4092
2011,NUTS,2010,ES63,2,0.0288
2011,NUTS,2010,ES64,2,0.0428
2011,NUTS,2010,ES7,1,0.1493
2012,NUTS,2010,ES7,1,0.1567
2013,NUTS,2010,ES7,1,0.1424
2014,NUTS,2010,ES7,1,0.1422
2015,NUTS,2010,ES7,1,0.1204
2016,NUTS,2010,ES7,1,0.1283
2017,NUTS,2010,ES7,1,0.1322
2018,NUTS,2010,ES7,1,0.1343
2011,NUTS,2010,ES70,2,0.1493
2012,NUTS,2010,ES70,2,0.1567
2013,NUTS,2010,ES70,2,0.1424
2014,NUTS,2010,ES70,2,0.1422
2015,NUTS,2010,ES70,2,0.1204
2016,NUTS,2010,ES70,2,0.1283
2017,NUTS,2010,ES70,2,0.1322
2018,NUTS,2010,ES70,2,0.1343
2011,NUTS,2010,EU27_2020,7,0.2495
2012,NUTS,2010,EU27_2020,7,0.2521
2013,NUTS,2010,EU27_2020,7,0.2565
2014,NUTS,2010,EU27_2020,7,0.2599
2015,NUTS,2010,EU27_2020,7,0.2647
2016,NUTS,2010,EU27_2020,7,0.2701
2017,NUTS,2010,EU27_2020,7,0.2789
2018,NUTS,2010,EU27_2020,7,0.2843
2019,NUTS,2010,EU27_2020,7,0.292
2020,NUTS,2010,EU27_2020,7,0.3008
2011,NUTS,2010,FI,0,0.4593
2012,NUTS,2010,FI,0,0.4744
2013,NUTS,2010,FI,0,0.4646
2014,NUTS,2010,FI,0,0.478
2015,NUTS,2010,FI,0,0.4739
2016,NUTS,2010,FI,0,0.4637
2017,NUTS,2010,FI,0,0.4889
2018,NUTS,2010,FI,0,0.4869
2019,NUTS,2010,FI,0,0.5086
2020,NUTS,2010,FI,0,0.5045
2012,NUTS,2010,FI1,1,0.4622
2013,NUTS,2010,FI1,1,0.453
2015,NUTS,2010,FI1,1,0.4579
2016,NUTS,2010,FI1,1,0.449
2017,NUTS,2010,FI1,1,0.4728
2018,NUTS,2010,FI1,1,0.4702
2019,NUTS,2010,FI1,1,0.4903
2011,NUTS,2010,FI19,2,0.4373
2012,NUTS,2010,FI19,2,0.4495
2013,NUTS,2010,FI19,2,0.456
2015,NUTS,2010,FI19,2,0.426
2016,NUTS,2010,FI19,2,0.4112
2017,NUTS,2010,FI19,2,0.4275
2018,NUTS,2010,FI19,2,0.4144
2019,NUTS,2010,FI19,2,0.4311
2011,NUTS,2010,FI1B,2,0.5262
2012,NUTS,2010,FI1B,2,0.5289
2013,NUTS,2010,FI1B,2,0.4822
2015,NUTS,2010,FI1B,2,0.5636
2016,NUTS,2010,FI1B,2,0.5344
2017,NUTS,2010,FI1B,2,0.5481
2018,NUTS,2010,FI1B,2,0.5414
2019,NUTS,2010,FI1B,2,0.5682
2011,NUTS,2010,FI1C,2,0.3539
2012,NUTS,2010,FI1C,2,0.3694
2013,NUTS,2010,FI1C,2,0.3858
2015,NUTS,2010,FI1C,2,0.3501
2016,NUTS,2010,FI1C,2,0.3576
2017,NUTS,2010,FI1C,2,0.3908
2018,NUTS,2010,FI1C,2,0.4021
2019,NUTS,2010,FI1C,2,0.4031
2011,NUTS,2010,FI1D,2,0.4395
2012,NUTS,2010,FI1D,2,0.4685
2013,NUTS,2010,FI1D,2,0.4692
2015,NUTS,2010,FI1D,2,0.4377
2016,NUTS,2010,FI1D,2,0.4492
2017,NUTS,2010,FI1D,2,0.4861
2018,NUTS,2010,FI1D,2,0.4885
2019,NUTS,2010,FI1D,2,0.5182
2015,NUTS,2010,FI2,1,0.0213
2016,NUTS,2010,FI2,1,0.0299
2017,NUTS,2010,FI2,1,0.0491
2018,NUTS,2010,FI2,1,0.039
2019,NUTS,2010,FI2,1,0.0277
2015,NUTS,2010,FI20,2,0.0213
2016,NUTS,2010,FI20,2,0.0299
2017,NUTS,2010,FI20,2,0.0491
2018,NUTS,2010,FI20,2,0.039
2019,NUTS,2010,FI20,2,0.0277
2011,NUTS,2010,FR,0,0.2453
2012,NUTS,2010,FR,0,0.2461
2013,NUTS,2010,FR,0,0.2479
2014,NUTS,2010,FR,0,0.25
2015,NUTS,2010,FR,0,0.2736
2016,NUTS,2010,FR,0,0.2772
2017,NUTS,2010,FR,0,0.2798
2018,NUTS,2010,FR,0,0.2794
2019,NUTS,2010,FR,0,0.2843
2020,NUTS,2010,FR,0,0.2904
2011,NUTS,2010,FR1,1,0.3995
2012,NUTS,2010,FR1,1,0.3997
2013,NUTS,2010,FR1,1,0.396
2011,NUTS,2010,FR10,2,0.3995
2012,NUTS,2010,FR10,2,0.3997
2013,NUTS,2010,FR10,2,0.396
2011,NUTS,2010,FR2,1,0.1274
2012,NUTS,2010,FR2,1,0.1296
2013,NUTS,2010,FR2,1,0.132
2011,NUTS,2010,FR21,2,0.119
2012,NUTS,2010,FR21,2,0.1247
2013,NUTS,2010,FR21,2,0.1286
2011,NUTS,2010,FR22,2,0.0978
2012,NUTS,2010,FR22,2,0.11
2013,NUTS,2010,FR22,2,0.1101
2011,NUTS,2010,FR23,2,0.1376
2012,NUTS,2010,FR23,2,0.1415
2013,NUTS,2010,FR23,2,0.1452
2011,NUTS,2010,FR24,2,0.1266
2012,NUTS,2010,FR24,2,0.1241
2013,NUTS,2010,FR24,2,0.1302
2011,NUTS,2010,FR25,2,0.1616
2012,NUTS,2010,FR25,2,0.1545
2013,NUTS,2010,FR25,2,0.1605
2011,NUTS,2010,FR26,2,0.1298
2012,NUTS,2010,FR26,2,0.1296
2013,NUTS,2010,FR26,2,0.1221
2011,NUTS,2010,FR3,1,0.1797
2012,NUTS,2010,FR3,1,0.1817
2013,NUTS,2010,FR3,1,0.1847
2011,NUTS,2010,FR30,2,0.1797
2012,NUTS,2010,FR30,2,0.1817
2013,NUTS,2010,FR30,2,0.1847
2011,NUTS,2010,FR4,1,0.2373
2012,NUTS,2010,FR4,1,0.2362
2013,NUTS,2010,FR4,1,0.239
2011,NUTS,2010,FR41,2,0.2106
2012,NUTS,2010,FR41,2,0.2123
2013,NUTS,2010,FR41,2,0.2135
2011,NUTS,2010,FR42,2,0.3038
2012,NUTS,2010,FR42,2,0.303
2013,NUTS,2010,FR42,2,0.3006
2011,NUTS,2010,FR43,2,0.175
2012,NUTS,2010,FR43,2,0.1708
2013,NUTS,2010,FR43,2,0.183
2011,NUTS,2010,FR5,1,0.1741
2012,NUTS,2010,FR5,1,0.1754
2013,NUTS,2010,FR5,1,0.1772
2011,NUTS,2010,FR51,2,0.1498
2012,NUTS,2010,FR51,2,0.1538
2013,NUTS,2010,FR51,2,0.1577
2011,NUTS,2010,FR52,2,0.2135
2012,NUTS,2010,FR52,2,0.2132
2013,NUTS,2010,FR52,2,0.2089
2011,NUTS,2010,FR53,2,0.1536
2012,NUTS,2010,FR53,2,0.1527
2013,NUTS,2010,FR53,2,0.1601
2011,NUTS,2010,FR6,1,0.2564
2012,NUTS,2010,FR6,1,0.2586
2013,NUTS,2010,FR6,1,0.2557
2011,NUTS,2010,FR61,2,0.214
2012,NUTS,2010,FR61,2,0.2149
2013,NUTS,2010,FR61,2,0.2144
2011,NUTS,2010,FR62,2,0.3165
2012,NUTS,2010,FR62,2,0.3242
2013,NUTS,2010,FR62,2,0.3171
2011,NUTS,2010,FR63,2,0.1954
2012,NUTS,2010,FR63,2,0.183
2013,NUTS,2010,FR63,2,0.1852
2011,NUTS,2010,FR7,1,0.2777
2012,NUTS,2010,FR7,1,0.2734
2013,NUTS,2010,FR7,1,0.2797
2011,NUTS,2010,FR71,2,0.2928
2012,NUTS,2010,FR71,2,0.2894
2013,NUTS,2010,FR71,2,0.2948
2011,NUTS,2010,FR72,2,0.2047
2012,NUTS,2010,FR72,2,0.1957
2013,NUTS,2010,FR72,2,0.2041
2011,NUTS,2010,FR8,1,0.2622
2012,NUTS,2010,FR8,1,0.2637
2013,NUTS,2010,FR8,1,0.2644
2011,NUTS,2010,FR81,2,0.2794
2012,NUTS,2010,FR81,2,0.2972
2013,NUTS,2010,FR81,2,0.3045
2011,NUTS,2010,FR82,2,0.2589
2012,NUTS,2010,FR82,2,0.2504
2013,NUTS,2010,FR82,2,0.2465
2011,NUTS,2010,FR83,2,0.1374
2012,NUTS,2010,FR83,2,0.1664
2013,NUTS,2010,FR83,2,0.1993
2011,NUTS,2010,FRA,1,0.0738
2012,NUTS,2010,FRA,1,0.0704
2013,NUTS,2010,FRA,1,0.0825
2011,NUTS,2010,HR,0,0.1933
2012,NUTS,2010,HR,0,0.195
2013,NUTS,2010,HR,0,0.1947
2014,NUTS,2010,HR,0,0.1786
2015,NUTS,2010,HR,0,0.1902
2016,NUTS,2010,HR,0,0.2375
2017,NUTS,2010,HR,0,0.2407
2018,NUTS,2010,HR,0,0.2412
2019,NUTS,2010,HR,0,0.2692
2020,NUTS,2010,HR,0,0.2708
2011,NUTS,2010,HR0,1,0.189
2012,NUTS,2010,HR0,1,0.191
2013,NUTS,2010,HR0,1,0.1915
2014,NUTS,2010,HR0,1,0.1763
2015,NUTS,2010,HR0,1,0.1875
2016,NUTS,2010,HR0,1,0.2344
2017,NUTS,2010,HR0,1,0.2376
2018,NUTS,2010,HR0,1,0.238
2019,NUTS,2010,HR0,1,0.2646
2020,NUTS,2010,HR0,1,0.2665
2011,NUTS,2010,HR03,2,0.2119
2012,NUTS,2010,HR03,2,0.2116
2013,NUTS,2010,HR03,2,0.211
2014,NUTS,2010,HR03,2,0.1963
2015,NUTS,2010,HR03,2,0.1897
2016,NUTS,2010,HR03,2,0.2243
2017,NUTS,2010,HR03,2,0.2201
2018,NUTS,2010,HR03,2,0.2168
2019,NUTS,2010,HR03,2,0.263
2020,NUTS,2010,HR03,2,0.2724
2011,NUTS,2010,HR04,2,0.1785
2012,NUTS,2010,HR04,2,0.1815
2013,NUTS,2010,HR04,2,0.1826
2014,NUTS,2010,HR04,2,0.1665
2015,NUTS,2010,HR04,2,0.1865
2016,NUTS,2010,HR04,2,0.2393
2017,NUTS,2010,HR04,2,0.2461
2018,NUTS,2010,HR04,2,0.248
2019,NUTS,2010,HR04,2,0.2653
2011,NUTS,2010,HU,0,0.1379
2012,NUTS,2010,HU,0,0.1349
2013,NUTS,2010,HU,0,0.1339
2014,NUTS,2010,HU,0,0.1292
2015,NUTS,2010,HU,0,0.1218
2016,NUTS,2010,HU,0,0.1196
2017,NUTS,2010,HU,0,0.1286
2018,NUTS,2010,HU,0,0.2023
2019,NUTS,2010,HU,0,0.2116
2020,NUTS,2010,HU,0,0.2249
2011,NUTS,2010,HU1,1,0.2093
2012,NUTS,2010,HU1,1,0.2025
2013,NUTS,2010,HU1,1,0.2066
2014,NUTS,2010,HU1,1,0.202
2015,NUTS,2010,HU1,1,0.1879
2016,NUTS,2010,HU1,1,0.1849
2017,NUTS,2010,HU1,1,0.1984
2018,NUTS,2010,HU1,1,0.3036
2019,NUTS,2010,HU1,1,0.32
2011,NUTS,2010,HU10,2,0.2093
2012,NUTS,2010,HU10,2,0.2025
2013,NUTS,2010,HU10,2,0.2066
2014,NUTS,2010,HU10,2,0.202
2015,NUTS,2010,HU10,2,0.1879
2016,NUTS,2010,HU10,2,0.1849
2017,NUTS,2010,HU11,2,0.3036
2018,NUTS,2010,HU11,2,0.4606
2019,NUTS,2010,HU11,2,0.5247
2017,NUTS,2010,HU12,2,0.0442
2018,NUTS,2010,HU12,2,0.0818
2019,NUTS,2010,HU12,2,0.0373
2011,NUTS,2010,HU2,1,0.0918
2012,NUTS,2010,HU2,1,0.0906
2013,NUTS,2010,HU2,1,0.0755
2014,NUTS,2010,HU2,1,0.0718
2015,NUTS,2010,HU2,1,0.063
2016,NUTS,2010,HU2,1,0.0638
2017,NUTS,2010,HU2,1,0.0764
2018,NUTS,2010,HU2,1,0.1644
2019,NUTS,2010,HU2,1,0.1422
2011,NUTS,2010,HU21,2,0.0364
2012,NUTS,2010,HU21,2,0.0472
2013,NUTS,2010,HU21,2,0.0422
2014,NUTS,2010,HU21,2,0.0408
2015,NUTS,2010,HU21,2,0.0433
2016,NUTS,2010,HU21,2,0.0386
2017,NUTS,2010,HU21,2,0.0367
2018,NUTS,2010,HU21,2,0.0445
2019,NUTS,2010,HU21,2,0.0489
2011,NUTS,2010,HU22,2,0.0964
2012,NUTS,2010,HU22,2,0.0828
2013,NUTS,2010,HU22,2,0.0859
2014,NUTS,2010,HU22,2,0.0735
2015,NUTS,2010,HU22,2,0.065
2016,NUTS,2010,HU22,2,0.0579
2017,NUTS,2010,HU22,2,0.0727
2018,NUTS,2010,HU22,2,0.1422
2019,NUTS,2010,HU22,2,0.1453
2011,NUTS,2010,HU23,2,0.1586
2012,NUTS,2010,HU23,2,0.1573
2013,NUTS,2010,HU23,2,0.1062
2014,NUTS,2010,HU23,2,0.109
2015,NUTS,2010,HU23,2,0.0861
2016,NUTS,2010,HU23,2,0.1028
2017,NUTS,2010,HU23,2,0.1321
2018,NUTS,2010,HU23,2,0.3466
2019,NUTS,2010,HU23,2,0.2611
2011,NUTS,2010,HU3,1,0.1259
2012,NUTS,2010,HU3,1,0.1219
2013,NUTS,2010,HU3,1,0.1284
2014,NUTS,2010,HU3,1,0.1219
2015,NUTS,2010,HU3,1,0.1204
2016,NUTS,2010,HU3,1,0.1148
2017,NUTS,2010,HU3,1,0.1173
2018,NUTS,2010,HU3,1,0.1571
2019,NUTS,2010,HU3,1,0.1812
2011,NUTS,2010,HU31,2,0.0802
2012,NUTS,2010,HU31,2,0.0819
2013,NUTS,2010,HU31,2,0.0713
2014,NUTS,2010,HU31,2,0.071
2015,NUTS,2010,HU31,2,0.0704
2016,NUTS,2010,HU31,2,0.0707
2017,NUTS,2010,HU31,2,0.0768
2018,NUTS,2010,HU31,2,0.0952
2019,NUTS,2010,HU31,2,0.1129
2011,NUTS,2010,HU32,2,0.1314
2012,NUTS,2010,HU32,2,0.1296
2013,NUTS,2010,HU32,2,0.1351
2014,NUTS,2010,HU32,2,0.1232
2015,NUTS,2010,HU32,2,0.1152
2016,NUTS,2010,HU32,2,0.1181
2017,NUTS,2010,HU32,2,0.1242
2018,NUTS,2010,HU32,2,0.1694
2019,NUTS,2010,HU32,2,0.1921
2011,NUTS,2010,HU33,2,0.16
2012,NUTS,2010,HU33,2,0.1479
2013,NUTS,2010,HU33,2,0.1692
2014,NUTS,2010,HU33,2,0.1644
2015,NUTS,2010,HU33,2,0.1699
2016,NUTS,2010,HU33,2,0.1488
2017,NUTS,2010,HU33,2,0.1446
2018,NUTS,2010,HU33,2,0.1968
2019,NUTS,2010,HU33,2,0.2276
2011,NUTS,2010,IE,0,0.2625
2012,NUTS,2010,IE,0,0.5576
2013,NUTS,2010,IE,0,0.5692
2014,NUTS,2010,IE,0,0.5837
2015,NUTS,2010,IE,0,0.4708
2016,NUTS,2010,IE,0,0.559
2017,NUTS,2010,IE,0,0.4954
2018,NUTS,2010,IE,0,0.431
2019,NUTS,2010,IE,0,0.4231
2020,NUTS,2010,IE,0,0.4327
2011,NUTS,2010,IE0,1,0.2567
2012,NUTS,2010,IE0,1,0.2573
2013,NUTS,2010,IE0,1,0.2499
2014,NUTS,2010,IE0,1,0.4035
2015,NUTS,2010,IE0,1,0.5785
2017,NUTS,2010,IE0,1,0.5369
2011,NUTS,2010,IE01,2,0.1403
2012,NUTS,2010,IE01,2,0.1403
2013,NUTS,2010,IE01,2,0.135
2014,NUTS,2010,IE01,2,0.2206
2015,NUTS,2010,IE01,2,0.064
2017,NUTS,2010,IE01,2,0.7918
2011,NUTS,2010,IE02,2,0.2967
2012,NUTS,2010,IE02,2,0.2977
2013,NUTS,2010,IE02,2,0.2902
2014,NUTS,2010,IE02,2,0.4665
2015,NUTS,2010,IE02,2,0.7562
2017,NUTS,2010,IE02,2,0.5001
2011,NUTS,2010,IS,0,0.4288
2013,NUTS,2010,IS,0,0.5779
2014,NUTS,2010,IS,0,0.5801
2015,NUTS,2010,IS,0,0.4931
2016,NUTS,2010,IS,0,0.6188
2017,NUTS,2010,IS,0,0.4905
2018,NUTS,2010,IS,0,0.4803
2011,NUTS,2010,IT,0,0.1817
2012,NUTS,2010,IT,0,0.1838
2013,NUTS,2010,IT,0,0.1941
2014,NUTS,2010,IT,0,0.1953
2015,NUTS,2010,IT,0,0.1983
2016,NUTS,2010,IT,0,0.204
2017,NUTS,2010,IT,0,0.2053
2018,NUTS,2010,IT,0,0.2077
2019,NUTS,2010,IT,0,0.2183
2020,NUTS,2010,IT,0,0.231
2011,NUTS,2010,ITC,1,0.1615
2012,NUTS,2010,ITC,1,0.1592
2013,NUTS,2010,ITC,1,0.1679
2014,NUTS,2010,ITC,1,0.1656
2015,NUTS,2010,ITC,1,0.1737
2016,NUTS,2010,ITC,1,0.1785
2017,NUTS,2010,ITC,1,0.1863
2018,NUTS,2010,ITC,1,0.1884
2019,NUTS,2010,ITC,1,0.1928
2011,NUTS,2010,ITC1,2,0.1533
2012,NUTS,2010,ITC1,2,0.1522
2013,NUTS,2010,ITC1,2,0.1674
2014,NUTS,2010,ITC1,2,0.1505
2015,NUTS,2010,ITC1,2,0.1798
2016,NUTS,2010,ITC1,2,0.1626
2017,NUTS,2010,ITC1,2,0.1686
2018,NUTS,2010,ITC1,2,0.1728
2019,NUTS,2010,ITC1,2,0.1756
2011,NUTS,2010,ITC2,2,0.0219
2012,NUTS,2010,ITC2,2,0.0237
2013,NUTS,2010,ITC2,2,0.0698
2014,NUTS,2010,ITC2,2,0.0818
2015,NUTS,2010,ITC2,2,0.0475
2016,NUTS,2010,ITC2,2,0.0488
2017,NUTS,2010,ITC2,2,0.0651
2018,NUTS,2010,ITC2,2,0.0521
2019,NUTS,2010,ITC2,2,0.0468
2011,NUTS,2010,ITC3,2,0.1657
2012,NUTS,2010,ITC3,2,0.1759
2013,NUTS,2010,ITC3,2,0.198
2014,NUTS,2010,ITC3,2,0.1932
2015,NUTS,2010,ITC3,2,0.2383
2016,NUTS,2010,ITC3,2,0.1961
2017,NUTS,2010,ITC3,2,0.2086
2018,NUTS,2010,ITC3,2,0.1781
2019,NUTS,2010,ITC3,2,0.2015
2011,NUTS,2010,ITC4,2,0.1664
2012,NUTS,2010,ITC4,2,0.1616
2013,NUTS,2010,ITC4,2,0.1649
2014,NUTS,2010,ITC4,2,0.1692
2015,NUTS,2010,ITC4,2,0.1632
2016,NUTS,2010,ITC4,2,0.1844
2017,NUTS,2010,ITC4,2,0.1922
2018,NUTS,2010,ITC4,2,0.1982
2019,NUTS,2010,ITC4,2,0.2005
2011,NUTS,2010,ITF,1,0.1576
2012,NUTS,2010,ITF,1,0.1577
2013,NUTS,2010,ITF,1,0.1634
2014,NUTS,2010,ITF,1,0.1684
2015,NUTS,2010,ITF,1,0.1755
2016,NUTS,2010,ITF,1,0.1781
2017,NUTS,2010,ITF,1,0.1766
2018,NUTS,2010,ITF,1,0.1718
2019,NUTS,2010,ITF,1,0.1835
2011,NUTS,2010,ITF1,2,0.1734
2012,NUTS,2010,ITF1,2,0.1758
2013,NUTS,2010,ITF1,2,0.1767
2014,NUTS,2010,ITF1,2,0.1769
2015,NUTS,2010,ITF1,2,0.2089
2016,NUTS,2010,ITF1,2,0.2302
2017,NUTS,2010,ITF1,2,0.2618
2018,NUTS,2010,ITF1,2,0.2221
2019,NUTS,2010,ITF1,2,0.235
2015,NUTS,2010,ITF2,2,0.2207
2016,NUTS,2010,ITF2,2,0.192
2017,NUTS,2010,ITF2,2,0.1807
2018,NUTS,2010,ITF2,2,0.1743
2019,NUTS,2010,ITF2,2,0.163
2011,NUTS,2010,ITF3,2,0.1708
2012,NUTS,2010,ITF3,2,0.1719
2013,NUTS,2010,ITF3,2,0.18
2014,NUTS,2010,ITF3,2,0.1891
2015,NUTS,2010,ITF3,2,0.1928
2016,NUTS,2010,ITF3,2,0.2064
2017,NUTS,2010,ITF3,2,0.2002
2018,NUTS,2010,ITF3,2,0.1941
2019,NUTS,2010,ITF3,2,0.2141
2011,NUTS,2010,ITF4,2,0.1589
2012,NUTS,2010,ITF4,2,0.1526
2013,NUTS,2010,ITF4,2,0.1354
2014,NUTS,2010,ITF4,2,0.137
2015,NUTS,2010,ITF4,2,0.1457
2016,NUTS,2010,ITF4,2,0.1413
2017,NUTS,2010,ITF4,2,0.1398
2018,NUTS,2010,ITF4,2,0.1369
2019,NUTS,2010,ITF4,2,0.1417
2012,NUTS,2010,ITF5,2,0.1217
2013,NUTS,2010,ITF5,2,0.1148
2015,NUTS,2010,ITF5,2,0.1157
2016,NUTS,2010,ITF5,2,0.0991
2017,NUTS,2010,ITF5,2,0.1014
2018,NUTS,2010,ITF5,2,0.0975
2019,NUTS,2010,ITF5,2,0.1165
2011,NUTS,2010,ITF6,2,0.1181
2015,NUTS,2010,ITF6,2,0.1733
2016,NUTS,2010,ITF6,2,0.1535
2017,NUTS,2010,ITF6,2,0.1365
2018,NUTS,2010,ITF6,2,0.1599
2019,NUTS,2010,ITF6,2,0.1624
2011,NUTS,2010,ITG,1,0.1607
2012,NUTS,2010,ITG,1,0.1659
2013,NUTS,2010,ITG,1,0.177
2014,NUTS,2010,ITG,1,0.1818
2015,NUTS,2010,ITG,1,0.1902
2016,NUTS,2010,ITG,1,0.1553
2017,NUTS,2010,ITG,1,0.1498
2018,NUTS,2010,ITG,1,0.1485
2019,NUTS,2010,ITG,1,0.159
2011,NUTS,2010,ITG1,2,0.1453
2012,NUTS,2010,ITG1,2,0.1437
2013,NUTS,2010,ITG1,2,0.1577
2014,NUTS,2010,ITG1,2,0.1617
2015,NUTS,2010,ITG1,2,0.1677
2016,NUTS,2010,ITG1,2,0.1479
2017,NUTS,2010,ITG1,2,0.1373
2018,NUTS,2010,ITG1,2,0.1365
2019,NUTS,2010,ITG1,2,0.1487
2011,NUTS,2010,ITG2,2,0.1985
2012,NUTS,2010,ITG2,2,0.2209
2013,NUTS,2010,ITG2,2,0.2263
2014,NUTS,2010,ITG2,2,0.2326
2015,NUTS,2010,ITG2,2,0.2468
2016,NUTS,2010,ITG2,2,0.1741
2017,NUTS,2010,ITG2,2,0.1818
2018,NUTS,2010,ITG2,2,0.1789
2019,NUTS,2010,ITG2,2,0.1844
2011,NUTS,2010,ITH,1,0.1856
2012,NUTS,2010,ITH,1,0.1924
2013,NUTS,2010,ITH,1,0.2056
2014,NUTS,2010,ITH,1,0.21
2015,NUTS,2010,ITH,1,0.1935
2016,NUTS,2010,ITH,1,0.2148
2017,NUTS,2010,ITH,1,0.22
2018,NUTS,2010,ITH,1,0.2295
2019,NUTS,2010,ITH,1,0.2411
2011,NUTS,2010,ITH1,2,0.0108
2012,NUTS,2010,ITH1,2,0.019
2013,NUTS,2010,ITH1,2,0.0429
2014,NUTS,2010,ITH1,2,0.0558
2015,NUTS,2010,ITH1,2,0.0368
2016,NUTS,2010,ITH1,2,0.0941
2017,NUTS,2010,ITH1,2,0.1102
2018,NUTS,2010,ITH1,2,0.1152
2019,NUTS,2010,ITH1,2,0.134
2011,NUTS,2010,ITH2,2,0.1979
2012,NUTS,2010,ITH2,2,0.2323
2013,NUTS,2010,ITH2,2,0.2695
2014,NUTS,2010,ITH2,2,0.2849
2015,NUTS,2010,ITH2,2,0.3164
2016,NUTS,2010,ITH2,2,0.3326
2017,NUTS,2010,ITH2,2,0.3189
2018,NUTS,2010,ITH2,2,0.3451
2019,NUTS,2010,ITH2,2,0.3757
2011,NUTS,2010,ITH3,2,0.1554
2012,NUTS,2010,ITH3,2,0.1586
2013,NUTS,2010,ITH3,2,0.1696
2014,NUTS,2010,ITH3,2,0.174
2015,NUTS,2010,ITH3,2,0.175
2016,NUTS,2010,ITH3,2,0.1734
2017,NUTS,2010,ITH3,2,0.1802
2018,NUTS,2010,ITH3,2,0.1918
2019,NUTS,2010,ITH3,2,0.2024
2011,NUTS,2010,ITH4,2,0.2349
2012,NUTS,2010,ITH4,2,0.2502
2013,NUTS,2010,ITH4,2,0.2433
2014,NUTS,2010,ITH4,2,0.2468
2015,NUTS,2010,ITH4,2,0.2614
2016,NUTS,2010,ITH4,2,0.252
2017,NUTS,2010,ITH4,2,0.2587
2018,NUTS,2010,ITH4,2,0.2734
2019,NUTS,2010,ITH4,2,0.2696
2011,NUTS,2010,ITH5,2,0.2252
2012,NUTS,2010,ITH5,2,0.2304
2013,NUTS,2010,ITH5,2,0.2466
2014,NUTS,2010,ITH5,2,0.249
2015,NUTS,2010,ITH5,2,0.1999
2016,NUTS,2010,ITH5,2,0.2499
2017,NUTS,2010,ITH5,2,0.2546
2018,NUTS,2010,ITH5,2,0.2591
2019,NUTS,2010,ITH5,2,0.2726
2011,NUTS,2010,ITI,1,0.219
2012,NUTS,2010,ITI,1,0.2194
2013,NUTS,2010,ITI,1,0.2269
2014,NUTS,2010,ITI,1,0.2217
2015,NUTS,2010,ITI,1,0.2292
2016,NUTS,2010,ITI,1,0.2417
2017,NUTS,2010,ITI,1,0.234
2018,NUTS,2010,ITI,1,0.2363
2019,NUTS,2010,ITI,1,0.2498
2011,NUTS,2010,ITI1,2,0.2786
2012,NUTS,2010,ITI1,2,0.2847
2013,NUTS,2010,ITI1,2,0.2663
2014,NUTS,2010,ITI1,2,0.2519
2015,NUTS,2010,ITI1,2,0.2638
2016,NUTS,2010,ITI1,2,0.2598
2017,NUTS,2010,ITI1,2,0.2607
2018,NUTS,2010,ITI1,2,0.2859
2019,NUTS,2010,ITI1,2,0.2889
2011,NUTS,2010,ITI2,2,0.2415
2012,NUTS,2010,ITI2,2,0.2365
2013,NUTS,2010,ITI2,2,0.2358
2014,NUTS,2010,ITI2,2,0.2359
2015,NUTS,2010,ITI2,2,0.2577
2016,NUTS,2010,ITI2,2,0.2396
2017,NUTS,2010,ITI2,2,0.2248
2018,NUTS,2010,ITI2,2,0.2522
2019,NUTS,2010,ITI2,2,0.2345
2011,NUTS,2010,ITI3,2,0.1544
2012,NUTS,2010,ITI3,2,0.1484
2013,NUTS,2010,ITI3,2,0.1583
2014,NUTS,2010,ITI3,2,0.1644
2015,NUTS,2010,ITI3,2,0.1643
2016,NUTS,2010,ITI3,2,0.1937
2017,NUTS,2010,ITI3,2,0.2128
2018,NUTS,2010,ITI3,2,0.1921
2019,NUTS,2010,ITI3,2,0.1881
2011,NUTS,2010,ITI4,2,0.193
2012,NUTS,2010,ITI4,2,0.1929
2013,NUTS,2010,ITI4,2,0.2182
2014,NUTS,2010,ITI4,2,0.215
2015,NUTS,2010,ITI4,2,0.2194
2016,NUTS,2010,ITI4,2,0.2429
2017,NUTS,2010,ITI4,2,0.2236
2018,NUTS,2010,ITI4,2,0.2136
2019,NUTS,2010,ITI4,2,0.2429
2011,NUTS,2010,KR,0,0.1627
2011,NUTS,2010,LT,0,0.3885
2012,NUTS,2010,LT,0,0.3702
2013,NUTS,2010,LT,0,0.376
2014,NUTS,2010,LT,0,0.3627
2015,NUTS,2010,LT,0,0.3368
2016,NUTS,2010,LT,0,0.3484
2017,NUTS,2010,LT,0,0.3249
2018,NUTS,2010,LT,0,0.32
2019,NUTS,2010,LT,0,0.3494
2020,NUTS,2010,LT,0,0.4013
2015,NUTS,2010,LT01,2,0.5859
2016,NUTS,2010,LT01,2,0.5511
2017,NUTS,2010,LT01,2,0.53
2018,NUTS,2010,LT01,2,0.5003
2019,NUTS,2010,LT01,2,0.5092
2015,NUTS,2010,LT02,2,0.2226
2016,NUTS,2010,LT02,2,0.2471
2017,NUTS,2010,LT02,2,0.2168
2018,NUTS,2010,LT02,2,0.22
2019,NUTS,2010,LT02,2,0.257
2011,NUTS,2010,LU,0,0.242
2012,NUTS,2010,LU,0,0.2648
2013,NUTS,2010,LU,0,0.3064
2014,NUTS,2010,LU,0,0.3512
2015,NUTS,2010,LU,0,0.3449
2016,NUTS,2010,LU,0,0.3509
2017,NUTS,2010,LU,0,0.3664
2018,NUTS,2010,LU,0,0.3678
2019,NUTS,2010,LU,0,0.3888
2020,NUTS,2010,LU,0,0.3778
2011,NUTS,2010,LV,0,0.2697
2012,NUTS,2010,LV,0,0.2597
2013,NUTS,2010,LV,0,0.2386
2014,NUTS,2010,LV,0,0.2377
2015,NUTS,2010,LV,0,0.2402
2016,NUTS,2010,LV,0,0.2036
2017,NUTS,2010,LV,0,0.2396
2018,NUTS,2010,LV,0,0.2331
2019,NUTS,2010,LV,0,0.2482
2020,NUTS,2010,LV,0,0.2809
2011,NUTS,2010,ME,0,0.0847
2013,NUTS,2010,ME,0,0.0828
2014,NUTS,2010,ME,0,0.0864
2015,NUTS,2010,ME,0,0.1279
2016,NUTS,2010,ME,0,0.1122
2017,NUTS,2010,ME,0,0.1049
2018,NUTS,2010,ME,0,0.1036
2019,NUTS,2010,ME,0,0.083
2011,NUTS,2010,MK,0,0.059
2012,NUTS,2010,MK,0,0.0813
2013,NUTS,2010,MK,0,0.0976
2014,NUTS,2010,MK,0,0.1222
2015,NUTS,2010,MK,0,0.1345
2016,NUTS,2010,MK,0,0.1257
2017,NUTS,2010,MK,0,0.1017
2018,NUTS,2010,MK,0,0.1099
2019,NUTS,2010,MK,0,0.1047
2020,NUTS,2010,MK,0,0.1064
2011,NUTS,2010,MT,0,0.126
2012,NUTS,2010,MT,0,0.1385
2013,NUTS,2010,MT,0,0.1537
2014,NUTS,2010,MT,0,0.1729
2015,NUTS,2010,MT,0,0.1574
2016,NUTS,2010,MT,0,0.1536
2017,NUTS,2010,MT,0,0.1609
2018,NUTS,2010,MT,0,0.1568
2019,NUTS,2010,MT,0,0.169
2020,NUTS,2010,MT,0,0.1748
2011,NUTS,2010,NL,0,0.2367
2012,NUTS,2010,NL,0,0.2343
2013,NUTS,2010,NL,0,0.2353
2014,NUTS,2010,NL,0,0.2448
2015,NUTS,2010,NL,0,0.2484
2016,NUTS,2010,NL,0,0.2463
2017,NUTS,2010,NL,0,0.2509
2018,NUTS,2010,NL,0,0.2514
2019,NUTS,2010,NL,0,0.2568
2020,NUTS,2010,NL,0,0.2568
2011,NUTS,2010,NL3,1,0.2844
2012,NUTS,2010,NL3,1,0.2791
2011,NUTS,2010,NO,0,0.3836
2012,NUTS,2010,NO,0,0.3808
2013,NUTS,2010,NO,0,0.3851
2014,NUTS,2010,NO,0,0.3913
2015,NUTS,2010,NO,0,0.4123
2016,NUTS,2010,NO,0,0.4413
2017,NUTS,2010,NO,0,0.4708
2018,NUTS,2010,NO,0,0.4846
2019,NUTS,2010,NO,0,0.5089
2020,NUTS,2010,NO,0,0.4852
2011,NUTS,2010,NO0,1,0.3726
2012,NUTS,2010,NO0,1,0.3693
2013,NUTS,2010,NO0,1,0.3732
2014,NUTS,2010,NO0,1,0.3783
2015,NUTS,2010,NO0,1,0.3977
2016,NUTS,2010,NO0,1,0.4262
2017,NUTS,2010,NO0,1,0.4545
2018,NUTS,2010,NO0,1,0.4675
2019,NUTS,2010,NO0,1,0.4907
2011,NUTS,2010,NO01,2,0.5924
2012,NUTS,2010,NO01,2,0.5837
2013,NUTS,2010,NO01,2,0.6041
2014,NUTS,2010,NO01,2,0.6058
2015,NUTS,2010,NO01,2,0.6363
2016,NUTS,2010,NO01,2,0.6636
2017,NUTS,2010,NO01,2,0.695
2018,NUTS,2010,NO01,2,0.71
2019,NUTS,2010,NO01,2,0.6985
2011,NUTS,2010,NO02,2,0.0701
2012,NUTS,2010,NO02,2,0.0719
2013,NUTS,2010,NO02,2,0.0902
2014,NUTS,2010,NO02,2,0.0884
2015,NUTS,2010,NO02,2,0.0906
2016,NUTS,2010,NO02,2,0.1199
2017,NUTS,2010,NO02,2,0.1309
2018,NUTS,2010,NO02,2,0.1203
2019,NUTS,2010,NO02,2,0.1473
2011,NUTS,2010,NO03,2,0.0431
2012,NUTS,2010,NO03,2,0.0443
2013,NUTS,2010,NO03,2,0.0481
2014,NUTS,2010,NO03,2,0.0515
2015,NUTS,2010,NO03,2,0.0588
2016,NUTS,2010,NO03,2,0.0628
2017,NUTS,2010,NO03,2,0.0853
2018,NUTS,2010,NO03,2,0.0914
2019,NUTS,2010,NO03,2,0.0967
2011,NUTS,2010,NO04,2,0.1431
2012,NUTS,2010,NO04,2,0.1489
2013,NUTS,2010,NO04,2,0.1472
2014,NUTS,2010,NO04,2,0.151
2015,NUTS,2010,NO04,2,0.1612
2016,NUTS,2010,NO04,2,0.1818
2017,NUTS,2010,NO04,2,0.215
2018,NUTS,2010,NO04,2,0.2211
2019,NUTS,2010,NO04,2,0.2371
2011,NUTS,2010,NO05,2,0.3763
2012,NUTS,2010,NO05,2,0.3884
2013,NUTS,2010,NO05,2,0.3857
2014,NUTS,2010,NO05,2,0.3883
2015,NUTS,2010,NO05,2,0.3858
2016,NUTS,2010,NO05,2,0.4041
2017,NUTS,2010,NO05,2,0.4325
2018,NUTS,2010,NO05,2,0.4374
2019,NUTS,2010,NO05,2,0.4989
2011,NUTS,2010,NO06,2,1.0
2012,NUTS,2010,NO06,2,0.9384
2013,NUTS,2010,NO06,2,0.8856
2014,NUTS,2010,NO06,2,0.8912
2015,NUTS,2010,NO06,2,0.9496
2016,NUTS,2010,NO06,2,1.025
2017,NUTS,2010,NO06,2,1.0852
2018,NUTS,2010,NO06,2,1.1499
2019,NUTS,2010,NO06,2,1.1928
2011,NUTS,2010,NO07,2,0.4563
2012,NUTS,2010,NO07,2,0.4658
2013,NUTS,2010,NO07,2,0.4759
2014,NUTS,2010,NO07,2,0.4876
2015,NUTS,2010,NO07,2,0.5244
2016,NUTS,2010,NO07,2,0.5763
2017,NUTS,2010,NO07,2,0.5698
2018,NUTS,2010,NO07,2,0.5795
2019,NUTS,2010,NO07,2,0.6445
2011,NUTS,2010,PL,0,0.2406
2012,NUTS,2010,PL,0,0.2291
2013,NUTS,2010,PL,0,0.2226
2014,NUTS,2010,PL,0,0.2365
2015,NUTS,2010,PL,0,0.2391
2016,NUTS,2010,PL,0,0.2659
2017,NUTS,2010,PL,0,0.3375
2018,NUTS,2010,PL,0,0.3434
2019,NUTS,2010,PL,0,0.3635
2020,NUTS,2010,PL,0,0.3511
2011,NUTS,2010,PL1,1,0.3667
2012,NUTS,2010,PL1,1,0.3582
2013,NUTS,2010,PL1,1,0.2291
2014,NUTS,2010,PL1,1,0.2283
2015,NUTS,2010,PL1,1,0.2229
2012,NUTS,2010,PL11,2,0.2066
2013,NUTS,2010,PL11,2,0.1688
2014,NUTS,2010,PL11,2,0.1761
2015,NUTS,2010,PL11,2,0.1812
2012,NUTS,2010,PL12,2,0.2542
2013,NUTS,2010,PL12,2,0.2615
2014,NUTS,2010,PL12,2,0.2542
2015,NUTS,2010,PL12,2,0.242
2011,NUTS,2010,PL2,1,0.2663
2012,NUTS,2010,PL2,1,0.2394
2013,NUTS,2010,PL2,1,0.2402
2014,NUTS,2010,PL2,1,0.2793
2015,NUTS,2010,PL2,1,0.2944
2016,NUTS,2010,PL2,1,0.2764
2017,NUTS,2010,PL2,1,0.3653
2018,NUTS,2010,PL2,1,0.3651
2019,NUTS,2010,PL2,1,0.4185
2012,NUTS,2010,PL21,2,0.3524
2013,NUTS,2010,PL21,2,0.3597
2014,NUTS,2010,PL21,2,0.4273
2015,NUTS,2010,PL21,2,0.4483
2016,NUTS,2010,PL21,2,0.3836
2017,NUTS,2010,PL21,2,0.5594
2018,NUTS,2010,PL21,2,0.5568
2019,NUTS,2010,PL21,2,0.5416
2012,NUTS,2010,PL22,2,0.1617
2013,NUTS,2010,PL22,2,0.1566
2014,NUTS,2010,PL22,2,0.1736
2015,NUTS,2010,PL22,2,0.1834
2016,NUTS,2010,PL22,2,0.1958
2017,NUTS,2010,PL22,2,0.2183
2018,NUTS,2010,PL22,2,0.2187
2019,NUTS,2010,PL22,2,0.3228
2012,NUTS,2010,PL3,1,0.1367
2013,NUTS,2010,PL3,1,0.1481
2014,NUTS,2010,PL3,1,0.1585
2015,NUTS,2010,PL3,1,0.1773
2011,NUTS,2010,PL31,2,0.2169
2012,NUTS,2010,PL31,2,0.2181
2013,NUTS,2010,PL31,2,0.217
2014,NUTS,2010,PL31,2,0.2185
2015,NUTS,2010,PL31,2,0.2066
2011,NUTS,2010,PL32,2,0.0556
2012,NUTS,2010,PL32,2,0.0555
2013,NUTS,2010,PL32,2,0.0671
2014,NUTS,2010,PL32,2,0.0825
2015,NUTS,2010,PL32,2,0.1475
2012,NUTS,2010,PL33,2,0.0314
2013,NUTS,2010,PL33,2,0.098
2014,NUTS,2010,PL33,2,0.1077
2015,NUTS,2010,PL33,2,0.1207
2011,NUTS,2010,PL34,2,0.24
2012,NUTS,2010,PL34,2,0.2562
2013,NUTS,2010,PL34,2,0.2159
2014,NUTS,2010,PL34,2,0.2289
2015,NUTS,2010,PL34,2,0.2361
2012,NUTS,2010,PL4,1,0.1967
2013,NUTS,2010,PL4,1,0.163
2014,NUTS,2010,PL4,1,0.1978
2015,NUTS,2010,PL4,1,0.2073
2016,NUTS,2010,PL4,1,0.1893
2017,NUTS,2010,PL4,1,0.2278
2018,NUTS,2010,PL4,1,0.2265
2019,NUTS,2010,PL4,1,0.2136
2011,NUTS,2010,PL41,2,0.218
2012,NUTS,2010,PL41,2,0.1915
2013,NUTS,2010,PL41,2,0.1435
2014,NUTS,2010,PL41,2,0.1875
2015,NUTS,2010,PL41,2,0.2044
2016,NUTS,2010,PL41,2,0.1991
2017,NUTS,2010,PL41,2,0.2187
2018,NUTS,2010,PL41,2,0.2225
2011,NUTS,2010,PL42,2,0.2505
2012,NUTS,2010,PL42,2,0.2518
2013,NUTS,2010,PL42,2,0.2271
2014,NUTS,2010,PL42,2,0.261
2015,NUTS,2010,PL42,2,0.2641
2016,NUTS,2010,PL42,2,0.2018
2019,NUTS,2010,PL42,2,0.2578
2012,NUTS,2010,PL43,2,0.1358
2013,NUTS,2010,PL43,2,0.1373
2014,NUTS,2010,PL43,2,0.1418
2015,NUTS,2010,PL43,2,0.1393
2016,NUTS,2010,PL43,2,0.1335
2011,NUTS,2010,PL5,1,0.2989
2012,NUTS,2010,PL5,1,0.3086
2013,NUTS,2010,PL5,1,0.3107
2014,NUTS,2010,PL5,1,0.2998
2015,NUTS,2010,PL5,1,0.2908
2016,NUTS,2010,PL5,1,0.2633
2017,NUTS,2010,PL5,1,0.3537
2018,NUTS,2010,PL5,1,0.3463
2019,NUTS,2010,PL5,1,0.3406
2012,NUTS,2010,PL51,2,0.3599
2013,NUTS,2010,PL51,2,0.3631
2015,NUTS,2010,PL51,2,0.3405
2016,NUTS,2010,PL51,2,0.3073
2017,NUTS,2010,PL51,2,0.4155
2018,NUTS,2010,PL51,2,0.4017
2019,NUTS,2010,PL51,2,0.3883
2012,NUTS,2010,PL52,2,0.1513
2013,NUTS,2010,PL52,2,0.1472
2015,NUTS,2010,PL52,2,0.1459
2016,NUTS,2010,PL52,2,0.1252
2017,NUTS,2010,PL52,2,0.1636
2018,NUTS,2010,PL52,2,0.1755
2019,NUTS,2010,PL52,2,0.187
2011,NUTS,2010,PL6,1,0.2478
2012,NUTS,2010,PL6,1,0.2358
2013,NUTS,2010,PL6,1,0.2276
2014,NUTS,2010,PL6,1,0.2267
2015,NUTS,2010,PL6,1,0.2139
2016,NUTS,2010,PL6,1,0.2261
2017,NUTS,2010,PL6,1,0.293
2018,NUTS,2010,PL6,1,0.2827
2019,NUTS,2010,PL6,1,0.3236
2012,NUTS,2010,PL61,2,0.225
2013,NUTS,2010,PL61,2,0.227
2014,NUTS,2010,PL61,2,0.217
2015,NUTS,2010,PL61,2,0.2172
2012,NUTS,2010,PL62,2,0.1835
2013,NUTS,2010,PL62,2,0.1623
2014,NUTS,2010,PL62,2,0.182
2015,NUTS,2010,PL62,2,0.1617
2011,NUTS,2010,PL63,2,0.3076
2012,NUTS,2010,PL63,2,0.2774
2013,NUTS,2010,PL63,2,0.2674
2014,NUTS,2010,PL63,2,0.2617
2015,NUTS,2010,PL63,2,0.2413
2016,NUTS,2010,PL63,2,0.2889
2017,NUTS,2010,PL63,2,0.3452
2018,NUTS,2010,PL63,2,0.3778
2019,NUTS,2010,PL63,2,0.33
2016,NUTS,2010,PL7,1,0.2136
2017,NUTS,2010,PL7,1,0.2326
2018,NUTS,2010,PL7,1,0.2236
2019,NUTS,2010,PL7,1,0.2688
2017,NUTS,2010,PL71,2,0.2945
2018,NUTS,2010,PL71,2,0.2676
2019,NUTS,2010,PL71,2,0.3314
2017,NUTS,2010,PL72,2,0.1018
2018,NUTS,2010,PL72,2,0.1279
2019,NUTS,2010,PL72,2,0.1372
2016,NUTS,2010,PL8,1,0.2094
2017,NUTS,2010,PL8,1,0.244
2018,NUTS,2010,PL8,1,0.3154
2019,NUTS,2010,PL8,1,0.3007
2016,NUTS,2010,PL81,2,0.2803
2017,NUTS,2010,PL81,2,0.3321
2019,NUTS,2010,PL81,2,0.4697
2016,NUTS,2010,PL82,2,0.1447
2017,NUTS,2010,PL82,2,0.148
2019,NUTS,2010,PL82,2,0.1267
2016,NUTS,2010,PL84,2,0.1952
2017,NUTS,2010,PL84,2,0.2572
2019,NUTS,2010,PL84,2,0.2972
2016,NUTS,2010,PL9,1,0.405
2017,NUTS,2010,PL9,1,0.5347
2018,NUTS,2010,PL9,1,0.5312
2019,NUTS,2010,PL9,1,0.5479
2017,NUTS,2010,PL91,2,0.9441
2018,NUTS,2010,PL91,2,0.9032
2019,NUTS,2010,PL91,2,0.8928
2017,NUTS,2010,PL92,2,0.0419
2018,NUTS,2010,PL92,2,0.0443
2019,NUTS,2010,PL92,2,0.05
2011,NUTS,2010,PT,0,0.4751
2012,NUTS,2010,PT,0,0.482
2013,NUTS,2010,PT,0,0.5273
2014,NUTS,2010,PT,0,0.5118
2015,NUTS,2010,PT,0,0.5139
2016,NUTS,2010,PT,0,0.5359
2017,NUTS,2010,PT,0,0.5607
2018,NUTS,2010,PT,0,0.5844
2019,NUTS,2010,PT,0,0.5824
2020,NUTS,2010,PT,0,0.59
2011,NUTS,2010,PT1,1,0.4524
2012,NUTS,2010,PT1,1,0.4584
2013,NUTS,2010,PT1,1,0.5043
2014,NUTS,2010,PT1,1,0.4945
2015,NUTS,2010,PT1,1,0.4995
2016,NUTS,2010,PT1,1,0.5225
2017,NUTS,2010,PT1,1,0.5473
2018,NUTS,2010,PT1,1,0.5713
2019,NUTS,2010,PT1,1,0.5699
2020,NUTS,2010,PT1,1,0.5783
2011,NUTS,2010,PT11,2,0.3784
2012,NUTS,2010,PT11,2,0.3649
2013,NUTS,2010,PT11,2,0.4421
2014,NUTS,2010,PT11,2,0.4297
2015,NUTS,2010,PT11,2,0.4266
2016,NUTS,2010,PT11,2,0.457
2017,NUTS,2010,PT11,2,0.4799
2018,NUTS,2010,PT11,2,0.5059
2019,NUTS,2010,PT11,2,0.5152
2020,NUTS,2010,PT11,2,0.5375
2011,NUTS,2010,PT15,2,0.3038
2012,NUTS,2010,PT15,2,0.2733
2013,NUTS,2010,PT15,2,0.2485
2014,NUTS,2010,PT15,2,0.2676
2015,NUTS,2010,PT15,2,0.2659
2016,NUTS,2010,PT15,2,0.2631
2017,NUTS,2010,PT15,2,0.2317
2018,NUTS,2010,PT15,2,0.2439
2019,NUTS,2010,PT15,2,0.2732
2020,NUTS,2010,PT15,2,0.2684
2011,NUTS,2010,PT16,2,0.4123
2012,NUTS,2010,PT16,2,0.4211
2013,NUTS,2010,PT16,2,0.4369
2014,NUTS,2010,PT16,2,0.4223
2015,NUTS,2010,PT16,2,0.4197
2016,NUTS,2010,PT16,2,0.4408
2017,NUTS,2010,PT16,2,0.472
2018,NUTS,2010,PT16,2,0.5001
2019,NUTS,2010,PT16,2,0.4968
2020,NUTS,2010,PT16,2,0.5073
2011,NUTS,2010,PT17,2,0.6823
2012,NUTS,2010,PT17,2,0.7194
2013,NUTS,2010,PT17,2,0.7753
2014,NUTS,2010,PT17,2,0.7663
2015,NUTS,2010,PT17,2,0.7815
2016,NUTS,2010,PT17,2,0.7974
2017,NUTS,2010,PT17,2,0.8345
2018,NUTS,2010,PT17,2,0.8569
2019,NUTS,2010,PT17,2,0.8335
2020,NUTS,2010,PT17,2,0.8304
2011,NUTS,2010,PT18,2,0.1804
2012,NUTS,2010,PT18,2,0.1833
2013,NUTS,2010,PT18,2,0.1635
2014,NUTS,2010,PT18,2,0.1566
2015,NUTS,2010,PT18,2,0.1749
2016,NUTS,2010,PT18,2,0.1899
2017,NUTS,2010,PT18,2,0.1997
2018,NUTS,2010,PT18,2,0.2011
2019,NUTS,2010,PT18,2,0.203
2020,NUTS,2010,PT18,2,0.1927
2011,NUTS,2010,PT2,1,0.1909
2012,NUTS,2010,PT2,1,0.1548
2013,NUTS,2010,PT2,1,0.1782
2014,NUTS,2010,PT2,1,0.1742
2015,NUTS,2010,PT2,1,0.1483
2016,NUTS,2010,PT2,1,0.1478
2017,NUTS,2010,PT2,1,0.1609
2018,NUTS,2010,PT2,1,0.1609
2019,NUTS,2010,PT2,1,0.1489
2020,NUTS,2010,PT2,1,0.1408
2011,NUTS,2010,PT20,2,0.1909
2012,NUTS,2010,PT20,2,0.1548
2013,NUTS,2010,PT20,2,0.1782
2014,NUTS,2010,PT20,2,0.1742
2015,NUTS,2010,PT20,2,0.1483
2016,NUTS,2010,PT20,2,0.1478
2017,NUTS,2010,PT20,2,0.1609
2018,NUTS,2010,PT20,2,0.1609
2019,NUTS,2010,PT20,2,0.1489
2020,NUTS,2010,PT20,2,0.1408
2011,NUTS,2010,PT3,1,0.0929
2012,NUTS,2010,PT3,1,0.0972
2013,NUTS,2010,PT3,1,0.1258
2014,NUTS,2010,PT3,1,0.1341
2015,NUTS,2010,PT3,1,0.1363
2016,NUTS,2010,PT3,1,0.143
2017,NUTS,2010,PT3,1,0.146
2018,NUTS,2010,PT3,1,0.1591
2019,NUTS,2010,PT3,1,0.1367
2020,NUTS,2010,PT3,1,0.1347
2011,NUTS,2010,PT30,2,0.0929
2012,NUTS,2010,PT30,2,0.0972
2013,NUTS,2010,PT30,2,0.1258
2014,NUTS,2010,PT30,2,0.1341
2015,NUTS,2010,PT30,2,0.1363
2016,NUTS,2010,PT30,2,0.143
2017,NUTS,2010,PT30,2,0.146
2018,NUTS,2010,PT30,2,0.1591
2019,NUTS,2010,PT30,2,0.1367
2020,NUTS,2010,PT30,2,0.1347
2011,NUTS,2010,RO,0,0.0837
2012,NUTS,2010,RO,0,0.0837
2013,NUTS,2010,RO,0,0.0835
2014,NUTS,2010,RO,0,0.0802
2015,NUTS,2010,RO,0,0.0806
2016,NUTS,2010,RO,0,0.0791
2017,NUTS,2010,RO,0,0.0792
2018,NUTS,2010,RO,0,0.0723
2019,NUTS,2010,RO,0,0.0714
2020,NUTS,2010,RO,0,0.0788
2011,NUTS,2010,RO1,1,0.0853
2012,NUTS,2010,RO1,1,0.0783
2013,NUTS,2010,RO1,1,0.0709
2014,NUTS,2010,RO1,1,0.0706
2015,NUTS,2010,RO1,1,0.0634
2016,NUTS,2010,RO1,1,0.0634
2017,NUTS,2010,RO1,1,0.0617
2018,NUTS,2010,RO1,1,0.0683
2019,NUTS,2010,RO1,1,0.0719
2011,NUTS,2010,RO11,2,0.0747
2012,NUTS,2010,RO11,2,0.0509
2013,NUTS,2010,RO11,2,0.0482
2014,NUTS,2010,RO11,2,0.0639
2015,NUTS,2010,RO11,2,0.0503
2016,NUTS,2010,RO11,2,0.0495
2017,NUTS,2010,RO11,2,0.0461
2018,NUTS,2010,RO11,2,0.0459
2019,NUTS,2010,RO11,2,0.0537
2011,NUTS,2010,RO12,2,0.0982
2012,NUTS,2010,RO12,2,0.1127
2013,NUTS,2010,RO12,2,0.0991
2014,NUTS,2010,RO12,2,0.0791
2015,NUTS,2010,RO12,2,0.0797
2016,NUTS,2010,RO12,2,0.0806
2017,NUTS,2010,RO12,2,0.0811
2018,NUTS,2010,RO12,2,0.0972
2019,NUTS,2010,RO12,2,0.0945
2011,NUTS,2010,RO2,1,0.0406
2012,NUTS,2010,RO2,1,0.0449
2013,NUTS,2010,RO2,1,0.0452
2014,NUTS,2010,RO2,1,0.0469
2015,NUTS,2010,RO2,1,0.0468
2016,NUTS,2010,RO2,1,0.0468
2017,NUTS,2010,RO2,1,0.0482
2018,NUTS,2010,RO2,1,0.0454
2019,NUTS,2010,RO2,1,0.045
2011,NUTS,2010,RO21,2,0.0522
2012,NUTS,2010,RO21,2,0.059
2013,NUTS,2010,RO21,2,0.0609
2014,NUTS,2010,RO21,2,0.0649
2015,NUTS,2010,RO21,2,0.0636
2016,NUTS,2010,RO21,2,0.0584
2017,NUTS,2010,RO21,2,0.0568
2018,NUTS,2010,RO21,2,0.0489
2019,NUTS,2010,RO21,2,0.052
2011,NUTS,2010,RO22,2,0.0237
2012,NUTS,2010,RO22,2,0.0245
2013,NUTS,2010,RO22,2,0.0217
2014,NUTS,2010,RO22,2,0.0194
2015,NUTS,2010,RO22,2,0.0207
2016,NUTS,2010,RO22,2,0.0288
2017,NUTS,2010,RO22,2,0.0346
2018,NUTS,2010,RO22,2,0.0398
2019,NUTS,2010,RO22,2,0.0337
2011,NUTS,2010,RO3,1,0.0576
2012,NUTS,2010,RO3,1,0.0639
2013,NUTS,2010,RO3,1,0.0657
2014,NUTS,2010,RO3,1,0.0656
2015,NUTS,2010,RO3,1,0.0848
2016,NUTS,2010,RO3,1,0.0887
2017,NUTS,2010,RO3,1,0.091
2018,NUTS,2010,RO3,1,0.0947
2019,NUTS,2010,RO3,1,0.0926
2011,NUTS,2010,RO31,2,0.014
2012,NUTS,2010,RO31,2,0.0145
2013,NUTS,2010,RO31,2,0.0139
2014,NUTS,2010,RO31,2,0.0127
2015,NUTS,2010,RO31,2,0.0138
2016,NUTS,2010,RO31,2,0.0143
2017,NUTS,2010,RO31,2,0.01
2018,NUTS,2010,RO31,2,0.011
2019,NUTS,2010,RO31,2,0.0115
2011,NUTS,2010,RO32,2,0.1109
2012,NUTS,2010,RO32,2,0.1257
2013,NUTS,2010,RO32,2,0.132
2014,NUTS,2010,RO32,2,0.1325
2015,NUTS,2010,RO32,2,0.1726
2016,NUTS,2010,RO32,2,0.1767
2017,NUTS,2010,RO32,2,0.186
2018,NUTS,2010,RO32,2,0.1911
2019,NUTS,2010,RO32,2,0.1849
2011,NUTS,2010,RO4,1,0.1199
2012,NUTS,2010,RO4,1,0.1132
2013,NUTS,2010,RO4,1,0.1205
2014,NUTS,2010,RO4,1,0.105
2015,NUTS,2010,RO4,1,0.0982
2016,NUTS,2010,RO4,1,0.0894
2017,NUTS,2010,RO4,1,0.0848
2018,NUTS,2010,RO4,1,0.0428
2019,NUTS,2010,RO4,1,0.0399
2011,NUTS,2010,RO41,2,0.1018
2012,NUTS,2010,RO41,2,0.0996
2013,NUTS,2010,RO41,2,0.1008
2014,NUTS,2010,RO41,2,0.0693
2015,NUTS,2010,RO41,2,0.0747
2016,NUTS,2010,RO41,2,0.0774
2017,NUTS,2010,RO41,2,0.0732
2018,NUTS,2010,RO41,2,0.0175
2019,NUTS,2010,RO41,2,0.0181
2011,NUTS,2010,RO42,2,0.1426
2012,NUTS,2010,RO42,2,0.1303
2013,NUTS,2010,RO42,2,0.1442
2014,NUTS,2010,RO42,2,0.1485
2015,NUTS,2010,RO42,2,0.1256
2016,NUTS,2010,RO42,2,0.1034
2017,NUTS,2010,RO42,2,0.0989
2018,NUTS,2010,RO42,2,0.0737
2019,NUTS,2010,RO42,2,0.0656
2011,NUTS,2010,RS,0,0.2908
2012,NUTS,2010,RS,0,0.2828
2013,NUTS,2010,RS,0,0.2949
2014,NUTS,2010,RS,0,0.2896
2015,NUTS,2010,RS,0,0.3423
2016,NUTS,2010,RS,0,0.3321
2017,NUTS,2010,RS,0,0.3307
2018,NUTS,2010,RS,0,0.3379
2019,NUTS,2010,RS,0,0.3292
2020,NUTS,2010,RS,0,0.3418
2018,NUTS,2010,RS1,1,0.466
2019,NUTS,2010,RS1,1,0.4544
2020,NUTS,2010,RS1,1,0.4758
2018,NUTS,2010,RS11,2,0.6045
2019,NUTS,2010,RS11,2,0.6022
2020,NUTS,2010,RS11,2,0.6197
2018,NUTS,2010,RS12,2,0.3331
2019,NUTS,2010,RS12,2,0.3132
2020,NUTS,2010,RS12,2,0.3371
2018,NUTS,2010,RS2,1,0.1626
2019,NUTS,2010,RS2,1,0.1518
2020,NUTS,2010,RS2,1,0.1514
2018,NUTS,2010,RS21,2,0.1115
2019,NUTS,2010,RS21,2,0.095
2020,NUTS,2010,RS21,2,0.1016
2018,NUTS,2010,RS22,2,0.2334
2019,NUTS,2010,RS22,2,0.2299
2020,NUTS,2010,RS22,2,0.2214
2011,NUTS,2010,RU,0,0.1187
2012,NUTS,2010,RU,0,0.1153
2011,NUTS,2010,SE,0,0.3532
2012,NUTS,2010,SE,0,0.3404
2013,NUTS,2010,SE,0,0.3742
2014,NUTS,2010,SE,0,0.3956
2015,NUTS,2010,SE,0,0.3644
2016,NUTS,2010,SE,0,0.3903
2017,NUTS,2010,SE,0,0.3404
2018,NUTS,2010,SE,0,0.3205
2019,NUTS,2010,SE,0,0.3653
2020,NUTS,2010,SE,0,0.3525
2011,NUTS,2010,SE1,1,0.4449
2013,NUTS,2010,SE1,1,0.4261
2015,NUTS,2010,SE1,1,0.4186
2017,NUTS,2010,SE1,1,0.3965
2019,NUTS,2010,SE1,1,0.4134
2011,NUTS,2010,SE11,2,0.4078
2013,NUTS,2010,SE11,2,0.3936
2015,NUTS,2010,SE11,2,0.392
2017,NUTS,2010,SE11,2,0.3786
2019,NUTS,2010,SE11,2,0.374
2011,NUTS,2010,SE12,2,0.4985
2013,NUTS,2010,SE12,2,0.4739
2015,NUTS,2010,SE12,2,0.4583
2017,NUTS,2010,SE12,2,0.4234
2019,NUTS,2010,SE12,2,0.4731
2011,NUTS,2010,SE2,1,0.2746
2013,NUTS,2010,SE2,1,0.2619
2015,NUTS,2010,SE2,1,0.2561
2017,NUTS,2010,SE2,1,0.249
2019,NUTS,2010,SE2,1,0.2835
2011,NUTS,2010,SE21,2,0.1099
2013,NUTS,2010,SE21,2,0.0995
2015,NUTS,2010,SE21,2,0.1043
2017,NUTS,2010,SE21,2,0.1079
2019,NUTS,2010,SE21,2,0.1276
2011,NUTS,2010,SE22,2,0.3483
2013,NUTS,2010,SE22,2,0.3387
2015,NUTS,2010,SE22,2,0.3167
2017,NUTS,2010,SE22,2,0.2957
2019,NUTS,2010,SE22,2,0.3556
2011,NUTS,2010,SE23,2,0.2903
2013,NUTS,2010,SE23,2,0.2731
2015,NUTS,2010,SE23,2,0.275
2017,NUTS,2010,SE23,2,0.2736
2019,NUTS,2010,SE23,2,0.2964
2011,NUTS,2010,SE3,1,0.27
2013,NUTS,2010,SE3,1,0.2336
2015,NUTS,2010,SE3,1,0.2572
2017,NUTS,2010,SE3,1,0.2248
2019,NUTS,2010,SE3,1,0.2464
2011,NUTS,2010,SE31,2,0.1063
2013,NUTS,2010,SE31,2,0.0904
2015,NUTS,2010,SE31,2,0.1012
2017,NUTS,2010,SE31,2,0.1059
2019,NUTS,2010,SE31,2,0.103
2011,NUTS,2010,SE32,2,0.1198
2013,NUTS,2010,SE32,2,0.0974
2015,NUTS,2010,SE32,2,0.0852
2017,NUTS,2010,SE32,2,0.0901
2019,NUTS,2010,SE32,2,0.0964
2011,NUTS,2010,SE33,2,0.6416
2013,NUTS,2010,SE33,2,0.5634
2015,NUTS,2010,SE33,2,0.6241
2017,NUTS,2010,SE33,2,0.5081
2019,NUTS,2010,SE33,2,0.5967
2011,NUTS,2010,SI,0,0.2458
2012,NUTS,2010,SI,0,0.2427
2013,NUTS,2010,SI,0,0.2241
2014,NUTS,2010,SI,0,0.2218
2015,NUTS,2010,SI,0,0.2103
2016,NUTS,2010,SI,0,0.2003
2017,NUTS,2010,SI,0,0.2014
2018,NUTS,2010,SI,0,0.2091
2019,NUTS,2010,SI,0,0.2261
2020,NUTS,2010,SI,0,0.2163
2011,NUTS,2010,SI0,1,0.2385
2012,NUTS,2010,SI0,1,0.2366
2013,NUTS,2010,SI0,1,0.2184
2014,NUTS,2010,SI0,1,0.2148
2015,NUTS,2010,SI0,1,0.2053
2016,NUTS,2010,SI0,1,0.1962
2017,NUTS,2010,SI0,1,0.1968
2018,NUTS,2010,SI0,1,0.2036
2019,NUTS,2010,SI0,1,0.2214
2013,NUTS,2010,SI03,2,0.085
2014,NUTS,2010,SI03,2,0.0833
2015,NUTS,2010,SI03,2,0.0729
2016,NUTS,2010,SI03,2,0.0614
2017,NUTS,2010,SI03,2,0.0566
2018,NUTS,2010,SI03,2,0.0617
2019,NUTS,2010,SI03,2,0.072
2013,NUTS,2010,SI04,2,0.3688
2014,NUTS,2010,SI04,2,0.3653
2015,NUTS,2010,SI04,2,0.3541
2016,NUTS,2010,SI04,2,0.3457
2017,NUTS,2010,SI04,2,0.3528
2018,NUTS,2010,SI04,2,0.3594
2019,NUTS,2010,SI04,2,0.3842
2011,NUTS,2010,SK,0,0.3773
2012,NUTS,2010,SK,0,0.3534
2013,NUTS,2010,SK,0,0.3466
2014,NUTS,2010,SK,0,0.3222
2015,NUTS,2010,SK,0,0.3044
2016,NUTS,2010,SK,0,0.2897
2017,NUTS,2010,SK,0,0.312
2018,NUTS,2010,SK,0,0.3327
2019,NUTS,2010,SK,0,0.3477
2020,NUTS,2010,SK,0,0.3599
2011,NUTS,2010,SK01,2,1.6787
2012,NUTS,2010,SK01,2,1.4847
2013,NUTS,2010,SK01,2,1.3269
2014,NUTS,2010,SK01,2,1.2475
2015,NUTS,2010,SK01,2,1.1457
2016,NUTS,2010,SK01,2,1.0465
2017,NUTS,2010,SK01,2,1.0971
2018,NUTS,2010,SK01,2,1.1975
2019,NUTS,2010,SK01,2,1.2225
2020,NUTS,2010,SK01,2,1.292
2011,NUTS,2010,SK02,2,0.1657
2012,NUTS,2010,SK02,2,0.1618
2013,NUTS,2010,SK02,2,0.2024
2014,NUTS,2010,SK02,2,0.1661
2015,NUTS,2010,SK02,2,0.1573
2016,NUTS,2010,SK02,2,0.1453
2017,NUTS,2010,SK02,2,0.1752
2018,NUTS,2010,SK02,2,0.1695
2019,NUTS,2010,SK02,2,0.1732
2020,NUTS,2010,SK02,2,0.1854
2011,NUTS,2010,SK03,2,0.212
2012,NUTS,2010,SK03,2,0.2011
2013,NUTS,2010,SK03,2,0.1901
2014,NUTS,2010,SK03,2,0.1971
2015,NUTS,2010,SK03,2,0.1853
2016,NUTS,2010,SK03,2,0.2019
2017,NUTS,2010,SK03,2,0.2
2018,NUTS,2010,SK03,2,0.2111
2019,NUTS,2010,SK03,2,0.2319
2020,NUTS,2010,SK03,2,0.225
2011,NUTS,2010,SK04,2,0.2379
2012,NUTS,2010,SK04,2,0.2493
2013,NUTS,2010,SK04,2,0.258
2014,NUTS,2010,SK04,2,0.2438
2015,NUTS,2010,SK04,2,0.2441
2016,NUTS,2010,SK04,2,0.2219
2017,NUTS,2010,SK04,2,0.2408
2018,NUTS,2010,SK04,2,0.2591
2019,NUTS,2010,SK04,2,0.269
2020,NUTS,2010,SK04,2,0.2732
2011,NUTS,2010,TR,0,0.1383
2012,NUTS,2010,TR,0,0.1547
2013,NUTS,2010,TR,0,0.156
2014,NUTS,2010,TR,0,0.1469
2015,NUTS,2010,TR,0,0.1498
2016,NUTS,2010,TR,0,0.1378
2017,NUTS,2010,TR,0,0.1394
2018,NUTS,2010,TR,0,0.141
2019,NUTS,2010,TR,0,0.1455
2020,NUTS,2010,TR,0,0.1547
2011,NUTS,2010,UK,0,0.4869
2012,NUTS,2010,UK,0,0.4934
2013,NUTS,2010,UK,0,0.5057
2014,NUTS,2010,UK,0,0.5196
2015,NUTS,2010,UK,0,0.5275
2016,NUTS,2010,UK,0,0.5231
2017,NUTS,2010,UK,0,0.5307
2018,NUTS,2010,UK,0,0.5287
2019,NUTS,2010,UK,0,0.5292
2011,NUTS,2010,UKC,1,0.4842
2012,NUTS,2010,UKC,1,0.4845
2013,NUTS,2010,UKC,1,0.5059
2014,NUTS,2010,UKC,1,0.5178
2015,NUTS,2010,UKC,1,0.5257
2016,NUTS,2010,UKC,1,0.524
2017,NUTS,2010,UKC,1,0.5367
2018,NUTS,2010,UKC,1,0.5505
2011,NUTS,2010,UKC1,2,0.3981
2012,NUTS,2010,UKC1,2,0.3969
2013,NUTS,2010,UKC1,2,0.4156
2014,NUTS,2010,UKC1,2,0.4185
2015,NUTS,2010,UKC1,2,0.4251
2016,NUTS,2010,UKC1,2,0.4146
2017,NUTS,2010,UKC1,2,0.4156
2018,NUTS,2010,UKC1,2,0.4266
2011,NUTS,2010,UKC2,2,0.5547
2012,NUTS,2010,UKC2,2,0.553
2013,NUTS,2010,UKC2,2,0.5763
2014,NUTS,2010,UKC2,2,0.5961
2015,NUTS,2010,UKC2,2,0.6054
2016,NUTS,2010,UKC2,2,0.6097
2017,NUTS,2010,UKC2,2,0.6333
2018,NUTS,2010,UKC2,2,0.6527
2011,NUTS,2010,UKD,1,0.3739
2012,NUTS,2010,UKD,1,0.3872
2013,NUTS,2010,UKD,1,0.4053
2014,NUTS,2010,UKD,1,0.4199
2015,NUTS,2010,UKD,1,0.4297
2016,NUTS,2010,UKD,1,0.4372
2017,NUTS,2010,UKD,1,0.4514
2018,NUTS,2010,UKD,1,0.4502
2011,NUTS,2010,UKD1,2,0.045
2012,NUTS,2010,UKD1,2,0.0449
2013,NUTS,2010,UKD1,2,0.0437
2014,NUTS,2010,UKD1,2,0.0497
2015,NUTS,2010,UKD1,2,0.0518
2016,NUTS,2010,UKD1,2,0.0556
2017,NUTS,2010,UKD1,2,0.0521
2018,NUTS,2010,UKD1,2,0.0493
2011,NUTS,2010,UKD3,2,0.1667
2012,NUTS,2010,UKD3,2,0.559
2013,NUTS,2010,UKD3,2,0.564
2014,NUTS,2010,UKD3,2,0.5742
2015,NUTS,2010,UKD3,2,0.5823
2016,NUTS,2010,UKD3,2,0.5761
2017,NUTS,2010,UKD3,2,0.5886
2018,NUTS,2010,UKD3,2,0.5914
2011,NUTS,2010,UKD4,2,0.0347
2012,NUTS,2010,UKD4,2,0.338
2013,NUTS,2010,UKD4,2,0.3721
2014,NUTS,2010,UKD4,2,0.3845
2015,NUTS,2010,UKD4,2,0.3937
2016,NUTS,2010,UKD4,2,0.3927
2017,NUTS,2010,UKD4,2,0.4096
2018,NUTS,2010,UKD4,2,0.4187
2011,NUTS,2010,UKD6,2,1.6009
2012,NUTS,2010,UKD6,2,0.0643
2013,NUTS,2010,UKD6,2,0.0736
2014,NUTS,2010,UKD6,2,0.0685
2015,NUTS,2010,UKD6,2,0.0849
2016,NUTS,2010,UKD6,2,0.0884
2017,NUTS,2010,UKD6,2,0.0887
2018,NUTS,2010,UKD6,2,0.0929
2011,NUTS,2010,UKD7,2,0.4333
2012,NUTS,2010,UKD7,2,0.4425
2013,NUTS,2010,UKD7,2,0.4782
2014,NUTS,2010,UKD7,2,0.5157
2015,NUTS,2010,UKD7,2,0.5255
2016,NUTS,2010,UKD7,2,0.5625
2017,NUTS,2010,UKD7,2,0.5997
2018,NUTS,2010,UKD7,2,0.5722
2011,NUTS,2010,UKE,1,0.4547
2012,NUTS,2010,UKE,1,0.4624
2013,NUTS,2010,UKE,1,0.4816
2014,NUTS,2010,UKE,1,0.511
2015,NUTS,2010,UKE,1,0.5442
2016,NUTS,2010,UKE,1,0.5241
2017,NUTS,2010,UKE,1,0.538
2018,NUTS,2010,UKE,1,0.5334
2011,NUTS,2010,UKE1,2,0.1966
2012,NUTS,2010,UKE1,2,0.2172
2013,NUTS,2010,UKE1,2,0.2168
2014,NUTS,2010,UKE1,2,0.2234
2015,NUTS,2010,UKE1,2,0.2254
2016,NUTS,2010,UKE1,2,0.2079
2017,NUTS,2010,UKE1,2,0.1955
2018,NUTS,2010,UKE1,2,0.162
2011,NUTS,2010,UKE2,2,0.4494
2012,NUTS,2010,UKE2,2,0.4575
2013,NUTS,2010,UKE2,2,0.4959
2014,NUTS,2010,UKE2,2,0.5234
2015,NUTS,2010,UKE2,2,0.5225
2016,NUTS,2010,UKE2,2,0.5262
2017,NUTS,2010,UKE2,2,0.538
2018,NUTS,2010,UKE2,2,0.5614
2011,NUTS,2010,UKE3,2,0.6323
2012,NUTS,2010,UKE3,2,0.6418
2013,NUTS,2010,UKE3,2,0.6617
2014,NUTS,2010,UKE3,2,0.6834
2015,NUTS,2010,UKE3,2,0.7634
2016,NUTS,2010,UKE3,2,0.74
2017,NUTS,2010,UKE3,2,0.7501
2018,NUTS,2010,UKE3,2,0.7357
2011,NUTS,2010,UKE4,2,0.4613
2012,NUTS,2010,UKE4,2,0.4556
2013,NUTS,2010,UKE4,2,0.4738
2014,NUTS,2010,UKE4,2,0.5163
2015,NUTS,2010,UKE4,2,0.5522
2016,NUTS,2010,UKE4,2,0.5241
2017,NUTS,2010,UKE4,2,0.5461
2018,NUTS,2010,UKE4,2,0.5473
2011,NUTS,2010,UKF,1,0.4103
2012,NUTS,2010,UKF,1,0.4275
2013,NUTS,2010,UKF,1,0.4344
2014,NUTS,2010,UKF,1,0.4391
2015,NUTS,2010,UKF,1,0.4493
2016,NUTS,2010,UKF,1,0.4302
2017,NUTS,2010,UKF,1,0.4412
2018,NUTS,2010,UKF,1,0.4244
2011,NUTS,2010,UKF1,2,0.4745
2012,NUTS,2010,UKF1,2,0.4892
2013,NUTS,2010,UKF1,2,0.5171
2014,NUTS,2010,UKF1,2,0.5272
2015,NUTS,2010,UKF1,2,0.5211
2016,NUTS,2010,UKF1,2,0.5098
2017,NUTS,2010,UKF1,2,0.5342
2018,NUTS,2010,UKF1,2,0.4963
2011,NUTS,2010,UKF2,2,0.4657
2012,NUTS,2010,UKF2,2,0.4717
2013,NUTS,2010,UKF2,2,0.4626
2014,NUTS,2010,UKF2,2,0.466
2015,NUTS,2010,UKF2,2,0.4778
2016,NUTS,2010,UKF2,2,0.445
2017,NUTS,2010,UKF2,2,0.4428
2018,NUTS,2010,UKF2,2,0.4438
2011,NUTS,2010,UKF3,2,0.0891
2012,NUTS,2010,UKF3,2,0.1221
2013,NUTS,2010,UKF3,2,0.1296
2014,NUTS,2010,UKF3,2,0.1352
2015,NUTS,2010,UKF3,2,0.1554
2016,NUTS,2010,UKF3,2,0.1465
2017,NUTS,2010,UKF3,2,0.1591
2018,NUTS,2010,UKF3,2,0.1599
2011,NUTS,2010,UKG,1,0.3145
2012,NUTS,2010,UKG,1,0.3169
2013,NUTS,2010,UKG,1,0.3156
2014,NUTS,2010,UKG,1,0.3443
2015,NUTS,2010,UKG,1,0.3562
2016,NUTS,2010,UKG,1,0.348
2017,NUTS,2010,UKG,1,0.3687
2018,NUTS,2010,UKG,1,0.3718
2011,NUTS,2010,UKG1,2,0.0216
2012,NUTS,2010,UKG1,2,0.0235
2013,NUTS,2010,UKG1,2,0.0243
2014,NUTS,2010,UKG1,2,0.0248
2015,NUTS,2010,UKG1,2,0.0281
2016,NUTS,2010,UKG1,2,0.0284
2017,NUTS,2010,UKG1,2,0.0287
2018,NUTS,2010,UKG1,2,0.029
2011,NUTS,2010,UKG2,2,0.0871
2012,NUTS,2010,UKG2,2,0.0872
2013,NUTS,2010,UKG2,2,0.0951
2014,NUTS,2010,UKG2,2,0.1149
2015,NUTS,2010,UKG2,2,0.1132
2016,NUTS,2010,UKG2,2,0.1108
2017,NUTS,2010,UKG2,2,0.1085
2018,NUTS,2010,UKG2,2,0.0981
2011,NUTS,2010,UKG3,2,0.6081
2012,NUTS,2010,UKG3,2,0.6113
2013,NUTS,2010,UKG3,2,0.6025
2014,NUTS,2010,UKG3,2,0.6492
2015,NUTS,2010,UKG3,2,0.6816
2016,NUTS,2010,UKG3,2,0.6597
2017,NUTS,2010,UKG3,2,0.6996
2018,NUTS,2010,UKG3,2,0.705
2011,NUTS,2010,UKH,1,0.4359
2012,NUTS,2010,UKH,1,0.445
2013,NUTS,2010,UKH,1,0.4585
2014,NUTS,2010,UKH,1,0.4606
2015,NUTS,2010,UKH,1,0.4643
2016,NUTS,2010,UKH,1,0.462
2017,NUTS,2010,UKH,1,0.4754
2018,NUTS,2010,UKH,1,0.4584
2011,NUTS,2010,UKH1,2,0.7847
2012,NUTS,2010,UKH1,2,0.8088
2013,NUTS,2010,UKH1,2,0.8576
2014,NUTS,2010,UKH1,2,0.8363
2015,NUTS,2010,UKH1,2,0.855
2016,NUTS,2010,UKH1,2,0.8523
2017,NUTS,2010,UKH1,2,0.8892
2018,NUTS,2010,UKH1,2,0.8504
2011,NUTS,2010,UKH2,2,0.2348
2012,NUTS,2010,UKH2,2,0.2353
2013,NUTS,2010,UKH2,2,0.2228
2014,NUTS,2010,UKH2,2,0.2291
2015,NUTS,2010,UKH2,2,0.2286
2016,NUTS,2010,UKH2,2,0.2283
2017,NUTS,2010,UKH2,2,0.2336
2018,NUTS,2010,UKH2,2,0.2252
2011,NUTS,2010,UKH3,2,0.1568
2012,NUTS,2010,UKH3,2,0.157
2013,NUTS,2010,UKH3,2,0.1566
2014,NUTS,2010,UKH3,2,0.1637
2015,NUTS,2010,UKH3,2,0.1662
2016,NUTS,2010,UKH3,2,0.1579
2017,NUTS,2010,UKH3,2,0.1664
2018,NUTS,2010,UKH3,2,0.1643
2011,NUTS,2010,UKI,1,0.7129
2012,NUTS,2010,UKI,1,0.7118
2013,NUTS,2010,UKI,1,0.7174
2014,NUTS,2010,UKI,1,0.7095
2015,NUTS,2010,UKI,1,0.7063
2016,NUTS,2010,UKI,1,0.6937
2017,NUTS,2010,UKI,1,0.688
2018,NUTS,2010,UKI,1,0.6809
2011,NUTS,2010,UKI3,2,4.0482
2012,NUTS,2010,UKI3,2,3.9425
2013,NUTS,2010,UKI3,2,4.0959
2014,NUTS,2010,UKI3,2,3.9126
2015,NUTS,2010,UKI3,2,3.9879
2016,NUTS,2010,UKI3,2,3.8458
2017,NUTS,2010,UKI3,2,4.0389
2018,NUTS,2010,UKI3,2,3.9212
2011,NUTS,2010,UKI4,2,0.3538
2012,NUTS,2010,UKI4,2,0.3521
2013,NUTS,2010,UKI4,2,0.3467
2014,NUTS,2010,UKI4,2,0.3358
2015,NUTS,2010,UKI4,2,0.3235
2016,NUTS,2010,UKI4,2,0.3192
2017,NUTS,2010,UKI4,2,0.3134
2018,NUTS,2010,UKI4,2,0.3103
2011,NUTS,2010,UKI5,2,0.0756
2012,NUTS,2010,UKI5,2,0.0763
2013,NUTS,2010,UKI5,2,0.0748
2014,NUTS,2010,UKI5,2,0.0733
2015,NUTS,2010,UKI5,2,0.0648
2016,NUTS,2010,UKI5,2,0.0612
2017,NUTS,2010,UKI5,2,0.0604
2018,NUTS,2010,UKI5,2,0.0556
2011,NUTS,2010,UKI6,2,0.0806
2012,NUTS,2010,UKI6,2,0.0776
2013,NUTS,2010,UKI6,2,0.0735
2014,NUTS,2010,UKI6,2,0.0767
2015,NUTS,2010,UKI6,2,0.0815
2016,NUTS,2010,UKI6,2,0.0878
2017,NUTS,2010,UKI6,2,0.0866
2018,NUTS,2010,UKI6,2,0.0852
2011,NUTS,2010,UKI7,2,0.1981
2012,NUTS,2010,UKI7,2,0.1869
2013,NUTS,2010,UKI7,2,0.2027
2014,NUTS,2010,UKI7,2,0.1985
2015,NUTS,2010,UKI7,2,0.1941
2016,NUTS,2010,UKI7,2,0.1848
2017,NUTS,2010,UKI7,2,0.1846
2018,NUTS,2010,UKI7,2,0.1783
2011,NUTS,2010,UKJ,1,0.4906
2012,NUTS,2010,UKJ,1,0.4951
2013,NUTS,2010,UKJ,1,0.5045
2014,NUTS,2010,UKJ,1,0.5308
2015,NUTS,2010,UKJ,1,0.5369
2016,NUTS,2010,UKJ,1,0.5312
2017,NUTS,2010,UKJ,1,0.5162
2018,NUTS,2010,UKJ,1,0.5204
2011,NUTS,2010,UKJ1,2,0.9325
2012,NUTS,2010,UKJ1,2,0.9418
2013,NUTS,2010,UKJ1,2,0.9763
2014,NUTS,2010,UKJ1,2,1.0366
2015,NUTS,2010,UKJ1,2,1.0523
2016,NUTS,2010,UKJ1,2,1.05
2017,NUTS,2010,UKJ1,2,1.0103
2018,NUTS,2010,UKJ1,2,1.0218
2011,NUTS,2010,UKJ2,2,0.3123
2012,NUTS,2010,UKJ2,2,0.3021
2013,NUTS,2010,UKJ2,2,0.305
2014,NUTS,2010,UKJ2,2,0.3133
2015,NUTS,2010,UKJ2,2,0.3101
2016,NUTS,2010,UKJ2,2,0.2941
2017,NUTS,2010,UKJ2,2,0.293
2018,NUTS,2010,UKJ2,2,0.3068
2011,NUTS,2010,UKJ3,2,0.4912
2012,NUTS,2010,UKJ3,2,0.4917
2013,NUTS,2010,UKJ3,2,0.4732
2014,NUTS,2010,UKJ3,2,0.4916
2015,NUTS,2010,UKJ3,2,0.5068
2016,NUTS,2010,UKJ3,2,0.5028
2017,NUTS,2010,UKJ3,2,0.4834
2018,NUTS,2010,UKJ3,2,0.4643
2011,NUTS,2010,UKJ4,2,0.1494
2012,NUTS,2010,UKJ4,2,0.1668
2013,NUTS,2010,UKJ4,2,0.1942
2014,NUTS,2010,UKJ4,2,0.202
2015,NUTS,2010,UKJ4,2,0.2051
2016,NUTS,2010,UKJ4,2,0.2155
2017,NUTS,2010,UKJ4,2,0.2172
2018,NUTS,2010,UKJ4,2,0.2133
2011,NUTS,2010,UKK,1,0.3396
2012,NUTS,2010,UKK,1,0.3426
2013,NUTS,2010,UKK,1,0.3438
2014,NUTS,2010,UKK,1,0.3481
2015,NUTS,2010,UKK,1,0.348
2016,NUTS,2010,UKK,1,0.3499
2017,NUTS,2010,UKK,1,0.3587
2018,NUTS,2010,UKK,1,0.3608
2011,NUTS,2010,UKK1,2,0.4615
2012,NUTS,2010,UKK1,2,0.4616
2013,NUTS,2010,UKK1,2,0.4604
2014,NUTS,2010,UKK1,2,0.4683
2015,NUTS,2010,UKK1,2,0.4715
2016,NUTS,2010,UKK1,2,0.4636
2017,NUTS,2010,UKK1,2,0.469
2018,NUTS,2010,UKK1,2,0.4648
2011,NUTS,2010,UKK2,2,0.0633
2012,NUTS,2010,UKK2,2,0.0757
2013,NUTS,2010,UKK2,2,0.0801
2014,NUTS,2010,UKK2,2,0.0908
2015,NUTS,2010,UKK2,2,0.0916
2016,NUTS,2010,UKK2,2,0.0997
2017,NUTS,2010,UKK2,2,0.0943
2018,NUTS,2010,UKK2,2,0.0935
2011,NUTS,2010,UKK3,2,0.0313
2012,NUTS,2010,UKK3,2,0.0304
2013,NUTS,2010,UKK3,2,0.0305
2014,NUTS,2010,UKK3,2,0.0289
2015,NUTS,2010,UKK3,2,0.0242
2016,NUTS,2010,UKK3,2,0.0224
2017,NUTS,2010,UKK3,2,0.0299
2018,NUTS,2010,UKK3,2,0.0327
2011,NUTS,2010,UKK4,2,0.5169
2012,NUTS,2010,UKK4,2,0.5153
2013,NUTS,2010,UKK4,2,0.5348
2014,NUTS,2010,UKK4,2,0.5312
2015,NUTS,2010,UKK4,2,0.5118
2016,NUTS,2010,UKK4,2,0.5281
2017,NUTS,2010,UKK4,2,0.5459
2018,NUTS,2010,UKK4,2,0.5666
2011,NUTS,2010,UKL,1,0.4441
2012,NUTS,2010,UKL,1,0.4465
2013,NUTS,2010,UKL,1,0.4406
2014,NUTS,2010,UKL,1,0.4327
2015,NUTS,2010,UKL,1,0.424
2016,NUTS,2010,UKL,1,0.4428
2017,NUTS,2010,UKL,1,0.4562
2018,NUTS,2010,UKL,1,0.4515
2011,NUTS,2010,UKL1,2,0.3507
2012,NUTS,2010,UKL1,2,0.3513
2013,NUTS,2010,UKL1,2,0.3438
2014,NUTS,2010,UKL1,2,0.3524
2015,NUTS,2010,UKL1,2,0.3316
2016,NUTS,2010,UKL1,2,0.3447
2017,NUTS,2010,UKL1,2,0.3682
2018,NUTS,2010,UKL1,2,0.364
2011,NUTS,2010,UKL2,2,0.5957
2012,NUTS,2010,UKL2,2,0.6024
2013,NUTS,2010,UKL2,2,0.595
2014,NUTS,2010,UKL2,2,0.5614
2015,NUTS,2010,UKL2,2,0.5788
2016,NUTS,2010,UKL2,2,0.6101
2017,NUTS,2010,UKL2,2,0.5941
2018,NUTS,2010,UKL2,2,0.5915
2011,NUTS,2010,UKM,1,0.6503
2012,NUTS,2010,UKM,1,0.6557
2013,NUTS,2010,UKM,1,0.6755
2014,NUTS,2010,UKM,1,0.6928
2015,NUTS,2010,UKM,1,0.7
2016,NUTS,2010,UKM,1,0.7068
2017,NUTS,2010,UKM,1,0.7208
2018,NUTS,2010,UKM,1,0.7239
2012,NUTS,2010,UKM2,2,0.9385
2013,NUTS,2010,UKM2,2,0.9576
2014,NUTS,2010,UKM2,2,0.9823
2015,NUTS,2010,UKM2,2,0.9903
2016,NUTS,2010,UKM2,2,1.0088
2012,NUTS,2010,UKM3,2,0.5531
2013,NUTS,2010,UKM3,2,0.5859
2014,NUTS,2010,UKM3,2,0.611
2015,NUTS,2010,UKM3,2,0.6245
2016,NUTS,2010,UKM3,2,0.6266
2012,NUTS,2010,UKM5,2,0.6691
2013,NUTS,2010,UKM5,2,0.6944
2014,NUTS,2010,UKM5,2,0.6815
2015,NUTS,2010,UKM5,2,0.6634
2016,NUTS,2010,UKM5,2,0.6376
2017,NUTS,2010,UKM5,2,0.6541
2018,NUTS,2010,UKM5,2,0.6795
2012,NUTS,2010,UKM6,2,0.0265
2013,NUTS,2010,UKM6,2,0.0334
2014,NUTS,2010,UKM6,2,0.0331
2015,NUTS,2010,UKM6,2,0.0288
2016,NUTS,2010,UKM6,2,0.0435
2017,NUTS,2010,UKM6,2,0.0603
2018,NUTS,2010,UKM6,2,0.0687
2014,NUTS,2010,UKM7,2,1.0433
2015,NUTS,2010,UKM7,2,1.0464
2016,NUTS,2010,UKM7,2,1.0563
2017,NUTS,2010,UKM7,2,0.9308
2018,NUTS,2010,UKM7,2,1.0222
2014,NUTS,2010,UKM8,2,0.9148
2015,NUTS,2010,UKM8,2,0.9015
2016,NUTS,2010,UKM8,2,0.9053
2017,NUTS,2010,UKM8,2,1.1191
2018,NUTS,2010,UKM8,2,0.9454
2014,NUTS,2010,UKM9,2,0.0
2015,NUTS,2010,UKM9,2,0.0
2016,NUTS,2010,UKM9,2,0.0
2017,NUTS,2010,UKM9,2,0.0
2018,NUTS,2010,UKM9,2,0.0
2011,NUTS,2010,UKN,1,0.3365
2012,NUTS,2010,UKN,1,0.32
2013,NUTS,2010,UKN,1,0.321
2014,NUTS,2010,UKN,1,0.3291
2015,NUTS,2010,UKN,1,0.3312
2016,NUTS,2010,UKN,1,0.3314
2017,NUTS,2010,UKN,1,0.3676
2018,NUTS,2010,UKN,1,0.3718
2011,NUTS,2010,UKN0,2,0.3365
2012,NUTS,2010,UKN0,2,0.32
2013,NUTS,2010,UKN0,2,0.321
2014,NUTS,2010,UKN0,2,0.3291
2015,NUTS,2010,UKN0,2,0.3312
2016,NUTS,2010,UKN0,2,0.3314
2017,NUTS,2010,UKN0,2,0.3676
2018,NUTS,2010,UKN0,2,0.3718
