year,region_type,region_year_spec,region_id,region_level,rd_p_persreg_pnp_t_hc_rse
1985,NUTS,2010,AT,0,582.0
1989,NUTS,2010,AT,0,596.0
1993,NUTS,2010,AT,0,147.0
1998,NUTS,2010,AT,0,188.0
2002,NUTS,2010,AT,0,380.0
2004,NUTS,2010,AT,0,337.0
2006,NUTS,2010,AT,0,284.0
2007,NUTS,2010,AT,0,225.0
2009,NUTS,2010,AT,0,475.0
2011,NUTS,2010,AT,0,530.0
2013,NUTS,2010,AT,0,552.0
2015,NUTS,2010,AT,0,621.0
2017,NUTS,2010,AT,0,644.0
2019,NUTS,2010,AT,0,834.0
2007,NUTS,2010,AT1,1,178.0
2009,NUTS,2010,AT1,1,448.0
2011,NUTS,2010,AT1,1,468.0
2013,NUTS,2010,AT1,1,479.0
2015,NUTS,2010,AT1,1,569.0
2017,NUTS,2010,AT1,1,581.0
2019,NUTS,2010,AT1,1,727.0
2007,NUTS,2010,AT11,2,0.0
2009,NUTS,2010,AT11,2,0.0
2011,NUTS,2010,AT11,2,0.0
2013,NUTS,2010,AT11,2,0.0
2015,NUTS,2010,AT11,2,0.0
2017,NUTS,2010,AT11,2,0.0
2002,NUTS,2010,AT12,2,26.0
2004,NUTS,2010,AT12,2,23.0
2006,NUTS,2010,AT12,2,17.0
2007,NUTS,2010,AT12,2,23.0
2009,NUTS,2010,AT12,2,205.0
2011,NUTS,2010,AT12,2,209.0
2013,NUTS,2010,AT12,2,228.0
2015,NUTS,2010,AT12,2,243.0
2017,NUTS,2010,AT12,2,250.0
2002,NUTS,2010,AT13,2,230.0
2004,NUTS,2010,AT13,2,212.0
2006,NUTS,2010,AT13,2,200.0
2007,NUTS,2010,AT13,2,155.0
2009,NUTS,2010,AT13,2,243.0
2011,NUTS,2010,AT13,2,259.0
2013,NUTS,2010,AT13,2,251.0
2015,NUTS,2010,AT13,2,326.0
2017,NUTS,2010,AT13,2,331.0
2019,NUTS,2010,AT13,2,431.0
2006,NUTS,2010,AT2,1,39.0
2019,NUTS,2010,AT2,1,39.0
2006,NUTS,2010,AT21,2,0.0
2011,NUTS,2010,AT21,2,10.0
2002,NUTS,2010,AT22,2,49.0
2004,NUTS,2010,AT22,2,48.0
2006,NUTS,2010,AT22,2,39.0
2009,NUTS,2010,AT22,2,0.0
2002,NUTS,2010,AT3,1,62.0
2004,NUTS,2010,AT3,1,54.0
2007,NUTS,2010,AT3,1,43.0
2019,NUTS,2010,AT3,1,68.0
2002,NUTS,2010,AT31,2,21.0
2004,NUTS,2010,AT31,2,10.0
2006,NUTS,2010,AT31,2,18.0
2009,NUTS,2010,AT31,2,15.0
2011,NUTS,2010,AT31,2,37.0
2013,NUTS,2010,AT31,2,49.0
2015,NUTS,2010,AT31,2,12.0
2017,NUTS,2010,AT31,2,15.0
2019,NUTS,2010,AT31,2,26.0
2006,NUTS,2010,AT32,2,0.0
2009,NUTS,2010,AT32,2,0.0
2015,NUTS,2010,AT32,2,25.0
2017,NUTS,2010,AT32,2,35.0
2019,NUTS,2010,AT32,2,33.0
2002,NUTS,2010,AT33,2,36.0
2004,NUTS,2010,AT33,2,42.0
2006,NUTS,2010,AT33,2,10.0
2013,NUTS,2010,AT33,2,5.0
2019,NUTS,2010,AT33,2,9.0
2007,NUTS,2010,AT34,2,0.0
2009,NUTS,2010,AT34,2,0.0
2011,NUTS,2010,AT34,2,0.0
2013,NUTS,2010,AT34,2,0.0
2019,NUTS,2010,AT34,2,0.0
2002,NUTS,2010,ATZ,1,0.0
2004,NUTS,2010,ATZ,1,0.0
2006,NUTS,2010,ATZ,1,0.0
2007,NUTS,2010,ATZ,1,0.0
2009,NUTS,2010,ATZ,1,0.0
2011,NUTS,2010,ATZ,1,0.0
2013,NUTS,2010,ATZ,1,0.0
2002,NUTS,2010,ATZZ,2,0.0
2004,NUTS,2010,ATZZ,2,0.0
2006,NUTS,2010,ATZZ,2,0.0
2007,NUTS,2010,ATZZ,2,0.0
2009,NUTS,2010,ATZZ,2,0.0
2011,NUTS,2010,ATZZ,2,0.0
2013,NUTS,2010,ATZZ,2,0.0
2012,NUTS,2010,BA,0,3.0
2013,NUTS,2010,BA,0,0.0
2014,NUTS,2010,BA,0,4.0
2019,NUTS,2010,BA,0,0.0
2002,NUTS,2010,BE,0,274.0
2003,NUTS,2010,BE,0,272.0
2004,NUTS,2010,BE,0,269.0
2005,NUTS,2010,BE,0,260.0
2006,NUTS,2010,BE,0,272.0
2007,NUTS,2010,BE,0,281.0
2008,NUTS,2010,BE,0,310.0
2009,NUTS,2010,BE,0,311.0
2010,NUTS,2010,BE,0,322.0
2011,NUTS,2010,BE,0,314.0
2012,NUTS,2010,BE,0,207.0
2013,NUTS,2010,BE,0,212.0
2014,NUTS,2010,BE,0,258.0
2015,NUTS,2010,BE,0,352.0
2016,NUTS,2010,BE,0,556.0
2017,NUTS,2010,BE,0,590.0
2018,NUTS,2010,BE,0,1229.0
2019,NUTS,2010,BE,0,1284.0
2002,NUTS,2010,BE1,1,73.0
2003,NUTS,2010,BE1,1,73.0
2004,NUTS,2010,BE1,1,68.0
2005,NUTS,2010,BE1,1,61.0
2006,NUTS,2010,BE1,1,74.0
2007,NUTS,2010,BE1,1,82.0
2008,NUTS,2010,BE1,1,82.0
2009,NUTS,2010,BE1,1,81.0
2010,NUTS,2010,BE1,1,83.0
2011,NUTS,2010,BE1,1,76.0
2012,NUTS,2010,BE1,1,132.0
2013,NUTS,2010,BE1,1,125.0
2014,NUTS,2010,BE1,1,147.0
2015,NUTS,2010,BE1,1,191.0
2016,NUTS,2010,BE1,1,215.0
2017,NUTS,2010,BE1,1,233.0
2018,NUTS,2010,BE1,1,857.0
2019,NUTS,2010,BE1,1,867.0
2002,NUTS,2010,BE10,2,73.0
2003,NUTS,2010,BE10,2,73.0
2004,NUTS,2010,BE10,2,68.0
2005,NUTS,2010,BE10,2,61.0
2006,NUTS,2010,BE10,2,74.0
2007,NUTS,2010,BE10,2,82.0
2008,NUTS,2010,BE10,2,82.0
2009,NUTS,2010,BE10,2,81.0
2010,NUTS,2010,BE10,2,83.0
2011,NUTS,2010,BE10,2,76.0
2012,NUTS,2010,BE10,2,132.0
2013,NUTS,2010,BE10,2,125.0
2014,NUTS,2010,BE10,2,147.0
2015,NUTS,2010,BE10,2,191.0
2016,NUTS,2010,BE10,2,215.0
2017,NUTS,2010,BE10,2,233.0
2018,NUTS,2010,BE10,2,857.0
2019,NUTS,2010,BE10,2,867.0
2002,NUTS,2010,BE2,1,201.0
2003,NUTS,2010,BE2,1,199.0
2004,NUTS,2010,BE2,1,201.0
2005,NUTS,2010,BE2,1,199.0
2006,NUTS,2010,BE2,1,198.0
2007,NUTS,2010,BE2,1,199.0
2008,NUTS,2010,BE2,1,228.0
2009,NUTS,2010,BE2,1,230.0
2010,NUTS,2010,BE2,1,239.0
2011,NUTS,2010,BE2,1,238.0
2012,NUTS,2010,BE2,1,75.0
2013,NUTS,2010,BE2,1,87.0
2014,NUTS,2010,BE2,1,107.0
2015,NUTS,2010,BE2,1,157.0
2016,NUTS,2010,BE2,1,310.0
2017,NUTS,2010,BE2,1,333.0
2018,NUTS,2010,BE2,1,345.0
2019,NUTS,2010,BE2,1,388.0
2002,NUTS,2010,BE3,1,0.0
2003,NUTS,2010,BE3,1,0.0
2006,NUTS,2010,BE3,1,0.0
2007,NUTS,2010,BE3,1,0.0
2008,NUTS,2010,BE3,1,0.0
2009,NUTS,2010,BE3,1,0.0
2010,NUTS,2010,BE3,1,0.0
2011,NUTS,2010,BE3,1,0.0
2014,NUTS,2010,BE3,1,4.0
2015,NUTS,2010,BE3,1,4.0
2016,NUTS,2010,BE3,1,31.0
2017,NUTS,2010,BE3,1,24.0
2018,NUTS,2010,BE3,1,27.0
2019,NUTS,2010,BE3,1,29.0
2014,NUTS,2010,BEZ,1,0.0
2015,NUTS,2010,BEZ,1,0.0
2018,NUTS,2010,BEZ,1,0.0
2019,NUTS,2010,BEZ,1,0.0
2014,NUTS,2010,BEZZ,2,0.0
2015,NUTS,2010,BEZZ,2,0.0
2018,NUTS,2010,BEZZ,2,0.0
2019,NUTS,2010,BEZZ,2,0.0
1994,NUTS,2010,BG,0,24.0
1995,NUTS,2010,BG,0,38.0
1996,NUTS,2010,BG,0,202.0
1997,NUTS,2010,BG,0,182.0
1998,NUTS,2010,BG,0,153.0
1999,NUTS,2010,BG,0,79.0
2000,NUTS,2010,BG,0,51.0
2001,NUTS,2010,BG,0,94.0
2002,NUTS,2010,BG,0,28.0
2003,NUTS,2010,BG,0,90.0
2004,NUTS,2010,BG,0,79.0
2005,NUTS,2010,BG,0,303.0
2006,NUTS,2010,BG,0,131.0
2007,NUTS,2010,BG,0,142.0
2008,NUTS,2010,BG,0,108.0
2009,NUTS,2010,BG,0,85.0
2010,NUTS,2010,BG,0,117.0
2011,NUTS,2010,BG,0,121.0
2012,NUTS,2010,BG,0,176.0
2013,NUTS,2010,BG,0,217.0
2014,NUTS,2010,BG,0,145.0
2015,NUTS,2010,BG,0,147.0
2016,NUTS,2010,BG,0,46.0
2017,NUTS,2010,BG,0,169.0
2018,NUTS,2010,BG,0,135.0
2019,NUTS,2010,BG,0,157.0
2003,NUTS,2010,BG3,1,0.0
2004,NUTS,2010,BG3,1,4.0
2005,NUTS,2010,BG3,1,0.0
2006,NUTS,2010,BG3,1,0.0
2007,NUTS,2010,BG3,1,0.0
2011,NUTS,2010,BG3,1,5.0
2012,NUTS,2010,BG3,1,6.0
2014,NUTS,2010,BG3,1,9.0
2017,NUTS,2010,BG3,1,11.0
2003,NUTS,2010,BG31,2,0.0
2004,NUTS,2010,BG31,2,4.0
2005,NUTS,2010,BG31,2,0.0
2006,NUTS,2010,BG31,2,0.0
2007,NUTS,2010,BG31,2,0.0
2008,NUTS,2010,BG31,2,0.0
2009,NUTS,2010,BG31,2,0.0
2010,NUTS,2010,BG31,2,0.0
2011,NUTS,2010,BG31,2,0.0
2012,NUTS,2010,BG31,2,0.0
2013,NUTS,2010,BG31,2,0.0
2014,NUTS,2010,BG31,2,0.0
2017,NUTS,2010,BG31,2,0.0
2002,NUTS,2010,BG32,2,0.0
2003,NUTS,2010,BG32,2,0.0
2004,NUTS,2010,BG32,2,0.0
2005,NUTS,2010,BG32,2,0.0
2006,NUTS,2010,BG32,2,0.0
2007,NUTS,2010,BG32,2,0.0
2008,NUTS,2010,BG32,2,0.0
2009,NUTS,2010,BG32,2,0.0
2010,NUTS,2010,BG32,2,0.0
2011,NUTS,2010,BG32,2,0.0
2012,NUTS,2010,BG32,2,0.0
2013,NUTS,2010,BG32,2,0.0
2014,NUTS,2010,BG32,2,0.0
2015,NUTS,2010,BG32,2,0.0
2016,NUTS,2010,BG32,2,0.0
2017,NUTS,2010,BG32,2,0.0
2018,NUTS,2010,BG32,2,0.0
2019,NUTS,2010,BG32,2,0.0
2002,NUTS,2010,BG33,2,0.0
2003,NUTS,2010,BG33,2,0.0
2004,NUTS,2010,BG33,2,0.0
2005,NUTS,2010,BG33,2,0.0
2006,NUTS,2010,BG33,2,0.0
2007,NUTS,2010,BG33,2,0.0
2008,NUTS,2010,BG33,2,0.0
2002,NUTS,2010,BG34,2,0.0
2003,NUTS,2010,BG34,2,0.0
2004,NUTS,2010,BG34,2,0.0
2005,NUTS,2010,BG34,2,0.0
2006,NUTS,2010,BG34,2,0.0
2007,NUTS,2010,BG34,2,0.0
2010,NUTS,2010,BG34,2,0.0
2013,NUTS,2010,BG34,2,0.0
2016,NUTS,2010,BG34,2,0.0
2003,NUTS,2010,BG4,1,90.0
2004,NUTS,2010,BG4,1,75.0
2005,NUTS,2010,BG4,1,303.0
2006,NUTS,2010,BG4,1,131.0
2007,NUTS,2010,BG4,1,142.0
2011,NUTS,2010,BG4,1,116.0
2012,NUTS,2010,BG4,1,170.0
2014,NUTS,2010,BG4,1,136.0
2017,NUTS,2010,BG4,1,158.0
1999,NUTS,2010,BG41,2,79.0
2000,NUTS,2010,BG41,2,51.0
2002,NUTS,2010,BG41,2,26.0
2003,NUTS,2010,BG41,2,90.0
2005,NUTS,2010,BG41,2,280.0
2009,NUTS,2010,BG41,2,75.0
2010,NUTS,2010,BG41,2,109.0
2013,NUTS,2010,BG41,2,207.0
2015,NUTS,2010,BG41,2,132.0
2016,NUTS,2010,BG41,2,26.0
2018,NUTS,2010,BG41,2,91.0
2019,NUTS,2010,BG41,2,123.0
2003,NUTS,2010,BG42,2,0.0
2005,NUTS,2010,BG42,2,23.0
2002,NUTS,2010,BGZ,1,0.0
2003,NUTS,2010,BGZ,1,0.0
2004,NUTS,2010,BGZ,1,0.0
2005,NUTS,2010,BGZ,1,0.0
2006,NUTS,2010,BGZ,1,0.0
2007,NUTS,2010,BGZ,1,0.0
2008,NUTS,2010,BGZ,1,0.0
2009,NUTS,2010,BGZ,1,0.0
2010,NUTS,2010,BGZ,1,0.0
2011,NUTS,2010,BGZ,1,0.0
2012,NUTS,2010,BGZ,1,0.0
2013,NUTS,2010,BGZ,1,0.0
2014,NUTS,2010,BGZ,1,0.0
2019,NUTS,2010,BGZ,1,0.0
2002,NUTS,2010,BGZZ,2,0.0
2003,NUTS,2010,BGZZ,2,0.0
2004,NUTS,2010,BGZZ,2,0.0
2005,NUTS,2010,BGZZ,2,0.0
2006,NUTS,2010,BGZZ,2,0.0
2007,NUTS,2010,BGZZ,2,0.0
2008,NUTS,2010,BGZZ,2,0.0
2009,NUTS,2010,BGZZ,2,0.0
2010,NUTS,2010,BGZZ,2,0.0
2011,NUTS,2010,BGZZ,2,0.0
2012,NUTS,2010,BGZZ,2,0.0
2013,NUTS,2010,BGZZ,2,0.0
2014,NUTS,2010,BGZZ,2,0.0
2019,NUTS,2010,BGZZ,2,0.0
1998,NUTS,2010,CY,0,30.0
1999,NUTS,2010,CY,0,38.0
2000,NUTS,2010,CY,0,52.0
2001,NUTS,2010,CY,0,55.0
2002,NUTS,2010,CY,0,58.0
2003,NUTS,2010,CY,0,61.0
2004,NUTS,2010,CY,0,54.0
2005,NUTS,2010,CY,0,78.0
2006,NUTS,2010,CY,0,88.0
2007,NUTS,2010,CY,0,92.0
2008,NUTS,2010,CY,0,89.0
2009,NUTS,2010,CY,0,114.0
2010,NUTS,2010,CY,0,112.0
2011,NUTS,2010,CY,0,108.0
2012,NUTS,2010,CY,0,121.0
2013,NUTS,2010,CY,0,115.0
2014,NUTS,2010,CY,0,138.0
2015,NUTS,2010,CY,0,132.0
2016,NUTS,2010,CY,0,118.0
2017,NUTS,2010,CY,0,145.0
2018,NUTS,2010,CY,0,151.0
2019,NUTS,2010,CY,0,196.0
1996,NUTS,2010,CZ,0,40.0
1997,NUTS,2010,CZ,0,76.0
1998,NUTS,2010,CZ,0,26.0
1999,NUTS,2010,CZ,0,131.0
2000,NUTS,2010,CZ,0,532.0
2001,NUTS,2010,CZ,0,149.0
2002,NUTS,2010,CZ,0,150.0
2003,NUTS,2010,CZ,0,218.0
2004,NUTS,2010,CZ,0,106.0
2005,NUTS,2010,CZ,0,100.0
2006,NUTS,2010,CZ,0,112.0
2007,NUTS,2010,CZ,0,116.0
2008,NUTS,2010,CZ,0,148.0
2009,NUTS,2010,CZ,0,211.0
2010,NUTS,2010,CZ,0,241.0
2011,NUTS,2010,CZ,0,251.0
2012,NUTS,2010,CZ,0,206.0
2013,NUTS,2010,CZ,0,202.0
2014,NUTS,2010,CZ,0,232.0
2015,NUTS,2010,CZ,0,199.0
2016,NUTS,2010,CZ,0,190.0
2017,NUTS,2010,CZ,0,232.0
2018,NUTS,2010,CZ,0,197.0
2019,NUTS,2010,CZ,0,240.0
2020,NUTS,2010,CZ,0,266.0
1996,NUTS,2010,CZ0,1,40.0
1997,NUTS,2010,CZ0,1,76.0
1998,NUTS,2010,CZ0,1,26.0
1999,NUTS,2010,CZ0,1,131.0
2000,NUTS,2010,CZ0,1,532.0
2001,NUTS,2010,CZ0,1,149.0
2002,NUTS,2010,CZ0,1,150.0
2003,NUTS,2010,CZ0,1,218.0
2004,NUTS,2010,CZ0,1,106.0
2005,NUTS,2010,CZ0,1,100.0
2006,NUTS,2010,CZ0,1,112.0
2007,NUTS,2010,CZ0,1,116.0
2008,NUTS,2010,CZ0,1,148.0
2009,NUTS,2010,CZ0,1,211.0
2010,NUTS,2010,CZ0,1,241.0
2011,NUTS,2010,CZ0,1,251.0
2012,NUTS,2010,CZ0,1,206.0
2013,NUTS,2010,CZ0,1,202.0
2014,NUTS,2010,CZ0,1,232.0
2015,NUTS,2010,CZ0,1,199.0
2016,NUTS,2010,CZ0,1,190.0
2017,NUTS,2010,CZ0,1,232.0
2018,NUTS,2010,CZ0,1,197.0
2019,NUTS,2010,CZ0,1,240.0
2020,NUTS,2010,CZ0,1,266.0
2001,NUTS,2010,CZ01,2,85.0
2002,NUTS,2010,CZ01,2,54.0
2003,NUTS,2010,CZ01,2,74.0
2004,NUTS,2010,CZ01,2,70.0
2005,NUTS,2010,CZ01,2,70.0
2006,NUTS,2010,CZ01,2,57.0
2007,NUTS,2010,CZ01,2,74.0
2008,NUTS,2010,CZ01,2,88.0
2009,NUTS,2010,CZ01,2,118.0
2010,NUTS,2010,CZ01,2,143.0
2011,NUTS,2010,CZ01,2,134.0
2012,NUTS,2010,CZ01,2,116.0
2013,NUTS,2010,CZ01,2,125.0
2014,NUTS,2010,CZ01,2,120.0
2015,NUTS,2010,CZ01,2,108.0
2016,NUTS,2010,CZ01,2,115.0
2017,NUTS,2010,CZ01,2,119.0
2018,NUTS,2010,CZ01,2,99.0
2019,NUTS,2010,CZ01,2,120.0
2020,NUTS,2010,CZ01,2,138.0
2001,NUTS,2010,CZ02,2,10.0
2002,NUTS,2010,CZ02,2,8.0
2003,NUTS,2010,CZ02,2,11.0
2004,NUTS,2010,CZ02,2,1.0
2005,NUTS,2010,CZ02,2,3.0
2006,NUTS,2010,CZ02,2,9.0
2007,NUTS,2010,CZ02,2,5.0
2008,NUTS,2010,CZ02,2,2.0
2009,NUTS,2010,CZ02,2,2.0
2010,NUTS,2010,CZ02,2,0.0
2011,NUTS,2010,CZ02,2,8.0
2012,NUTS,2010,CZ02,2,7.0
2013,NUTS,2010,CZ02,2,14.0
2014,NUTS,2010,CZ02,2,19.0
2015,NUTS,2010,CZ02,2,16.0
2016,NUTS,2010,CZ02,2,8.0
2017,NUTS,2010,CZ02,2,9.0
2018,NUTS,2010,CZ02,2,3.0
2019,NUTS,2010,CZ02,2,3.0
2020,NUTS,2010,CZ02,2,6.0
2001,NUTS,2010,CZ03,2,9.0
2002,NUTS,2010,CZ03,2,14.0
2003,NUTS,2010,CZ03,2,35.0
2004,NUTS,2010,CZ03,2,24.0
2005,NUTS,2010,CZ03,2,20.0
2006,NUTS,2010,CZ03,2,30.0
2007,NUTS,2010,CZ03,2,8.0
2008,NUTS,2010,CZ03,2,12.0
2009,NUTS,2010,CZ03,2,47.0
2010,NUTS,2010,CZ03,2,38.0
2011,NUTS,2010,CZ03,2,30.0
2012,NUTS,2010,CZ03,2,22.0
2013,NUTS,2010,CZ03,2,11.0
2014,NUTS,2010,CZ03,2,36.0
2015,NUTS,2010,CZ03,2,44.0
2016,NUTS,2010,CZ03,2,36.0
2017,NUTS,2010,CZ03,2,56.0
2018,NUTS,2010,CZ03,2,63.0
2019,NUTS,2010,CZ03,2,42.0
2020,NUTS,2010,CZ03,2,59.0
2001,NUTS,2010,CZ04,2,3.0
2002,NUTS,2010,CZ04,2,9.0
2003,NUTS,2010,CZ04,2,13.0
2004,NUTS,2010,CZ04,2,5.0
2005,NUTS,2010,CZ04,2,0.0
2006,NUTS,2010,CZ04,2,0.0
2007,NUTS,2010,CZ04,2,0.0
2008,NUTS,2010,CZ04,2,0.0
2009,NUTS,2010,CZ04,2,0.0
2010,NUTS,2010,CZ04,2,0.0
2011,NUTS,2010,CZ04,2,0.0
2012,NUTS,2010,CZ04,2,0.0
2013,NUTS,2010,CZ04,2,0.0
2014,NUTS,2010,CZ04,2,0.0
2015,NUTS,2010,CZ04,2,0.0
2016,NUTS,2010,CZ04,2,0.0
2017,NUTS,2010,CZ04,2,0.0
2018,NUTS,2010,CZ04,2,1.0
2019,NUTS,2010,CZ04,2,1.0
2020,NUTS,2010,CZ04,2,1.0
2001,NUTS,2010,CZ05,2,7.0
2002,NUTS,2010,CZ05,2,10.0
2003,NUTS,2010,CZ05,2,22.0
2004,NUTS,2010,CZ05,2,2.0
2005,NUTS,2010,CZ05,2,1.0
2006,NUTS,2010,CZ05,2,0.0
2007,NUTS,2010,CZ05,2,2.0
2008,NUTS,2010,CZ05,2,1.0
2009,NUTS,2010,CZ05,2,7.0
2010,NUTS,2010,CZ05,2,2.0
2011,NUTS,2010,CZ05,2,11.0
2012,NUTS,2010,CZ05,2,2.0
2013,NUTS,2010,CZ05,2,0.0
2014,NUTS,2010,CZ05,2,0.0
2015,NUTS,2010,CZ05,2,0.0
2016,NUTS,2010,CZ05,2,0.0
2017,NUTS,2010,CZ05,2,19.0
2019,NUTS,2010,CZ05,2,10.0
2020,NUTS,2010,CZ05,2,20.0
2001,NUTS,2010,CZ06,2,16.0
2002,NUTS,2010,CZ06,2,28.0
2003,NUTS,2010,CZ06,2,36.0
2004,NUTS,2010,CZ06,2,2.0
2005,NUTS,2010,CZ06,2,1.0
2006,NUTS,2010,CZ06,2,1.0
2007,NUTS,2010,CZ06,2,12.0
2008,NUTS,2010,CZ06,2,25.0
2009,NUTS,2010,CZ06,2,27.0
2010,NUTS,2010,CZ06,2,42.0
2011,NUTS,2010,CZ06,2,54.0
2012,NUTS,2010,CZ06,2,47.0
2013,NUTS,2010,CZ06,2,43.0
2014,NUTS,2010,CZ06,2,38.0
2015,NUTS,2010,CZ06,2,20.0
2016,NUTS,2010,CZ06,2,9.0
2017,NUTS,2010,CZ06,2,10.0
2018,NUTS,2010,CZ06,2,17.0
2019,NUTS,2010,CZ06,2,17.0
2020,NUTS,2010,CZ06,2,18.0
2001,NUTS,2010,CZ07,2,6.0
2002,NUTS,2010,CZ07,2,7.0
2003,NUTS,2010,CZ07,2,9.0
2004,NUTS,2010,CZ07,2,1.0
2005,NUTS,2010,CZ07,2,2.0
2006,NUTS,2010,CZ07,2,12.0
2007,NUTS,2010,CZ07,2,15.0
2008,NUTS,2010,CZ07,2,20.0
2009,NUTS,2010,CZ07,2,11.0
2010,NUTS,2010,CZ07,2,16.0
2011,NUTS,2010,CZ07,2,15.0
2012,NUTS,2010,CZ07,2,12.0
2013,NUTS,2010,CZ07,2,9.0
2014,NUTS,2010,CZ07,2,13.0
2015,NUTS,2010,CZ07,2,6.0
2016,NUTS,2010,CZ07,2,5.0
2017,NUTS,2010,CZ07,2,5.0
2018,NUTS,2010,CZ07,2,3.0
2019,NUTS,2010,CZ07,2,12.0
2020,NUTS,2010,CZ07,2,7.0
2001,NUTS,2010,CZ08,2,13.0
2002,NUTS,2010,CZ08,2,20.0
2003,NUTS,2010,CZ08,2,18.0
2004,NUTS,2010,CZ08,2,0.0
2005,NUTS,2010,CZ08,2,3.0
2006,NUTS,2010,CZ08,2,3.0
2007,NUTS,2010,CZ08,2,0.0
2008,NUTS,2010,CZ08,2,0.0
2009,NUTS,2010,CZ08,2,0.0
2010,NUTS,2010,CZ08,2,0.0
2011,NUTS,2010,CZ08,2,0.0
2012,NUTS,2010,CZ08,2,0.0
2013,NUTS,2010,CZ08,2,0.0
2014,NUTS,2010,CZ08,2,6.0
2015,NUTS,2010,CZ08,2,5.0
2016,NUTS,2010,CZ08,2,17.0
2017,NUTS,2010,CZ08,2,14.0
2018,NUTS,2010,CZ08,2,11.0
2019,NUTS,2010,CZ08,2,35.0
2020,NUTS,2010,CZ08,2,17.0
2015,NUTS,2010,CZZ,1,0.0
2016,NUTS,2010,CZZ,1,0.0
2017,NUTS,2010,CZZ,1,0.0
2018,NUTS,2010,CZZ,1,0.0
2019,NUTS,2010,CZZ,1,0.0
2020,NUTS,2010,CZZ,1,0.0
2015,NUTS,2010,CZZZ,2,0.0
2016,NUTS,2010,CZZZ,2,0.0
2017,NUTS,2010,CZZZ,2,0.0
2018,NUTS,2010,CZZZ,2,0.0
2019,NUTS,2010,CZZZ,2,0.0
2020,NUTS,2010,CZZZ,2,0.0
1985,NUTS,2010,DK,0,156.0
1987,NUTS,2010,DK,0,159.0
1989,NUTS,2010,DK,0,221.0
1991,NUTS,2010,DK,0,145.0
1993,NUTS,2010,DK,0,198.0
1995,NUTS,2010,DK,0,247.0
1997,NUTS,2010,DK,0,235.0
1999,NUTS,2010,DK,0,244.0
2000,NUTS,2010,DK,0,222.0
2001,NUTS,2010,DK,0,298.0
2002,NUTS,2010,DK,0,288.0
2003,NUTS,2010,DK,0,266.0
2004,NUTS,2010,DK,0,302.0
2005,NUTS,2010,DK,0,410.0
2006,NUTS,2010,DK,0,377.0
2007,NUTS,2010,DK,0,376.0
2008,NUTS,2010,DK,0,229.0
2009,NUTS,2010,DK,0,220.0
2010,NUTS,2010,DK,0,267.0
2011,NUTS,2010,DK,0,240.0
2012,NUTS,2010,DK,0,268.0
2013,NUTS,2010,DK,0,255.0
2014,NUTS,2010,DK,0,261.0
2015,NUTS,2010,DK,0,259.0
2016,NUTS,2010,DK,0,278.0
2017,NUTS,2010,DK,0,235.0
2018,NUTS,2010,DK,0,211.0
2019,NUTS,2010,DK,0,285.0
2020,NUTS,2010,DK,0,287.0
1985,NUTS,2010,DK0,1,156.0
1987,NUTS,2010,DK0,1,159.0
1989,NUTS,2010,DK0,1,221.0
1991,NUTS,2010,DK0,1,145.0
1993,NUTS,2010,DK0,1,198.0
1995,NUTS,2010,DK0,1,247.0
1997,NUTS,2010,DK0,1,235.0
1999,NUTS,2010,DK0,1,244.0
2000,NUTS,2010,DK0,1,222.0
2001,NUTS,2010,DK0,1,298.0
2002,NUTS,2010,DK0,1,288.0
2003,NUTS,2010,DK0,1,266.0
2007,NUTS,2010,DK0,1,376.0
2009,NUTS,2010,DK0,1,220.0
2010,NUTS,2010,DK0,1,267.0
2011,NUTS,2010,DK0,1,240.0
2012,NUTS,2010,DK0,1,268.0
2013,NUTS,2010,DK0,1,255.0
2014,NUTS,2010,DK0,1,261.0
2015,NUTS,2010,DK0,1,259.0
2016,NUTS,2010,DK0,1,278.0
2017,NUTS,2010,DK0,1,235.0
2018,NUTS,2010,DK0,1,211.0
2019,NUTS,2010,DK0,1,285.0
2007,NUTS,2010,DK01,2,207.0
2009,NUTS,2010,DK01,2,205.0
2010,NUTS,2010,DK01,2,249.0
2011,NUTS,2010,DK01,2,230.0
2012,NUTS,2010,DK01,2,252.0
2013,NUTS,2010,DK01,2,238.0
2014,NUTS,2010,DK01,2,243.0
2015,NUTS,2010,DK01,2,237.0
2016,NUTS,2010,DK01,2,252.0
2017,NUTS,2010,DK01,2,215.0
2019,NUTS,2010,DK01,2,272.0
2007,NUTS,2010,DK02,2,1.0
2009,NUTS,2010,DK02,2,15.0
2010,NUTS,2010,DK02,2,18.0
2011,NUTS,2010,DK02,2,10.0
2012,NUTS,2010,DK02,2,10.0
2013,NUTS,2010,DK02,2,10.0
2014,NUTS,2010,DK02,2,10.0
2015,NUTS,2010,DK02,2,13.0
2016,NUTS,2010,DK02,2,14.0
2017,NUTS,2010,DK02,2,12.0
2019,NUTS,2010,DK02,2,13.0
2007,NUTS,2010,DK03,2,0.0
2010,NUTS,2010,DK03,2,0.0
2012,NUTS,2010,DK03,2,6.0
2013,NUTS,2010,DK03,2,7.0
2014,NUTS,2010,DK03,2,8.0
2015,NUTS,2010,DK03,2,9.0
2016,NUTS,2010,DK03,2,12.0
2017,NUTS,2010,DK03,2,8.0
2007,NUTS,2010,DK04,2,168.0
2010,NUTS,2010,DK04,2,0.0
2012,NUTS,2010,DK04,2,0.0
2013,NUTS,2010,DK04,2,0.0
2014,NUTS,2010,DK04,2,0.0
2015,NUTS,2010,DK04,2,0.0
2016,NUTS,2010,DK04,2,0.0
2017,NUTS,2010,DK04,2,0.0
2007,NUTS,2010,DK05,2,0.0
2010,NUTS,2010,DK05,2,0.0
2012,NUTS,2010,DK05,2,0.0
2013,NUTS,2010,DK05,2,0.0
2014,NUTS,2010,DK05,2,0.0
2015,NUTS,2010,DK05,2,0.0
2016,NUTS,2010,DK05,2,0.0
2017,NUTS,2010,DK05,2,8.0
2000,NUTS,2010,EA19,2,12036.0
2001,NUTS,2010,EA19,2,12206.0
2002,NUTS,2010,EA19,2,15142.0
2003,NUTS,2010,EA19,2,14112.0
2004,NUTS,2010,EA19,2,14436.0
2005,NUTS,2010,EA19,2,15754.0
2006,NUTS,2010,EA19,2,17990.0
2007,NUTS,2010,EA19,2,17810.0
2008,NUTS,2010,EA19,2,18220.0
2009,NUTS,2010,EA19,2,18404.0
2010,NUTS,2010,EA19,2,19891.0
2011,NUTS,2010,EA19,2,19836.0
2012,NUTS,2010,EA19,2,19706.0
2013,NUTS,2010,EA19,2,13581.0
2014,NUTS,2010,EA19,2,14374.0
2016,NUTS,2010,EA19,2,16091.0
2017,NUTS,2010,EA19,2,15629.0
2018,NUTS,2010,EA19,2,16801.0
1996,NUTS,2010,EE,0,32.0
1997,NUTS,2010,EE,0,21.0
1998,NUTS,2010,EE,0,15.0
1999,NUTS,2010,EE,0,20.0
2000,NUTS,2010,EE,0,41.0
2001,NUTS,2010,EE,0,48.0
2002,NUTS,2010,EE,0,52.0
2003,NUTS,2010,EE,0,72.0
2004,NUTS,2010,EE,0,95.0
2005,NUTS,2010,EE,0,92.0
2006,NUTS,2010,EE,0,139.0
2007,NUTS,2010,EE,0,140.0
2008,NUTS,2010,EE,0,129.0
2009,NUTS,2010,EE,0,145.0
2010,NUTS,2010,EE,0,101.0
2011,NUTS,2010,EE,0,101.0
2012,NUTS,2010,EE,0,127.0
2013,NUTS,2010,EE,0,108.0
2014,NUTS,2010,EE,0,111.0
2015,NUTS,2010,EE,0,121.0
2016,NUTS,2010,EE,0,121.0
2017,NUTS,2010,EE,0,113.0
2018,NUTS,2010,EE,0,120.0
2019,NUTS,2010,EE,0,110.0
1993,NUTS,2010,EL,0,81.0
1995,NUTS,2010,EL,0,97.0
1997,NUTS,2010,EL,0,81.0
1999,NUTS,2010,EL,0,83.0
2001,NUTS,2010,EL,0,99.0
2003,NUTS,2010,EL,0,139.0
2005,NUTS,2010,EL,0,139.0
2011,NUTS,2010,EL,0,445.0
2013,NUTS,2010,EL,0,449.0
2015,NUTS,2010,EL,0,408.0
2017,NUTS,2010,EL,0,513.0
2019,NUTS,2010,EL,0,469.0
2001,NUTS,2010,EL3,1,50.0
2003,NUTS,2010,EL3,1,122.0
2005,NUTS,2010,EL3,1,123.0
2011,NUTS,2010,EL3,1,363.0
2013,NUTS,2010,EL3,1,307.0
2015,NUTS,2010,EL3,1,266.0
2017,NUTS,2010,EL3,1,375.0
2019,NUTS,2010,EL3,1,332.0
2001,NUTS,2010,EL30,2,50.0
2003,NUTS,2010,EL30,2,122.0
2005,NUTS,2010,EL30,2,123.0
2011,NUTS,2010,EL30,2,363.0
2013,NUTS,2010,EL30,2,307.0
2015,NUTS,2010,EL30,2,266.0
2017,NUTS,2010,EL30,2,375.0
2019,NUTS,2010,EL30,2,332.0
2011,NUTS,2010,EL4,1,10.0
2013,NUTS,2010,EL4,1,38.0
2015,NUTS,2010,EL4,1,36.0
2017,NUTS,2010,EL4,1,69.0
2019,NUTS,2010,EL4,1,40.0
2011,NUTS,2010,EL41,2,3.0
2013,NUTS,2010,EL41,2,1.0
2015,NUTS,2010,EL41,2,1.0
2017,NUTS,2010,EL41,2,3.0
2019,NUTS,2010,EL41,2,8.0
2011,NUTS,2010,EL42,2,7.0
2013,NUTS,2010,EL42,2,12.0
2015,NUTS,2010,EL42,2,10.0
2017,NUTS,2010,EL42,2,11.0
2019,NUTS,2010,EL42,2,12.0
2011,NUTS,2010,EL43,2,0.0
2013,NUTS,2010,EL43,2,25.0
2015,NUTS,2010,EL43,2,25.0
2017,NUTS,2010,EL43,2,55.0
2019,NUTS,2010,EL43,2,20.0
2011,NUTS,2010,EL5,1,64.0
2013,NUTS,2010,EL5,1,95.0
2015,NUTS,2010,EL5,1,98.0
2017,NUTS,2010,EL5,1,55.0
2019,NUTS,2010,EL5,1,76.0
2011,NUTS,2010,EL51,2,0.0
2013,NUTS,2010,EL51,2,5.0
2015,NUTS,2010,EL51,2,5.0
2017,NUTS,2010,EL51,2,4.0
2019,NUTS,2010,EL51,2,2.0
2001,NUTS,2010,EL52,2,44.0
2003,NUTS,2010,EL52,2,15.0
2005,NUTS,2010,EL52,2,15.0
2011,NUTS,2010,EL52,2,49.0
2013,NUTS,2010,EL52,2,81.0
2015,NUTS,2010,EL52,2,86.0
2017,NUTS,2010,EL52,2,32.0
2019,NUTS,2010,EL52,2,62.0
2011,NUTS,2010,EL53,2,14.0
2013,NUTS,2010,EL53,2,5.0
2015,NUTS,2010,EL53,2,3.0
2017,NUTS,2010,EL53,2,10.0
2019,NUTS,2010,EL53,2,8.0
2011,NUTS,2010,EL54,2,1.0
2013,NUTS,2010,EL54,2,4.0
2015,NUTS,2010,EL54,2,4.0
2017,NUTS,2010,EL54,2,9.0
2019,NUTS,2010,EL54,2,4.0
2011,NUTS,2010,EL6,1,8.0
2013,NUTS,2010,EL6,1,9.0
2015,NUTS,2010,EL6,1,8.0
2017,NUTS,2010,EL6,1,14.0
2019,NUTS,2010,EL6,1,21.0
2011,NUTS,2010,EL61,2,1.0
2013,NUTS,2010,EL61,2,1.0
2015,NUTS,2010,EL61,2,1.0
2017,NUTS,2010,EL61,2,3.0
2019,NUTS,2010,EL61,2,2.0
2011,NUTS,2010,EL62,2,0.0
2013,NUTS,2010,EL62,2,0.0
2015,NUTS,2010,EL62,2,0.0
2017,NUTS,2010,EL62,2,0.0
2019,NUTS,2010,EL62,2,0.0
2011,NUTS,2010,EL63,2,0.0
2013,NUTS,2010,EL63,2,1.0
2015,NUTS,2010,EL63,2,0.0
2017,NUTS,2010,EL63,2,0.0
2019,NUTS,2010,EL63,2,0.0
2011,NUTS,2010,EL64,2,5.0
2013,NUTS,2010,EL64,2,4.0
2015,NUTS,2010,EL64,2,4.0
2017,NUTS,2010,EL64,2,4.0
2019,NUTS,2010,EL64,2,0.0
2001,NUTS,2010,EL65,2,5.0
2003,NUTS,2010,EL65,2,2.0
2005,NUTS,2010,EL65,2,1.0
2011,NUTS,2010,EL65,2,2.0
2013,NUTS,2010,EL65,2,3.0
2015,NUTS,2010,EL65,2,3.0
2017,NUTS,2010,EL65,2,7.0
2019,NUTS,2010,EL65,2,19.0
2015,NUTS,2010,ELZ,1,0.0
2015,NUTS,2010,ELZZ,2,0.0
1994,NUTS,2010,ES,0,541.0
1995,NUTS,2010,ES,0,873.0
1997,NUTS,2010,ES,0,1193.0
1999,NUTS,2010,ES,0,1025.0
2000,NUTS,2010,ES,0,1661.0
2001,NUTS,2010,ES,0,1568.0
2002,NUTS,2010,ES,0,539.0
2003,NUTS,2010,ES,0,422.0
2004,NUTS,2010,ES,0,325.0
2005,NUTS,2010,ES,0,361.0
2006,NUTS,2010,ES,0,719.0
2007,NUTS,2010,ES,0,652.0
2008,NUTS,2010,ES,0,655.0
2009,NUTS,2010,ES,0,791.0
2010,NUTS,2010,ES,0,706.0
2011,NUTS,2010,ES,0,500.0
2012,NUTS,2010,ES,0,503.0
2013,NUTS,2010,ES,0,464.0
2014,NUTS,2010,ES,0,466.0
2015,NUTS,2010,ES,0,485.0
2016,NUTS,2010,ES,0,618.0
2017,NUTS,2010,ES,0,554.0
2018,NUTS,2010,ES,0,487.0
2019,NUTS,2010,ES,0,452.0
2000,NUTS,2010,ES1,1,156.0
2001,NUTS,2010,ES1,1,107.0
2002,NUTS,2010,ES1,1,83.0
2003,NUTS,2010,ES1,1,2.0
2004,NUTS,2010,ES1,1,15.0
2005,NUTS,2010,ES1,1,15.0
2006,NUTS,2010,ES1,1,280.0
2007,NUTS,2010,ES1,1,112.0
2008,NUTS,2010,ES1,1,87.0
2009,NUTS,2010,ES1,1,102.0
2010,NUTS,2010,ES1,1,60.0
2011,NUTS,2010,ES1,1,65.0
2012,NUTS,2010,ES1,1,70.0
2013,NUTS,2010,ES1,1,50.0
2015,NUTS,2010,ES1,1,53.0
2016,NUTS,2010,ES1,1,65.0
2017,NUTS,2010,ES1,1,67.0
2018,NUTS,2010,ES1,1,84.0
2000,NUTS,2010,ES11,2,42.0
2001,NUTS,2010,ES11,2,29.0
2002,NUTS,2010,ES11,2,5.0
2003,NUTS,2010,ES11,2,0.0
2004,NUTS,2010,ES11,2,7.0
2005,NUTS,2010,ES11,2,4.0
2006,NUTS,2010,ES11,2,8.0
2007,NUTS,2010,ES11,2,11.0
2008,NUTS,2010,ES11,2,2.0
2009,NUTS,2010,ES11,2,31.0
2010,NUTS,2010,ES11,2,8.0
2014,NUTS,2010,ES11,2,9.0
2015,NUTS,2010,ES11,2,13.0
2016,NUTS,2010,ES11,2,39.0
2017,NUTS,2010,ES11,2,43.0
2018,NUTS,2010,ES11,2,40.0
2019,NUTS,2010,ES11,2,39.0
2000,NUTS,2010,ES12,2,10.0
2001,NUTS,2010,ES12,2,2.0
2002,NUTS,2010,ES12,2,10.0
2003,NUTS,2010,ES12,2,2.0
2004,NUTS,2010,ES12,2,1.0
2005,NUTS,2010,ES12,2,1.0
2006,NUTS,2010,ES12,2,17.0
2007,NUTS,2010,ES12,2,2.0
2008,NUTS,2010,ES12,2,2.0
2009,NUTS,2010,ES12,2,6.0
2010,NUTS,2010,ES12,2,11.0
2012,NUTS,2010,ES12,2,10.0
2013,NUTS,2010,ES12,2,7.0
2014,NUTS,2010,ES12,2,8.0
2015,NUTS,2010,ES12,2,10.0
2016,NUTS,2010,ES12,2,8.0
2017,NUTS,2010,ES12,2,8.0
2018,NUTS,2010,ES12,2,8.0
2019,NUTS,2010,ES12,2,7.0
2000,NUTS,2010,ES13,2,104.0
2001,NUTS,2010,ES13,2,76.0
2002,NUTS,2010,ES13,2,68.0
2003,NUTS,2010,ES13,2,0.0
2004,NUTS,2010,ES13,2,7.0
2005,NUTS,2010,ES13,2,10.0
2006,NUTS,2010,ES13,2,255.0
2007,NUTS,2010,ES13,2,99.0
2008,NUTS,2010,ES13,2,83.0
2009,NUTS,2010,ES13,2,65.0
2010,NUTS,2010,ES13,2,41.0
2011,NUTS,2010,ES13,2,52.0
2015,NUTS,2010,ES13,2,30.0
2016,NUTS,2010,ES13,2,18.0
2017,NUTS,2010,ES13,2,16.0
2018,NUTS,2010,ES13,2,36.0
2000,NUTS,2010,ES2,1,168.0
2001,NUTS,2010,ES2,1,111.0
2002,NUTS,2010,ES2,1,111.0
2003,NUTS,2010,ES2,1,4.0
2004,NUTS,2010,ES2,1,30.0
2005,NUTS,2010,ES2,1,28.0
2006,NUTS,2010,ES2,1,24.0
2007,NUTS,2010,ES2,1,102.0
2008,NUTS,2010,ES2,1,109.0
2009,NUTS,2010,ES2,1,122.0
2010,NUTS,2010,ES2,1,164.0
2011,NUTS,2010,ES2,1,41.0
2013,NUTS,2010,ES2,1,62.0
2015,NUTS,2010,ES2,1,48.0
2019,NUTS,2010,ES2,1,20.0
2000,NUTS,2010,ES21,2,157.0
2001,NUTS,2010,ES21,2,101.0
2002,NUTS,2010,ES21,2,110.0
2003,NUTS,2010,ES21,2,2.0
2004,NUTS,2010,ES21,2,10.0
2005,NUTS,2010,ES21,2,8.0
2006,NUTS,2010,ES21,2,14.0
2007,NUTS,2010,ES21,2,12.0
2008,NUTS,2010,ES21,2,2.0
2009,NUTS,2010,ES21,2,14.0
2010,NUTS,2010,ES21,2,24.0
2011,NUTS,2010,ES21,2,22.0
2012,NUTS,2010,ES21,2,31.0
2013,NUTS,2010,ES21,2,25.0
2014,NUTS,2010,ES21,2,20.0
2015,NUTS,2010,ES21,2,23.0
2016,NUTS,2010,ES21,2,34.0
2017,NUTS,2010,ES21,2,29.0
2018,NUTS,2010,ES21,2,16.0
2019,NUTS,2010,ES21,2,17.0
2000,NUTS,2010,ES22,2,8.0
2001,NUTS,2010,ES22,2,6.0
2002,NUTS,2010,ES22,2,0.0
2003,NUTS,2010,ES22,2,0.0
2004,NUTS,2010,ES22,2,6.0
2005,NUTS,2010,ES22,2,4.0
2006,NUTS,2010,ES22,2,2.0
2007,NUTS,2010,ES22,2,0.0
2008,NUTS,2010,ES22,2,0.0
2009,NUTS,2010,ES22,2,6.0
2010,NUTS,2010,ES22,2,5.0
2011,NUTS,2010,ES22,2,8.0
2015,NUTS,2010,ES22,2,8.0
2001,NUTS,2010,ES23,2,2.0
2002,NUTS,2010,ES23,2,0.0
2003,NUTS,2010,ES23,2,0.0
2004,NUTS,2010,ES23,2,0.0
2005,NUTS,2010,ES23,2,3.0
2006,NUTS,2010,ES23,2,0.0
2007,NUTS,2010,ES23,2,84.0
2008,NUTS,2010,ES23,2,101.0
2009,NUTS,2010,ES23,2,93.0
2010,NUTS,2010,ES23,2,112.0
2011,NUTS,2010,ES23,2,4.0
2012,NUTS,2010,ES23,2,9.0
2014,NUTS,2010,ES23,2,4.0
2015,NUTS,2010,ES23,2,3.0
2016,NUTS,2010,ES23,2,3.0
2017,NUTS,2010,ES23,2,4.0
2018,NUTS,2010,ES23,2,3.0
2000,NUTS,2010,ES24,2,3.0
2001,NUTS,2010,ES24,2,2.0
2002,NUTS,2010,ES24,2,1.0
2003,NUTS,2010,ES24,2,2.0
2004,NUTS,2010,ES24,2,14.0
2005,NUTS,2010,ES24,2,13.0
2006,NUTS,2010,ES24,2,8.0
2007,NUTS,2010,ES24,2,6.0
2008,NUTS,2010,ES24,2,6.0
2009,NUTS,2010,ES24,2,9.0
2010,NUTS,2010,ES24,2,23.0
2011,NUTS,2010,ES24,2,7.0
2012,NUTS,2010,ES24,2,10.0
2013,NUTS,2010,ES24,2,10.0
2014,NUTS,2010,ES24,2,11.0
2015,NUTS,2010,ES24,2,14.0
2016,NUTS,2010,ES24,2,11.0
2017,NUTS,2010,ES24,2,11.0
2018,NUTS,2010,ES24,2,4.0
2000,NUTS,2010,ES3,1,759.0
2001,NUTS,2010,ES3,1,865.0
2002,NUTS,2010,ES3,1,190.0
2003,NUTS,2010,ES3,1,238.0
2004,NUTS,2010,ES3,1,129.0
2005,NUTS,2010,ES3,1,169.0
2006,NUTS,2010,ES3,1,256.0
2007,NUTS,2010,ES3,1,287.0
2008,NUTS,2010,ES3,1,307.0
2009,NUTS,2010,ES3,1,310.0
2010,NUTS,2010,ES3,1,190.0
2011,NUTS,2010,ES3,1,111.0
2012,NUTS,2010,ES3,1,141.0
2013,NUTS,2010,ES3,1,125.0
2014,NUTS,2010,ES3,1,105.0
2015,NUTS,2010,ES3,1,123.0
2016,NUTS,2010,ES3,1,106.0
2017,NUTS,2010,ES3,1,132.0
2018,NUTS,2010,ES3,1,127.0
2019,NUTS,2010,ES3,1,121.0
2000,NUTS,2010,ES30,2,759.0
2001,NUTS,2010,ES30,2,865.0
2002,NUTS,2010,ES30,2,190.0
2003,NUTS,2010,ES30,2,238.0
2004,NUTS,2010,ES30,2,129.0
2005,NUTS,2010,ES30,2,169.0
2006,NUTS,2010,ES30,2,256.0
2007,NUTS,2010,ES30,2,287.0
2008,NUTS,2010,ES30,2,307.0
2009,NUTS,2010,ES30,2,310.0
2010,NUTS,2010,ES30,2,190.0
2011,NUTS,2010,ES30,2,111.0
2012,NUTS,2010,ES30,2,141.0
2013,NUTS,2010,ES30,2,125.0
2014,NUTS,2010,ES30,2,105.0
2015,NUTS,2010,ES30,2,123.0
2016,NUTS,2010,ES30,2,106.0
2017,NUTS,2010,ES30,2,132.0
2018,NUTS,2010,ES30,2,127.0
2019,NUTS,2010,ES30,2,121.0
2000,NUTS,2010,ES4,1,9.0
2001,NUTS,2010,ES4,1,12.0
2002,NUTS,2010,ES4,1,7.0
2003,NUTS,2010,ES4,1,13.0
2004,NUTS,2010,ES4,1,7.0
2005,NUTS,2010,ES4,1,6.0
2006,NUTS,2010,ES4,1,4.0
2007,NUTS,2010,ES4,1,17.0
2008,NUTS,2010,ES4,1,14.0
2009,NUTS,2010,ES4,1,38.0
2010,NUTS,2010,ES4,1,60.0
2011,NUTS,2010,ES4,1,59.0
2013,NUTS,2010,ES4,1,25.0
2014,NUTS,2010,ES4,1,26.0
2015,NUTS,2010,ES4,1,32.0
2016,NUTS,2010,ES4,1,31.0
2018,NUTS,2010,ES4,1,34.0
2019,NUTS,2010,ES4,1,30.0
2000,NUTS,2010,ES41,2,9.0
2001,NUTS,2010,ES41,2,9.0
2002,NUTS,2010,ES41,2,6.0
2003,NUTS,2010,ES41,2,13.0
2004,NUTS,2010,ES41,2,1.0
2005,NUTS,2010,ES41,2,1.0
2006,NUTS,2010,ES41,2,1.0
2007,NUTS,2010,ES41,2,2.0
2008,NUTS,2010,ES41,2,1.0
2009,NUTS,2010,ES41,2,10.0
2010,NUTS,2010,ES41,2,29.0
2012,NUTS,2010,ES41,2,13.0
2013,NUTS,2010,ES41,2,9.0
2014,NUTS,2010,ES41,2,10.0
2015,NUTS,2010,ES41,2,11.0
2017,NUTS,2010,ES41,2,10.0
2018,NUTS,2010,ES41,2,12.0
2019,NUTS,2010,ES41,2,10.0
2000,NUTS,2010,ES42,2,0.0
2001,NUTS,2010,ES42,2,2.0
2002,NUTS,2010,ES42,2,1.0
2003,NUTS,2010,ES42,2,0.0
2004,NUTS,2010,ES42,2,0.0
2005,NUTS,2010,ES42,2,4.0
2006,NUTS,2010,ES42,2,2.0
2007,NUTS,2010,ES42,2,1.0
2008,NUTS,2010,ES42,2,8.0
2009,NUTS,2010,ES42,2,21.0
2010,NUTS,2010,ES42,2,18.0
2013,NUTS,2010,ES42,2,4.0
2014,NUTS,2010,ES42,2,4.0
2015,NUTS,2010,ES42,2,6.0
2017,NUTS,2010,ES42,2,5.0
2000,NUTS,2010,ES43,2,0.0
2001,NUTS,2010,ES43,2,1.0
2002,NUTS,2010,ES43,2,0.0
2003,NUTS,2010,ES43,2,0.0
2004,NUTS,2010,ES43,2,6.0
2005,NUTS,2010,ES43,2,1.0
2006,NUTS,2010,ES43,2,1.0
2007,NUTS,2010,ES43,2,14.0
2008,NUTS,2010,ES43,2,5.0
2009,NUTS,2010,ES43,2,7.0
2010,NUTS,2010,ES43,2,13.0
2011,NUTS,2010,ES43,2,11.0
2013,NUTS,2010,ES43,2,12.0
2014,NUTS,2010,ES43,2,12.0
2015,NUTS,2010,ES43,2,15.0
2016,NUTS,2010,ES43,2,15.0
2000,NUTS,2010,ES5,1,539.0
2001,NUTS,2010,ES5,1,441.0
2002,NUTS,2010,ES5,1,140.0
2003,NUTS,2010,ES5,1,151.0
2004,NUTS,2010,ES5,1,135.0
2005,NUTS,2010,ES5,1,122.0
2006,NUTS,2010,ES5,1,135.0
2007,NUTS,2010,ES5,1,120.0
2008,NUTS,2010,ES5,1,111.0
2009,NUTS,2010,ES5,1,159.0
2010,NUTS,2010,ES5,1,185.0
2011,NUTS,2010,ES5,1,167.0
2012,NUTS,2010,ES5,1,154.0
2013,NUTS,2010,ES5,1,151.0
2014,NUTS,2010,ES5,1,186.0
2015,NUTS,2010,ES5,1,176.0
2016,NUTS,2010,ES5,1,272.0
2017,NUTS,2010,ES5,1,211.0
2018,NUTS,2010,ES5,1,181.0
2000,NUTS,2010,ES51,2,421.0
2001,NUTS,2010,ES51,2,392.0
2002,NUTS,2010,ES51,2,123.0
2003,NUTS,2010,ES51,2,125.0
2004,NUTS,2010,ES51,2,104.0
2005,NUTS,2010,ES51,2,94.0
2006,NUTS,2010,ES51,2,104.0
2007,NUTS,2010,ES51,2,108.0
2008,NUTS,2010,ES51,2,98.0
2009,NUTS,2010,ES51,2,126.0
2010,NUTS,2010,ES51,2,142.0
2011,NUTS,2010,ES51,2,118.0
2012,NUTS,2010,ES51,2,103.0
2013,NUTS,2010,ES51,2,96.0
2014,NUTS,2010,ES51,2,132.0
2015,NUTS,2010,ES51,2,133.0
2016,NUTS,2010,ES51,2,222.0
2017,NUTS,2010,ES51,2,162.0
2018,NUTS,2010,ES51,2,157.0
2019,NUTS,2010,ES51,2,144.0
2000,NUTS,2010,ES52,2,114.0
2001,NUTS,2010,ES52,2,45.0
2002,NUTS,2010,ES52,2,13.0
2003,NUTS,2010,ES52,2,21.0
2004,NUTS,2010,ES52,2,23.0
2005,NUTS,2010,ES52,2,24.0
2006,NUTS,2010,ES52,2,28.0
2007,NUTS,2010,ES52,2,7.0
2008,NUTS,2010,ES52,2,1.0
2009,NUTS,2010,ES52,2,18.0
2010,NUTS,2010,ES52,2,20.0
2011,NUTS,2010,ES52,2,37.0
2012,NUTS,2010,ES52,2,34.0
2013,NUTS,2010,ES52,2,39.0
2014,NUTS,2010,ES52,2,38.0
2015,NUTS,2010,ES52,2,31.0
2016,NUTS,2010,ES52,2,35.0
2017,NUTS,2010,ES52,2,35.0
2018,NUTS,2010,ES52,2,13.0
2019,NUTS,2010,ES52,2,14.0
2000,NUTS,2010,ES53,2,4.0
2001,NUTS,2010,ES53,2,4.0
2002,NUTS,2010,ES53,2,4.0
2003,NUTS,2010,ES53,2,5.0
2004,NUTS,2010,ES53,2,8.0
2005,NUTS,2010,ES53,2,4.0
2006,NUTS,2010,ES53,2,3.0
2007,NUTS,2010,ES53,2,5.0
2008,NUTS,2010,ES53,2,12.0
2009,NUTS,2010,ES53,2,15.0
2010,NUTS,2010,ES53,2,23.0
2011,NUTS,2010,ES53,2,12.0
2012,NUTS,2010,ES53,2,17.0
2013,NUTS,2010,ES53,2,16.0
2014,NUTS,2010,ES53,2,16.0
2015,NUTS,2010,ES53,2,12.0
2016,NUTS,2010,ES53,2,15.0
2017,NUTS,2010,ES53,2,14.0
2018,NUTS,2010,ES53,2,11.0
2000,NUTS,2010,ES6,1,30.0
2001,NUTS,2010,ES6,1,32.0
2002,NUTS,2010,ES6,1,8.0
2003,NUTS,2010,ES6,1,14.0
2004,NUTS,2010,ES6,1,8.0
2005,NUTS,2010,ES6,1,19.0
2006,NUTS,2010,ES6,1,17.0
2007,NUTS,2010,ES6,1,13.0
2008,NUTS,2010,ES6,1,26.0
2009,NUTS,2010,ES6,1,55.0
2010,NUTS,2010,ES6,1,44.0
2011,NUTS,2010,ES6,1,51.0
2012,NUTS,2010,ES6,1,46.0
2013,NUTS,2010,ES6,1,45.0
2014,NUTS,2010,ES6,1,43.0
2015,NUTS,2010,ES6,1,42.0
2016,NUTS,2010,ES6,1,78.0
2017,NUTS,2010,ES6,1,47.0
2018,NUTS,2010,ES6,1,26.0
2019,NUTS,2010,ES6,1,26.0
2000,NUTS,2010,ES61,2,30.0
2001,NUTS,2010,ES61,2,32.0
2002,NUTS,2010,ES61,2,6.0
2003,NUTS,2010,ES61,2,13.0
2004,NUTS,2010,ES61,2,7.0
2005,NUTS,2010,ES61,2,18.0
2006,NUTS,2010,ES61,2,16.0
2007,NUTS,2010,ES61,2,13.0
2008,NUTS,2010,ES61,2,18.0
2009,NUTS,2010,ES61,2,41.0
2010,NUTS,2010,ES61,2,34.0
2011,NUTS,2010,ES61,2,38.0
2012,NUTS,2010,ES61,2,31.0
2013,NUTS,2010,ES61,2,39.0
2014,NUTS,2010,ES61,2,37.0
2015,NUTS,2010,ES61,2,31.0
2016,NUTS,2010,ES61,2,69.0
2017,NUTS,2010,ES61,2,38.0
2018,NUTS,2010,ES61,2,23.0
2019,NUTS,2010,ES61,2,21.0
2000,NUTS,2010,ES62,2,0.0
2001,NUTS,2010,ES62,2,0.0
2002,NUTS,2010,ES62,2,2.0
2003,NUTS,2010,ES62,2,1.0
2004,NUTS,2010,ES62,2,1.0
2005,NUTS,2010,ES62,2,1.0
2006,NUTS,2010,ES62,2,1.0
2007,NUTS,2010,ES62,2,0.0
2008,NUTS,2010,ES62,2,8.0
2009,NUTS,2010,ES62,2,14.0
2010,NUTS,2010,ES62,2,10.0
2012,NUTS,2010,ES62,2,14.0
2013,NUTS,2010,ES62,2,6.0
2014,NUTS,2010,ES62,2,6.0
2015,NUTS,2010,ES62,2,11.0
2016,NUTS,2010,ES62,2,9.0
2018,NUTS,2010,ES62,2,3.0
2019,NUTS,2010,ES62,2,5.0
2000,NUTS,2010,ES63,2,0.0
2001,NUTS,2010,ES63,2,0.0
2002,NUTS,2010,ES63,2,0.0
2003,NUTS,2010,ES63,2,0.0
2004,NUTS,2010,ES63,2,0.0
2005,NUTS,2010,ES63,2,0.0
2006,NUTS,2010,ES63,2,0.0
2007,NUTS,2010,ES63,2,0.0
2008,NUTS,2010,ES63,2,0.0
2009,NUTS,2010,ES63,2,0.0
2010,NUTS,2010,ES63,2,0.0
2015,NUTS,2010,ES63,2,0.0
2000,NUTS,2010,ES64,2,0.0
2001,NUTS,2010,ES64,2,0.0
2002,NUTS,2010,ES64,2,0.0
2003,NUTS,2010,ES64,2,0.0
2004,NUTS,2010,ES64,2,0.0
2005,NUTS,2010,ES64,2,0.0
2006,NUTS,2010,ES64,2,0.0
2007,NUTS,2010,ES64,2,0.0
2008,NUTS,2010,ES64,2,0.0
2009,NUTS,2010,ES64,2,0.0
2010,NUTS,2010,ES64,2,0.0
2015,NUTS,2010,ES64,2,0.0
2000,NUTS,2010,ES7,1,0.0
2001,NUTS,2010,ES7,1,0.0
2002,NUTS,2010,ES7,1,0.0
2003,NUTS,2010,ES7,1,0.0
2004,NUTS,2010,ES7,1,1.0
2005,NUTS,2010,ES7,1,2.0
2006,NUTS,2010,ES7,1,3.0
2007,NUTS,2010,ES7,1,1.0
2008,NUTS,2010,ES7,1,1.0
2009,NUTS,2010,ES7,1,5.0
2010,NUTS,2010,ES7,1,3.0
2011,NUTS,2010,ES7,1,6.0
2012,NUTS,2010,ES7,1,7.0
2013,NUTS,2010,ES7,1,6.0
2014,NUTS,2010,ES7,1,11.0
2015,NUTS,2010,ES7,1,11.0
2016,NUTS,2010,ES7,1,11.0
2017,NUTS,2010,ES7,1,10.0
2018,NUTS,2010,ES7,1,4.0
2000,NUTS,2010,ES70,2,0.0
2001,NUTS,2010,ES70,2,0.0
2002,NUTS,2010,ES70,2,0.0
2003,NUTS,2010,ES70,2,0.0
2004,NUTS,2010,ES70,2,1.0
2005,NUTS,2010,ES70,2,2.0
2006,NUTS,2010,ES70,2,3.0
2007,NUTS,2010,ES70,2,1.0
2008,NUTS,2010,ES70,2,1.0
2009,NUTS,2010,ES70,2,5.0
2010,NUTS,2010,ES70,2,3.0
2011,NUTS,2010,ES70,2,6.0
2012,NUTS,2010,ES70,2,7.0
2013,NUTS,2010,ES70,2,6.0
2014,NUTS,2010,ES70,2,11.0
2015,NUTS,2010,ES70,2,11.0
2016,NUTS,2010,ES70,2,11.0
2017,NUTS,2010,ES70,2,10.0
2018,NUTS,2010,ES70,2,4.0
2000,NUTS,2010,ESZ,1,0.0
2001,NUTS,2010,ESZ,1,0.0
2002,NUTS,2010,ESZ,1,0.0
2003,NUTS,2010,ESZ,1,0.0
2004,NUTS,2010,ESZ,1,0.0
2005,NUTS,2010,ESZ,1,0.0
2006,NUTS,2010,ESZ,1,0.0
2007,NUTS,2010,ESZ,1,0.0
2008,NUTS,2010,ESZ,1,0.0
2009,NUTS,2010,ESZ,1,0.0
2010,NUTS,2010,ESZ,1,0.0
2011,NUTS,2010,ESZ,1,0.0
2000,NUTS,2010,ESZZ,2,0.0
2001,NUTS,2010,ESZZ,2,0.0
2002,NUTS,2010,ESZZ,2,0.0
2003,NUTS,2010,ESZZ,2,0.0
2004,NUTS,2010,ESZZ,2,0.0
2005,NUTS,2010,ESZZ,2,0.0
2006,NUTS,2010,ESZZ,2,0.0
2007,NUTS,2010,ESZZ,2,0.0
2008,NUTS,2010,ESZZ,2,0.0
2009,NUTS,2010,ESZZ,2,0.0
2010,NUTS,2010,ESZZ,2,0.0
2011,NUTS,2010,ESZZ,2,0.0
2000,NUTS,2010,EU27_2020,7,13029.0
2001,NUTS,2010,EU27_2020,7,13043.0
2002,NUTS,2010,EU27_2020,7,16031.0
2003,NUTS,2010,EU27_2020,7,15249.0
2004,NUTS,2010,EU27_2020,7,15596.0
2005,NUTS,2010,EU27_2020,7,17208.0
2006,NUTS,2010,EU27_2020,7,19238.0
2007,NUTS,2010,EU27_2020,7,18795.0
2008,NUTS,2010,EU27_2020,7,19095.0
2009,NUTS,2010,EU27_2020,7,19151.0
2010,NUTS,2010,EU27_2020,7,20779.0
2011,NUTS,2010,EU27_2020,7,20995.0
2012,NUTS,2010,EU27_2020,7,21039.0
2013,NUTS,2010,EU27_2020,7,14981.0
2014,NUTS,2010,EU27_2020,7,15840.0
2015,NUTS,2010,EU27_2020,7,15899.0
2016,NUTS,2010,EU27_2020,7,17895.0
2017,NUTS,2010,EU27_2020,7,18133.0
2018,NUTS,2010,EU27_2020,7,19478.0
2019,NUTS,2010,EU27_2020,7,21471.0
2004,NUTS,2010,FI,0,530.0
2005,NUTS,2010,FI,0,534.0
2006,NUTS,2010,FI,0,537.0
2007,NUTS,2010,FI,0,528.0
2008,NUTS,2010,FI,0,516.0
2009,NUTS,2010,FI,0,560.0
2010,NUTS,2010,FI,0,612.0
2011,NUTS,2010,FI,0,659.0
2012,NUTS,2010,FI,0,629.0
2013,NUTS,2010,FI,0,607.0
2014,NUTS,2010,FI,0,695.0
2015,NUTS,2010,FI,0,690.0
2016,NUTS,2010,FI,0,686.0
2017,NUTS,2010,FI,0,679.0
2018,NUTS,2010,FI,0,727.0
2019,NUTS,2010,FI,0,710.0
2017,NUTS,2010,FI1,1,679.0
2018,NUTS,2010,FI1,1,727.0
2019,NUTS,2010,FI1,1,710.0
2017,NUTS,2010,FI19,2,102.0
2018,NUTS,2010,FI19,2,120.0
2019,NUTS,2010,FI19,2,128.0
2017,NUTS,2010,FI1B,2,538.0
2018,NUTS,2010,FI1B,2,563.0
2019,NUTS,2010,FI1B,2,535.0
2017,NUTS,2010,FI1C,2,33.0
2018,NUTS,2010,FI1C,2,39.0
2019,NUTS,2010,FI1C,2,41.0
2017,NUTS,2010,FI1D,2,6.0
2018,NUTS,2010,FI1D,2,5.0
2019,NUTS,2010,FI1D,2,6.0
2017,NUTS,2010,FI2,1,0.0
2018,NUTS,2010,FI2,1,0.0
2019,NUTS,2010,FI2,1,0.0
2017,NUTS,2010,FI20,2,0.0
2018,NUTS,2010,FI20,2,0.0
2019,NUTS,2010,FI20,2,0.0
1992,NUTS,2010,FR,0,3201.0
1993,NUTS,2010,FR,0,3119.0
1994,NUTS,2010,FR,0,3202.0
1995,NUTS,2010,FR,0,3392.0
1996,NUTS,2010,FR,0,3559.0
1997,NUTS,2010,FR,0,4252.0
1998,NUTS,2010,FR,0,4382.0
2000,NUTS,2010,FR,0,4389.0
2001,NUTS,2010,FR,0,4461.0
2002,NUTS,2010,FR,0,4799.0
2003,NUTS,2010,FR,0,4299.0
2004,NUTS,2010,FR,0,4178.0
2005,NUTS,2010,FR,0,4306.0
2006,NUTS,2010,FR,0,4366.0
2007,NUTS,2010,FR,0,4204.0
2008,NUTS,2010,FR,0,4133.0
2009,NUTS,2010,FR,0,4069.0
2010,NUTS,2010,FR,0,3781.0
2011,NUTS,2010,FR,0,3639.0
2012,NUTS,2010,FR,0,4177.0
2013,NUTS,2010,FR,0,4400.0
2014,NUTS,2010,FR,0,4578.0
2016,NUTS,2010,FR,0,5488.0
2017,NUTS,2010,FR,0,5503.0
2018,NUTS,2010,FR,0,5905.0
2000,NUTS,2010,FR1,1,839.0
2001,NUTS,2010,FR1,1,831.0
2000,NUTS,2010,FR10,2,839.0
2001,NUTS,2010,FR10,2,831.0
2001,NUTS,2010,FR7,1,4.0
2001,NUTS,2010,FR71,2,4.0
2000,NUTS,2010,FR8,1,3.0
2001,NUTS,2010,FR8,1,1.0
2000,NUTS,2010,FR82,2,3.0
2001,NUTS,2010,FR82,2,1.0
2000,NUTS,2010,FRA,1,10.0
2001,NUTS,2010,FRA,1,13.0
2005,NUTS,2010,HR,0,12.0
2006,NUTS,2010,HR,0,3.0
2007,NUTS,2010,HR,0,0.0
2008,NUTS,2010,HR,0,9.0
2009,NUTS,2010,HR,0,14.0
2010,NUTS,2010,HR,0,14.0
2011,NUTS,2010,HR,0,17.0
2005,NUTS,2010,HR0,1,12.0
2006,NUTS,2010,HR0,1,3.0
2007,NUTS,2010,HR0,1,0.0
2008,NUTS,2010,HR0,1,9.0
2009,NUTS,2010,HR0,1,14.0
2010,NUTS,2010,HR0,1,14.0
2011,NUTS,2010,HR0,1,17.0
2008,NUTS,2010,HR02,2,0.0
2009,NUTS,2010,HR02,2,0.0
2010,NUTS,2010,HR02,2,0.0
2008,NUTS,2010,HR03,2,9.0
2009,NUTS,2010,HR03,2,14.0
2010,NUTS,2010,HR03,2,14.0
2011,NUTS,2010,HR03,2,17.0
2008,NUTS,2010,HR04,2,0.0
2009,NUTS,2010,HR04,2,0.0
2010,NUTS,2010,HR04,2,0.0
2011,NUTS,2010,HR04,2,0.0
2012,NUTS,2010,HR04,2,0.0
2013,NUTS,2010,HRZ,1,0.0
2014,NUTS,2010,HRZ,1,0.0
1991,NUTS,2010,IS,0,43.0
1993,NUTS,2010,IS,0,55.0
1995,NUTS,2010,IS,0,35.0
1997,NUTS,2010,IS,0,29.0
1998,NUTS,2010,IS,0,32.0
1999,NUTS,2010,IS,0,18.0
2001,NUTS,2010,IS,0,324.0
2003,NUTS,2010,IS,0,137.0
2005,NUTS,2010,IS,0,107.0
2006,NUTS,2010,IS,0,113.0
2007,NUTS,2010,IS,0,99.0
2008,NUTS,2010,IS,0,103.0
2009,NUTS,2010,IS,0,98.0
2011,NUTS,2010,IS,0,76.0
2016,NUTS,2010,IS,0,0.0
2017,NUTS,2010,IS,0,0.0
2018,NUTS,2010,IS,0,0.0
2002,NUTS,2010,IT,0,3216.0
2003,NUTS,2010,IT,0,3085.0
2004,NUTS,2010,IT,0,3701.0
2005,NUTS,2010,IT,0,5044.0
2006,NUTS,2010,IT,0,6238.0
2007,NUTS,2010,IT,0,5787.0
2008,NUTS,2010,IT,0,5845.0
2009,NUTS,2010,IT,0,5625.0
2010,NUTS,2010,IT,0,5880.0
2011,NUTS,2010,IT,0,5317.0
2012,NUTS,2010,IT,0,5426.0
2013,NUTS,2010,IT,0,5857.0
2014,NUTS,2010,IT,0,6324.0
2015,NUTS,2010,IT,0,6696.0
2016,NUTS,2010,IT,0,6594.0
2017,NUTS,2010,IT,0,6033.0
2018,NUTS,2010,IT,0,6060.0
2019,NUTS,2010,IT,0,7494.0
2003,NUTS,2010,ITC,1,1683.0
2004,NUTS,2010,ITC,1,1781.0
2005,NUTS,2010,ITC,1,2093.0
2007,NUTS,2010,ITC,1,2464.0
2008,NUTS,2010,ITC,1,2530.0
2009,NUTS,2010,ITC,1,2613.0
2010,NUTS,2010,ITC,1,2792.0
2011,NUTS,2010,ITC,1,2716.0
2012,NUTS,2010,ITC,1,2757.0
2013,NUTS,2010,ITC,1,3098.0
2014,NUTS,2010,ITC,1,2946.0
2015,NUTS,2010,ITC,1,3056.0
2016,NUTS,2010,ITC,1,3184.0
2017,NUTS,2010,ITC,1,2497.0
2018,NUTS,2010,ITC,1,2596.0
2019,NUTS,2010,ITC,1,2900.0
2003,NUTS,2010,ITC1,2,265.0
2004,NUTS,2010,ITC1,2,446.0
2005,NUTS,2010,ITC1,2,616.0
2007,NUTS,2010,ITC1,2,457.0
2008,NUTS,2010,ITC1,2,448.0
2009,NUTS,2010,ITC1,2,498.0
2010,NUTS,2010,ITC1,2,678.0
2011,NUTS,2010,ITC1,2,681.0
2012,NUTS,2010,ITC1,2,789.0
2013,NUTS,2010,ITC1,2,901.0
2014,NUTS,2010,ITC1,2,836.0
2015,NUTS,2010,ITC1,2,820.0
2016,NUTS,2010,ITC1,2,783.0
2017,NUTS,2010,ITC1,2,717.0
2018,NUTS,2010,ITC1,2,745.0
2019,NUTS,2010,ITC1,2,777.0
2003,NUTS,2010,ITC2,2,13.0
2004,NUTS,2010,ITC2,2,32.0
2005,NUTS,2010,ITC2,2,21.0
2007,NUTS,2010,ITC2,2,37.0
2008,NUTS,2010,ITC2,2,20.0
2009,NUTS,2010,ITC2,2,22.0
2010,NUTS,2010,ITC2,2,25.0
2011,NUTS,2010,ITC2,2,18.0
2012,NUTS,2010,ITC2,2,31.0
2013,NUTS,2010,ITC2,2,36.0
2014,NUTS,2010,ITC2,2,31.0
2015,NUTS,2010,ITC2,2,28.0
2016,NUTS,2010,ITC2,2,25.0
2017,NUTS,2010,ITC2,2,28.0
2018,NUTS,2010,ITC2,2,32.0
2019,NUTS,2010,ITC2,2,40.0
2003,NUTS,2010,ITC3,2,40.0
2004,NUTS,2010,ITC3,2,43.0
2005,NUTS,2010,ITC3,2,55.0
2007,NUTS,2010,ITC3,2,102.0
2008,NUTS,2010,ITC3,2,117.0
2009,NUTS,2010,ITC3,2,75.0
2010,NUTS,2010,ITC3,2,75.0
2011,NUTS,2010,ITC3,2,118.0
2012,NUTS,2010,ITC3,2,149.0
2013,NUTS,2010,ITC3,2,143.0
2014,NUTS,2010,ITC3,2,120.0
2015,NUTS,2010,ITC3,2,144.0
2016,NUTS,2010,ITC3,2,143.0
2017,NUTS,2010,ITC3,2,114.0
2018,NUTS,2010,ITC3,2,131.0
2019,NUTS,2010,ITC3,2,306.0
2003,NUTS,2010,ITC4,2,1365.0
2004,NUTS,2010,ITC4,2,1260.0
2005,NUTS,2010,ITC4,2,1401.0
2007,NUTS,2010,ITC4,2,1868.0
2008,NUTS,2010,ITC4,2,1945.0
2009,NUTS,2010,ITC4,2,2018.0
2010,NUTS,2010,ITC4,2,2014.0
2011,NUTS,2010,ITC4,2,1899.0
2012,NUTS,2010,ITC4,2,1788.0
2013,NUTS,2010,ITC4,2,2018.0
2014,NUTS,2010,ITC4,2,1959.0
2015,NUTS,2010,ITC4,2,2064.0
2016,NUTS,2010,ITC4,2,2233.0
2017,NUTS,2010,ITC4,2,1638.0
2018,NUTS,2010,ITC4,2,1688.0
2019,NUTS,2010,ITC4,2,1777.0
2003,NUTS,2010,ITF,1,212.0
2004,NUTS,2010,ITF,1,267.0
2005,NUTS,2010,ITF,1,478.0
2007,NUTS,2010,ITF,1,460.0
2008,NUTS,2010,ITF,1,505.0
2009,NUTS,2010,ITF,1,474.0
2010,NUTS,2010,ITF,1,456.0
2011,NUTS,2010,ITF,1,394.0
2012,NUTS,2010,ITF,1,336.0
2013,NUTS,2010,ITF,1,386.0
2014,NUTS,2010,ITF,1,469.0
2017,NUTS,2010,ITF,1,388.0
2018,NUTS,2010,ITF,1,409.0
2019,NUTS,2010,ITF,1,423.0
2003,NUTS,2010,ITF1,2,14.0
2004,NUTS,2010,ITF1,2,18.0
2005,NUTS,2010,ITF1,2,8.0
2007,NUTS,2010,ITF1,2,13.0
2008,NUTS,2010,ITF1,2,15.0
2009,NUTS,2010,ITF1,2,4.0
2010,NUTS,2010,ITF1,2,2.0
2011,NUTS,2010,ITF1,2,10.0
2012,NUTS,2010,ITF1,2,9.0
2013,NUTS,2010,ITF1,2,24.0
2014,NUTS,2010,ITF1,2,9.0
2015,NUTS,2010,ITF1,2,7.0
2016,NUTS,2010,ITF1,2,20.0
2017,NUTS,2010,ITF1,2,25.0
2018,NUTS,2010,ITF1,2,17.0
2019,NUTS,2010,ITF1,2,34.0
2003,NUTS,2010,ITF2,2,21.0
2004,NUTS,2010,ITF2,2,1.0
2005,NUTS,2010,ITF2,2,32.0
2007,NUTS,2010,ITF2,2,4.0
2008,NUTS,2010,ITF2,2,1.0
2009,NUTS,2010,ITF2,2,6.0
2017,NUTS,2010,ITF2,2,3.0
2018,NUTS,2010,ITF2,2,7.0
2019,NUTS,2010,ITF2,2,5.0
2003,NUTS,2010,ITF3,2,91.0
2004,NUTS,2010,ITF3,2,134.0
2005,NUTS,2010,ITF3,2,185.0
2007,NUTS,2010,ITF3,2,204.0
2008,NUTS,2010,ITF3,2,239.0
2009,NUTS,2010,ITF3,2,221.0
2010,NUTS,2010,ITF3,2,325.0
2011,NUTS,2010,ITF3,2,178.0
2012,NUTS,2010,ITF3,2,177.0
2013,NUTS,2010,ITF3,2,210.0
2014,NUTS,2010,ITF3,2,278.0
2015,NUTS,2010,ITF3,2,327.0
2016,NUTS,2010,ITF3,2,256.0
2017,NUTS,2010,ITF3,2,195.0
2018,NUTS,2010,ITF3,2,185.0
2019,NUTS,2010,ITF3,2,177.0
2003,NUTS,2010,ITF4,2,73.0
2004,NUTS,2010,ITF4,2,94.0
2005,NUTS,2010,ITF4,2,239.0
2007,NUTS,2010,ITF4,2,230.0
2008,NUTS,2010,ITF4,2,238.0
2009,NUTS,2010,ITF4,2,236.0
2010,NUTS,2010,ITF4,2,120.0
2011,NUTS,2010,ITF4,2,171.0
2012,NUTS,2010,ITF4,2,136.0
2013,NUTS,2010,ITF4,2,135.0
2014,NUTS,2010,ITF4,2,178.0
2015,NUTS,2010,ITF4,2,178.0
2016,NUTS,2010,ITF4,2,203.0
2017,NUTS,2010,ITF4,2,151.0
2018,NUTS,2010,ITF4,2,184.0
2019,NUTS,2010,ITF4,2,190.0
2003,NUTS,2010,ITF5,2,4.0
2004,NUTS,2010,ITF5,2,7.0
2005,NUTS,2010,ITF5,2,6.0
2007,NUTS,2010,ITF5,2,0.0
2008,NUTS,2010,ITF5,2,1.0
2009,NUTS,2010,ITF5,2,4.0
2012,NUTS,2010,ITF5,2,6.0
2013,NUTS,2010,ITF5,2,8.0
2015,NUTS,2010,ITF5,2,8.0
2017,NUTS,2010,ITF5,2,5.0
2018,NUTS,2010,ITF5,2,6.0
2019,NUTS,2010,ITF5,2,7.0
2003,NUTS,2010,ITF6,2,9.0
2004,NUTS,2010,ITF6,2,13.0
2005,NUTS,2010,ITF6,2,8.0
2007,NUTS,2010,ITF6,2,9.0
2008,NUTS,2010,ITF6,2,11.0
2009,NUTS,2010,ITF6,2,3.0
2010,NUTS,2010,ITF6,2,9.0
2011,NUTS,2010,ITF6,2,33.0
2015,NUTS,2010,ITF6,2,19.0
2016,NUTS,2010,ITF6,2,47.0
2017,NUTS,2010,ITF6,2,9.0
2018,NUTS,2010,ITF6,2,10.0
2019,NUTS,2010,ITF6,2,10.0
2003,NUTS,2010,ITG,1,60.0
2004,NUTS,2010,ITG,1,122.0
2005,NUTS,2010,ITG,1,162.0
2007,NUTS,2010,ITG,1,142.0
2008,NUTS,2010,ITG,1,167.0
2009,NUTS,2010,ITG,1,167.0
2010,NUTS,2010,ITG,1,287.0
2011,NUTS,2010,ITG,1,208.0
2012,NUTS,2010,ITG,1,273.0
2013,NUTS,2010,ITG,1,235.0
2014,NUTS,2010,ITG,1,233.0
2015,NUTS,2010,ITG,1,233.0
2016,NUTS,2010,ITG,1,207.0
2017,NUTS,2010,ITG,1,202.0
2018,NUTS,2010,ITG,1,167.0
2019,NUTS,2010,ITG,1,199.0
2003,NUTS,2010,ITG1,2,50.0
2004,NUTS,2010,ITG1,2,115.0
2005,NUTS,2010,ITG1,2,153.0
2007,NUTS,2010,ITG1,2,140.0
2008,NUTS,2010,ITG1,2,165.0
2009,NUTS,2010,ITG1,2,155.0
2010,NUTS,2010,ITG1,2,280.0
2011,NUTS,2010,ITG1,2,196.0
2012,NUTS,2010,ITG1,2,262.0
2013,NUTS,2010,ITG1,2,222.0
2014,NUTS,2010,ITG1,2,221.0
2015,NUTS,2010,ITG1,2,204.0
2016,NUTS,2010,ITG1,2,183.0
2017,NUTS,2010,ITG1,2,182.0
2018,NUTS,2010,ITG1,2,146.0
2019,NUTS,2010,ITG1,2,171.0
2003,NUTS,2010,ITG2,2,10.0
2004,NUTS,2010,ITG2,2,7.0
2005,NUTS,2010,ITG2,2,9.0
2007,NUTS,2010,ITG2,2,2.0
2008,NUTS,2010,ITG2,2,2.0
2009,NUTS,2010,ITG2,2,12.0
2010,NUTS,2010,ITG2,2,7.0
2011,NUTS,2010,ITG2,2,12.0
2012,NUTS,2010,ITG2,2,11.0
2013,NUTS,2010,ITG2,2,13.0
2014,NUTS,2010,ITG2,2,12.0
2015,NUTS,2010,ITG2,2,29.0
2016,NUTS,2010,ITG2,2,24.0
2017,NUTS,2010,ITG2,2,20.0
2018,NUTS,2010,ITG2,2,21.0
2019,NUTS,2010,ITG2,2,28.0
2003,NUTS,2010,ITH,1,636.0
2004,NUTS,2010,ITH,1,940.0
2005,NUTS,2010,ITH,1,953.0
2007,NUTS,2010,ITH,1,1261.0
2008,NUTS,2010,ITH,1,1148.0
2009,NUTS,2010,ITH,1,1230.0
2010,NUTS,2010,ITH,1,902.0
2011,NUTS,2010,ITH,1,572.0
2012,NUTS,2010,ITH,1,614.0
2013,NUTS,2010,ITH,1,662.0
2014,NUTS,2010,ITH,1,1048.0
2015,NUTS,2010,ITH,1,1094.0
2016,NUTS,2010,ITH,1,1036.0
2017,NUTS,2010,ITH,1,1000.0
2018,NUTS,2010,ITH,1,975.0
2019,NUTS,2010,ITH,1,1273.0
2003,NUTS,2010,ITH1,2,75.0
2004,NUTS,2010,ITH1,2,107.0
2005,NUTS,2010,ITH1,2,83.0
2007,NUTS,2010,ITH1,2,216.0
2008,NUTS,2010,ITH1,2,128.0
2009,NUTS,2010,ITH1,2,167.0
2010,NUTS,2010,ITH1,2,0.0
2011,NUTS,2010,ITH1,2,5.0
2012,NUTS,2010,ITH1,2,7.0
2013,NUTS,2010,ITH1,2,7.0
2014,NUTS,2010,ITH1,2,370.0
2015,NUTS,2010,ITH1,2,374.0
2016,NUTS,2010,ITH1,2,311.0
2017,NUTS,2010,ITH1,2,410.0
2018,NUTS,2010,ITH1,2,342.0
2019,NUTS,2010,ITH1,2,369.0
2003,NUTS,2010,ITH2,2,33.0
2004,NUTS,2010,ITH2,2,44.0
2005,NUTS,2010,ITH2,2,81.0
2007,NUTS,2010,ITH2,2,130.0
2008,NUTS,2010,ITH2,2,163.0
2009,NUTS,2010,ITH2,2,225.0
2010,NUTS,2010,ITH2,2,185.0
2011,NUTS,2010,ITH2,2,137.0
2012,NUTS,2010,ITH2,2,154.0
2013,NUTS,2010,ITH2,2,156.0
2014,NUTS,2010,ITH2,2,120.0
2015,NUTS,2010,ITH2,2,126.0
2016,NUTS,2010,ITH2,2,106.0
2017,NUTS,2010,ITH2,2,52.0
2018,NUTS,2010,ITH2,2,45.0
2019,NUTS,2010,ITH2,2,36.0
2003,NUTS,2010,ITH3,2,397.0
2004,NUTS,2010,ITH3,2,513.0
2005,NUTS,2010,ITH3,2,507.0
2007,NUTS,2010,ITH3,2,570.0
2008,NUTS,2010,ITH3,2,505.0
2009,NUTS,2010,ITH3,2,590.0
2010,NUTS,2010,ITH3,2,493.0
2011,NUTS,2010,ITH3,2,241.0
2012,NUTS,2010,ITH3,2,192.0
2013,NUTS,2010,ITH3,2,219.0
2014,NUTS,2010,ITH3,2,243.0
2015,NUTS,2010,ITH3,2,276.0
2016,NUTS,2010,ITH3,2,267.0
2017,NUTS,2010,ITH3,2,233.0
2018,NUTS,2010,ITH3,2,264.0
2019,NUTS,2010,ITH3,2,598.0
2003,NUTS,2010,ITH4,2,44.0
2004,NUTS,2010,ITH4,2,69.0
2005,NUTS,2010,ITH4,2,69.0
2007,NUTS,2010,ITH4,2,130.0
2008,NUTS,2010,ITH4,2,118.0
2009,NUTS,2010,ITH4,2,120.0
2010,NUTS,2010,ITH4,2,140.0
2011,NUTS,2010,ITH4,2,125.0
2012,NUTS,2010,ITH4,2,144.0
2013,NUTS,2010,ITH4,2,139.0
2014,NUTS,2010,ITH4,2,156.0
2015,NUTS,2010,ITH4,2,149.0
2016,NUTS,2010,ITH4,2,127.0
2017,NUTS,2010,ITH4,2,112.0
2018,NUTS,2010,ITH4,2,121.0
2019,NUTS,2010,ITH4,2,114.0
2003,NUTS,2010,ITH5,2,87.0
2004,NUTS,2010,ITH5,2,207.0
2005,NUTS,2010,ITH5,2,213.0
2007,NUTS,2010,ITH5,2,215.0
2008,NUTS,2010,ITH5,2,234.0
2009,NUTS,2010,ITH5,2,128.0
2010,NUTS,2010,ITH5,2,84.0
2011,NUTS,2010,ITH5,2,64.0
2012,NUTS,2010,ITH5,2,117.0
2013,NUTS,2010,ITH5,2,141.0
2014,NUTS,2010,ITH5,2,159.0
2015,NUTS,2010,ITH5,2,169.0
2016,NUTS,2010,ITH5,2,225.0
2017,NUTS,2010,ITH5,2,193.0
2018,NUTS,2010,ITH5,2,203.0
2019,NUTS,2010,ITH5,2,156.0
2003,NUTS,2010,ITI,1,494.0
2004,NUTS,2010,ITI,1,591.0
2005,NUTS,2010,ITI,1,1358.0
2007,NUTS,2010,ITI,1,1460.0
2008,NUTS,2010,ITI,1,1495.0
2009,NUTS,2010,ITI,1,1141.0
2010,NUTS,2010,ITI,1,1443.0
2011,NUTS,2010,ITI,1,1427.0
2012,NUTS,2010,ITI,1,1446.0
2013,NUTS,2010,ITI,1,1476.0
2014,NUTS,2010,ITI,1,1628.0
2017,NUTS,2010,ITI,1,1946.0
2018,NUTS,2010,ITI,1,1913.0
2019,NUTS,2010,ITI,1,2699.0
2003,NUTS,2010,ITI1,2,62.0
2004,NUTS,2010,ITI1,2,63.0
2005,NUTS,2010,ITI1,2,229.0
2007,NUTS,2010,ITI1,2,222.0
2008,NUTS,2010,ITI1,2,231.0
2009,NUTS,2010,ITI1,2,215.0
2010,NUTS,2010,ITI1,2,246.0
2011,NUTS,2010,ITI1,2,203.0
2012,NUTS,2010,ITI1,2,270.0
2013,NUTS,2010,ITI1,2,260.0
2014,NUTS,2010,ITI1,2,348.0
2015,NUTS,2010,ITI1,2,423.0
2016,NUTS,2010,ITI1,2,416.0
2017,NUTS,2010,ITI1,2,343.0
2018,NUTS,2010,ITI1,2,326.0
2019,NUTS,2010,ITI1,2,340.0
2003,NUTS,2010,ITI2,2,9.0
2004,NUTS,2010,ITI2,2,4.0
2005,NUTS,2010,ITI2,2,38.0
2007,NUTS,2010,ITI2,2,8.0
2008,NUTS,2010,ITI2,2,8.0
2009,NUTS,2010,ITI2,2,7.0
2010,NUTS,2010,ITI2,2,8.0
2011,NUTS,2010,ITI2,2,7.0
2012,NUTS,2010,ITI2,2,2.0
2013,NUTS,2010,ITI2,2,7.0
2014,NUTS,2010,ITI2,2,6.0
2017,NUTS,2010,ITI2,2,7.0
2018,NUTS,2010,ITI2,2,10.0
2019,NUTS,2010,ITI2,2,8.0
2003,NUTS,2010,ITI3,2,31.0
2004,NUTS,2010,ITI3,2,29.0
2005,NUTS,2010,ITI3,2,19.0
2007,NUTS,2010,ITI3,2,4.0
2008,NUTS,2010,ITI3,2,4.0
2009,NUTS,2010,ITI3,2,10.0
2010,NUTS,2010,ITI3,2,6.0
2011,NUTS,2010,ITI3,2,6.0
2012,NUTS,2010,ITI3,2,6.0
2013,NUTS,2010,ITI3,2,5.0
2014,NUTS,2010,ITI3,2,7.0
2015,NUTS,2010,ITI3,2,3.0
2016,NUTS,2010,ITI3,2,11.0
2017,NUTS,2010,ITI3,2,37.0
2018,NUTS,2010,ITI3,2,35.0
2019,NUTS,2010,ITI3,2,34.0
2003,NUTS,2010,ITI4,2,392.0
2004,NUTS,2010,ITI4,2,495.0
2005,NUTS,2010,ITI4,2,1072.0
2007,NUTS,2010,ITI4,2,1226.0
2008,NUTS,2010,ITI4,2,1252.0
2009,NUTS,2010,ITI4,2,909.0
2010,NUTS,2010,ITI4,2,1183.0
2011,NUTS,2010,ITI4,2,1211.0
2012,NUTS,2010,ITI4,2,1168.0
2013,NUTS,2010,ITI4,2,1204.0
2014,NUTS,2010,ITI4,2,1267.0
2015,NUTS,2010,ITI4,2,1343.0
2016,NUTS,2010,ITI4,2,1204.0
2017,NUTS,2010,ITI4,2,1559.0
2018,NUTS,2010,ITI4,2,1542.0
2019,NUTS,2010,ITI4,2,2317.0
2001,NUTS,2010,JP,0,14035.0
2002,NUTS,2010,JP,0,13815.0
2003,NUTS,2010,JP,0,12327.0
2004,NUTS,2010,JP,0,12051.0
2005,NUTS,2010,JP,0,10390.0
2006,NUTS,2010,JP,0,10129.0
2007,NUTS,2010,JP,0,10155.0
2008,NUTS,2010,JP,0,10147.0
2009,NUTS,2010,JP,0,9815.0
2010,NUTS,2010,JP,0,9053.0
2011,NUTS,2010,JP,0,8630.0
2012,NUTS,2010,JP,0,8694.0
2013,NUTS,2010,JP,0,9038.0
2014,NUTS,2010,JP,0,10567.0
2015,NUTS,2010,JP,0,10309.0
2016,NUTS,2010,JP,0,9913.0
2017,NUTS,2010,JP,0,9717.0
2018,NUTS,2010,JP,0,9503.0
2019,NUTS,2010,JP,0,9717.0
1997,NUTS,2010,KR,0,1493.0
1998,NUTS,2010,KR,0,1112.0
1999,NUTS,2010,KR,0,1519.0
2000,NUTS,2010,KR,0,1422.0
2001,NUTS,2010,KR,0,1186.0
2002,NUTS,2010,KR,0,1627.0
2003,NUTS,2010,KR,0,1759.0
2004,NUTS,2010,KR,0,1703.0
2005,NUTS,2010,KR,0,2036.0
2006,NUTS,2010,KR,0,2181.0
2007,NUTS,2010,KR,0,2883.0
2008,NUTS,2010,KR,0,3673.0
2009,NUTS,2010,KR,0,3711.0
2010,NUTS,2010,KR,0,4217.0
2011,NUTS,2010,KR,0,5090.0
2012,NUTS,2010,KR,0,4000.0
2013,NUTS,2010,KR,0,4987.0
2014,NUTS,2010,KR,0,5814.0
2015,NUTS,2010,KR,0,6564.0
2016,NUTS,2010,KR,0,6709.0
2017,NUTS,2010,KR,0,6819.0
2018,NUTS,2010,KR,0,6934.0
2019,NUTS,2010,KR,0,7934.0
1996,NUTS,2010,LT,0,58.0
1997,NUTS,2010,LT,0,27.0
1998,NUTS,2010,LT,0,31.0
1999,NUTS,2010,LT,0,27.0
1996,NUTS,2010,LV,0,1.0
1997,NUTS,2010,LV,0,1.0
1998,NUTS,2010,LV,0,2.0
1999,NUTS,2010,LV,0,2.0
2000,NUTS,2010,LV,0,2.0
2001,NUTS,2010,LV,0,5.0
2002,NUTS,2010,LV,0,5.0
2004,NUTS,2010,LV,0,1.0
2005,NUTS,2010,LV,0,1.0
2006,NUTS,2010,LV,0,1.0
2011,NUTS,2010,ME,0,9.0
2013,NUTS,2010,ME,0,23.0
2014,NUTS,2010,ME,0,25.0
2015,NUTS,2010,ME,0,74.0
2016,NUTS,2010,ME,0,57.0
2017,NUTS,2010,ME,0,32.0
2018,NUTS,2010,ME,0,33.0
2019,NUTS,2010,ME,0,36.0
2015,NUTS,2010,MK,0,15.0
2016,NUTS,2010,MK,0,63.0
2017,NUTS,2010,MK,0,66.0
2018,NUTS,2010,MK,0,50.0
2019,NUTS,2010,MK,0,38.0
2002,NUTS,2010,MT,0,0.0
2003,NUTS,2010,MT,0,0.0
2004,NUTS,2010,MT,0,0.0
2005,NUTS,2010,MT,0,0.0
2006,NUTS,2010,MT,0,0.0
2007,NUTS,2010,MT,0,0.0
2008,NUTS,2010,MT,0,0.0
2009,NUTS,2010,MT,0,0.0
1994,NUTS,2010,NL,0,674.0
1995,NUTS,2010,NL,0,696.0
1996,NUTS,2010,NL,0,670.0
1997,NUTS,2010,NL,0,704.0
1998,NUTS,2010,NL,0,711.0
1999,NUTS,2010,NL,0,689.0
2000,NUTS,2010,NL,0,807.0
2001,NUTS,2010,NL,0,614.0
2002,NUTS,2010,NL,0,563.0
2013,NUTS,2010,NL,0,0.0
2014,NUTS,2010,NL,0,0.0
2015,NUTS,2010,NL,0,0.0
2016,NUTS,2010,NL,0,0.0
2017,NUTS,2010,NL,0,0.0
2018,NUTS,2010,NL,0,0.0
2019,NUTS,2010,NL,0,0.0
2002,NUTS,2010,NL2,1,64.0
2002,NUTS,2010,NL21,2,64.0
2000,NUTS,2010,NL3,1,610.0
2002,NUTS,2010,NL3,1,432.0
2002,NUTS,2010,NL31,2,6.0
2000,NUTS,2010,NL32,2,327.0
2002,NUTS,2010,NL32,2,339.0
2000,NUTS,2010,NL33,2,283.0
2002,NUTS,2010,NL33,2,87.0
1994,NUTS,2010,PL,0,0.0
1995,NUTS,2010,PL,0,0.0
1996,NUTS,2010,PL,0,23.0
1997,NUTS,2010,PL,0,0.0
1998,NUTS,2010,PL,0,22.0
1999,NUTS,2010,PL,0,43.0
2000,NUTS,2010,PL,0,35.0
2001,NUTS,2010,PL,0,47.0
2002,NUTS,2010,PL,0,82.0
2003,NUTS,2010,PL,0,47.0
2004,NUTS,2010,PL,0,59.0
2005,NUTS,2010,PL,0,117.0
2006,NUTS,2010,PL,0,124.0
2007,NUTS,2010,PL,0,74.0
2008,NUTS,2010,PL,0,35.0
2009,NUTS,2010,PL,0,17.0
2010,NUTS,2010,PL,0,71.0
2011,NUTS,2010,PL,0,91.0
2012,NUTS,2010,PL,0,194.0
2013,NUTS,2010,PL,0,170.0
2014,NUTS,2010,PL,0,168.0
2015,NUTS,2010,PL,0,164.0
2016,NUTS,2010,PL,0,714.0
2017,NUTS,2010,PL,0,1732.0
2018,NUTS,2010,PL,0,1851.0
2019,NUTS,2010,PL,0,1898.0
2000,NUTS,2010,PL1,1,5.0
2001,NUTS,2010,PL1,1,15.0
2002,NUTS,2010,PL1,1,36.0
2003,NUTS,2010,PL1,1,36.0
2004,NUTS,2010,PL1,1,30.0
2005,NUTS,2010,PL1,1,51.0
2006,NUTS,2010,PL1,1,47.0
2007,NUTS,2010,PL1,1,18.0
2008,NUTS,2010,PL1,1,10.0
2009,NUTS,2010,PL1,1,8.0
2011,NUTS,2010,PL1,1,54.0
2012,NUTS,2010,PL1,1,88.0
2013,NUTS,2010,PL1,1,90.0
2014,NUTS,2010,PL1,1,67.0
2015,NUTS,2010,PL1,1,79.0
2002,NUTS,2010,PL11,2,3.0
2003,NUTS,2010,PL11,2,3.0
2004,NUTS,2010,PL11,2,3.0
2005,NUTS,2010,PL11,2,21.0
2007,NUTS,2010,PL11,2,0.0
2008,NUTS,2010,PL11,2,3.0
2009,NUTS,2010,PL11,2,4.0
2000,NUTS,2010,PL12,2,5.0
2001,NUTS,2010,PL12,2,15.0
2002,NUTS,2010,PL12,2,33.0
2003,NUTS,2010,PL12,2,33.0
2004,NUTS,2010,PL12,2,27.0
2005,NUTS,2010,PL12,2,30.0
2007,NUTS,2010,PL12,2,18.0
2008,NUTS,2010,PL12,2,7.0
2009,NUTS,2010,PL12,2,4.0
2010,NUTS,2010,PL12,2,29.0
2000,NUTS,2010,PL2,1,0.0
2001,NUTS,2010,PL2,1,6.0
2002,NUTS,2010,PL2,1,22.0
2003,NUTS,2010,PL2,1,10.0
2004,NUTS,2010,PL2,1,0.0
2005,NUTS,2010,PL2,1,16.0
2006,NUTS,2010,PL2,1,22.0
2007,NUTS,2010,PL2,1,13.0
2008,NUTS,2010,PL2,1,25.0
2009,NUTS,2010,PL2,1,7.0
2011,NUTS,2010,PL2,1,19.0
2013,NUTS,2010,PL2,1,60.0
2014,NUTS,2010,PL2,1,44.0
2015,NUTS,2010,PL2,1,19.0
2016,NUTS,2010,PL2,1,173.0
2017,NUTS,2010,PL2,1,278.0
2018,NUTS,2010,PL2,1,311.0
2019,NUTS,2010,PL2,1,310.0
2000,NUTS,2010,PL21,2,0.0
2002,NUTS,2010,PL21,2,13.0
2003,NUTS,2010,PL21,2,0.0
2005,NUTS,2010,PL21,2,0.0
2008,NUTS,2010,PL21,2,5.0
2009,NUTS,2010,PL21,2,7.0
2015,NUTS,2010,PL21,2,19.0
2017,NUTS,2010,PL21,2,169.0
2018,NUTS,2010,PL21,2,155.0
2019,NUTS,2010,PL21,2,230.0
2001,NUTS,2010,PL22,2,6.0
2002,NUTS,2010,PL22,2,9.0
2003,NUTS,2010,PL22,2,10.0
2005,NUTS,2010,PL22,2,16.0
2008,NUTS,2010,PL22,2,20.0
2009,NUTS,2010,PL22,2,0.0
2010,NUTS,2010,PL22,2,0.0
2012,NUTS,2010,PL22,2,3.0
2015,NUTS,2010,PL22,2,0.0
2017,NUTS,2010,PL22,2,109.0
2018,NUTS,2010,PL22,2,156.0
2019,NUTS,2010,PL22,2,80.0
2000,NUTS,2010,PL3,1,2.0
2001,NUTS,2010,PL3,1,2.0
2002,NUTS,2010,PL3,1,0.0
2004,NUTS,2010,PL3,1,1.0
2005,NUTS,2010,PL3,1,2.0
2006,NUTS,2010,PL3,1,2.0
2009,NUTS,2010,PL3,1,1.0
2002,NUTS,2010,PL31,2,0.0
2005,NUTS,2010,PL31,2,0.0
2006,NUTS,2010,PL31,2,0.0
2007,NUTS,2010,PL31,2,0.0
2009,NUTS,2010,PL31,2,0.0
2011,NUTS,2010,PL31,2,0.0
2013,NUTS,2010,PL31,2,0.0
2014,NUTS,2010,PL31,2,0.0
2015,NUTS,2010,PL31,2,0.0
2002,NUTS,2010,PL32,2,0.0
2005,NUTS,2010,PL32,2,2.0
2006,NUTS,2010,PL32,2,2.0
2002,NUTS,2010,PL33,2,0.0
2005,NUTS,2010,PL33,2,0.0
2007,NUTS,2010,PL33,2,0.0
2010,NUTS,2010,PL33,2,0.0
2015,NUTS,2010,PL33,2,0.0
2002,NUTS,2010,PL34,2,0.0
2005,NUTS,2010,PL34,2,0.0
2007,NUTS,2010,PL34,2,0.0
2013,NUTS,2010,PL34,2,0.0
2000,NUTS,2010,PL4,1,0.0
2002,NUTS,2010,PL4,1,0.0
2003,NUTS,2010,PL4,1,1.0
2004,NUTS,2010,PL4,1,4.0
2005,NUTS,2010,PL4,1,14.0
2006,NUTS,2010,PL4,1,26.0
2007,NUTS,2010,PL4,1,14.0
2009,NUTS,2010,PL4,1,1.0
2010,NUTS,2010,PL4,1,3.0
2013,NUTS,2010,PL4,1,6.0
2014,NUTS,2010,PL4,1,45.0
2015,NUTS,2010,PL4,1,45.0
2016,NUTS,2010,PL4,1,55.0
2017,NUTS,2010,PL4,1,145.0
2018,NUTS,2010,PL4,1,59.0
2019,NUTS,2010,PL4,1,56.0
2000,NUTS,2010,PL41,2,0.0
2002,NUTS,2010,PL41,2,0.0
2003,NUTS,2010,PL41,2,1.0
2004,NUTS,2010,PL41,2,4.0
2005,NUTS,2010,PL41,2,14.0
2006,NUTS,2010,PL41,2,26.0
2007,NUTS,2010,PL41,2,14.0
2009,NUTS,2010,PL41,2,0.0
2010,NUTS,2010,PL41,2,0.0
2011,NUTS,2010,PL41,2,0.0
2017,NUTS,2010,PL41,2,111.0
2018,NUTS,2010,PL41,2,44.0
2019,NUTS,2010,PL41,2,51.0
2002,NUTS,2010,PL42,2,0.0
2005,NUTS,2010,PL42,2,0.0
2006,NUTS,2010,PL42,2,0.0
2007,NUTS,2010,PL42,2,0.0
2010,NUTS,2010,PL42,2,3.0
2002,NUTS,2010,PL43,2,0.0
2005,NUTS,2010,PL43,2,0.0
2006,NUTS,2010,PL43,2,0.0
2007,NUTS,2010,PL43,2,0.0
2010,NUTS,2010,PL43,2,0.0
2015,NUTS,2010,PL43,2,0.0
2002,NUTS,2010,PL5,1,0.0
2005,NUTS,2010,PL5,1,0.0
2006,NUTS,2010,PL5,1,0.0
2007,NUTS,2010,PL5,1,0.0
2011,NUTS,2010,PL5,1,13.0
2012,NUTS,2010,PL5,1,8.0
2013,NUTS,2010,PL5,1,10.0
2014,NUTS,2010,PL5,1,7.0
2016,NUTS,2010,PL5,1,38.0
2017,NUTS,2010,PL5,1,43.0
2018,NUTS,2010,PL5,1,109.0
2019,NUTS,2010,PL5,1,183.0
2002,NUTS,2010,PL51,2,0.0
2005,NUTS,2010,PL51,2,0.0
2006,NUTS,2010,PL51,2,0.0
2007,NUTS,2010,PL51,2,0.0
2009,NUTS,2010,PL51,2,0.0
2011,NUTS,2010,PL51,2,13.0
2012,NUTS,2010,PL51,2,8.0
2002,NUTS,2010,PL52,2,0.0
2005,NUTS,2010,PL52,2,0.0
2006,NUTS,2010,PL52,2,0.0
2007,NUTS,2010,PL52,2,0.0
2010,NUTS,2010,PL52,2,0.0
2000,NUTS,2010,PL6,1,28.0
2001,NUTS,2010,PL6,1,24.0
2002,NUTS,2010,PL6,1,24.0
2004,NUTS,2010,PL6,1,24.0
2005,NUTS,2010,PL6,1,34.0
2006,NUTS,2010,PL6,1,27.0
2011,NUTS,2010,PL6,1,0.0
2015,NUTS,2010,PL6,1,0.0
2016,NUTS,2010,PL6,1,28.0
2017,NUTS,2010,PL6,1,263.0
2018,NUTS,2010,PL6,1,156.0
2019,NUTS,2010,PL6,1,189.0
2002,NUTS,2010,PL61,2,0.0
2005,NUTS,2010,PL61,2,0.0
2006,NUTS,2010,PL61,2,0.0
2007,NUTS,2010,PL61,2,0.0
2011,NUTS,2010,PL61,2,0.0
2013,NUTS,2010,PL61,2,0.0
2015,NUTS,2010,PL61,2,0.0
2002,NUTS,2010,PL62,2,0.0
2005,NUTS,2010,PL62,2,0.0
2006,NUTS,2010,PL62,2,0.0
2007,NUTS,2010,PL62,2,0.0
2015,NUTS,2010,PL62,2,0.0
2000,NUTS,2010,PL63,2,28.0
2001,NUTS,2010,PL63,2,24.0
2002,NUTS,2010,PL63,2,24.0
2004,NUTS,2010,PL63,2,24.0
2005,NUTS,2010,PL63,2,34.0
2011,NUTS,2010,PL63,2,0.0
2013,NUTS,2010,PL63,2,0.0
2014,NUTS,2010,PL63,2,0.0
2015,NUTS,2010,PL63,2,0.0
2017,NUTS,2010,PL63,2,72.0
2019,NUTS,2010,PL63,2,73.0
2016,NUTS,2010,PL7,1,27.0
2017,NUTS,2010,PL7,1,59.0
2018,NUTS,2010,PL7,1,334.0
2019,NUTS,2010,PL7,1,392.0
2016,NUTS,2010,PL71,2,27.0
2016,NUTS,2010,PL8,1,47.0
2017,NUTS,2010,PL8,1,71.0
2018,NUTS,2010,PL8,1,166.0
2019,NUTS,2010,PL8,1,96.0
2016,NUTS,2010,PL81,2,4.0
2018,NUTS,2010,PL81,2,104.0
2019,NUTS,2010,PL81,2,28.0
2016,NUTS,2010,PL82,2,23.0
2019,NUTS,2010,PL82,2,39.0
2016,NUTS,2010,PL84,2,20.0
2019,NUTS,2010,PL84,2,29.0
2016,NUTS,2010,PL9,1,346.0
2017,NUTS,2010,PL9,1,873.0
2018,NUTS,2010,PL9,1,716.0
2019,NUTS,2010,PL9,1,672.0
2019,NUTS,2010,PL91,2,672.0
2019,NUTS,2010,PL92,2,0.0
1982,NUTS,2010,PT,0,241.0
1983,NUTS,2010,PT,0,226.0
1984,NUTS,2010,PT,0,210.0
1985,NUTS,2010,PT,0,349.0
1986,NUTS,2010,PT,0,488.0
1987,NUTS,2010,PT,0,567.0
1988,NUTS,2010,PT,0,645.0
1989,NUTS,2010,PT,0,843.0
1990,NUTS,2010,PT,0,1041.0
1991,NUTS,2010,PT,0,1360.0
1992,NUTS,2010,PT,0,1678.0
1993,NUTS,2010,PT,0,1995.0
1994,NUTS,2010,PT,0,2371.0
1995,NUTS,2010,PT,0,2867.0
1996,NUTS,2010,PT,0,3131.0
1997,NUTS,2010,PT,0,3395.0
1998,NUTS,2010,PT,0,3479.0
1999,NUTS,2010,PT,0,3562.0
2000,NUTS,2010,PT,0,3798.0
2001,NUTS,2010,PT,0,4034.0
2002,NUTS,2010,PT,0,4427.0
2003,NUTS,2010,PT,0,4820.0
2004,NUTS,2010,PT,0,4709.0
2005,NUTS,2010,PT,0,4597.0
2006,NUTS,2010,PT,0,5137.0
2007,NUTS,2010,PT,0,5676.0
2008,NUTS,2010,PT,0,5990.0
2009,NUTS,2010,PT,0,5938.0
2010,NUTS,2010,PT,0,7246.0
2011,NUTS,2010,PT,0,8087.0
2012,NUTS,2010,PT,0,7488.0
2013,NUTS,2010,PT,0,741.0
2014,NUTS,2010,PT,0,656.0
2015,NUTS,2010,PT,0,562.0
2016,NUTS,2010,PT,0,586.0
2017,NUTS,2010,PT,0,615.0
2018,NUTS,2010,PT,0,679.0
2019,NUTS,2010,PT,0,713.0
2020,NUTS,2010,PT,0,1079.0
2000,NUTS,2010,PT1,1,3720.0
2001,NUTS,2010,PT1,1,3951.0
2002,NUTS,2010,PT1,1,4360.0
2003,NUTS,2010,PT1,1,4768.0
2004,NUTS,2010,PT1,1,4624.0
2005,NUTS,2010,PT1,1,4479.0
2006,NUTS,2010,PT1,1,5032.0
2007,NUTS,2010,PT1,1,5584.0
2008,NUTS,2010,PT1,1,5900.0
2009,NUTS,2010,PT1,1,5849.0
2010,NUTS,2010,PT1,1,7145.0
2011,NUTS,2010,PT1,1,7927.0
2012,NUTS,2010,PT1,1,7379.0
2013,NUTS,2010,PT1,1,735.0
2014,NUTS,2010,PT1,1,647.0
2015,NUTS,2010,PT1,1,554.0
2016,NUTS,2010,PT1,1,578.0
2017,NUTS,2010,PT1,1,605.0
2018,NUTS,2010,PT1,1,668.0
2019,NUTS,2010,PT1,1,711.0
2020,NUTS,2010,PT1,1,1067.0
2000,NUTS,2010,PT11,2,1238.0
2001,NUTS,2010,PT11,2,1295.0
2002,NUTS,2010,PT11,2,1435.0
2003,NUTS,2010,PT11,2,1575.0
2004,NUTS,2010,PT11,2,1466.0
2005,NUTS,2010,PT11,2,1357.0
2006,NUTS,2010,PT11,2,1604.0
2007,NUTS,2010,PT11,2,1850.0
2008,NUTS,2010,PT11,2,1883.0
2009,NUTS,2010,PT11,2,1933.0
2010,NUTS,2010,PT11,2,2209.0
2011,NUTS,2010,PT11,2,2623.0
2012,NUTS,2010,PT11,2,2605.0
2013,NUTS,2010,PT11,2,69.0
2014,NUTS,2010,PT11,2,75.0
2015,NUTS,2010,PT11,2,74.0
2016,NUTS,2010,PT11,2,71.0
2017,NUTS,2010,PT11,2,79.0
2018,NUTS,2010,PT11,2,87.0
2019,NUTS,2010,PT11,2,113.0
2020,NUTS,2010,PT11,2,272.0
2000,NUTS,2010,PT15,2,24.0
2001,NUTS,2010,PT15,2,25.0
2002,NUTS,2010,PT15,2,25.0
2003,NUTS,2010,PT15,2,24.0
2004,NUTS,2010,PT15,2,17.0
2005,NUTS,2010,PT15,2,9.0
2006,NUTS,2010,PT15,2,9.0
2007,NUTS,2010,PT15,2,9.0
2008,NUTS,2010,PT15,2,8.0
2009,NUTS,2010,PT15,2,7.0
2010,NUTS,2010,PT15,2,8.0
2011,NUTS,2010,PT15,2,10.0
2012,NUTS,2010,PT15,2,8.0
2013,NUTS,2010,PT15,2,0.0
2014,NUTS,2010,PT15,2,0.0
2015,NUTS,2010,PT15,2,0.0
2016,NUTS,2010,PT15,2,1.0
2017,NUTS,2010,PT15,2,0.0
2018,NUTS,2010,PT15,2,0.0
2019,NUTS,2010,PT15,2,0.0
2020,NUTS,2010,PT15,2,16.0
2000,NUTS,2010,PT16,2,770.0
2001,NUTS,2010,PT16,2,863.0
2002,NUTS,2010,PT16,2,843.0
2003,NUTS,2010,PT16,2,823.0
2004,NUTS,2010,PT16,2,746.0
2005,NUTS,2010,PT16,2,668.0
2006,NUTS,2010,PT16,2,743.0
2007,NUTS,2010,PT16,2,818.0
2008,NUTS,2010,PT16,2,832.0
2009,NUTS,2010,PT16,2,803.0
2010,NUTS,2010,PT16,2,1045.0
2011,NUTS,2010,PT16,2,1279.0
2012,NUTS,2010,PT16,2,1227.0
2013,NUTS,2010,PT16,2,23.0
2014,NUTS,2010,PT16,2,19.0
2015,NUTS,2010,PT16,2,20.0
2016,NUTS,2010,PT16,2,20.0
2017,NUTS,2010,PT16,2,29.0
2018,NUTS,2010,PT16,2,38.0
2019,NUTS,2010,PT16,2,52.0
2020,NUTS,2010,PT16,2,150.0
2000,NUTS,2010,PT17,2,1605.0
2001,NUTS,2010,PT17,2,1623.0
2002,NUTS,2010,PT17,2,1977.0
2003,NUTS,2010,PT17,2,2330.0
2004,NUTS,2010,PT17,2,2379.0
2005,NUTS,2010,PT17,2,2428.0
2006,NUTS,2010,PT17,2,2647.0
2007,NUTS,2010,PT17,2,2865.0
2008,NUTS,2010,PT17,2,3135.0
2009,NUTS,2010,PT17,2,3081.0
2010,NUTS,2010,PT17,2,3883.0
2011,NUTS,2010,PT17,2,4015.0
2012,NUTS,2010,PT17,2,3537.0
2013,NUTS,2010,PT17,2,643.0
2014,NUTS,2010,PT17,2,553.0
2015,NUTS,2010,PT17,2,460.0
2016,NUTS,2010,PT17,2,485.0
2017,NUTS,2010,PT17,2,496.0
2018,NUTS,2010,PT17,2,541.0
2019,NUTS,2010,PT17,2,544.0
2020,NUTS,2010,PT17,2,601.0
2000,NUTS,2010,PT18,2,84.0
2001,NUTS,2010,PT18,2,145.0
2002,NUTS,2010,PT18,2,81.0
2003,NUTS,2010,PT18,2,16.0
2004,NUTS,2010,PT18,2,17.0
2005,NUTS,2010,PT18,2,17.0
2006,NUTS,2010,PT18,2,30.0
2007,NUTS,2010,PT18,2,42.0
2008,NUTS,2010,PT18,2,42.0
2009,NUTS,2010,PT18,2,25.0
2010,NUTS,2010,PT18,2,0.0
2011,NUTS,2010,PT18,2,0.0
2012,NUTS,2010,PT18,2,2.0
2013,NUTS,2010,PT18,2,0.0
2014,NUTS,2010,PT18,2,0.0
2015,NUTS,2010,PT18,2,0.0
2016,NUTS,2010,PT18,2,1.0
2017,NUTS,2010,PT18,2,1.0
2018,NUTS,2010,PT18,2,2.0
2019,NUTS,2010,PT18,2,2.0
2020,NUTS,2010,PT18,2,28.0
2000,NUTS,2010,PT2,1,51.0
2001,NUTS,2010,PT2,1,53.0
2002,NUTS,2010,PT2,1,50.0
2003,NUTS,2010,PT2,1,47.0
2004,NUTS,2010,PT2,1,80.0
2005,NUTS,2010,PT2,1,113.0
2006,NUTS,2010,PT2,1,100.0
2007,NUTS,2010,PT2,1,87.0
2008,NUTS,2010,PT2,1,85.0
2009,NUTS,2010,PT2,1,84.0
2010,NUTS,2010,PT2,1,91.0
2011,NUTS,2010,PT2,1,78.0
2012,NUTS,2010,PT2,1,70.0
2013,NUTS,2010,PT2,1,0.0
2014,NUTS,2010,PT2,1,0.0
2015,NUTS,2010,PT2,1,0.0
2016,NUTS,2010,PT2,1,0.0
2017,NUTS,2010,PT2,1,1.0
2018,NUTS,2010,PT2,1,2.0
2019,NUTS,2010,PT2,1,2.0
2020,NUTS,2010,PT2,1,11.0
2000,NUTS,2010,PT20,2,51.0
2001,NUTS,2010,PT20,2,53.0
2002,NUTS,2010,PT20,2,50.0
2003,NUTS,2010,PT20,2,47.0
2004,NUTS,2010,PT20,2,80.0
2005,NUTS,2010,PT20,2,113.0
2006,NUTS,2010,PT20,2,100.0
2007,NUTS,2010,PT20,2,87.0
2008,NUTS,2010,PT20,2,85.0
2009,NUTS,2010,PT20,2,84.0
2010,NUTS,2010,PT20,2,91.0
2011,NUTS,2010,PT20,2,78.0
2012,NUTS,2010,PT20,2,70.0
2013,NUTS,2010,PT20,2,0.0
2014,NUTS,2010,PT20,2,0.0
2015,NUTS,2010,PT20,2,0.0
2016,NUTS,2010,PT20,2,0.0
2017,NUTS,2010,PT20,2,1.0
2018,NUTS,2010,PT20,2,2.0
2019,NUTS,2010,PT20,2,2.0
2020,NUTS,2010,PT20,2,11.0
2000,NUTS,2010,PT3,1,28.0
2001,NUTS,2010,PT3,1,30.0
2002,NUTS,2010,PT3,1,18.0
2003,NUTS,2010,PT3,1,5.0
2004,NUTS,2010,PT3,1,5.0
2005,NUTS,2010,PT3,1,5.0
2006,NUTS,2010,PT3,1,5.0
2007,NUTS,2010,PT3,1,5.0
2008,NUTS,2010,PT3,1,5.0
2009,NUTS,2010,PT3,1,5.0
2010,NUTS,2010,PT3,1,10.0
2011,NUTS,2010,PT3,1,82.0
2012,NUTS,2010,PT3,1,39.0
2013,NUTS,2010,PT3,1,6.0
2014,NUTS,2010,PT3,1,9.0
2015,NUTS,2010,PT3,1,8.0
2016,NUTS,2010,PT3,1,8.0
2017,NUTS,2010,PT3,1,9.0
2018,NUTS,2010,PT3,1,9.0
2019,NUTS,2010,PT3,1,0.0
2020,NUTS,2010,PT3,1,1.0
2000,NUTS,2010,PT30,2,28.0
2001,NUTS,2010,PT30,2,30.0
2002,NUTS,2010,PT30,2,18.0
2003,NUTS,2010,PT30,2,5.0
2004,NUTS,2010,PT30,2,5.0
2005,NUTS,2010,PT30,2,5.0
2006,NUTS,2010,PT30,2,5.0
2007,NUTS,2010,PT30,2,5.0
2008,NUTS,2010,PT30,2,5.0
2009,NUTS,2010,PT30,2,5.0
2010,NUTS,2010,PT30,2,10.0
2011,NUTS,2010,PT30,2,82.0
2012,NUTS,2010,PT30,2,39.0
2013,NUTS,2010,PT30,2,6.0
2014,NUTS,2010,PT30,2,9.0
2015,NUTS,2010,PT30,2,8.0
2016,NUTS,2010,PT30,2,8.0
2017,NUTS,2010,PT30,2,9.0
2018,NUTS,2010,PT30,2,9.0
2019,NUTS,2010,PT30,2,0.0
2020,NUTS,2010,PT30,2,1.0
2003,NUTS,2010,RO,0,86.0
2004,NUTS,2010,RO,0,185.0
2005,NUTS,2010,RO,0,205.0
2006,NUTS,2010,RO,0,140.0
2007,NUTS,2010,RO,0,159.0
2008,NUTS,2010,RO,0,121.0
2009,NUTS,2010,RO,0,109.0
2010,NUTS,2010,RO,0,154.0
2011,NUTS,2010,RO,0,164.0
2012,NUTS,2010,RO,0,154.0
2013,NUTS,2010,RO,0,119.0
2014,NUTS,2010,RO,0,145.0
2015,NUTS,2010,RO,0,241.0
2016,NUTS,2010,RO,0,273.0
2017,NUTS,2010,RO,0,136.0
2018,NUTS,2010,RO,0,177.0
2019,NUTS,2010,RO,0,225.0
2004,NUTS,2010,RO1,1,11.0
2005,NUTS,2010,RO1,1,23.0
2006,NUTS,2010,RO1,1,2.0
2007,NUTS,2010,RO1,1,16.0
2008,NUTS,2010,RO1,1,20.0
2009,NUTS,2010,RO1,1,67.0
2010,NUTS,2010,RO1,1,33.0
2011,NUTS,2010,RO1,1,16.0
2012,NUTS,2010,RO1,1,16.0
2013,NUTS,2010,RO1,1,16.0
2014,NUTS,2010,RO1,1,20.0
2015,NUTS,2010,RO1,1,23.0
2016,NUTS,2010,RO1,1,13.0
2017,NUTS,2010,RO1,1,25.0
2018,NUTS,2010,RO1,1,34.0
2019,NUTS,2010,RO1,1,23.0
2004,NUTS,2010,RO11,2,1.0
2005,NUTS,2010,RO11,2,22.0
2007,NUTS,2010,RO11,2,16.0
2008,NUTS,2010,RO11,2,20.0
2009,NUTS,2010,RO11,2,49.0
2010,NUTS,2010,RO11,2,33.0
2011,NUTS,2010,RO11,2,16.0
2012,NUTS,2010,RO11,2,16.0
2013,NUTS,2010,RO11,2,16.0
2014,NUTS,2010,RO11,2,18.0
2015,NUTS,2010,RO11,2,13.0
2016,NUTS,2010,RO11,2,13.0
2017,NUTS,2010,RO11,2,25.0
2018,NUTS,2010,RO11,2,34.0
2019,NUTS,2010,RO11,2,23.0
2004,NUTS,2010,RO12,2,10.0
2005,NUTS,2010,RO12,2,1.0
2006,NUTS,2010,RO12,2,2.0
2009,NUTS,2010,RO12,2,18.0
2014,NUTS,2010,RO12,2,2.0
2015,NUTS,2010,RO12,2,10.0
2016,NUTS,2010,RO12,2,0.0
2017,NUTS,2010,RO12,2,0.0
2018,NUTS,2010,RO12,2,0.0
2019,NUTS,2010,RO12,2,0.0
2004,NUTS,2010,RO2,1,51.0
2005,NUTS,2010,RO2,1,51.0
2007,NUTS,2010,RO2,1,2.0
2009,NUTS,2010,RO2,1,7.0
2010,NUTS,2010,RO2,1,48.0
2011,NUTS,2010,RO2,1,115.0
2012,NUTS,2010,RO2,1,6.0
2014,NUTS,2010,RO2,1,3.0
2015,NUTS,2010,RO2,1,5.0
2016,NUTS,2010,RO2,1,5.0
2017,NUTS,2010,RO2,1,13.0
2018,NUTS,2010,RO2,1,54.0
2019,NUTS,2010,RO2,1,120.0
2004,NUTS,2010,RO21,2,51.0
2005,NUTS,2010,RO21,2,51.0
2007,NUTS,2010,RO21,2,2.0
2009,NUTS,2010,RO21,2,7.0
2010,NUTS,2010,RO21,2,48.0
2011,NUTS,2010,RO21,2,114.0
2012,NUTS,2010,RO21,2,5.0
2015,NUTS,2010,RO21,2,0.0
2016,NUTS,2010,RO21,2,0.0
2017,NUTS,2010,RO21,2,1.0
2018,NUTS,2010,RO21,2,50.0
2019,NUTS,2010,RO21,2,115.0
2011,NUTS,2010,RO22,2,1.0
2012,NUTS,2010,RO22,2,1.0
2014,NUTS,2010,RO22,2,3.0
2015,NUTS,2010,RO22,2,5.0
2016,NUTS,2010,RO22,2,5.0
2017,NUTS,2010,RO22,2,12.0
2018,NUTS,2010,RO22,2,4.0
2019,NUTS,2010,RO22,2,5.0
2003,NUTS,2010,RO3,1,86.0
2004,NUTS,2010,RO3,1,117.0
2005,NUTS,2010,RO3,1,106.0
2006,NUTS,2010,RO3,1,138.0
2007,NUTS,2010,RO3,1,141.0
2008,NUTS,2010,RO3,1,74.0
2009,NUTS,2010,RO3,1,35.0
2010,NUTS,2010,RO3,1,70.0
2011,NUTS,2010,RO3,1,27.0
2012,NUTS,2010,RO3,1,129.0
2013,NUTS,2010,RO3,1,88.0
2014,NUTS,2010,RO3,1,103.0
2015,NUTS,2010,RO3,1,206.0
2016,NUTS,2010,RO3,1,252.0
2017,NUTS,2010,RO3,1,98.0
2018,NUTS,2010,RO3,1,89.0
2019,NUTS,2010,RO3,1,82.0
2004,NUTS,2010,RO31,2,1.0
2005,NUTS,2010,RO31,2,1.0
2007,NUTS,2010,RO31,2,53.0
2015,NUTS,2010,RO31,2,0.0
2016,NUTS,2010,RO31,2,0.0
2017,NUTS,2010,RO31,2,0.0
2018,NUTS,2010,RO31,2,2.0
2019,NUTS,2010,RO31,2,2.0
2003,NUTS,2010,RO32,2,86.0
2004,NUTS,2010,RO32,2,116.0
2005,NUTS,2010,RO32,2,105.0
2006,NUTS,2010,RO32,2,138.0
2007,NUTS,2010,RO32,2,88.0
2008,NUTS,2010,RO32,2,74.0
2009,NUTS,2010,RO32,2,35.0
2010,NUTS,2010,RO32,2,70.0
2011,NUTS,2010,RO32,2,27.0
2012,NUTS,2010,RO32,2,129.0
2013,NUTS,2010,RO32,2,88.0
2014,NUTS,2010,RO32,2,103.0
2015,NUTS,2010,RO32,2,206.0
2016,NUTS,2010,RO32,2,252.0
2017,NUTS,2010,RO32,2,98.0
2018,NUTS,2010,RO32,2,87.0
2019,NUTS,2010,RO32,2,80.0
2004,NUTS,2010,RO4,1,6.0
2005,NUTS,2010,RO4,1,25.0
2008,NUTS,2010,RO4,1,27.0
2010,NUTS,2010,RO4,1,3.0
2011,NUTS,2010,RO4,1,6.0
2012,NUTS,2010,RO4,1,3.0
2013,NUTS,2010,RO4,1,15.0
2014,NUTS,2010,RO4,1,19.0
2015,NUTS,2010,RO4,1,7.0
2016,NUTS,2010,RO4,1,3.0
2017,NUTS,2010,RO4,1,0.0
2018,NUTS,2010,RO4,1,0.0
2019,NUTS,2010,RO4,1,0.0
2011,NUTS,2010,RO41,2,4.0
2013,NUTS,2010,RO41,2,12.0
2014,NUTS,2010,RO41,2,12.0
2015,NUTS,2010,RO41,2,1.0
2016,NUTS,2010,RO41,2,0.0
2017,NUTS,2010,RO41,2,0.0
2018,NUTS,2010,RO41,2,0.0
2019,NUTS,2010,RO41,2,0.0
2004,NUTS,2010,RO42,2,6.0
2005,NUTS,2010,RO42,2,25.0
2008,NUTS,2010,RO42,2,27.0
2010,NUTS,2010,RO42,2,3.0
2011,NUTS,2010,RO42,2,2.0
2012,NUTS,2010,RO42,2,3.0
2013,NUTS,2010,RO42,2,3.0
2014,NUTS,2010,RO42,2,7.0
2015,NUTS,2010,RO42,2,6.0
2016,NUTS,2010,RO42,2,3.0
2017,NUTS,2010,RO42,2,0.0
2018,NUTS,2010,RO42,2,0.0
2019,NUTS,2010,RO42,2,0.0
2008,NUTS,2010,RS,0,12.0
2009,NUTS,2010,RS,0,12.0
2010,NUTS,2010,RS,0,0.0
2011,NUTS,2010,RS,0,9.0
2012,NUTS,2010,RS,0,4.0
2013,NUTS,2010,RS,0,6.0
2014,NUTS,2010,RS,0,7.0
2015,NUTS,2010,RS,0,7.0
2016,NUTS,2010,RS,0,8.0
2017,NUTS,2010,RS,0,2.0
2018,NUTS,2010,RS,0,2.0
2019,NUTS,2010,RS,0,3.0
2020,NUTS,2010,RS,0,3.0
2018,NUTS,2010,RS1,1,2.0
2019,NUTS,2010,RS1,1,3.0
2020,NUTS,2010,RS1,1,3.0
2018,NUTS,2010,RS11,2,2.0
2019,NUTS,2010,RS11,2,3.0
2020,NUTS,2010,RS11,2,3.0
2018,NUTS,2010,RS12,2,0.0
2019,NUTS,2010,RS12,2,0.0
2020,NUTS,2010,RS12,2,0.0
2018,NUTS,2010,RS2,1,0.0
2019,NUTS,2010,RS2,1,0.0
2020,NUTS,2010,RS2,1,0.0
2018,NUTS,2010,RS21,2,0.0
2019,NUTS,2010,RS21,2,0.0
2020,NUTS,2010,RS21,2,0.0
2018,NUTS,2010,RS22,2,0.0
2019,NUTS,2010,RS22,2,0.0
2020,NUTS,2010,RS22,2,0.0
1989,NUTS,2010,RU,0,1100.0
1990,NUTS,2010,RU,0,1700.0
1991,NUTS,2010,RU,0,900.0
1992,NUTS,2010,RU,0,100.0
1993,NUTS,2010,RU,0,100.0
1994,NUTS,2010,RU,0,98.0
1995,NUTS,2010,RU,0,169.0
1996,NUTS,2010,RU,0,169.0
1997,NUTS,2010,RU,0,151.0
1998,NUTS,2010,RU,0,229.0
1999,NUTS,2010,RU,0,212.0
2000,NUTS,2010,RU,0,264.0
2001,NUTS,2010,RU,0,319.0
2002,NUTS,2010,RU,0,496.0
2003,NUTS,2010,RU,0,291.0
2004,NUTS,2010,RU,0,233.0
2005,NUTS,2010,RU,0,187.0
2006,NUTS,2010,RU,0,716.0
2007,NUTS,2010,RU,0,886.0
2008,NUTS,2010,RU,0,804.0
2009,NUTS,2010,RU,0,767.0
2010,NUTS,2010,RU,0,756.0
2011,NUTS,2010,RU,0,768.0
2012,NUTS,2010,RU,0,790.0
2013,NUTS,2010,RU,0,470.0
2014,NUTS,2010,RU,0,447.0
2015,NUTS,2010,RU,0,527.0
2017,NUTS,2010,RU,0,1252.0
2018,NUTS,2010,RU,0,794.0
2019,NUTS,2010,RU,0,879.0
2005,NUTS,2010,SE,0,307.0
2007,NUTS,2010,SE,0,118.0
2009,NUTS,2010,SE,0,90.0
2011,NUTS,2010,SE,0,275.0
2013,NUTS,2010,SE,0,438.0
2015,NUTS,2010,SE,0,251.0
1993,NUTS,2010,SI,0,70.0
1994,NUTS,2010,SI,0,110.0
1995,NUTS,2010,SI,0,128.0
1996,NUTS,2010,SI,0,119.0
1997,NUTS,2010,SI,0,115.0
1998,NUTS,2010,SI,0,98.0
1999,NUTS,2010,SI,0,68.0
2000,NUTS,2010,SI,0,104.0
2001,NUTS,2010,SI,0,171.0
2002,NUTS,2010,SI,0,174.0
2003,NUTS,2010,SI,0,37.0
2004,NUTS,2010,SI,0,45.0
2005,NUTS,2010,SI,0,31.0
2006,NUTS,2010,SI,0,28.0
2007,NUTS,2010,SI,0,24.0
2008,NUTS,2010,SI,0,23.0
2009,NUTS,2010,SI,0,19.0
2010,NUTS,2010,SI,0,16.0
2011,NUTS,2010,SI,0,16.0
2012,NUTS,2010,SI,0,18.0
2013,NUTS,2010,SI,0,17.0
2014,NUTS,2010,SI,0,13.0
2015,NUTS,2010,SI,0,11.0
2016,NUTS,2010,SI,0,12.0
2017,NUTS,2010,SI,0,65.0
2018,NUTS,2010,SI,0,85.0
2019,NUTS,2010,SI,0,167.0
1993,NUTS,2010,SI0,1,70.0
1994,NUTS,2010,SI0,1,110.0
1995,NUTS,2010,SI0,1,128.0
1996,NUTS,2010,SI0,1,119.0
1997,NUTS,2010,SI0,1,115.0
1998,NUTS,2010,SI0,1,98.0
1999,NUTS,2010,SI0,1,68.0
2000,NUTS,2010,SI0,1,104.0
2001,NUTS,2010,SI0,1,171.0
2002,NUTS,2010,SI0,1,174.0
2003,NUTS,2010,SI0,1,37.0
2004,NUTS,2010,SI0,1,45.0
2005,NUTS,2010,SI0,1,31.0
2006,NUTS,2010,SI0,1,28.0
2007,NUTS,2010,SI0,1,24.0
2008,NUTS,2010,SI0,1,23.0
2009,NUTS,2010,SI0,1,19.0
2010,NUTS,2010,SI0,1,16.0
2011,NUTS,2010,SI0,1,16.0
2012,NUTS,2010,SI0,1,18.0
2013,NUTS,2010,SI0,1,17.0
2014,NUTS,2010,SI0,1,13.0
2015,NUTS,2010,SI0,1,11.0
2016,NUTS,2010,SI0,1,12.0
2017,NUTS,2010,SI0,1,65.0
2018,NUTS,2010,SI0,1,85.0
2019,NUTS,2010,SI0,1,167.0
2013,NUTS,2010,SI03,2,6.0
2014,NUTS,2010,SI03,2,5.0
2015,NUTS,2010,SI03,2,4.0
2016,NUTS,2010,SI03,2,4.0
2018,NUTS,2010,SI03,2,5.0
2013,NUTS,2010,SI04,2,10.0
2014,NUTS,2010,SI04,2,8.0
2015,NUTS,2010,SI04,2,8.0
2016,NUTS,2010,SI04,2,9.0
2018,NUTS,2010,SI04,2,79.0
2002,NUTS,2010,SK,0,5.0
2003,NUTS,2010,SK,0,7.0
2004,NUTS,2010,SK,0,53.0
2005,NUTS,2010,SK,0,18.0
2006,NUTS,2010,SK,0,16.0
2007,NUTS,2010,SK,0,14.0
2008,NUTS,2010,SK,0,15.0
2009,NUTS,2010,SK,0,14.0
2010,NUTS,2010,SK,0,197.0
2011,NUTS,2010,SK,0,120.0
2012,NUTS,2010,SK,0,95.0
2013,NUTS,2010,SK,0,59.0
2014,NUTS,2010,SK,0,55.0
2015,NUTS,2010,SK,0,73.0
2016,NUTS,2010,SK,0,184.0
2017,NUTS,2010,SK,0,175.0
2018,NUTS,2010,SK,0,150.0
2019,NUTS,2010,SK,0,30.0
2020,NUTS,2010,SK,0,28.0
2000,NUTS,2010,SK01,2,0.0
2001,NUTS,2010,SK01,2,0.0
2002,NUTS,2010,SK01,2,0.0
2003,NUTS,2010,SK01,2,0.0
2004,NUTS,2010,SK01,2,2.0
2005,NUTS,2010,SK01,2,2.0
2008,NUTS,2010,SK01,2,2.0
2009,NUTS,2010,SK01,2,3.0
2010,NUTS,2010,SK01,2,104.0
2011,NUTS,2010,SK01,2,53.0
2012,NUTS,2010,SK01,2,14.0
2013,NUTS,2010,SK01,2,15.0
2014,NUTS,2010,SK01,2,13.0
2015,NUTS,2010,SK01,2,36.0
2016,NUTS,2010,SK01,2,56.0
2017,NUTS,2010,SK01,2,85.0
2018,NUTS,2010,SK01,2,62.0
2019,NUTS,2010,SK01,2,16.0
2020,NUTS,2010,SK01,2,14.0
2000,NUTS,2010,SK02,2,0.0
2001,NUTS,2010,SK02,2,0.0
2002,NUTS,2010,SK02,2,1.0
2003,NUTS,2010,SK02,2,1.0
2004,NUTS,2010,SK02,2,3.0
2005,NUTS,2010,SK02,2,4.0
2007,NUTS,2010,SK02,2,3.0
2008,NUTS,2010,SK02,2,3.0
2009,NUTS,2010,SK02,2,1.0
2010,NUTS,2010,SK02,2,6.0
2011,NUTS,2010,SK02,2,11.0
2012,NUTS,2010,SK02,2,15.0
2013,NUTS,2010,SK02,2,21.0
2014,NUTS,2010,SK02,2,37.0
2015,NUTS,2010,SK02,2,21.0
2016,NUTS,2010,SK02,2,64.0
2017,NUTS,2010,SK02,2,41.0
2018,NUTS,2010,SK02,2,42.0
2019,NUTS,2010,SK02,2,4.0
2020,NUTS,2010,SK02,2,9.0
2000,NUTS,2010,SK03,2,0.0
2001,NUTS,2010,SK03,2,0.0
2002,NUTS,2010,SK03,2,0.0
2003,NUTS,2010,SK03,2,1.0
2004,NUTS,2010,SK03,2,38.0
2005,NUTS,2010,SK03,2,2.0
2008,NUTS,2010,SK03,2,2.0
2009,NUTS,2010,SK03,2,1.0
2010,NUTS,2010,SK03,2,26.0
2011,NUTS,2010,SK03,2,17.0
2012,NUTS,2010,SK03,2,24.0
2013,NUTS,2010,SK03,2,19.0
2014,NUTS,2010,SK03,2,1.0
2015,NUTS,2010,SK03,2,2.0
2016,NUTS,2010,SK03,2,46.0
2017,NUTS,2010,SK03,2,35.0
2018,NUTS,2010,SK03,2,36.0
2019,NUTS,2010,SK03,2,5.0
2020,NUTS,2010,SK03,2,5.0
2000,NUTS,2010,SK04,2,0.0
2001,NUTS,2010,SK04,2,0.0
2002,NUTS,2010,SK04,2,4.0
2003,NUTS,2010,SK04,2,5.0
2004,NUTS,2010,SK04,2,10.0
2005,NUTS,2010,SK04,2,10.0
2006,NUTS,2010,SK04,2,10.0
2007,NUTS,2010,SK04,2,9.0
2008,NUTS,2010,SK04,2,8.0
2009,NUTS,2010,SK04,2,9.0
2010,NUTS,2010,SK04,2,61.0
2011,NUTS,2010,SK04,2,39.0
2012,NUTS,2010,SK04,2,42.0
2013,NUTS,2010,SK04,2,4.0
2014,NUTS,2010,SK04,2,4.0
2015,NUTS,2010,SK04,2,14.0
2016,NUTS,2010,SK04,2,18.0
2017,NUTS,2010,SK04,2,14.0
2018,NUTS,2010,SK04,2,10.0
2019,NUTS,2010,SK04,2,5.0
2020,NUTS,2010,SK04,2,0.0
2005,NUTS,2010,UK,0,3910.0
2006,NUTS,2010,UK,0,4101.0
2007,NUTS,2010,UK,0,4411.0
2008,NUTS,2010,UK,0,4745.0
2009,NUTS,2010,UK,0,5084.0
2010,NUTS,2010,UK,0,4127.0
2011,NUTS,2010,UK,0,4713.0
2012,NUTS,2010,UK,0,4893.0
2013,NUTS,2010,UK,0,3909.0
2014,NUTS,2010,UK,0,3721.0
2015,NUTS,2010,UK,0,5127.0
2016,NUTS,2010,UK,0,5214.0
2017,NUTS,2010,UK,0,4724.0
2018,NUTS,2010,UK,0,4906.0
2011,NUTS,2010,UKC,1,32.0
2012,NUTS,2010,UKC,1,33.0
2013,NUTS,2010,UKC,1,81.0
2014,NUTS,2010,UKC,1,77.0
2015,NUTS,2010,UKC,1,77.0
2016,NUTS,2010,UKC,1,78.0
2017,NUTS,2010,UKC,1,71.0
2018,NUTS,2010,UKC,1,74.0
2011,NUTS,2010,UKC1,2,22.0
2012,NUTS,2010,UKC1,2,23.0
2013,NUTS,2010,UKC1,2,56.0
2014,NUTS,2010,UKC1,2,53.0
2015,NUTS,2010,UKC1,2,67.0
2016,NUTS,2010,UKC1,2,68.0
2017,NUTS,2010,UKC1,2,62.0
2018,NUTS,2010,UKC1,2,64.0
2011,NUTS,2010,UKC2,2,10.0
2012,NUTS,2010,UKC2,2,10.0
2013,NUTS,2010,UKC2,2,25.0
2014,NUTS,2010,UKC2,2,24.0
2015,NUTS,2010,UKC2,2,10.0
2016,NUTS,2010,UKC2,2,10.0
2017,NUTS,2010,UKC2,2,9.0
2018,NUTS,2010,UKC2,2,10.0
2011,NUTS,2010,UKD,1,38.0
2012,NUTS,2010,UKD,1,40.0
2013,NUTS,2010,UKD,1,198.0
2014,NUTS,2010,UKD,1,189.0
2015,NUTS,2010,UKD,1,15.0
2016,NUTS,2010,UKD,1,15.0
2017,NUTS,2010,UKD,1,14.0
2018,NUTS,2010,UKD,1,14.0
2011,NUTS,2010,UKD1,2,10.0
2012,NUTS,2010,UKD1,2,10.0
2013,NUTS,2010,UKD1,2,0.0
2014,NUTS,2010,UKD1,2,0.0
2015,NUTS,2010,UKD1,2,0.0
2016,NUTS,2010,UKD1,2,0.0
2017,NUTS,2010,UKD1,2,0.0
2018,NUTS,2010,UKD1,2,0.0
2011,NUTS,2010,UKD3,2,0.0
2012,NUTS,2010,UKD3,2,0.0
2013,NUTS,2010,UKD3,2,5.0
2014,NUTS,2010,UKD3,2,5.0
2015,NUTS,2010,UKD3,2,4.0
2016,NUTS,2010,UKD3,2,4.0
2017,NUTS,2010,UKD3,2,4.0
2018,NUTS,2010,UKD3,2,4.0
2011,NUTS,2010,UKD4,2,18.0
2012,NUTS,2010,UKD4,2,19.0
2013,NUTS,2010,UKD4,2,3.0
2014,NUTS,2010,UKD4,2,3.0
2015,NUTS,2010,UKD4,2,0.0
2016,NUTS,2010,UKD4,2,0.0
2017,NUTS,2010,UKD4,2,0.0
2018,NUTS,2010,UKD4,2,0.0
2011,NUTS,2010,UKD6,2,4.0
2012,NUTS,2010,UKD6,2,4.0
2013,NUTS,2010,UKD6,2,4.0
2014,NUTS,2010,UKD6,2,4.0
2015,NUTS,2010,UKD6,2,4.0
2016,NUTS,2010,UKD6,2,4.0
2017,NUTS,2010,UKD6,2,4.0
2018,NUTS,2010,UKD6,2,4.0
2011,NUTS,2010,UKD7,2,6.0
2012,NUTS,2010,UKD7,2,6.0
2013,NUTS,2010,UKD7,2,186.0
2014,NUTS,2010,UKD7,2,177.0
2015,NUTS,2010,UKD7,2,7.0
2016,NUTS,2010,UKD7,2,7.0
2017,NUTS,2010,UKD7,2,6.0
2018,NUTS,2010,UKD7,2,7.0
2011,NUTS,2010,UKE,1,17.0
2012,NUTS,2010,UKE,1,18.0
2013,NUTS,2010,UKE,1,43.0
2014,NUTS,2010,UKE,1,41.0
2015,NUTS,2010,UKE,1,41.0
2016,NUTS,2010,UKE,1,42.0
2017,NUTS,2010,UKE,1,38.0
2018,NUTS,2010,UKE,1,39.0
2011,NUTS,2010,UKE1,2,0.0
2012,NUTS,2010,UKE1,2,0.0
2013,NUTS,2010,UKE1,2,0.0
2014,NUTS,2010,UKE1,2,0.0
2015,NUTS,2010,UKE1,2,0.0
2016,NUTS,2010,UKE1,2,0.0
2017,NUTS,2010,UKE1,2,0.0
2018,NUTS,2010,UKE1,2,0.0
2011,NUTS,2010,UKE2,2,0.0
2012,NUTS,2010,UKE2,2,0.0
2013,NUTS,2010,UKE2,2,2.0
2014,NUTS,2010,UKE2,2,2.0
2015,NUTS,2010,UKE2,2,0.0
2016,NUTS,2010,UKE2,2,0.0
2017,NUTS,2010,UKE2,2,0.0
2018,NUTS,2010,UKE2,2,0.0
2011,NUTS,2010,UKE3,2,17.0
2012,NUTS,2010,UKE3,2,18.0
2013,NUTS,2010,UKE3,2,23.0
2014,NUTS,2010,UKE3,2,22.0
2015,NUTS,2010,UKE3,2,33.0
2016,NUTS,2010,UKE3,2,34.0
2017,NUTS,2010,UKE3,2,31.0
2018,NUTS,2010,UKE3,2,32.0
2011,NUTS,2010,UKE4,2,0.0
2012,NUTS,2010,UKE4,2,0.0
2013,NUTS,2010,UKE4,2,18.0
2014,NUTS,2010,UKE4,2,17.0
2015,NUTS,2010,UKE4,2,8.0
2016,NUTS,2010,UKE4,2,8.0
2017,NUTS,2010,UKE4,2,7.0
2018,NUTS,2010,UKE4,2,8.0
2011,NUTS,2010,UKF,1,36.0
2012,NUTS,2010,UKF,1,37.0
2013,NUTS,2010,UKF,1,109.0
2014,NUTS,2010,UKF,1,104.0
2015,NUTS,2010,UKF,1,19.0
2016,NUTS,2010,UKF,1,19.0
2017,NUTS,2010,UKF,1,18.0
2018,NUTS,2010,UKF,1,18.0
2011,NUTS,2010,UKF1,2,2.0
2012,NUTS,2010,UKF1,2,2.0
2013,NUTS,2010,UKF1,2,4.0
2014,NUTS,2010,UKF1,2,4.0
2015,NUTS,2010,UKF1,2,0.0
2016,NUTS,2010,UKF1,2,0.0
2017,NUTS,2010,UKF1,2,0.0
2018,NUTS,2010,UKF1,2,0.0
2011,NUTS,2010,UKF2,2,34.0
2012,NUTS,2010,UKF2,2,35.0
2013,NUTS,2010,UKF2,2,103.0
2014,NUTS,2010,UKF2,2,98.0
2015,NUTS,2010,UKF2,2,19.0
2016,NUTS,2010,UKF2,2,19.0
2017,NUTS,2010,UKF2,2,18.0
2018,NUTS,2010,UKF2,2,18.0
2011,NUTS,2010,UKF3,2,0.0
2012,NUTS,2010,UKF3,2,0.0
2013,NUTS,2010,UKF3,2,2.0
2014,NUTS,2010,UKF3,2,2.0
2015,NUTS,2010,UKF3,2,0.0
2016,NUTS,2010,UKF3,2,0.0
2017,NUTS,2010,UKF3,2,0.0
2018,NUTS,2010,UKF3,2,0.0
2011,NUTS,2010,UKG,1,27.0
2012,NUTS,2010,UKG,1,28.0
2013,NUTS,2010,UKG,1,14.0
2014,NUTS,2010,UKG,1,13.0
2015,NUTS,2010,UKG,1,21.0
2016,NUTS,2010,UKG,1,21.0
2017,NUTS,2010,UKG,1,19.0
2018,NUTS,2010,UKG,1,20.0
2011,NUTS,2010,UKG1,2,14.0
2012,NUTS,2010,UKG1,2,15.0
2013,NUTS,2010,UKG1,2,1.0
2014,NUTS,2010,UKG1,2,1.0
2015,NUTS,2010,UKG1,2,0.0
2016,NUTS,2010,UKG1,2,0.0
2017,NUTS,2010,UKG1,2,0.0
2018,NUTS,2010,UKG1,2,0.0
2011,NUTS,2010,UKG2,2,3.0
2012,NUTS,2010,UKG2,2,3.0
2013,NUTS,2010,UKG2,2,12.0
2014,NUTS,2010,UKG2,2,11.0
2015,NUTS,2010,UKG2,2,4.0
2016,NUTS,2010,UKG2,2,4.0
2017,NUTS,2010,UKG2,2,4.0
2018,NUTS,2010,UKG2,2,4.0
2011,NUTS,2010,UKG3,2,10.0
2012,NUTS,2010,UKG3,2,10.0
2013,NUTS,2010,UKG3,2,1.0
2014,NUTS,2010,UKG3,2,1.0
2015,NUTS,2010,UKG3,2,17.0
2016,NUTS,2010,UKG3,2,17.0
2017,NUTS,2010,UKG3,2,16.0
2018,NUTS,2010,UKG3,2,16.0
2011,NUTS,2010,UKH,1,1596.0
2012,NUTS,2010,UKH,1,1657.0
2013,NUTS,2010,UKH,1,1934.0
2014,NUTS,2010,UKH,1,1840.0
2015,NUTS,2010,UKH,1,2294.0
2016,NUTS,2010,UKH,1,2333.0
2017,NUTS,2010,UKH,1,2113.0
2018,NUTS,2010,UKH,1,2195.0
2011,NUTS,2010,UKH1,2,1541.0
2012,NUTS,2010,UKH1,2,1600.0
2013,NUTS,2010,UKH1,2,1480.0
2014,NUTS,2010,UKH1,2,1408.0
2015,NUTS,2010,UKH1,2,1763.0
2016,NUTS,2010,UKH1,2,1793.0
2017,NUTS,2010,UKH1,2,1624.0
2018,NUTS,2010,UKH1,2,1687.0
2011,NUTS,2010,UKH2,2,55.0
2012,NUTS,2010,UKH2,2,57.0
2013,NUTS,2010,UKH2,2,454.0
2014,NUTS,2010,UKH2,2,432.0
2015,NUTS,2010,UKH2,2,531.0
2016,NUTS,2010,UKH2,2,540.0
2017,NUTS,2010,UKH2,2,489.0
2018,NUTS,2010,UKH2,2,508.0
2011,NUTS,2010,UKH3,2,0.0
2012,NUTS,2010,UKH3,2,0.0
2013,NUTS,2010,UKH3,2,0.0
2014,NUTS,2010,UKH3,2,0.0
2015,NUTS,2010,UKH3,2,0.0
2016,NUTS,2010,UKH3,2,0.0
2017,NUTS,2010,UKH3,2,0.0
2018,NUTS,2010,UKH3,2,0.0
2011,NUTS,2010,UKI,1,1949.0
2012,NUTS,2010,UKI,1,2024.0
2013,NUTS,2010,UKI,1,852.0
2014,NUTS,2010,UKI,1,811.0
2015,NUTS,2010,UKI,1,1496.0
2016,NUTS,2010,UKI,1,1522.0
2017,NUTS,2010,UKI,1,1379.0
2018,NUTS,2010,UKI,1,1432.0
2011,NUTS,2010,UKI3,2,1889.0
2012,NUTS,2010,UKI3,2,1962.0
2013,NUTS,2010,UKI3,2,602.0
2014,NUTS,2010,UKI3,2,573.0
2015,NUTS,2010,UKI3,2,716.0
2016,NUTS,2010,UKI3,2,728.0
2017,NUTS,2010,UKI3,2,660.0
2018,NUTS,2010,UKI3,2,685.0
2011,NUTS,2010,UKI4,2,58.0
2012,NUTS,2010,UKI4,2,60.0
2013,NUTS,2010,UKI4,2,43.0
2014,NUTS,2010,UKI4,2,41.0
2015,NUTS,2010,UKI4,2,151.0
2016,NUTS,2010,UKI4,2,154.0
2017,NUTS,2010,UKI4,2,139.0
2018,NUTS,2010,UKI4,2,144.0
2011,NUTS,2010,UKI5,2,2.0
2012,NUTS,2010,UKI5,2,2.0
2013,NUTS,2010,UKI5,2,0.0
2014,NUTS,2010,UKI5,2,0.0
2015,NUTS,2010,UKI5,2,0.0
2016,NUTS,2010,UKI5,2,0.0
2017,NUTS,2010,UKI5,2,0.0
2018,NUTS,2010,UKI5,2,0.0
2011,NUTS,2010,UKI6,2,0.0
2012,NUTS,2010,UKI6,2,0.0
2013,NUTS,2010,UKI6,2,207.0
2014,NUTS,2010,UKI6,2,197.0
2015,NUTS,2010,UKI6,2,92.0
2016,NUTS,2010,UKI6,2,93.0
2017,NUTS,2010,UKI6,2,84.0
2018,NUTS,2010,UKI6,2,88.0
2011,NUTS,2010,UKI7,2,0.0
2012,NUTS,2010,UKI7,2,0.0
2013,NUTS,2010,UKI7,2,0.0
2014,NUTS,2010,UKI7,2,0.0
2015,NUTS,2010,UKI7,2,537.0
2016,NUTS,2010,UKI7,2,547.0
2017,NUTS,2010,UKI7,2,495.0
2018,NUTS,2010,UKI7,2,514.0
2011,NUTS,2010,UKJ,1,865.0
2012,NUTS,2010,UKJ,1,898.0
2013,NUTS,2010,UKJ,1,433.0
2014,NUTS,2010,UKJ,1,413.0
2015,NUTS,2010,UKJ,1,723.0
2016,NUTS,2010,UKJ,1,735.0
2017,NUTS,2010,UKJ,1,666.0
2018,NUTS,2010,UKJ,1,691.0
2011,NUTS,2010,UKJ1,2,724.0
2012,NUTS,2010,UKJ1,2,752.0
2013,NUTS,2010,UKJ1,2,342.0
2014,NUTS,2010,UKJ1,2,326.0
2015,NUTS,2010,UKJ1,2,451.0
2016,NUTS,2010,UKJ1,2,459.0
2017,NUTS,2010,UKJ1,2,416.0
2018,NUTS,2010,UKJ1,2,432.0
2011,NUTS,2010,UKJ2,2,128.0
2012,NUTS,2010,UKJ2,2,133.0
2013,NUTS,2010,UKJ2,2,81.0
2014,NUTS,2010,UKJ2,2,77.0
2015,NUTS,2010,UKJ2,2,208.0
2016,NUTS,2010,UKJ2,2,212.0
2017,NUTS,2010,UKJ2,2,192.0
2018,NUTS,2010,UKJ2,2,199.0
2011,NUTS,2010,UKJ3,2,13.0
2012,NUTS,2010,UKJ3,2,14.0
2013,NUTS,2010,UKJ3,2,8.0
2014,NUTS,2010,UKJ3,2,8.0
2015,NUTS,2010,UKJ3,2,63.0
2016,NUTS,2010,UKJ3,2,64.0
2017,NUTS,2010,UKJ3,2,58.0
2018,NUTS,2010,UKJ3,2,60.0
2011,NUTS,2010,UKJ4,2,0.0
2012,NUTS,2010,UKJ4,2,0.0
2013,NUTS,2010,UKJ4,2,2.0
2014,NUTS,2010,UKJ4,2,2.0
2015,NUTS,2010,UKJ4,2,0.0
2016,NUTS,2010,UKJ4,2,0.0
2017,NUTS,2010,UKJ4,2,0.0
2018,NUTS,2010,UKJ4,2,0.0
2011,NUTS,2010,UKK,1,63.0
2012,NUTS,2010,UKK,1,65.0
2013,NUTS,2010,UKK,1,139.0
2014,NUTS,2010,UKK,1,132.0
2015,NUTS,2010,UKK,1,190.0
2016,NUTS,2010,UKK,1,193.0
2017,NUTS,2010,UKK,1,175.0
2018,NUTS,2010,UKK,1,182.0
2011,NUTS,2010,UKK1,2,6.0
2012,NUTS,2010,UKK1,2,6.0
2013,NUTS,2010,UKK1,2,23.0
2014,NUTS,2010,UKK1,2,22.0
2015,NUTS,2010,UKK1,2,20.0
2016,NUTS,2010,UKK1,2,20.0
2017,NUTS,2010,UKK1,2,18.0
2018,NUTS,2010,UKK1,2,19.0
2011,NUTS,2010,UKK2,2,0.0
2012,NUTS,2010,UKK2,2,0.0
2013,NUTS,2010,UKK2,2,11.0
2014,NUTS,2010,UKK2,2,11.0
2015,NUTS,2010,UKK2,2,8.0
2016,NUTS,2010,UKK2,2,8.0
2017,NUTS,2010,UKK2,2,7.0
2018,NUTS,2010,UKK2,2,8.0
2011,NUTS,2010,UKK3,2,0.0
2012,NUTS,2010,UKK3,2,0.0
2013,NUTS,2010,UKK3,2,0.0
2014,NUTS,2010,UKK3,2,0.0
2015,NUTS,2010,UKK3,2,0.0
2016,NUTS,2010,UKK3,2,0.0
2017,NUTS,2010,UKK3,2,0.0
2018,NUTS,2010,UKK3,2,0.0
2011,NUTS,2010,UKK4,2,57.0
2012,NUTS,2010,UKK4,2,59.0
2013,NUTS,2010,UKK4,2,105.0
2014,NUTS,2010,UKK4,2,100.0
2015,NUTS,2010,UKK4,2,162.0
2016,NUTS,2010,UKK4,2,165.0
2017,NUTS,2010,UKK4,2,149.0
2018,NUTS,2010,UKK4,2,155.0
2011,NUTS,2010,UKL,1,13.0
2012,NUTS,2010,UKL,1,14.0
2013,NUTS,2010,UKL,1,25.0
2014,NUTS,2010,UKL,1,24.0
2015,NUTS,2010,UKL,1,23.0
2016,NUTS,2010,UKL,1,24.0
2017,NUTS,2010,UKL,1,21.0
2018,NUTS,2010,UKL,1,22.0
2011,NUTS,2010,UKL1,2,13.0
2012,NUTS,2010,UKL1,2,14.0
2013,NUTS,2010,UKL1,2,25.0
2014,NUTS,2010,UKL1,2,24.0
2015,NUTS,2010,UKL1,2,23.0
2016,NUTS,2010,UKL1,2,24.0
2017,NUTS,2010,UKL1,2,21.0
2018,NUTS,2010,UKL1,2,22.0
2011,NUTS,2010,UKL2,2,0.0
2012,NUTS,2010,UKL2,2,0.0
2013,NUTS,2010,UKL2,2,0.0
2014,NUTS,2010,UKL2,2,0.0
2015,NUTS,2010,UKL2,2,0.0
2016,NUTS,2010,UKL2,2,0.0
2017,NUTS,2010,UKL2,2,0.0
2018,NUTS,2010,UKL2,2,0.0
2011,NUTS,2010,UKM,1,75.0
2012,NUTS,2010,UKM,1,78.0
2013,NUTS,2010,UKM,1,80.0
2014,NUTS,2010,UKM,1,76.0
2015,NUTS,2010,UKM,1,228.0
2016,NUTS,2010,UKM,1,232.0
2017,NUTS,2010,UKM,1,210.0
2018,NUTS,2010,UKM,1,219.0
2012,NUTS,2010,UKM2,2,46.0
2013,NUTS,2010,UKM2,2,55.0
2014,NUTS,2010,UKM2,2,52.0
2015,NUTS,2010,UKM2,2,56.0
2016,NUTS,2010,UKM2,2,57.0
2017,NUTS,2010,UKM2,2,51.0
2012,NUTS,2010,UKM3,2,6.0
2013,NUTS,2010,UKM3,2,3.0
2014,NUTS,2010,UKM3,2,3.0
2015,NUTS,2010,UKM3,2,158.0
2016,NUTS,2010,UKM3,2,161.0
2017,NUTS,2010,UKM3,2,145.0
2012,NUTS,2010,UKM5,2,0.0
2013,NUTS,2010,UKM5,2,0.0
2014,NUTS,2010,UKM5,2,0.0
2015,NUTS,2010,UKM5,2,0.0
2016,NUTS,2010,UKM5,2,0.0
2017,NUTS,2010,UKM5,2,0.0
2018,NUTS,2010,UKM5,2,0.0
2012,NUTS,2010,UKM6,2,26.0
2013,NUTS,2010,UKM6,2,22.0
2014,NUTS,2010,UKM6,2,21.0
2015,NUTS,2010,UKM6,2,15.0
2016,NUTS,2010,UKM6,2,15.0
2017,NUTS,2010,UKM6,2,14.0
2018,NUTS,2010,UKM6,2,14.0
2014,NUTS,2010,UKM7,2,52.0
2015,NUTS,2010,UKM7,2,56.0
2016,NUTS,2010,UKM7,2,57.0
2017,NUTS,2010,UKM7,2,51.0
2018,NUTS,2010,UKM7,2,53.0
2014,NUTS,2010,UKM8,2,3.0
2015,NUTS,2010,UKM8,2,158.0
2016,NUTS,2010,UKM8,2,160.0
2017,NUTS,2010,UKM8,2,145.0
2018,NUTS,2010,UKM8,2,151.0
2014,NUTS,2010,UKM9,2,0.0
2015,NUTS,2010,UKM9,2,0.0
2016,NUTS,2010,UKM9,2,0.0
2017,NUTS,2010,UKM9,2,0.0
2018,NUTS,2010,UKM9,2,0.0
2011,NUTS,2010,UKN,1,1.0
2012,NUTS,2010,UKN,1,1.0
2013,NUTS,2010,UKN,1,1.0
2014,NUTS,2010,UKN,1,1.0
2015,NUTS,2010,UKN,1,0.0
2016,NUTS,2010,UKN,1,0.0
2017,NUTS,2010,UKN,1,0.0
2018,NUTS,2010,UKN,1,0.0
2011,NUTS,2010,UKN0,2,1.0
2012,NUTS,2010,UKN0,2,1.0
2013,NUTS,2010,UKN0,2,1.0
2014,NUTS,2010,UKN0,2,1.0
2015,NUTS,2010,UKN0,2,0.0
2016,NUTS,2010,UKN0,2,0.0
2017,NUTS,2010,UKN0,2,0.0
2018,NUTS,2010,UKN0,2,0.0
