year,region_type,region_year_spec,region_id,region_level,rd_p_persreg_bes_hc_rse_t
2011,NUTS,2010,AT,0,29734.0
2013,NUTS,2010,AT,0,33643.0
2015,NUTS,2010,AT,0,36984.0
2017,NUTS,2010,AT,0,39073.0
2019,NUTS,2010,AT,0,44287.0
2011,NUTS,2010,AT1,1,12260.0
2013,NUTS,2010,AT1,1,13649.0
2015,NUTS,2010,AT1,1,14388.0
2017,NUTS,2010,AT1,1,14117.0
2019,NUTS,2010,AT1,1,15378.0
2011,NUTS,2010,AT11,2,364.0
2013,NUTS,2010,AT11,2,465.0
2015,NUTS,2010,AT11,2,487.0
2017,NUTS,2010,AT11,2,544.0
2019,NUTS,2010,AT11,2,586.0
2011,NUTS,2010,AT12,2,3326.0
2013,NUTS,2010,AT12,2,3232.0
2015,NUTS,2010,AT12,2,3511.0
2017,NUTS,2010,AT12,2,3586.0
2019,NUTS,2010,AT12,2,4358.0
2011,NUTS,2010,AT13,2,8570.0
2013,NUTS,2010,AT13,2,9952.0
2015,NUTS,2010,AT13,2,10390.0
2017,NUTS,2010,AT13,2,9987.0
2019,NUTS,2010,AT13,2,10434.0
2011,NUTS,2010,AT2,1,8099.0
2013,NUTS,2010,AT2,1,8471.0
2015,NUTS,2010,AT2,1,9671.0
2017,NUTS,2010,AT2,1,10462.0
2019,NUTS,2010,AT2,1,12947.0
2011,NUTS,2010,AT21,2,1886.0
2013,NUTS,2010,AT21,2,1936.0
2015,NUTS,2010,AT21,2,2287.0
2017,NUTS,2010,AT21,2,2437.0
2019,NUTS,2010,AT21,2,2913.0
2011,NUTS,2010,AT22,2,6213.0
2013,NUTS,2010,AT22,2,6535.0
2015,NUTS,2010,AT22,2,7384.0
2017,NUTS,2010,AT22,2,8025.0
2019,NUTS,2010,AT22,2,10034.0
2011,NUTS,2010,AT3,1,9375.0
2013,NUTS,2010,AT3,1,11523.0
2015,NUTS,2010,AT3,1,12925.0
2017,NUTS,2010,AT3,1,14494.0
2019,NUTS,2010,AT3,1,15962.0
2011,NUTS,2010,AT31,2,5104.0
2013,NUTS,2010,AT31,2,6568.0
2015,NUTS,2010,AT31,2,7431.0
2017,NUTS,2010,AT31,2,7891.0
2019,NUTS,2010,AT31,2,9093.0
2011,NUTS,2010,AT32,2,1160.0
2013,NUTS,2010,AT32,2,1231.0
2015,NUTS,2010,AT32,2,1335.0
2017,NUTS,2010,AT32,2,1912.0
2019,NUTS,2010,AT32,2,2098.0
2011,NUTS,2010,AT33,2,2107.0
2013,NUTS,2010,AT33,2,2295.0
2015,NUTS,2010,AT33,2,2540.0
2017,NUTS,2010,AT33,2,2998.0
2019,NUTS,2010,AT33,2,3082.0
2011,NUTS,2010,AT34,2,1004.0
2013,NUTS,2010,AT34,2,1429.0
2015,NUTS,2010,AT34,2,1619.0
2017,NUTS,2010,AT34,2,1693.0
2019,NUTS,2010,AT34,2,1690.0
2011,NUTS,2010,ATZ,1,0.0
2013,NUTS,2010,ATZ,1,0.0
2011,NUTS,2010,ATZZ,2,0.0
2013,NUTS,2010,ATZZ,2,0.0
2012,NUTS,2010,BA,0,120.0
2013,NUTS,2010,BA,0,162.0
2014,NUTS,2010,BA,0,74.0
2019,NUTS,2010,BA,0,197.0
2011,NUTS,2010,BE,0,28325.0
2013,NUTS,2010,BE,0,30374.0
2015,NUTS,2010,BE,0,36947.0
2017,NUTS,2010,BE,0,40853.0
2019,NUTS,2010,BE,0,49837.0
2011,NUTS,2010,BE1,1,3134.0
2013,NUTS,2010,BE1,1,4463.0
2015,NUTS,2010,BE1,1,5661.0
2017,NUTS,2010,BE1,1,6952.0
2019,NUTS,2010,BE1,1,8756.0
2011,NUTS,2010,BE10,2,3134.0
2013,NUTS,2010,BE10,2,4463.0
2015,NUTS,2010,BE10,2,5661.0
2017,NUTS,2010,BE10,2,6952.0
2019,NUTS,2010,BE10,2,8756.0
2011,NUTS,2010,BE2,1,17278.0
2013,NUTS,2010,BE2,1,18989.0
2015,NUTS,2010,BE2,1,22080.0
2017,NUTS,2010,BE2,1,23837.0
2019,NUTS,2010,BE2,1,31063.0
2011,NUTS,2010,BE3,1,7913.0
2013,NUTS,2010,BE3,1,6922.0
2015,NUTS,2010,BE3,1,9206.0
2017,NUTS,2010,BE3,1,10064.0
2019,NUTS,2010,BE3,1,10018.0
2015,NUTS,2010,BEZ,1,0.0
2019,NUTS,2010,BEZ,1,0.0
2015,NUTS,2010,BEZZ,2,0.0
2019,NUTS,2010,BEZZ,2,0.0
2011,NUTS,2010,BG,0,1747.0
2012,NUTS,2010,BG,0,2388.0
2013,NUTS,2010,BG,0,3186.0
2014,NUTS,2010,BG,0,3969.0
2015,NUTS,2010,BG,0,6459.0
2016,NUTS,2010,BG,0,7242.0
2017,NUTS,2010,BG,0,7941.0
2018,NUTS,2010,BG,0,9367.0
2019,NUTS,2010,BG,0,9876.0
2011,NUTS,2010,BG3,1,358.0
2012,NUTS,2010,BG3,1,563.0
2014,NUTS,2010,BG3,1,667.0
2015,NUTS,2010,BG3,1,1653.0
2016,NUTS,2010,BG3,1,1498.0
2017,NUTS,2010,BG3,1,1939.0
2018,NUTS,2010,BG3,1,2332.0
2019,NUTS,2010,BG3,1,2475.0
2016,NUTS,2010,BG31,2,348.0
2017,NUTS,2010,BG31,2,520.0
2018,NUTS,2010,BG31,2,622.0
2019,NUTS,2010,BG31,2,559.0
2011,NUTS,2010,BG32,2,75.0
2012,NUTS,2010,BG32,2,98.0
2013,NUTS,2010,BG32,2,120.0
2014,NUTS,2010,BG32,2,152.0
2016,NUTS,2010,BG32,2,273.0
2017,NUTS,2010,BG32,2,438.0
2018,NUTS,2010,BG32,2,564.0
2019,NUTS,2010,BG32,2,617.0
2016,NUTS,2010,BG33,2,458.0
2017,NUTS,2010,BG33,2,502.0
2018,NUTS,2010,BG33,2,569.0
2019,NUTS,2010,BG33,2,651.0
2011,NUTS,2010,BG34,2,119.0
2012,NUTS,2010,BG34,2,162.0
2015,NUTS,2010,BG34,2,514.0
2016,NUTS,2010,BG34,2,419.0
2017,NUTS,2010,BG34,2,479.0
2018,NUTS,2010,BG34,2,577.0
2019,NUTS,2010,BG34,2,648.0
2011,NUTS,2010,BG4,1,1389.0
2012,NUTS,2010,BG4,1,1825.0
2014,NUTS,2010,BG4,1,3302.0
2015,NUTS,2010,BG4,1,4806.0
2016,NUTS,2010,BG4,1,5744.0
2017,NUTS,2010,BG4,1,6002.0
2018,NUTS,2010,BG4,1,7035.0
2019,NUTS,2010,BG4,1,7401.0
2011,NUTS,2010,BG41,2,1166.0
2012,NUTS,2010,BG41,2,1566.0
2013,NUTS,2010,BG41,2,2237.0
2015,NUTS,2010,BG41,2,4286.0
2016,NUTS,2010,BG41,2,5177.0
2017,NUTS,2010,BG41,2,5236.0
2018,NUTS,2010,BG41,2,6083.0
2019,NUTS,2010,BG41,2,6384.0
2011,NUTS,2010,BG42,2,223.0
2012,NUTS,2010,BG42,2,259.0
2015,NUTS,2010,BG42,2,520.0
2016,NUTS,2010,BG42,2,567.0
2017,NUTS,2010,BG42,2,766.0
2018,NUTS,2010,BG42,2,952.0
2019,NUTS,2010,BG42,2,1017.0
2011,NUTS,2010,BGZ,1,0.0
2012,NUTS,2010,BGZ,1,0.0
2013,NUTS,2010,BGZ,1,0.0
2014,NUTS,2010,BGZ,1,0.0
2019,NUTS,2010,BGZ,1,0.0
2011,NUTS,2010,BGZZ,2,0.0
2012,NUTS,2010,BGZZ,2,0.0
2013,NUTS,2010,BGZZ,2,0.0
2014,NUTS,2010,BGZZ,2,0.0
2019,NUTS,2010,BGZZ,2,0.0
2012,NUTS,2010,CH,0,17904.0
2015,NUTS,2010,CH,0,23807.0
2017,NUTS,2010,CH,0,23142.0
2019,NUTS,2010,CH,0,25578.0
2012,NUTS,2010,CH01,2,2476.0
2015,NUTS,2010,CH01,2,4310.0
2017,NUTS,2010,CH01,2,3418.0
2019,NUTS,2010,CH01,2,3910.0
2012,NUTS,2010,CH02,2,3778.0
2015,NUTS,2010,CH02,2,3334.0
2017,NUTS,2010,CH02,2,3765.0
2019,NUTS,2010,CH02,2,3407.0
2012,NUTS,2010,CH03,2,3001.0
2015,NUTS,2010,CH03,2,6743.0
2017,NUTS,2010,CH03,2,7218.0
2019,NUTS,2010,CH03,2,7864.0
2012,NUTS,2010,CH04,2,4361.0
2015,NUTS,2010,CH04,2,4475.0
2017,NUTS,2010,CH04,2,3811.0
2019,NUTS,2010,CH04,2,4314.0
2012,NUTS,2010,CH05,2,2353.0
2015,NUTS,2010,CH05,2,2442.0
2017,NUTS,2010,CH05,2,1950.0
2019,NUTS,2010,CH05,2,3213.0
2012,NUTS,2010,CH06,2,1469.0
2015,NUTS,2010,CH06,2,2175.0
2017,NUTS,2010,CH06,2,2439.0
2019,NUTS,2010,CH06,2,2465.0
2012,NUTS,2010,CH07,2,466.0
2015,NUTS,2010,CH07,2,327.0
2017,NUTS,2010,CH07,2,542.0
2019,NUTS,2010,CH07,2,403.0
2011,NUTS,2010,CN_X_HK,5,1072087.0
2012,NUTS,2010,CN_X_HK,5,1176429.0
2011,NUTS,2010,CY,0,359.0
2012,NUTS,2010,CY,0,338.0
2013,NUTS,2010,CY,0,339.0
2014,NUTS,2010,CY,0,325.0
2015,NUTS,2010,CY,0,290.0
2016,NUTS,2010,CY,0,369.0
2017,NUTS,2010,CY,0,439.0
2018,NUTS,2010,CY,0,630.0
2019,NUTS,2010,CY,0,692.0
2011,NUTS,2010,CZ,0,15984.0
2012,NUTS,2010,CZ,0,17610.0
2013,NUTS,2010,CZ,0,19124.0
2014,NUTS,2010,CZ,0,21473.0
2015,NUTS,2010,CZ,0,22538.0
2016,NUTS,2010,CZ,0,22681.0
2017,NUTS,2010,CZ,0,23978.0
2018,NUTS,2010,CZ,0,25275.0
2019,NUTS,2010,CZ,0,25865.0
2020,NUTS,2010,CZ,0,26522.0
2011,NUTS,2010,CZ0,1,15984.0
2012,NUTS,2010,CZ0,1,17610.0
2013,NUTS,2010,CZ0,1,19124.0
2014,NUTS,2010,CZ0,1,21473.0
2015,NUTS,2010,CZ0,1,22538.0
2016,NUTS,2010,CZ0,1,22681.0
2017,NUTS,2010,CZ0,1,23978.0
2018,NUTS,2010,CZ0,1,25275.0
2019,NUTS,2010,CZ0,1,25865.0
2020,NUTS,2010,CZ0,1,26522.0
2011,NUTS,2010,CZ01,2,3766.0
2012,NUTS,2010,CZ01,2,4450.0
2013,NUTS,2010,CZ01,2,4986.0
2014,NUTS,2010,CZ01,2,5173.0
2015,NUTS,2010,CZ01,2,5396.0
2016,NUTS,2010,CZ01,2,5862.0
2017,NUTS,2010,CZ01,2,6562.0
2018,NUTS,2010,CZ01,2,7633.0
2019,NUTS,2010,CZ01,2,6833.0
2020,NUTS,2010,CZ01,2,7266.0
2011,NUTS,2010,CZ02,2,2781.0
2012,NUTS,2010,CZ02,2,2763.0
2013,NUTS,2010,CZ02,2,2575.0
2014,NUTS,2010,CZ02,2,2591.0
2015,NUTS,2010,CZ02,2,2752.0
2016,NUTS,2010,CZ02,2,2276.0
2017,NUTS,2010,CZ02,2,2471.0
2018,NUTS,2010,CZ02,2,2840.0
2019,NUTS,2010,CZ02,2,3060.0
2020,NUTS,2010,CZ02,2,3060.0
2011,NUTS,2010,CZ03,2,971.0
2012,NUTS,2010,CZ03,2,1111.0
2013,NUTS,2010,CZ03,2,1144.0
2014,NUTS,2010,CZ03,2,1405.0
2015,NUTS,2010,CZ03,2,1448.0
2016,NUTS,2010,CZ03,2,1410.0
2017,NUTS,2010,CZ03,2,1466.0
2018,NUTS,2010,CZ03,2,1644.0
2019,NUTS,2010,CZ03,2,1948.0
2020,NUTS,2010,CZ03,2,1930.0
2011,NUTS,2010,CZ04,2,386.0
2012,NUTS,2010,CZ04,2,421.0
2013,NUTS,2010,CZ04,2,373.0
2014,NUTS,2010,CZ04,2,483.0
2015,NUTS,2010,CZ04,2,436.0
2016,NUTS,2010,CZ04,2,415.0
2017,NUTS,2010,CZ04,2,487.0
2018,NUTS,2010,CZ04,2,480.0
2019,NUTS,2010,CZ04,2,478.0
2020,NUTS,2010,CZ04,2,477.0
2011,NUTS,2010,CZ05,2,2097.0
2012,NUTS,2010,CZ05,2,2371.0
2013,NUTS,2010,CZ05,2,2560.0
2014,NUTS,2010,CZ05,2,2650.0
2015,NUTS,2010,CZ05,2,2493.0
2016,NUTS,2010,CZ05,2,2433.0
2017,NUTS,2010,CZ05,2,2515.0
2018,NUTS,2010,CZ05,2,2468.0
2019,NUTS,2010,CZ05,2,2634.0
2020,NUTS,2010,CZ05,2,2704.0
2011,NUTS,2010,CZ06,2,3372.0
2012,NUTS,2010,CZ06,2,3636.0
2013,NUTS,2010,CZ06,2,4416.0
2014,NUTS,2010,CZ06,2,5634.0
2015,NUTS,2010,CZ06,2,6281.0
2016,NUTS,2010,CZ06,2,6321.0
2017,NUTS,2010,CZ06,2,6107.0
2018,NUTS,2010,CZ06,2,5764.0
2019,NUTS,2010,CZ06,2,6324.0
2020,NUTS,2010,CZ06,2,6788.0
2011,NUTS,2010,CZ07,2,1505.0
2012,NUTS,2010,CZ07,2,1683.0
2013,NUTS,2010,CZ07,2,1876.0
2014,NUTS,2010,CZ07,2,2214.0
2015,NUTS,2010,CZ07,2,2132.0
2016,NUTS,2010,CZ07,2,2203.0
2017,NUTS,2010,CZ07,2,2405.0
2018,NUTS,2010,CZ07,2,2533.0
2019,NUTS,2010,CZ07,2,2713.0
2020,NUTS,2010,CZ07,2,2491.0
2011,NUTS,2010,CZ08,2,1107.0
2012,NUTS,2010,CZ08,2,1174.0
2013,NUTS,2010,CZ08,2,1194.0
2014,NUTS,2010,CZ08,2,1323.0
2015,NUTS,2010,CZ08,2,1600.0
2016,NUTS,2010,CZ08,2,1760.0
2017,NUTS,2010,CZ08,2,1965.0
2018,NUTS,2010,CZ08,2,1913.0
2019,NUTS,2010,CZ08,2,1875.0
2020,NUTS,2010,CZ08,2,1806.0
2015,NUTS,2010,CZZ,1,0.0
2016,NUTS,2010,CZZ,1,0.0
2017,NUTS,2010,CZZ,1,0.0
2018,NUTS,2010,CZZ,1,0.0
2019,NUTS,2010,CZZ,1,0.0
2020,NUTS,2010,CZZ,1,0.0
2015,NUTS,2010,CZZZ,2,0.0
2016,NUTS,2010,CZZZ,2,0.0
2017,NUTS,2010,CZZZ,2,0.0
2018,NUTS,2010,CZZZ,2,0.0
2019,NUTS,2010,CZZZ,2,0.0
2020,NUTS,2010,CZZZ,2,0.0
2011,NUTS,2010,DE,0,216320.0
2013,NUTS,2010,DE,0,221362.0
2015,NUTS,2010,DE,0,252897.0
2017,NUTS,2010,DE,0,280095.0
2019,NUTS,2010,DE,0,309204.0
2011,NUTS,2010,DE1,1,61175.0
2013,NUTS,2010,DE1,1,63739.0
2015,NUTS,2010,DE1,1,72337.0
2017,NUTS,2010,DE1,1,86821.0
2019,NUTS,2010,DE1,1,93845.0
2011,NUTS,2010,DE11,2,34662.0
2013,NUTS,2010,DE11,2,37515.0
2015,NUTS,2010,DE11,2,42895.0
2017,NUTS,2010,DE11,2,52684.0
2019,NUTS,2010,DE11,2,55641.0
2011,NUTS,2010,DE12,2,11448.0
2013,NUTS,2010,DE12,2,11018.0
2015,NUTS,2010,DE12,2,12863.0
2017,NUTS,2010,DE12,2,16183.0
2019,NUTS,2010,DE12,2,17520.0
2011,NUTS,2010,DE13,2,5825.0
2013,NUTS,2010,DE13,2,5631.0
2015,NUTS,2010,DE13,2,6304.0
2017,NUTS,2010,DE13,2,6989.0
2019,NUTS,2010,DE13,2,8102.0
2011,NUTS,2010,DE14,2,9239.0
2013,NUTS,2010,DE14,2,9575.0
2015,NUTS,2010,DE14,2,10274.0
2017,NUTS,2010,DE14,2,10964.0
2019,NUTS,2010,DE14,2,12581.0
2011,NUTS,2010,DE2,1,48700.0
2013,NUTS,2010,DE2,1,49824.0
2015,NUTS,2010,DE2,1,58166.0
2017,NUTS,2010,DE2,1,61693.0
2019,NUTS,2010,DE2,1,71404.0
2011,NUTS,2010,DE21,2,28965.0
2013,NUTS,2010,DE21,2,30235.0
2015,NUTS,2010,DE21,2,34678.0
2017,NUTS,2010,DE21,2,34699.0
2019,NUTS,2010,DE21,2,40407.0
2011,NUTS,2010,DE22,2,1800.0
2013,NUTS,2010,DE22,2,1839.0
2015,NUTS,2010,DE22,2,2125.0
2017,NUTS,2010,DE22,2,2797.0
2019,NUTS,2010,DE22,2,3263.0
2011,NUTS,2010,DE23,2,2390.0
2013,NUTS,2010,DE23,2,2178.0
2015,NUTS,2010,DE23,2,2766.0
2017,NUTS,2010,DE23,2,3587.0
2019,NUTS,2010,DE23,2,4384.0
2011,NUTS,2010,DE24,2,1907.0
2013,NUTS,2010,DE24,2,1972.0
2015,NUTS,2010,DE24,2,2250.0
2017,NUTS,2010,DE24,2,2534.0
2019,NUTS,2010,DE24,2,3692.0
2011,NUTS,2010,DE25,2,7166.0
2013,NUTS,2010,DE25,2,6156.0
2015,NUTS,2010,DE25,2,7539.0
2017,NUTS,2010,DE25,2,7438.0
2019,NUTS,2010,DE25,2,8689.0
2011,NUTS,2010,DE26,2,3626.0
2013,NUTS,2010,DE26,2,3910.0
2015,NUTS,2010,DE26,2,4081.0
2017,NUTS,2010,DE26,2,5865.0
2019,NUTS,2010,DE26,2,6096.0
2011,NUTS,2010,DE27,2,2847.0
2013,NUTS,2010,DE27,2,3534.0
2015,NUTS,2010,DE27,2,4728.0
2017,NUTS,2010,DE27,2,4773.0
2019,NUTS,2010,DE27,2,4874.0
2011,NUTS,2010,DE3,1,7777.0
2013,NUTS,2010,DE3,1,7710.0
2015,NUTS,2010,DE3,1,9418.0
2017,NUTS,2010,DE3,1,9450.0
2019,NUTS,2010,DE3,1,10371.0
2011,NUTS,2010,DE30,2,7777.0
2013,NUTS,2010,DE30,2,7710.0
2015,NUTS,2010,DE30,2,9418.0
2017,NUTS,2010,DE30,2,9450.0
2019,NUTS,2010,DE30,2,10371.0
2011,NUTS,2010,DE4,1,1873.0
2013,NUTS,2010,DE4,1,2095.0
2015,NUTS,2010,DE4,1,2381.0
2017,NUTS,2010,DE4,1,2925.0
2019,NUTS,2010,DE4,1,2992.0
2011,NUTS,2010,DE40,2,1873.0
2013,NUTS,2010,DE40,2,2095.0
2015,NUTS,2010,DE40,2,2381.0
2017,NUTS,2010,DE40,2,2925.0
2019,NUTS,2010,DE40,2,2992.0
2011,NUTS,2010,DE5,1,2619.0
2013,NUTS,2010,DE5,1,1479.0
2015,NUTS,2010,DE5,1,1769.0
2017,NUTS,2010,DE5,1,1661.0
2019,NUTS,2010,DE5,1,2082.0
2011,NUTS,2010,DE50,2,2619.0
2013,NUTS,2010,DE50,2,1479.0
2015,NUTS,2010,DE50,2,1769.0
2017,NUTS,2010,DE50,2,1661.0
2019,NUTS,2010,DE50,2,2082.0
2011,NUTS,2010,DE6,1,3547.0
2013,NUTS,2010,DE6,1,4683.0
2015,NUTS,2010,DE6,1,5051.0
2017,NUTS,2010,DE6,1,6191.0
2019,NUTS,2010,DE6,1,6444.0
2011,NUTS,2010,DE60,2,3547.0
2013,NUTS,2010,DE60,2,4683.0
2015,NUTS,2010,DE60,2,5051.0
2017,NUTS,2010,DE60,2,6191.0
2019,NUTS,2010,DE60,2,6444.0
2011,NUTS,2010,DE7,1,18680.0
2013,NUTS,2010,DE7,1,17396.0
2015,NUTS,2010,DE7,1,22488.0
2017,NUTS,2010,DE7,1,23160.0
2019,NUTS,2010,DE7,1,24177.0
2011,NUTS,2010,DE71,2,15620.0
2013,NUTS,2010,DE71,2,13800.0
2015,NUTS,2010,DE71,2,18011.0
2017,NUTS,2010,DE71,2,18820.0
2019,NUTS,2010,DE71,2,19873.0
2011,NUTS,2010,DE72,2,2021.0
2013,NUTS,2010,DE72,2,2174.0
2015,NUTS,2010,DE72,2,2228.0
2017,NUTS,2010,DE72,2,2288.0
2019,NUTS,2010,DE72,2,2367.0
2011,NUTS,2010,DE73,2,1038.0
2013,NUTS,2010,DE73,2,1422.0
2015,NUTS,2010,DE73,2,2248.0
2017,NUTS,2010,DE73,2,2052.0
2019,NUTS,2010,DE73,2,1937.0
2011,NUTS,2010,DE8,1,1843.0
2013,NUTS,2010,DE8,1,1329.0
2015,NUTS,2010,DE8,1,1337.0
2017,NUTS,2010,DE8,1,1534.0
2019,NUTS,2010,DE8,1,1678.0
2011,NUTS,2010,DE80,2,1843.0
2013,NUTS,2010,DE80,2,1329.0
2015,NUTS,2010,DE80,2,1337.0
2017,NUTS,2010,DE80,2,1534.0
2019,NUTS,2010,DE80,2,1678.0
2011,NUTS,2010,DE9,1,15968.0
2013,NUTS,2010,DE9,1,17530.0
2015,NUTS,2010,DE9,1,18067.0
2017,NUTS,2010,DE9,1,19123.0
2019,NUTS,2010,DE9,1,21326.0
2011,NUTS,2010,DE91,2,8595.0
2013,NUTS,2010,DE91,2,9595.0
2015,NUTS,2010,DE91,2,9464.0
2017,NUTS,2010,DE91,2,10226.0
2019,NUTS,2010,DE91,2,11073.0
2011,NUTS,2010,DE92,2,4694.0
2013,NUTS,2010,DE92,2,4484.0
2015,NUTS,2010,DE92,2,4973.0
2017,NUTS,2010,DE92,2,4587.0
2019,NUTS,2010,DE92,2,5119.0
2011,NUTS,2010,DE93,2,1142.0
2013,NUTS,2010,DE93,2,1401.0
2015,NUTS,2010,DE93,2,1480.0
2017,NUTS,2010,DE93,2,1649.0
2019,NUTS,2010,DE93,2,1804.0
2011,NUTS,2010,DE94,2,1537.0
2013,NUTS,2010,DE94,2,2050.0
2015,NUTS,2010,DE94,2,2151.0
2017,NUTS,2010,DE94,2,2661.0
2019,NUTS,2010,DE94,2,3330.0
2011,NUTS,2010,DEA,1,30382.0
2013,NUTS,2010,DEA,1,31331.0
2015,NUTS,2010,DEA,1,36042.0
2017,NUTS,2010,DEA,1,38815.0
2019,NUTS,2010,DEA,1,42465.0
2011,NUTS,2010,DEA1,2,8909.0
2013,NUTS,2010,DEA1,2,8482.0
2015,NUTS,2010,DEA1,2,10744.0
2017,NUTS,2010,DEA1,2,11393.0
2019,NUTS,2010,DEA1,2,11917.0
2011,NUTS,2010,DEA2,2,9919.0
2013,NUTS,2010,DEA2,2,9043.0
2015,NUTS,2010,DEA2,2,10750.0
2017,NUTS,2010,DEA2,2,11992.0
2019,NUTS,2010,DEA2,2,13605.0
2011,NUTS,2010,DEA3,2,1722.0
2013,NUTS,2010,DEA3,2,1964.0
2015,NUTS,2010,DEA3,2,2037.0
2017,NUTS,2010,DEA3,2,2226.0
2019,NUTS,2010,DEA3,2,2719.0
2011,NUTS,2010,DEA4,2,4614.0
2013,NUTS,2010,DEA4,2,5614.0
2015,NUTS,2010,DEA4,2,5953.0
2017,NUTS,2010,DEA4,2,6364.0
2019,NUTS,2010,DEA4,2,7132.0
2011,NUTS,2010,DEA5,2,5218.0
2013,NUTS,2010,DEA5,2,6228.0
2015,NUTS,2010,DEA5,2,6558.0
2017,NUTS,2010,DEA5,2,6840.0
2019,NUTS,2010,DEA5,2,7092.0
2011,NUTS,2010,DEB,1,6180.0
2013,NUTS,2010,DEB,1,6597.0
2015,NUTS,2010,DEB,1,7713.0
2017,NUTS,2010,DEB,1,7861.0
2019,NUTS,2010,DEB,1,9600.0
2011,NUTS,2010,DEB1,2,1379.0
2013,NUTS,2010,DEB1,2,1297.0
2015,NUTS,2010,DEB1,2,1122.0
2017,NUTS,2010,DEB1,2,1348.0
2019,NUTS,2010,DEB1,2,1776.0
2011,NUTS,2010,DEB2,2,477.0
2013,NUTS,2010,DEB2,2,504.0
2015,NUTS,2010,DEB2,2,425.0
2017,NUTS,2010,DEB2,2,415.0
2019,NUTS,2010,DEB2,2,441.0
2011,NUTS,2010,DEB3,2,4325.0
2013,NUTS,2010,DEB3,2,4796.0
2015,NUTS,2010,DEB3,2,6166.0
2017,NUTS,2010,DEB3,2,6098.0
2019,NUTS,2010,DEB3,2,7383.0
2011,NUTS,2010,DEC,1,1053.0
2013,NUTS,2010,DEC,1,1134.0
2015,NUTS,2010,DEC,1,1125.0
2017,NUTS,2010,DEC,1,1782.0
2019,NUTS,2010,DEC,1,1896.0
2011,NUTS,2010,DEC0,2,1053.0
2013,NUTS,2010,DEC0,2,1134.0
2015,NUTS,2010,DEC0,2,1125.0
2017,NUTS,2010,DEC0,2,1782.0
2019,NUTS,2010,DEC0,2,1896.0
2011,NUTS,2010,DED,1,7873.0
2013,NUTS,2010,DED,1,7810.0
2015,NUTS,2010,DED,1,8344.0
2017,NUTS,2010,DED,1,9279.0
2019,NUTS,2010,DED,1,10266.0
2011,NUTS,2010,DED2,2,4271.0
2013,NUTS,2010,DED2,2,3935.0
2015,NUTS,2010,DED2,2,4490.0
2017,NUTS,2010,DED2,2,5095.0
2019,NUTS,2010,DED2,2,5581.0
2011,NUTS,2010,DED4,2,2642.0
2013,NUTS,2010,DED4,2,3036.0
2015,NUTS,2010,DED4,2,2847.0
2017,NUTS,2010,DED4,2,3058.0
2019,NUTS,2010,DED4,2,3536.0
2011,NUTS,2010,DED5,2,960.0
2013,NUTS,2010,DED5,2,839.0
2015,NUTS,2010,DED5,2,1006.0
2017,NUTS,2010,DED5,2,1125.0
2019,NUTS,2010,DED5,2,1148.0
2011,NUTS,2010,DEE,1,1794.0
2013,NUTS,2010,DEE,1,1894.0
2015,NUTS,2010,DEE,1,1579.0
2017,NUTS,2010,DEE,1,1698.0
2019,NUTS,2010,DEE,1,1913.0
2011,NUTS,2010,DEE0,2,1794.0
2013,NUTS,2010,DEE0,2,1894.0
2015,NUTS,2010,DEE0,2,1579.0
2017,NUTS,2010,DEE0,2,1698.0
2019,NUTS,2010,DEE0,2,1913.0
2011,NUTS,2010,DEF,1,2885.0
2013,NUTS,2010,DEF,1,3046.0
2015,NUTS,2010,DEF,1,3283.0
2017,NUTS,2010,DEF,1,3682.0
2019,NUTS,2010,DEF,1,3764.0
2011,NUTS,2010,DEF0,2,2885.0
2013,NUTS,2010,DEF0,2,3046.0
2015,NUTS,2010,DEF0,2,3283.0
2017,NUTS,2010,DEF0,2,3682.0
2019,NUTS,2010,DEF0,2,3764.0
2011,NUTS,2010,DEG,1,3971.0
2013,NUTS,2010,DEG,1,3764.0
2015,NUTS,2010,DEG,1,3799.0
2017,NUTS,2010,DEG,1,4421.0
2019,NUTS,2010,DEG,1,4983.0
2011,NUTS,2010,DEG0,2,3971.0
2013,NUTS,2010,DEG0,2,3764.0
2015,NUTS,2010,DEG0,2,3799.0
2017,NUTS,2010,DEG0,2,4421.0
2019,NUTS,2010,DEG0,2,4983.0
2017,NUTS,2010,DEZ,1,0.0
2019,NUTS,2010,DEZ,1,0.0
2017,NUTS,2010,DEZZ,2,0.0
2019,NUTS,2010,DEZZ,2,0.0
2011,NUTS,2010,DK,0,28719.0
2012,NUTS,2010,DK,0,29279.0
2013,NUTS,2010,DK,0,28252.0
2014,NUTS,2010,DK,0,28649.0
2015,NUTS,2010,DK,0,29648.0
2016,NUTS,2010,DK,0,31474.0
2017,NUTS,2010,DK,0,31391.0
2018,NUTS,2010,DK,0,29942.0
2019,NUTS,2010,DK,0,31008.0
2020,NUTS,2010,DK,0,30747.0
2011,NUTS,2010,DK0,1,27861.0
2012,NUTS,2010,DK0,1,29279.0
2013,NUTS,2010,DK0,1,28252.0
2014,NUTS,2010,DK0,1,28649.0
2015,NUTS,2010,DK0,1,29648.0
2016,NUTS,2010,DK0,1,31474.0
2017,NUTS,2010,DK0,1,31391.0
2018,NUTS,2010,DK0,1,29942.0
2019,NUTS,2010,DK0,1,31008.0
2011,NUTS,2010,DK01,2,18489.0
2012,NUTS,2010,DK01,2,18604.0
2013,NUTS,2010,DK01,2,17553.0
2014,NUTS,2010,DK01,2,17408.0
2015,NUTS,2010,DK01,2,18347.0
2016,NUTS,2010,DK01,2,19009.0
2017,NUTS,2010,DK01,2,19161.0
2019,NUTS,2010,DK01,2,18086.0
2011,NUTS,2010,DK02,2,951.0
2012,NUTS,2010,DK02,2,1232.0
2013,NUTS,2010,DK02,2,1183.0
2014,NUTS,2010,DK02,2,907.0
2015,NUTS,2010,DK02,2,891.0
2016,NUTS,2010,DK02,2,947.0
2017,NUTS,2010,DK02,2,1432.0
2019,NUTS,2010,DK02,2,1202.0
2011,NUTS,2010,DK03,2,3081.0
2012,NUTS,2010,DK03,2,3423.0
2013,NUTS,2010,DK03,2,3577.0
2014,NUTS,2010,DK03,2,3998.0
2015,NUTS,2010,DK03,2,3980.0
2016,NUTS,2010,DK03,2,4628.0
2017,NUTS,2010,DK03,2,4198.0
2019,NUTS,2010,DK03,2,3846.0
2011,NUTS,2010,DK04,2,4542.0
2012,NUTS,2010,DK04,2,5134.0
2013,NUTS,2010,DK04,2,5228.0
2014,NUTS,2010,DK04,2,5464.0
2015,NUTS,2010,DK04,2,5522.0
2016,NUTS,2010,DK04,2,5648.0
2017,NUTS,2010,DK04,2,5390.0
2019,NUTS,2010,DK04,2,7016.0
2011,NUTS,2010,DK05,2,799.0
2012,NUTS,2010,DK05,2,886.0
2013,NUTS,2010,DK05,2,712.0
2014,NUTS,2010,DK05,2,872.0
2015,NUTS,2010,DK05,2,907.0
2016,NUTS,2010,DK05,2,1242.0
2017,NUTS,2010,DK05,2,1209.0
2019,NUTS,2010,DK05,2,858.0
2011,NUTS,2010,EA19,2,711705.0
2013,NUTS,2010,EA19,2,786347.0
2015,NUTS,2010,EA19,2,855483.0
2017,NUTS,2010,EA19,2,963507.0
2019,NUTS,2010,EA19,2,1079511.0
2011,NUTS,2010,EE,0,2174.0
2012,NUTS,2010,EE,0,2039.0
2013,NUTS,2010,EE,0,1866.0
2014,NUTS,2010,EE,0,2061.0
2015,NUTS,2010,EE,0,1782.0
2016,NUTS,2010,EE,0,1782.0
2017,NUTS,2010,EE,0,2200.0
2018,NUTS,2010,EE,0,2089.0
2019,NUTS,2010,EE,0,2555.0
2011,NUTS,2010,EL,0,5858.0
2013,NUTS,2010,EL,0,6004.0
2015,NUTS,2010,EL,0,7107.0
2017,NUTS,2010,EL,0,15671.0
2019,NUTS,2010,EL,0,15034.0
2011,NUTS,2010,EL3,1,3765.0
2013,NUTS,2010,EL3,1,4387.0
2015,NUTS,2010,EL3,1,5115.0
2017,NUTS,2010,EL3,1,10545.0
2019,NUTS,2010,EL3,1,10410.0
2011,NUTS,2010,EL30,2,3765.0
2013,NUTS,2010,EL30,2,4387.0
2015,NUTS,2010,EL30,2,5115.0
2017,NUTS,2010,EL30,2,10545.0
2019,NUTS,2010,EL30,2,10410.0
2011,NUTS,2010,EL4,1,71.0
2013,NUTS,2010,EL4,1,126.0
2015,NUTS,2010,EL4,1,173.0
2017,NUTS,2010,EL4,1,480.0
2019,NUTS,2010,EL4,1,364.0
2011,NUTS,2010,EL41,2,2.0
2013,NUTS,2010,EL41,2,3.0
2015,NUTS,2010,EL41,2,20.0
2017,NUTS,2010,EL41,2,29.0
2019,NUTS,2010,EL41,2,63.0
2011,NUTS,2010,EL42,2,22.0
2013,NUTS,2010,EL42,2,12.0
2015,NUTS,2010,EL42,2,14.0
2017,NUTS,2010,EL42,2,31.0
2019,NUTS,2010,EL42,2,14.0
2011,NUTS,2010,EL43,2,47.0
2013,NUTS,2010,EL43,2,111.0
2015,NUTS,2010,EL43,2,139.0
2017,NUTS,2010,EL43,2,420.0
2019,NUTS,2010,EL43,2,287.0
2011,NUTS,2010,EL5,1,1288.0
2013,NUTS,2010,EL5,1,742.0
2015,NUTS,2010,EL5,1,1026.0
2017,NUTS,2010,EL5,1,2798.0
2019,NUTS,2010,EL5,1,2392.0
2011,NUTS,2010,EL51,2,128.0
2013,NUTS,2010,EL51,2,96.0
2015,NUTS,2010,EL51,2,162.0
2017,NUTS,2010,EL51,2,330.0
2019,NUTS,2010,EL51,2,152.0
2011,NUTS,2010,EL52,2,1077.0
2013,NUTS,2010,EL52,2,582.0
2015,NUTS,2010,EL52,2,778.0
2017,NUTS,2010,EL52,2,2095.0
2019,NUTS,2010,EL52,2,1904.0
2011,NUTS,2010,EL53,2,37.0
2013,NUTS,2010,EL53,2,46.0
2015,NUTS,2010,EL53,2,60.0
2017,NUTS,2010,EL53,2,70.0
2019,NUTS,2010,EL53,2,58.0
2011,NUTS,2010,EL54,2,46.0
2013,NUTS,2010,EL54,2,18.0
2015,NUTS,2010,EL54,2,26.0
2017,NUTS,2010,EL54,2,303.0
2019,NUTS,2010,EL54,2,278.0
2011,NUTS,2010,EL6,1,734.0
2013,NUTS,2010,EL6,1,749.0
2015,NUTS,2010,EL6,1,793.0
2017,NUTS,2010,EL6,1,1848.0
2019,NUTS,2010,EL6,1,1868.0
2011,NUTS,2010,EL61,2,32.0
2013,NUTS,2010,EL61,2,71.0
2015,NUTS,2010,EL61,2,117.0
2017,NUTS,2010,EL61,2,305.0
2019,NUTS,2010,EL61,2,467.0
2011,NUTS,2010,EL62,2,1.0
2013,NUTS,2010,EL62,2,1.0
2015,NUTS,2010,EL62,2,39.0
2017,NUTS,2010,EL62,2,23.0
2019,NUTS,2010,EL62,2,48.0
2011,NUTS,2010,EL63,2,293.0
2013,NUTS,2010,EL63,2,320.0
2015,NUTS,2010,EL63,2,315.0
2017,NUTS,2010,EL63,2,719.0
2019,NUTS,2010,EL63,2,636.0
2011,NUTS,2010,EL64,2,294.0
2013,NUTS,2010,EL64,2,298.0
2015,NUTS,2010,EL64,2,256.0
2017,NUTS,2010,EL64,2,583.0
2019,NUTS,2010,EL64,2,529.0
2011,NUTS,2010,EL65,2,114.0
2013,NUTS,2010,EL65,2,59.0
2015,NUTS,2010,EL65,2,66.0
2017,NUTS,2010,EL65,2,218.0
2019,NUTS,2010,EL65,2,188.0
2015,NUTS,2010,ELZ,1,0.0
2015,NUTS,2010,ELZZ,2,0.0
2011,NUTS,2010,ES,0,59391.0
2012,NUTS,2010,ES,0,59604.0
2013,NUTS,2010,ES,0,59360.0
2014,NUTS,2010,ES,0,59254.0
2015,NUTS,2010,ES,0,60210.0
2016,NUTS,2010,ES,0,62517.0
2017,NUTS,2010,ES,0,65534.0
2018,NUTS,2010,ES,0,70702.0
2019,NUTS,2010,ES,0,72389.0
2011,NUTS,2010,ES1,1,4164.0
2012,NUTS,2010,ES1,1,3992.0
2013,NUTS,2010,ES1,1,4097.0
2014,NUTS,2010,ES1,1,4000.0
2015,NUTS,2010,ES1,1,3850.0
2016,NUTS,2010,ES1,1,4377.0
2017,NUTS,2010,ES1,1,4799.0
2018,NUTS,2010,ES1,1,5166.0
2019,NUTS,2010,ES1,1,5328.0
2011,NUTS,2010,ES11,2,2509.0
2012,NUTS,2010,ES11,2,2460.0
2013,NUTS,2010,ES11,2,2582.0
2014,NUTS,2010,ES11,2,2598.0
2015,NUTS,2010,ES11,2,2500.0
2016,NUTS,2010,ES11,2,2894.0
2017,NUTS,2010,ES11,2,3214.0
2018,NUTS,2010,ES11,2,3618.0
2019,NUTS,2010,ES11,2,3573.0
2011,NUTS,2010,ES12,2,1241.0
2012,NUTS,2010,ES12,2,1148.0
2013,NUTS,2010,ES12,2,1143.0
2014,NUTS,2010,ES12,2,1089.0
2015,NUTS,2010,ES12,2,998.0
2016,NUTS,2010,ES12,2,1059.0
2017,NUTS,2010,ES12,2,1084.0
2018,NUTS,2010,ES12,2,1122.0
2019,NUTS,2010,ES12,2,1297.0
2011,NUTS,2010,ES13,2,414.0
2012,NUTS,2010,ES13,2,383.0
2013,NUTS,2010,ES13,2,372.0
2014,NUTS,2010,ES13,2,313.0
2015,NUTS,2010,ES13,2,352.0
2016,NUTS,2010,ES13,2,424.0
2017,NUTS,2010,ES13,2,500.0
2018,NUTS,2010,ES13,2,427.0
2019,NUTS,2010,ES13,2,459.0
2011,NUTS,2010,ES2,1,13836.0
2012,NUTS,2010,ES2,1,14112.0
2013,NUTS,2010,ES2,1,13775.0
2014,NUTS,2010,ES2,1,13599.0
2015,NUTS,2010,ES2,1,13878.0
2016,NUTS,2010,ES2,1,14107.0
2017,NUTS,2010,ES2,1,14736.0
2018,NUTS,2010,ES2,1,15507.0
2019,NUTS,2010,ES2,1,15862.0
2011,NUTS,2010,ES21,2,9908.0
2012,NUTS,2010,ES21,2,10331.0
2013,NUTS,2010,ES21,2,10201.0
2014,NUTS,2010,ES21,2,10009.0
2015,NUTS,2010,ES21,2,10234.0
2016,NUTS,2010,ES21,2,10290.0
2017,NUTS,2010,ES21,2,11028.0
2018,NUTS,2010,ES21,2,11750.0
2019,NUTS,2010,ES21,2,12003.0
2011,NUTS,2010,ES22,2,1907.0
2012,NUTS,2010,ES22,2,1781.0
2013,NUTS,2010,ES22,2,1746.0
2014,NUTS,2010,ES22,2,1701.0
2015,NUTS,2010,ES22,2,1872.0
2016,NUTS,2010,ES22,2,1898.0
2017,NUTS,2010,ES22,2,1796.0
2018,NUTS,2010,ES22,2,1758.0
2019,NUTS,2010,ES22,2,1665.0
2011,NUTS,2010,ES23,2,433.0
2012,NUTS,2010,ES23,2,422.0
2013,NUTS,2010,ES23,2,388.0
2014,NUTS,2010,ES23,2,375.0
2015,NUTS,2010,ES23,2,339.0
2016,NUTS,2010,ES23,2,336.0
2017,NUTS,2010,ES23,2,326.0
2018,NUTS,2010,ES23,2,326.0
2019,NUTS,2010,ES23,2,373.0
2011,NUTS,2010,ES24,2,1587.0
2012,NUTS,2010,ES24,2,1577.0
2013,NUTS,2010,ES24,2,1440.0
2014,NUTS,2010,ES24,2,1515.0
2015,NUTS,2010,ES24,2,1433.0
2016,NUTS,2010,ES24,2,1583.0
2017,NUTS,2010,ES24,2,1587.0
2018,NUTS,2010,ES24,2,1674.0
2019,NUTS,2010,ES24,2,1821.0
2011,NUTS,2010,ES3,1,15126.0
2012,NUTS,2010,ES3,1,15010.0
2013,NUTS,2010,ES3,1,15181.0
2014,NUTS,2010,ES3,1,15127.0
2015,NUTS,2010,ES3,1,15510.0
2016,NUTS,2010,ES3,1,15649.0
2017,NUTS,2010,ES3,1,16117.0
2018,NUTS,2010,ES3,1,17634.0
2019,NUTS,2010,ES3,1,18035.0
2011,NUTS,2010,ES30,2,15126.0
2012,NUTS,2010,ES30,2,15010.0
2013,NUTS,2010,ES30,2,15181.0
2014,NUTS,2010,ES30,2,15127.0
2015,NUTS,2010,ES30,2,15510.0
2016,NUTS,2010,ES30,2,15649.0
2017,NUTS,2010,ES30,2,16117.0
2018,NUTS,2010,ES30,2,17634.0
2019,NUTS,2010,ES30,2,18035.0
2011,NUTS,2010,ES4,1,3698.0
2012,NUTS,2010,ES4,1,3683.0
2013,NUTS,2010,ES4,1,3304.0
2014,NUTS,2010,ES4,1,3299.0
2015,NUTS,2010,ES4,1,3273.0
2016,NUTS,2010,ES4,1,3352.0
2017,NUTS,2010,ES4,1,3708.0
2018,NUTS,2010,ES4,1,3988.0
2019,NUTS,2010,ES4,1,4140.0
2011,NUTS,2010,ES41,2,2465.0
2012,NUTS,2010,ES41,2,2592.0
2013,NUTS,2010,ES41,2,2187.0
2014,NUTS,2010,ES41,2,2158.0
2015,NUTS,2010,ES41,2,2270.0
2016,NUTS,2010,ES41,2,2111.0
2017,NUTS,2010,ES41,2,2377.0
2018,NUTS,2010,ES41,2,2706.0
2019,NUTS,2010,ES41,2,2773.0
2011,NUTS,2010,ES42,2,970.0
2012,NUTS,2010,ES42,2,838.0
2013,NUTS,2010,ES42,2,793.0
2014,NUTS,2010,ES42,2,840.0
2015,NUTS,2010,ES42,2,723.0
2016,NUTS,2010,ES42,2,938.0
2017,NUTS,2010,ES42,2,936.0
2018,NUTS,2010,ES42,2,849.0
2019,NUTS,2010,ES42,2,946.0
2011,NUTS,2010,ES43,2,263.0
2012,NUTS,2010,ES43,2,253.0
2013,NUTS,2010,ES43,2,324.0
2014,NUTS,2010,ES43,2,300.0
2015,NUTS,2010,ES43,2,280.0
2016,NUTS,2010,ES43,2,303.0
2017,NUTS,2010,ES43,2,395.0
2018,NUTS,2010,ES43,2,433.0
2019,NUTS,2010,ES43,2,421.0
2011,NUTS,2010,ES5,1,16719.0
2012,NUTS,2010,ES5,1,16741.0
2013,NUTS,2010,ES5,1,16689.0
2014,NUTS,2010,ES5,1,17032.0
2015,NUTS,2010,ES5,1,17831.0
2016,NUTS,2010,ES5,1,19159.0
2017,NUTS,2010,ES5,1,20320.0
2018,NUTS,2010,ES5,1,22014.0
2019,NUTS,2010,ES5,1,22537.0
2011,NUTS,2010,ES51,2,11698.0
2012,NUTS,2010,ES51,2,12137.0
2013,NUTS,2010,ES51,2,12146.0
2014,NUTS,2010,ES51,2,12378.0
2015,NUTS,2010,ES51,2,13244.0
2016,NUTS,2010,ES51,2,13889.0
2017,NUTS,2010,ES51,2,14818.0
2018,NUTS,2010,ES51,2,16090.0
2019,NUTS,2010,ES51,2,16025.0
2011,NUTS,2010,ES52,2,4838.0
2012,NUTS,2010,ES52,2,4450.0
2013,NUTS,2010,ES52,2,4362.0
2014,NUTS,2010,ES52,2,4473.0
2015,NUTS,2010,ES52,2,4407.0
2016,NUTS,2010,ES52,2,4951.0
2017,NUTS,2010,ES52,2,5208.0
2018,NUTS,2010,ES52,2,5548.0
2019,NUTS,2010,ES52,2,6152.0
2011,NUTS,2010,ES53,2,183.0
2012,NUTS,2010,ES53,2,155.0
2013,NUTS,2010,ES53,2,181.0
2014,NUTS,2010,ES53,2,182.0
2015,NUTS,2010,ES53,2,180.0
2016,NUTS,2010,ES53,2,320.0
2017,NUTS,2010,ES53,2,294.0
2018,NUTS,2010,ES53,2,376.0
2019,NUTS,2010,ES53,2,359.0
2011,NUTS,2010,ES6,1,5356.0
2012,NUTS,2010,ES6,1,5554.0
2013,NUTS,2010,ES6,1,5864.0
2014,NUTS,2010,ES6,1,5768.0
2015,NUTS,2010,ES6,1,5488.0
2016,NUTS,2010,ES6,1,5476.0
2017,NUTS,2010,ES6,1,5447.0
2018,NUTS,2010,ES6,1,5947.0
2019,NUTS,2010,ES6,1,6039.0
2011,NUTS,2010,ES61,2,4490.0
2012,NUTS,2010,ES61,2,4612.0
2013,NUTS,2010,ES61,2,5032.0
2014,NUTS,2010,ES61,2,4864.0
2015,NUTS,2010,ES61,2,4550.0
2016,NUTS,2010,ES61,2,4401.0
2017,NUTS,2010,ES61,2,4282.0
2018,NUTS,2010,ES61,2,4768.0
2019,NUTS,2010,ES61,2,4716.0
2011,NUTS,2010,ES62,2,861.0
2012,NUTS,2010,ES62,2,933.0
2013,NUTS,2010,ES62,2,824.0
2014,NUTS,2010,ES62,2,897.0
2015,NUTS,2010,ES62,2,938.0
2016,NUTS,2010,ES62,2,1075.0
2017,NUTS,2010,ES62,2,1159.0
2018,NUTS,2010,ES62,2,1173.0
2019,NUTS,2010,ES62,2,1319.0
2012,NUTS,2010,ES63,2,3.0
2015,NUTS,2010,ES63,2,0.0
2012,NUTS,2010,ES64,2,6.0
2015,NUTS,2010,ES64,2,0.0
2011,NUTS,2010,ES7,1,493.0
2012,NUTS,2010,ES7,1,513.0
2013,NUTS,2010,ES7,1,451.0
2014,NUTS,2010,ES7,1,428.0
2015,NUTS,2010,ES7,1,380.0
2016,NUTS,2010,ES7,1,397.0
2017,NUTS,2010,ES7,1,408.0
2018,NUTS,2010,ES7,1,446.0
2019,NUTS,2010,ES7,1,449.0
2011,NUTS,2010,ES70,2,493.0
2012,NUTS,2010,ES70,2,513.0
2013,NUTS,2010,ES70,2,451.0
2014,NUTS,2010,ES70,2,428.0
2015,NUTS,2010,ES70,2,380.0
2016,NUTS,2010,ES70,2,397.0
2017,NUTS,2010,ES70,2,408.0
2018,NUTS,2010,ES70,2,446.0
2019,NUTS,2010,ES70,2,449.0
2011,NUTS,2010,ESZ,1,0.0
2011,NUTS,2010,ESZZ,2,0.0
2011,NUTS,2010,EU27_2020,7,824169.0
2013,NUTS,2010,EU27_2020,7,933558.0
2015,NUTS,2010,EU27_2020,7,1021401.0
2017,NUTS,2010,EU27_2020,7,1182281.0
2019,NUTS,2010,EU27_2020,7,1321025.0
2011,NUTS,2010,FI,0,27960.0
2012,NUTS,2010,FI,0,27225.0
2013,NUTS,2010,FI,0,27977.0
2014,NUTS,2010,FI,0,27367.0
2015,NUTS,2010,FI,0,27977.0
2016,NUTS,2010,FI,0,26962.0
2017,NUTS,2010,FI,0,26252.0
2018,NUTS,2010,FI,0,26949.0
2019,NUTS,2010,FI,0,28800.0
2011,NUTS,2010,FI1,1,27928.0
2012,NUTS,2010,FI1,1,27188.0
2013,NUTS,2010,FI1,1,27924.0
2015,NUTS,2010,FI1,1,27949.0
2016,NUTS,2010,FI1,1,26919.0
2017,NUTS,2010,FI1,1,26235.0
2018,NUTS,2010,FI1,1,26916.0
2019,NUTS,2010,FI1,1,28778.0
2011,NUTS,2010,FI19,2,6725.0
2012,NUTS,2010,FI19,2,6152.0
2013,NUTS,2010,FI19,2,6269.0
2015,NUTS,2010,FI19,2,6538.0
2016,NUTS,2010,FI19,2,5872.0
2017,NUTS,2010,FI19,2,5949.0
2018,NUTS,2010,FI19,2,6278.0
2019,NUTS,2010,FI19,2,6614.0
2011,NUTS,2010,FI1B,2,12134.0
2012,NUTS,2010,FI1B,2,12414.0
2013,NUTS,2010,FI1B,2,12899.0
2015,NUTS,2010,FI1B,2,13447.0
2016,NUTS,2010,FI1B,2,12828.0
2017,NUTS,2010,FI1B,2,12350.0
2018,NUTS,2010,FI1B,2,12707.0
2019,NUTS,2010,FI1B,2,13807.0
2011,NUTS,2010,FI1C,2,3542.0
2012,NUTS,2010,FI1C,2,3613.0
2013,NUTS,2010,FI1C,2,3627.0
2015,NUTS,2010,FI1C,2,3214.0
2016,NUTS,2010,FI1C,2,3197.0
2017,NUTS,2010,FI1C,2,3015.0
2018,NUTS,2010,FI1C,2,2951.0
2019,NUTS,2010,FI1C,2,3103.0
2011,NUTS,2010,FI1D,2,5527.0
2012,NUTS,2010,FI1D,2,5009.0
2013,NUTS,2010,FI1D,2,5129.0
2015,NUTS,2010,FI1D,2,4751.0
2016,NUTS,2010,FI1D,2,5021.0
2017,NUTS,2010,FI1D,2,4922.0
2018,NUTS,2010,FI1D,2,4980.0
2019,NUTS,2010,FI1D,2,5254.0
2011,NUTS,2010,FI2,1,32.0
2012,NUTS,2010,FI2,1,37.0
2013,NUTS,2010,FI2,1,53.0
2015,NUTS,2010,FI2,1,28.0
2016,NUTS,2010,FI2,1,43.0
2017,NUTS,2010,FI2,1,17.0
2018,NUTS,2010,FI2,1,33.0
2019,NUTS,2010,FI2,1,22.0
2011,NUTS,2010,FI20,2,32.0
2012,NUTS,2010,FI20,2,37.0
2013,NUTS,2010,FI20,2,53.0
2015,NUTS,2010,FI20,2,28.0
2016,NUTS,2010,FI20,2,43.0
2017,NUTS,2010,FI20,2,17.0
2018,NUTS,2010,FI20,2,33.0
2019,NUTS,2010,FI20,2,22.0
2011,NUTS,2010,FR,0,197056.0
2012,NUTS,2010,FR,0,213181.0
2013,NUTS,2010,FR,0,220321.0
2014,NUTS,2010,FR,0,223801.0
2016,NUTS,2010,FR,0,237443.0
2017,NUTS,2010,FR,0,256347.0
2018,NUTS,2010,FR,0,268565.0
2011,NUTS,2010,FR1,1,86959.0
2012,NUTS,2010,FR1,1,92124.0
2013,NUTS,2010,FR1,1,95842.0
2011,NUTS,2010,FR10,2,86959.0
2012,NUTS,2010,FR10,2,92124.0
2013,NUTS,2010,FR10,2,95842.0
2011,NUTS,2010,FR2,1,14652.0
2012,NUTS,2010,FR2,1,15729.0
2013,NUTS,2010,FR2,1,15322.0
2011,NUTS,2010,FR21,2,1162.0
2012,NUTS,2010,FR21,2,1317.0
2013,NUTS,2010,FR21,2,1294.0
2011,NUTS,2010,FR22,2,2583.0
2012,NUTS,2010,FR22,2,2510.0
2013,NUTS,2010,FR22,2,2726.0
2011,NUTS,2010,FR23,2,2598.0
2012,NUTS,2010,FR23,2,3330.0
2013,NUTS,2010,FR23,2,3224.0
2011,NUTS,2010,FR24,2,4476.0
2012,NUTS,2010,FR24,2,4142.0
2013,NUTS,2010,FR24,2,4099.0
2011,NUTS,2010,FR25,2,1921.0
2012,NUTS,2010,FR25,2,2172.0
2013,NUTS,2010,FR25,2,1866.0
2011,NUTS,2010,FR26,2,1912.0
2012,NUTS,2010,FR26,2,2258.0
2013,NUTS,2010,FR26,2,2114.0
2011,NUTS,2010,FR3,1,4077.0
2012,NUTS,2010,FR3,1,3921.0
2013,NUTS,2010,FR3,1,4108.0
2011,NUTS,2010,FR30,2,4077.0
2012,NUTS,2010,FR30,2,3921.0
2013,NUTS,2010,FR30,2,4108.0
2011,NUTS,2010,FR4,1,9370.0
2012,NUTS,2010,FR4,1,9739.0
2013,NUTS,2010,FR4,1,9333.0
2011,NUTS,2010,FR41,2,2377.0
2012,NUTS,2010,FR41,2,2335.0
2013,NUTS,2010,FR41,2,2240.0
2011,NUTS,2010,FR42,2,3870.0
2012,NUTS,2010,FR42,2,4067.0
2013,NUTS,2010,FR42,2,3917.0
2011,NUTS,2010,FR43,2,3123.0
2012,NUTS,2010,FR43,2,3337.0
2013,NUTS,2010,FR43,2,3176.0
2011,NUTS,2010,FR5,1,16157.0
2012,NUTS,2010,FR5,1,17797.0
2013,NUTS,2010,FR5,1,17904.0
2011,NUTS,2010,FR51,2,6616.0
2012,NUTS,2010,FR51,2,7207.0
2013,NUTS,2010,FR51,2,7495.0
2011,NUTS,2010,FR52,2,8081.0
2012,NUTS,2010,FR52,2,8762.0
2013,NUTS,2010,FR52,2,8447.0
2011,NUTS,2010,FR53,2,1460.0
2012,NUTS,2010,FR53,2,1828.0
2013,NUTS,2010,FR53,2,1962.0
2011,NUTS,2010,FR6,1,22736.0
2012,NUTS,2010,FR6,1,26310.0
2013,NUTS,2010,FR6,1,26836.0
2011,NUTS,2010,FR61,2,5915.0
2012,NUTS,2010,FR61,2,6051.0
2013,NUTS,2010,FR61,2,6172.0
2011,NUTS,2010,FR62,2,16242.0
2012,NUTS,2010,FR62,2,19429.0
2013,NUTS,2010,FR62,2,19865.0
2011,NUTS,2010,FR63,2,579.0
2012,NUTS,2010,FR63,2,831.0
2013,NUTS,2010,FR63,2,800.0
2011,NUTS,2010,FR7,1,26258.0
2012,NUTS,2010,FR7,1,27982.0
2013,NUTS,2010,FR7,1,29300.0
2011,NUTS,2010,FR71,2,24516.0
2012,NUTS,2010,FR71,2,26025.0
2013,NUTS,2010,FR71,2,27378.0
2011,NUTS,2010,FR72,2,1742.0
2012,NUTS,2010,FR72,2,1957.0
2013,NUTS,2010,FR72,2,1922.0
2011,NUTS,2010,FR8,1,16950.0
2012,NUTS,2010,FR8,1,19363.0
2013,NUTS,2010,FR8,1,21384.0
2011,NUTS,2010,FR81,2,3208.0
2012,NUTS,2010,FR81,2,3819.0
2013,NUTS,2010,FR81,2,4109.0
2011,NUTS,2010,FR82,2,13634.0
2012,NUTS,2010,FR82,2,15501.0
2013,NUTS,2010,FR82,2,17238.0
2011,NUTS,2010,FR83,2,108.0
2012,NUTS,2010,FR83,2,43.0
2013,NUTS,2010,FR83,2,36.0
2011,NUTS,2010,FRA,1,187.0
2012,NUTS,2010,FRA,1,212.0
2013,NUTS,2010,FRA,1,283.0
2011,NUTS,2010,HR,0,1314.0
2012,NUTS,2010,HR,0,1366.0
2013,NUTS,2010,HR,0,1251.0
2014,NUTS,2010,HR,0,1178.0
2015,NUTS,2010,HR,0,1293.0
2016,NUTS,2010,HR,0,2003.0
2017,NUTS,2010,HR,0,1925.0
2018,NUTS,2010,HR,0,2081.0
2019,NUTS,2010,HR,0,2595.0
2020,NUTS,2010,HR,0,2685.0
2011,NUTS,2010,HR0,1,1314.0
2012,NUTS,2010,HR0,1,1366.0
2013,NUTS,2010,HR0,1,1251.0
2014,NUTS,2010,HR0,1,1178.0
2015,NUTS,2010,HR0,1,1293.0
2016,NUTS,2010,HR0,1,2003.0
2017,NUTS,2010,HR0,1,1925.0
2018,NUTS,2010,HR0,1,2081.0
2019,NUTS,2010,HR0,1,2595.0
2020,NUTS,2010,HR0,1,2685.0
2020,NUTS,2010,HR02,2,160.0
2011,NUTS,2010,HR03,2,96.0
2012,NUTS,2010,HR03,2,103.0
2013,NUTS,2010,HR03,2,77.0
2014,NUTS,2010,HR03,2,63.0
2015,NUTS,2010,HR03,2,82.0
2016,NUTS,2010,HR03,2,157.0
2017,NUTS,2010,HR03,2,147.0
2018,NUTS,2010,HR03,2,135.0
2019,NUTS,2010,HR03,2,185.0
2020,NUTS,2010,HR03,2,184.0
2011,NUTS,2010,HR04,2,1218.0
2012,NUTS,2010,HR04,2,1263.0
2013,NUTS,2010,HR04,2,1174.0
2014,NUTS,2010,HR04,2,1115.0
2015,NUTS,2010,HR04,2,1211.0
2016,NUTS,2010,HR04,2,1846.0
2017,NUTS,2010,HR04,2,1778.0
2018,NUTS,2010,HR04,2,1946.0
2019,NUTS,2010,HR04,2,2410.0
2020,NUTS,2010,HR05,2,1706.0
2020,NUTS,2010,HR06,2,635.0
2013,NUTS,2010,HRZ,1,0.0
2014,NUTS,2010,HRZ,1,0.0
2011,NUTS,2010,HU,0,13649.0
2012,NUTS,2010,HU,0,14742.0
2013,NUTS,2010,HU,0,16010.0
2014,NUTS,2010,HU,0,17008.0
2015,NUTS,2010,HU,0,16485.0
2016,NUTS,2010,HU,0,16726.0
2017,NUTS,2010,HU,0,19292.0
2018,NUTS,2010,HU,0,23776.0
2019,NUTS,2010,HU,0,25433.0
2011,NUTS,2010,HU1,1,9208.0
2012,NUTS,2010,HU1,1,9893.0
2013,NUTS,2010,HU1,1,10775.0
2014,NUTS,2010,HU1,1,12301.0
2015,NUTS,2010,HU1,1,12208.0
2016,NUTS,2010,HU1,1,12334.0
2017,NUTS,2010,HU1,1,13936.0
2018,NUTS,2010,HU1,1,17253.0
2019,NUTS,2010,HU1,1,18294.0
2011,NUTS,2010,HU10,2,9208.0
2012,NUTS,2010,HU10,2,9893.0
2013,NUTS,2010,HU10,2,10775.0
2014,NUTS,2010,HU10,2,12301.0
2015,NUTS,2010,HU10,2,12208.0
2016,NUTS,2010,HU10,2,12334.0
2017,NUTS,2010,HU11,2,12910.0
2018,NUTS,2010,HU11,2,15633.0
2019,NUTS,2010,HU11,2,16459.0
2017,NUTS,2010,HU12,2,1026.0
2018,NUTS,2010,HU12,2,1620.0
2019,NUTS,2010,HU12,2,1835.0
2011,NUTS,2010,HU2,1,2114.0
2012,NUTS,2010,HU2,1,2393.0
2013,NUTS,2010,HU2,1,2729.0
2014,NUTS,2010,HU2,1,2428.0
2015,NUTS,2010,HU2,1,2226.0
2016,NUTS,2010,HU2,1,2288.0
2017,NUTS,2010,HU2,1,2739.0
2018,NUTS,2010,HU2,1,3557.0
2019,NUTS,2010,HU2,1,3869.0
2011,NUTS,2010,HU21,2,1112.0
2012,NUTS,2010,HU21,2,1316.0
2013,NUTS,2010,HU21,2,1404.0
2014,NUTS,2010,HU21,2,1331.0
2015,NUTS,2010,HU21,2,1293.0
2016,NUTS,2010,HU21,2,1343.0
2017,NUTS,2010,HU21,2,1532.0
2018,NUTS,2010,HU21,2,1818.0
2019,NUTS,2010,HU21,2,1978.0
2011,NUTS,2010,HU22,2,609.0
2012,NUTS,2010,HU22,2,687.0
2013,NUTS,2010,HU22,2,862.0
2014,NUTS,2010,HU22,2,764.0
2015,NUTS,2010,HU22,2,685.0
2016,NUTS,2010,HU22,2,674.0
2017,NUTS,2010,HU22,2,846.0
2018,NUTS,2010,HU22,2,1172.0
2019,NUTS,2010,HU22,2,1204.0
2011,NUTS,2010,HU23,2,393.0
2012,NUTS,2010,HU23,2,390.0
2013,NUTS,2010,HU23,2,463.0
2014,NUTS,2010,HU23,2,333.0
2015,NUTS,2010,HU23,2,248.0
2016,NUTS,2010,HU23,2,271.0
2017,NUTS,2010,HU23,2,361.0
2018,NUTS,2010,HU23,2,567.0
2019,NUTS,2010,HU23,2,687.0
2011,NUTS,2010,HU3,1,2327.0
2012,NUTS,2010,HU3,1,2456.0
2013,NUTS,2010,HU3,1,2506.0
2014,NUTS,2010,HU3,1,2279.0
2015,NUTS,2010,HU3,1,2051.0
2016,NUTS,2010,HU3,1,2104.0
2017,NUTS,2010,HU3,1,2617.0
2018,NUTS,2010,HU3,1,2966.0
2019,NUTS,2010,HU3,1,3270.0
2011,NUTS,2010,HU31,2,586.0
2012,NUTS,2010,HU31,2,658.0
2013,NUTS,2010,HU31,2,657.0
2014,NUTS,2010,HU31,2,550.0
2015,NUTS,2010,HU31,2,511.0
2016,NUTS,2010,HU31,2,475.0
2017,NUTS,2010,HU31,2,655.0
2018,NUTS,2010,HU31,2,716.0
2019,NUTS,2010,HU31,2,846.0
2011,NUTS,2010,HU32,2,782.0
2012,NUTS,2010,HU32,2,838.0
2013,NUTS,2010,HU32,2,777.0
2014,NUTS,2010,HU32,2,654.0
2015,NUTS,2010,HU32,2,669.0
2016,NUTS,2010,HU32,2,689.0
2017,NUTS,2010,HU32,2,844.0
2018,NUTS,2010,HU32,2,930.0
2019,NUTS,2010,HU32,2,928.0
2011,NUTS,2010,HU33,2,959.0
2012,NUTS,2010,HU33,2,960.0
2013,NUTS,2010,HU33,2,1072.0
2014,NUTS,2010,HU33,2,1075.0
2015,NUTS,2010,HU33,2,871.0
2016,NUTS,2010,HU33,2,940.0
2017,NUTS,2010,HU33,2,1118.0
2018,NUTS,2010,HU33,2,1320.0
2019,NUTS,2010,HU33,2,1496.0
2011,NUTS,2010,IE,0,10618.0
2013,NUTS,2010,IE,0,13750.0
2015,NUTS,2010,IE,0,14175.0
2017,NUTS,2010,IE,0,15605.0
2019,NUTS,2010,IE,0,16609.0
2011,NUTS,2010,IE0,1,10618.0
2013,NUTS,2010,IE0,1,13750.0
2015,NUTS,2010,IE0,1,14175.0
2017,NUTS,2010,IE0,1,15605.0
2011,NUTS,2010,IE01,2,2259.0
2013,NUTS,2010,IE01,2,2700.0
2015,NUTS,2010,IE01,2,2522.0
2017,NUTS,2010,IE01,2,2874.0
2011,NUTS,2010,IE02,2,8359.0
2013,NUTS,2010,IE02,2,11050.0
2015,NUTS,2010,IE02,2,11653.0
2017,NUTS,2010,IE02,2,12731.0
2011,NUTS,2010,IS,0,1378.0
2013,NUTS,2010,IS,0,1278.0
2015,NUTS,2010,IS,0,1422.0
2016,NUTS,2010,IS,0,1422.0
2017,NUTS,2010,IS,0,1354.0
2018,NUTS,2010,IS,0,1354.0
2011,NUTS,2010,IT,0,47816.0
2012,NUTS,2010,IT,0,49950.0
2013,NUTS,2010,IT,0,52710.0
2014,NUTS,2010,IT,0,54216.0
2015,NUTS,2010,IT,0,62170.0
2016,NUTS,2010,IT,0,72393.0
2017,NUTS,2010,IT,0,82060.0
2018,NUTS,2010,IT,0,96257.0
2019,NUTS,2010,IT,0,103403.0
2011,NUTS,2010,ITC,1,21626.0
2012,NUTS,2010,ITC,1,22258.0
2013,NUTS,2010,ITC,1,22508.0
2014,NUTS,2010,ITC,1,23860.0
2015,NUTS,2010,ITC,1,26505.0
2016,NUTS,2010,ITC,1,30582.0
2017,NUTS,2010,ITC,1,32788.0
2018,NUTS,2010,ITC,1,38002.0
2019,NUTS,2010,ITC,1,41064.0
2011,NUTS,2010,ITC1,2,7469.0
2012,NUTS,2010,ITC1,2,7265.0
2013,NUTS,2010,ITC1,2,7467.0
2014,NUTS,2010,ITC1,2,8633.0
2015,NUTS,2010,ITC1,2,9129.0
2016,NUTS,2010,ITC1,2,9993.0
2017,NUTS,2010,ITC1,2,10232.0
2018,NUTS,2010,ITC1,2,11322.0
2019,NUTS,2010,ITC1,2,11752.0
2011,NUTS,2010,ITC2,2,115.0
2012,NUTS,2010,ITC2,2,154.0
2013,NUTS,2010,ITC2,2,104.0
2014,NUTS,2010,ITC2,2,117.0
2015,NUTS,2010,ITC2,2,116.0
2016,NUTS,2010,ITC2,2,191.0
2017,NUTS,2010,ITC2,2,156.0
2018,NUTS,2010,ITC2,2,161.0
2019,NUTS,2010,ITC2,2,152.0
2011,NUTS,2010,ITC3,2,1656.0
2012,NUTS,2010,ITC3,2,1474.0
2013,NUTS,2010,ITC3,2,1419.0
2014,NUTS,2010,ITC3,2,1237.0
2015,NUTS,2010,ITC3,2,1588.0
2016,NUTS,2010,ITC3,2,1900.0
2017,NUTS,2010,ITC3,2,1810.0
2018,NUTS,2010,ITC3,2,2277.0
2019,NUTS,2010,ITC3,2,3014.0
2011,NUTS,2010,ITC4,2,12386.0
2012,NUTS,2010,ITC4,2,13365.0
2013,NUTS,2010,ITC4,2,13518.0
2014,NUTS,2010,ITC4,2,13873.0
2015,NUTS,2010,ITC4,2,15672.0
2016,NUTS,2010,ITC4,2,18498.0
2017,NUTS,2010,ITC4,2,20590.0
2018,NUTS,2010,ITC4,2,24242.0
2019,NUTS,2010,ITC4,2,26146.0
2011,NUTS,2010,ITF,1,3614.0
2012,NUTS,2010,ITF,1,4144.0
2013,NUTS,2010,ITF,1,4509.0
2014,NUTS,2010,ITF,1,4618.0
2015,NUTS,2010,ITF,1,6088.0
2016,NUTS,2010,ITF,1,6493.0
2017,NUTS,2010,ITF,1,7591.0
2018,NUTS,2010,ITF,1,9231.0
2019,NUTS,2010,ITF,1,10684.0
2011,NUTS,2010,ITF1,2,609.0
2012,NUTS,2010,ITF1,2,434.0
2013,NUTS,2010,ITF1,2,437.0
2014,NUTS,2010,ITF1,2,467.0
2015,NUTS,2010,ITF1,2,583.0
2016,NUTS,2010,ITF1,2,731.0
2017,NUTS,2010,ITF1,2,776.0
2018,NUTS,2010,ITF1,2,941.0
2019,NUTS,2010,ITF1,2,1080.0
2011,NUTS,2010,ITF2,2,12.0
2012,NUTS,2010,ITF2,2,14.0
2013,NUTS,2010,ITF2,2,132.0
2014,NUTS,2010,ITF2,2,114.0
2015,NUTS,2010,ITF2,2,383.0
2016,NUTS,2010,ITF2,2,385.0
2017,NUTS,2010,ITF2,2,351.0
2018,NUTS,2010,ITF2,2,372.0
2019,NUTS,2010,ITF2,2,489.0
2011,NUTS,2010,ITF3,2,2184.0
2012,NUTS,2010,ITF3,2,2831.0
2013,NUTS,2010,ITF3,2,2770.0
2014,NUTS,2010,ITF3,2,2711.0
2015,NUTS,2010,ITF3,2,3317.0
2016,NUTS,2010,ITF3,2,3202.0
2017,NUTS,2010,ITF3,2,3785.0
2018,NUTS,2010,ITF3,2,4743.0
2019,NUTS,2010,ITF3,2,5700.0
2011,NUTS,2010,ITF4,2,637.0
2012,NUTS,2010,ITF4,2,698.0
2013,NUTS,2010,ITF4,2,993.0
2014,NUTS,2010,ITF4,2,1150.0
2015,NUTS,2010,ITF4,2,1470.0
2016,NUTS,2010,ITF4,2,1686.0
2017,NUTS,2010,ITF4,2,2027.0
2018,NUTS,2010,ITF4,2,2388.0
2019,NUTS,2010,ITF4,2,2659.0
2011,NUTS,2010,ITF5,2,67.0
2012,NUTS,2010,ITF5,2,42.0
2013,NUTS,2010,ITF5,2,33.0
2014,NUTS,2010,ITF5,2,27.0
2015,NUTS,2010,ITF5,2,43.0
2016,NUTS,2010,ITF5,2,86.0
2017,NUTS,2010,ITF5,2,147.0
2018,NUTS,2010,ITF5,2,175.0
2019,NUTS,2010,ITF5,2,140.0
2011,NUTS,2010,ITF6,2,105.0
2012,NUTS,2010,ITF6,2,125.0
2013,NUTS,2010,ITF6,2,144.0
2014,NUTS,2010,ITF6,2,149.0
2015,NUTS,2010,ITF6,2,292.0
2016,NUTS,2010,ITF6,2,403.0
2017,NUTS,2010,ITF6,2,505.0
2018,NUTS,2010,ITF6,2,611.0
2019,NUTS,2010,ITF6,2,616.0
2011,NUTS,2010,ITG,1,1645.0
2012,NUTS,2010,ITG,1,1678.0
2013,NUTS,2010,ITG,1,1610.0
2014,NUTS,2010,ITG,1,1806.0
2015,NUTS,2010,ITG,1,1643.0
2016,NUTS,2010,ITG,1,1824.0
2017,NUTS,2010,ITG,1,2303.0
2018,NUTS,2010,ITG,1,2650.0
2019,NUTS,2010,ITG,1,3000.0
2011,NUTS,2010,ITG1,2,1494.0
2012,NUTS,2010,ITG1,2,1526.0
2013,NUTS,2010,ITG1,2,1489.0
2014,NUTS,2010,ITG1,2,1630.0
2015,NUTS,2010,ITG1,2,1364.0
2016,NUTS,2010,ITG1,2,1438.0
2017,NUTS,2010,ITG1,2,1781.0
2018,NUTS,2010,ITG1,2,2076.0
2019,NUTS,2010,ITG1,2,2485.0
2011,NUTS,2010,ITG2,2,151.0
2012,NUTS,2010,ITG2,2,152.0
2013,NUTS,2010,ITG2,2,121.0
2014,NUTS,2010,ITG2,2,176.0
2015,NUTS,2010,ITG2,2,279.0
2016,NUTS,2010,ITG2,2,386.0
2017,NUTS,2010,ITG2,2,522.0
2018,NUTS,2010,ITG2,2,574.0
2019,NUTS,2010,ITG2,2,515.0
2011,NUTS,2010,ITH,1,13138.0
2012,NUTS,2010,ITH,1,13573.0
2013,NUTS,2010,ITH,1,15038.0
2014,NUTS,2010,ITH,1,14948.0
2015,NUTS,2010,ITH,1,16763.0
2016,NUTS,2010,ITH,1,20507.0
2017,NUTS,2010,ITH,1,24012.0
2018,NUTS,2010,ITH,1,27551.0
2019,NUTS,2010,ITH,1,28175.0
2011,NUTS,2010,ITH1,2,387.0
2012,NUTS,2010,ITH1,2,327.0
2013,NUTS,2010,ITH1,2,353.0
2014,NUTS,2010,ITH1,2,482.0
2015,NUTS,2010,ITH1,2,464.0
2016,NUTS,2010,ITH1,2,619.0
2017,NUTS,2010,ITH1,2,515.0
2018,NUTS,2010,ITH1,2,565.0
2019,NUTS,2010,ITH1,2,611.0
2011,NUTS,2010,ITH2,2,536.0
2012,NUTS,2010,ITH2,2,628.0
2013,NUTS,2010,ITH2,2,667.0
2014,NUTS,2010,ITH2,2,742.0
2015,NUTS,2010,ITH2,2,812.0
2016,NUTS,2010,ITH2,2,826.0
2017,NUTS,2010,ITH2,2,855.0
2018,NUTS,2010,ITH2,2,965.0
2019,NUTS,2010,ITH2,2,1002.0
2011,NUTS,2010,ITH3,2,4667.0
2012,NUTS,2010,ITH3,2,4588.0
2013,NUTS,2010,ITH3,2,5113.0
2014,NUTS,2010,ITH3,2,5124.0
2015,NUTS,2010,ITH3,2,5242.0
2016,NUTS,2010,ITH3,2,7015.0
2017,NUTS,2010,ITH3,2,8282.0
2018,NUTS,2010,ITH3,2,9862.0
2019,NUTS,2010,ITH3,2,10007.0
2011,NUTS,2010,ITH4,2,1977.0
2012,NUTS,2010,ITH4,2,2282.0
2013,NUTS,2010,ITH4,2,1879.0
2014,NUTS,2010,ITH4,2,1637.0
2015,NUTS,2010,ITH4,2,1675.0
2016,NUTS,2010,ITH4,2,1997.0
2017,NUTS,2010,ITH4,2,2329.0
2018,NUTS,2010,ITH4,2,2455.0
2019,NUTS,2010,ITH4,2,2468.0
2011,NUTS,2010,ITH5,2,5571.0
2012,NUTS,2010,ITH5,2,5748.0
2013,NUTS,2010,ITH5,2,7026.0
2014,NUTS,2010,ITH5,2,6963.0
2015,NUTS,2010,ITH5,2,8570.0
2016,NUTS,2010,ITH5,2,10050.0
2017,NUTS,2010,ITH5,2,12031.0
2018,NUTS,2010,ITH5,2,13703.0
2019,NUTS,2010,ITH5,2,14087.0
2011,NUTS,2010,ITI,1,7793.0
2012,NUTS,2010,ITI,1,8297.0
2013,NUTS,2010,ITI,1,9045.0
2014,NUTS,2010,ITI,1,8984.0
2015,NUTS,2010,ITI,1,11171.0
2016,NUTS,2010,ITI,1,12987.0
2017,NUTS,2010,ITI,1,15366.0
2018,NUTS,2010,ITI,1,18823.0
2019,NUTS,2010,ITI,1,20480.0
2011,NUTS,2010,ITI1,2,2582.0
2012,NUTS,2010,ITI1,2,3081.0
2013,NUTS,2010,ITI1,2,3383.0
2014,NUTS,2010,ITI1,2,3150.0
2015,NUTS,2010,ITI1,2,4137.0
2016,NUTS,2010,ITI1,2,4787.0
2017,NUTS,2010,ITI1,2,5835.0
2018,NUTS,2010,ITI1,2,7505.0
2019,NUTS,2010,ITI1,2,7904.0
2011,NUTS,2010,ITI2,2,371.0
2012,NUTS,2010,ITI2,2,434.0
2013,NUTS,2010,ITI2,2,447.0
2014,NUTS,2010,ITI2,2,517.0
2015,NUTS,2010,ITI2,2,470.0
2016,NUTS,2010,ITI2,2,547.0
2017,NUTS,2010,ITI2,2,790.0
2018,NUTS,2010,ITI2,2,929.0
2019,NUTS,2010,ITI2,2,961.0
2011,NUTS,2010,ITI3,2,970.0
2012,NUTS,2010,ITI3,2,885.0
2013,NUTS,2010,ITI3,2,977.0
2014,NUTS,2010,ITI3,2,1163.0
2015,NUTS,2010,ITI3,2,1051.0
2016,NUTS,2010,ITI3,2,1496.0
2017,NUTS,2010,ITI3,2,1962.0
2018,NUTS,2010,ITI3,2,2177.0
2019,NUTS,2010,ITI3,2,2153.0
2011,NUTS,2010,ITI4,2,3870.0
2012,NUTS,2010,ITI4,2,3897.0
2013,NUTS,2010,ITI4,2,4238.0
2014,NUTS,2010,ITI4,2,4154.0
2015,NUTS,2010,ITI4,2,5513.0
2016,NUTS,2010,ITI4,2,6157.0
2017,NUTS,2010,ITI4,2,6779.0
2018,NUTS,2010,ITI4,2,8212.0
2019,NUTS,2010,ITI4,2,9462.0
2011,NUTS,2010,JP,0,534908.0
2012,NUTS,2010,JP,0,528300.0
2013,NUTS,2010,JP,0,531423.0
2014,NUTS,2010,JP,0,560466.0
2015,NUTS,2010,JP,0,540895.0
2016,NUTS,2010,JP,0,547344.0
2017,NUTS,2010,JP,0,557050.0
2018,NUTS,2010,JP,0,559983.0
2019,NUTS,2010,JP,0,562901.0
2011,NUTS,2010,KR,0,250626.0
2012,NUTS,2010,KR,0,275986.0
2013,NUTS,2010,KR,0,281874.0
2014,NUTS,2010,KR,0,304808.0
2015,NUTS,2010,KR,0,317842.0
2016,NUTS,2010,KR,0,321323.0
2017,NUTS,2010,KR,0,343367.0
2018,NUTS,2010,KR,0,368237.0
2019,NUTS,2010,KR,0,387448.0
2011,NUTS,2010,LT,0,1962.0
2012,NUTS,2010,LT,0,2038.0
2013,NUTS,2010,LT,0,2451.0
2014,NUTS,2010,LT,0,4078.0
2015,NUTS,2010,LT,0,2807.0
2016,NUTS,2010,LT,0,2836.0
2017,NUTS,2010,LT,0,3896.0
2018,NUTS,2010,LT,0,4312.0
2019,NUTS,2010,LT,0,4542.0
2015,NUTS,2010,LT01,2,1950.0
2016,NUTS,2010,LT01,2,1974.0
2017,NUTS,2010,LT01,2,2534.0
2018,NUTS,2010,LT01,2,2638.0
2019,NUTS,2010,LT01,2,2950.0
2015,NUTS,2010,LT02,2,857.0
2016,NUTS,2010,LT02,2,862.0
2017,NUTS,2010,LT02,2,1362.0
2018,NUTS,2010,LT02,2,1674.0
2019,NUTS,2010,LT02,2,1592.0
2011,NUTS,2010,LU,0,1679.0
2013,NUTS,2010,LU,0,1097.0
2015,NUTS,2010,LU,0,1239.0
2017,NUTS,2010,LU,0,1505.0
2019,NUTS,2010,LU,0,1497.0
2011,NUTS,2010,LV,0,1001.0
2012,NUTS,2010,LV,0,1138.0
2013,NUTS,2010,LV,0,1117.0
2014,NUTS,2010,LV,0,1496.0
2015,NUTS,2010,LV,0,1208.0
2016,NUTS,2010,LV,0,1098.0
2017,NUTS,2010,LV,0,1145.0
2018,NUTS,2010,LV,0,1207.0
2019,NUTS,2010,LV,0,1313.0
2011,NUTS,2010,ME,0,125.0
2013,NUTS,2010,ME,0,136.0
2014,NUTS,2010,ME,0,123.0
2015,NUTS,2010,ME,0,118.0
2016,NUTS,2010,ME,0,91.0
2017,NUTS,2010,ME,0,116.0
2018,NUTS,2010,ME,0,204.0
2019,NUTS,2010,ME,0,158.0
2011,NUTS,2010,MK,0,168.0
2012,NUTS,2010,MK,0,120.0
2015,NUTS,2010,MK,0,374.0
2016,NUTS,2010,MK,0,374.0
2017,NUTS,2010,MK,0,407.0
2018,NUTS,2010,MK,0,482.0
2019,NUTS,2010,MK,0,555.0
2011,NUTS,2010,MT,0,558.0
2012,NUTS,2010,MT,0,649.0
2013,NUTS,2010,MT,0,552.0
2014,NUTS,2010,MT,0,473.0
2015,NUTS,2010,MT,0,515.0
2016,NUTS,2010,MT,0,584.0
2017,NUTS,2010,MT,0,591.0
2018,NUTS,2010,MT,0,536.0
2019,NUTS,2010,MT,0,525.0
2011,NUTS,2010,NL,0,51586.0
2012,NUTS,2010,NL,0,71200.0
2013,NUTS,2010,NL,0,84044.0
2014,NUTS,2010,NL,0,84671.0
2015,NUTS,2010,NL,0,85199.0
2016,NUTS,2010,NL,0,91036.0
2017,NUTS,2010,NL,0,90873.0
2018,NUTS,2010,NL,0,95694.0
2019,NUTS,2010,NL,0,99627.0
2011,NUTS,2010,NL1,1,2809.0
2012,NUTS,2010,NL1,1,3692.0
2011,NUTS,2010,NL11,2,1003.0
2012,NUTS,2010,NL11,2,1216.0
2011,NUTS,2010,NL12,2,832.0
2012,NUTS,2010,NL12,2,1393.0
2011,NUTS,2010,NL13,2,974.0
2012,NUTS,2010,NL13,2,1083.0
2011,NUTS,2010,NL2,1,10481.0
2012,NUTS,2010,NL2,1,14515.0
2011,NUTS,2010,NL21,2,3916.0
2012,NUTS,2010,NL21,2,4097.0
2011,NUTS,2010,NL22,2,5606.0
2012,NUTS,2010,NL22,2,9157.0
2011,NUTS,2010,NL23,2,960.0
2012,NUTS,2010,NL23,2,1261.0
2011,NUTS,2010,NL3,1,24245.0
2012,NUTS,2010,NL3,1,33949.0
2011,NUTS,2010,NL31,2,3063.0
2012,NUTS,2010,NL31,2,5092.0
2011,NUTS,2010,NL32,2,11071.0
2012,NUTS,2010,NL32,2,15190.0
2011,NUTS,2010,NL33,2,9454.0
2012,NUTS,2010,NL33,2,12854.0
2011,NUTS,2010,NL34,2,658.0
2012,NUTS,2010,NL34,2,812.0
2011,NUTS,2010,NL4,1,14051.0
2012,NUTS,2010,NL4,1,19044.0
2011,NUTS,2010,NL41,2,10542.0
2012,NUTS,2010,NL41,2,13855.0
2011,NUTS,2010,NL42,2,3509.0
2012,NUTS,2010,NL42,2,5189.0
2011,NUTS,2010,NO,0,17561.0
2012,NUTS,2010,NO,0,18630.0
2013,NUTS,2010,NO,0,18857.0
2014,NUTS,2010,NO,0,20388.0
2015,NUTS,2010,NO,0,21206.0
2016,NUTS,2010,NO,0,22713.0
2017,NUTS,2010,NO,0,24418.0
2018,NUTS,2010,NO,0,25342.0
2019,NUTS,2010,NO,0,26452.0
2011,NUTS,2010,NO0,1,17561.0
2012,NUTS,2010,NO0,1,18630.0
2013,NUTS,2010,NO0,1,18857.0
2014,NUTS,2010,NO0,1,20388.0
2015,NUTS,2010,NO0,1,21204.0
2017,NUTS,2010,NO0,1,24418.0
2018,NUTS,2010,NO0,1,25342.0
2019,NUTS,2010,NO0,1,26452.0
2011,NUTS,2010,NO01,2,7927.0
2012,NUTS,2010,NO01,2,8000.0
2013,NUTS,2010,NO01,2,8136.0
2014,NUTS,2010,NO01,2,8793.0
2015,NUTS,2010,NO01,2,9140.0
2017,NUTS,2010,NO01,2,10606.0
2018,NUTS,2010,NO01,2,10943.0
2019,NUTS,2010,NO01,2,11796.0
2011,NUTS,2010,NO02,2,378.0
2012,NUTS,2010,NO02,2,381.0
2013,NUTS,2010,NO02,2,431.0
2014,NUTS,2010,NO02,2,404.0
2015,NUTS,2010,NO02,2,348.0
2017,NUTS,2010,NO02,2,524.0
2018,NUTS,2010,NO02,2,574.0
2019,NUTS,2010,NO02,2,482.0
2011,NUTS,2010,NO03,2,2544.0
2012,NUTS,2010,NO03,2,2519.0
2013,NUTS,2010,NO03,2,2828.0
2014,NUTS,2010,NO03,2,3039.0
2015,NUTS,2010,NO03,2,3190.0
2017,NUTS,2010,NO03,2,3349.0
2018,NUTS,2010,NO03,2,3147.0
2019,NUTS,2010,NO03,2,3246.0
2011,NUTS,2010,NO04,2,1623.0
2012,NUTS,2010,NO04,2,1824.0
2013,NUTS,2010,NO04,2,1840.0
2014,NUTS,2010,NO04,2,2060.0
2015,NUTS,2010,NO04,2,2222.0
2017,NUTS,2010,NO04,2,2646.0
2018,NUTS,2010,NO04,2,2782.0
2019,NUTS,2010,NO04,2,2776.0
2011,NUTS,2010,NO05,2,1679.0
2012,NUTS,2010,NO05,2,1807.0
2013,NUTS,2010,NO05,2,1876.0
2014,NUTS,2010,NO05,2,2118.0
2015,NUTS,2010,NO05,2,2336.0
2017,NUTS,2010,NO05,2,2732.0
2018,NUTS,2010,NO05,2,3305.0
2019,NUTS,2010,NO05,2,3328.0
2011,NUTS,2010,NO06,2,2866.0
2012,NUTS,2010,NO06,2,3434.0
2013,NUTS,2010,NO06,2,3159.0
2014,NUTS,2010,NO06,2,3291.0
2015,NUTS,2010,NO06,2,3214.0
2017,NUTS,2010,NO06,2,3598.0
2018,NUTS,2010,NO06,2,3534.0
2019,NUTS,2010,NO06,2,3843.0
2011,NUTS,2010,NO07,2,542.0
2012,NUTS,2010,NO07,2,646.0
2013,NUTS,2010,NO07,2,565.0
2014,NUTS,2010,NO07,2,682.0
2015,NUTS,2010,NO07,2,754.0
2017,NUTS,2010,NO07,2,962.0
2018,NUTS,2010,NO07,2,1057.0
2019,NUTS,2010,NO07,2,981.0
2011,NUTS,2010,PL,0,14299.0
2012,NUTS,2010,PL,0,18882.0
2013,NUTS,2010,PL,0,24781.0
2014,NUTS,2010,PL,0,28386.0
2015,NUTS,2010,PL,0,32204.0
2016,NUTS,2010,PL,0,48850.0
2017,NUTS,2010,PL,0,69228.0
2018,NUTS,2010,PL,0,73126.0
2019,NUTS,2010,PL,0,78423.0
2011,NUTS,2010,PL1,1,4373.0
2012,NUTS,2010,PL1,1,5297.0
2013,NUTS,2010,PL1,1,8715.0
2014,NUTS,2010,PL1,1,9604.0
2015,NUTS,2010,PL1,1,11321.0
2011,NUTS,2010,PL11,2,553.0
2012,NUTS,2010,PL11,2,694.0
2013,NUTS,2010,PL11,2,809.0
2014,NUTS,2010,PL11,2,941.0
2015,NUTS,2010,PL11,2,1257.0
2011,NUTS,2010,PL12,2,3820.0
2012,NUTS,2010,PL12,2,4603.0
2013,NUTS,2010,PL12,2,7906.0
2014,NUTS,2010,PL12,2,8663.0
2015,NUTS,2010,PL12,2,10064.0
2011,NUTS,2010,PL2,1,2999.0
2012,NUTS,2010,PL2,1,4850.0
2013,NUTS,2010,PL2,1,6131.0
2014,NUTS,2010,PL2,1,6544.0
2015,NUTS,2010,PL2,1,7475.0
2016,NUTS,2010,PL2,1,11547.0
2017,NUTS,2010,PL2,1,15612.0
2018,NUTS,2010,PL2,1,16127.0
2019,NUTS,2010,PL2,1,19100.0
2011,NUTS,2010,PL21,2,1638.0
2012,NUTS,2010,PL21,2,2985.0
2013,NUTS,2010,PL21,2,3746.0
2014,NUTS,2010,PL21,2,3821.0
2015,NUTS,2010,PL21,2,4741.0
2016,NUTS,2010,PL21,2,7372.0
2017,NUTS,2010,PL21,2,9775.0
2018,NUTS,2010,PL21,2,9875.0
2019,NUTS,2010,PL21,2,11428.0
2011,NUTS,2010,PL22,2,1361.0
2012,NUTS,2010,PL22,2,1865.0
2013,NUTS,2010,PL22,2,2385.0
2014,NUTS,2010,PL22,2,2723.0
2015,NUTS,2010,PL22,2,2734.0
2016,NUTS,2010,PL22,2,4175.0
2017,NUTS,2010,PL22,2,5837.0
2018,NUTS,2010,PL22,2,6252.0
2019,NUTS,2010,PL22,2,7672.0
2011,NUTS,2010,PL3,1,3259.0
2012,NUTS,2010,PL3,1,3681.0
2013,NUTS,2010,PL3,1,4185.0
2014,NUTS,2010,PL3,1,5433.0
2015,NUTS,2010,PL3,1,4772.0
2011,NUTS,2010,PL31,2,325.0
2013,NUTS,2010,PL31,2,537.0
2014,NUTS,2010,PL31,2,562.0
2015,NUTS,2010,PL31,2,781.0
2011,NUTS,2010,PL32,2,2639.0
2013,NUTS,2010,PL32,2,3022.0
2014,NUTS,2010,PL32,2,4305.0
2015,NUTS,2010,PL32,2,3282.0
2011,NUTS,2010,PL33,2,244.0
2012,NUTS,2010,PL33,2,261.0
2013,NUTS,2010,PL33,2,326.0
2014,NUTS,2010,PL33,2,273.0
2015,NUTS,2010,PL33,2,341.0
2011,NUTS,2010,PL34,2,51.0
2012,NUTS,2010,PL34,2,227.0
2013,NUTS,2010,PL34,2,300.0
2014,NUTS,2010,PL34,2,293.0
2015,NUTS,2010,PL34,2,368.0
2011,NUTS,2010,PL4,1,880.0
2012,NUTS,2010,PL4,1,1355.0
2013,NUTS,2010,PL4,1,1433.0
2014,NUTS,2010,PL4,1,1587.0
2015,NUTS,2010,PL4,1,2201.0
2016,NUTS,2010,PL4,1,3209.0
2017,NUTS,2010,PL4,1,4759.0
2018,NUTS,2010,PL4,1,4729.0
2019,NUTS,2010,PL4,1,5351.0
2011,NUTS,2010,PL41,2,646.0
2013,NUTS,2010,PL41,2,1186.0
2014,NUTS,2010,PL41,2,1252.0
2015,NUTS,2010,PL41,2,1797.0
2016,NUTS,2010,PL41,2,2544.0
2017,NUTS,2010,PL41,2,3404.0
2018,NUTS,2010,PL41,2,3504.0
2019,NUTS,2010,PL41,2,3929.0
2011,NUTS,2010,PL42,2,128.0
2012,NUTS,2010,PL42,2,172.0
2013,NUTS,2010,PL42,2,150.0
2015,NUTS,2010,PL42,2,245.0
2016,NUTS,2010,PL42,2,402.0
2017,NUTS,2010,PL42,2,674.0
2018,NUTS,2010,PL42,2,734.0
2019,NUTS,2010,PL42,2,835.0
2011,NUTS,2010,PL43,2,106.0
2013,NUTS,2010,PL43,2,97.0
2015,NUTS,2010,PL43,2,159.0
2016,NUTS,2010,PL43,2,263.0
2017,NUTS,2010,PL43,2,681.0
2018,NUTS,2010,PL43,2,491.0
2019,NUTS,2010,PL43,2,587.0
2011,NUTS,2010,PL5,1,1079.0
2012,NUTS,2010,PL5,1,1357.0
2013,NUTS,2010,PL5,1,1784.0
2014,NUTS,2010,PL5,1,2235.0
2015,NUTS,2010,PL5,1,2667.0
2016,NUTS,2010,PL5,1,3946.0
2017,NUTS,2010,PL5,1,5564.0
2018,NUTS,2010,PL5,1,6561.0
2019,NUTS,2010,PL5,1,7627.0
2011,NUTS,2010,PL51,2,1006.0
2012,NUTS,2010,PL51,2,1287.0
2013,NUTS,2010,PL51,2,1674.0
2014,NUTS,2010,PL51,2,2121.0
2015,NUTS,2010,PL51,2,2473.0
2016,NUTS,2010,PL51,2,3524.0
2017,NUTS,2010,PL51,2,4920.0
2019,NUTS,2010,PL51,2,7016.0
2011,NUTS,2010,PL52,2,73.0
2012,NUTS,2010,PL52,2,70.0
2013,NUTS,2010,PL52,2,110.0
2014,NUTS,2010,PL52,2,114.0
2015,NUTS,2010,PL52,2,194.0
2016,NUTS,2010,PL52,2,422.0
2017,NUTS,2010,PL52,2,644.0
2019,NUTS,2010,PL52,2,611.0
2011,NUTS,2010,PL6,1,1709.0
2012,NUTS,2010,PL6,1,2342.0
2013,NUTS,2010,PL6,1,2533.0
2014,NUTS,2010,PL6,1,2983.0
2015,NUTS,2010,PL6,1,3768.0
2016,NUTS,2010,PL6,1,4907.0
2017,NUTS,2010,PL6,1,7056.0
2018,NUTS,2010,PL6,1,8074.0
2019,NUTS,2010,PL6,1,9615.0
2011,NUTS,2010,PL61,2,218.0
2012,NUTS,2010,PL61,2,520.0
2013,NUTS,2010,PL61,2,392.0
2014,NUTS,2010,PL61,2,448.0
2015,NUTS,2010,PL61,2,829.0
2016,NUTS,2010,PL61,2,1143.0
2017,NUTS,2010,PL61,2,1993.0
2018,NUTS,2010,PL61,2,1714.0
2019,NUTS,2010,PL61,2,2221.0
2011,NUTS,2010,PL62,2,31.0
2012,NUTS,2010,PL62,2,63.0
2013,NUTS,2010,PL62,2,95.0
2014,NUTS,2010,PL62,2,104.0
2015,NUTS,2010,PL62,2,152.0
2016,NUTS,2010,PL62,2,400.0
2017,NUTS,2010,PL62,2,706.0
2019,NUTS,2010,PL62,2,746.0
2011,NUTS,2010,PL63,2,1460.0
2012,NUTS,2010,PL63,2,1759.0
2013,NUTS,2010,PL63,2,2046.0
2014,NUTS,2010,PL63,2,2431.0
2015,NUTS,2010,PL63,2,2787.0
2016,NUTS,2010,PL63,2,3364.0
2017,NUTS,2010,PL63,2,4357.0
2019,NUTS,2010,PL63,2,6648.0
2016,NUTS,2010,PL7,1,2446.0
2017,NUTS,2010,PL7,1,3006.0
2018,NUTS,2010,PL7,1,2904.0
2019,NUTS,2010,PL7,1,3134.0
2016,NUTS,2010,PL71,2,2044.0
2017,NUTS,2010,PL71,2,2472.0
2018,NUTS,2010,PL71,2,2416.0
2019,NUTS,2010,PL71,2,2615.0
2016,NUTS,2010,PL72,2,402.0
2017,NUTS,2010,PL72,2,534.0
2018,NUTS,2010,PL72,2,488.0
2019,NUTS,2010,PL72,2,519.0
2016,NUTS,2010,PL8,1,4882.0
2017,NUTS,2010,PL8,1,5484.0
2018,NUTS,2010,PL8,1,5545.0
2019,NUTS,2010,PL8,1,5885.0
2016,NUTS,2010,PL81,2,937.0
2017,NUTS,2010,PL81,2,1182.0
2018,NUTS,2010,PL81,2,1257.0
2019,NUTS,2010,PL81,2,1152.0
2016,NUTS,2010,PL82,2,3516.0
2017,NUTS,2010,PL82,2,3661.0
2018,NUTS,2010,PL82,2,3617.0
2019,NUTS,2010,PL82,2,3891.0
2016,NUTS,2010,PL84,2,429.0
2017,NUTS,2010,PL84,2,641.0
2018,NUTS,2010,PL84,2,671.0
2019,NUTS,2010,PL84,2,842.0
2016,NUTS,2010,PL9,1,17913.0
2017,NUTS,2010,PL9,1,27747.0
2018,NUTS,2010,PL9,1,29186.0
2019,NUTS,2010,PL9,1,27711.0
2016,NUTS,2010,PL91,2,17311.0
2017,NUTS,2010,PL91,2,26833.0
2018,NUTS,2010,PL91,2,27822.0
2019,NUTS,2010,PL91,2,26551.0
2016,NUTS,2010,PL92,2,602.0
2017,NUTS,2010,PL92,2,914.0
2018,NUTS,2010,PL92,2,1364.0
2019,NUTS,2010,PL92,2,1160.0
2011,NUTS,2010,PT,0,21191.0
2012,NUTS,2010,PT,0,21471.0
2013,NUTS,2010,PT,0,20621.0
2014,NUTS,2010,PT,0,21646.0
2015,NUTS,2010,PT,0,23498.0
2016,NUTS,2010,PT,0,26332.0
2017,NUTS,2010,PT,0,29410.0
2018,NUTS,2010,PT,0,32411.0
2019,NUTS,2010,PT,0,36855.0
2020,NUTS,2010,PT,0,42154.0
2011,NUTS,2010,PT1,1,21069.0
2012,NUTS,2010,PT1,1,21326.0
2013,NUTS,2010,PT1,1,20538.0
2014,NUTS,2010,PT1,1,21549.0
2015,NUTS,2010,PT1,1,23378.0
2016,NUTS,2010,PT1,1,26220.0
2017,NUTS,2010,PT1,1,29233.0
2018,NUTS,2010,PT1,1,32124.0
2019,NUTS,2010,PT1,1,36555.0
2020,NUTS,2010,PT1,1,41840.0
2011,NUTS,2010,PT11,2,6266.0
2012,NUTS,2010,PT11,2,6727.0
2013,NUTS,2010,PT11,2,8226.0
2014,NUTS,2010,PT11,2,8569.0
2015,NUTS,2010,PT11,2,9473.0
2016,NUTS,2010,PT11,2,9269.0
2017,NUTS,2010,PT11,2,10791.0
2018,NUTS,2010,PT11,2,11618.0
2019,NUTS,2010,PT11,2,13524.0
2020,NUTS,2010,PT11,2,16410.0
2011,NUTS,2010,PT15,2,165.0
2012,NUTS,2010,PT15,2,134.0
2013,NUTS,2010,PT15,2,82.0
2014,NUTS,2010,PT15,2,105.0
2015,NUTS,2010,PT15,2,152.0
2016,NUTS,2010,PT15,2,162.0
2017,NUTS,2010,PT15,2,146.0
2018,NUTS,2010,PT15,2,191.0
2019,NUTS,2010,PT15,2,329.0
2020,NUTS,2010,PT15,2,369.0
2011,NUTS,2010,PT16,2,4276.0
2012,NUTS,2010,PT16,2,4125.0
2013,NUTS,2010,PT16,2,3723.0
2014,NUTS,2010,PT16,2,4475.0
2015,NUTS,2010,PT16,2,4716.0
2016,NUTS,2010,PT16,2,5445.0
2017,NUTS,2010,PT16,2,6313.0
2018,NUTS,2010,PT16,2,7256.0
2019,NUTS,2010,PT16,2,8078.0
2020,NUTS,2010,PT16,2,8284.0
2011,NUTS,2010,PT17,2,9958.0
2012,NUTS,2010,PT17,2,9854.0
2013,NUTS,2010,PT17,2,8101.0
2014,NUTS,2010,PT17,2,7912.0
2015,NUTS,2010,PT17,2,8441.0
2016,NUTS,2010,PT17,2,10525.0
2017,NUTS,2010,PT17,2,10980.0
2018,NUTS,2010,PT17,2,11887.0
2019,NUTS,2010,PT17,2,13216.0
2020,NUTS,2010,PT17,2,15165.0
2011,NUTS,2010,PT18,2,404.0
2012,NUTS,2010,PT18,2,486.0
2013,NUTS,2010,PT18,2,406.0
2014,NUTS,2010,PT18,2,488.0
2015,NUTS,2010,PT18,2,596.0
2016,NUTS,2010,PT18,2,819.0
2017,NUTS,2010,PT18,2,1003.0
2018,NUTS,2010,PT18,2,1172.0
2019,NUTS,2010,PT18,2,1408.0
2020,NUTS,2010,PT18,2,1612.0
2011,NUTS,2010,PT2,1,42.0
2012,NUTS,2010,PT2,1,60.0
2013,NUTS,2010,PT2,1,24.0
2014,NUTS,2010,PT2,1,40.0
2015,NUTS,2010,PT2,1,52.0
2016,NUTS,2010,PT2,1,62.0
2017,NUTS,2010,PT2,1,83.0
2018,NUTS,2010,PT2,1,110.0
2019,NUTS,2010,PT2,1,102.0
2020,NUTS,2010,PT2,1,97.0
2011,NUTS,2010,PT20,2,42.0
2012,NUTS,2010,PT20,2,60.0
2013,NUTS,2010,PT20,2,24.0
2014,NUTS,2010,PT20,2,40.0
2015,NUTS,2010,PT20,2,52.0
2016,NUTS,2010,PT20,2,62.0
2017,NUTS,2010,PT20,2,83.0
2018,NUTS,2010,PT20,2,110.0
2019,NUTS,2010,PT20,2,102.0
2020,NUTS,2010,PT20,2,97.0
2011,NUTS,2010,PT3,1,80.0
2012,NUTS,2010,PT3,1,85.0
2013,NUTS,2010,PT3,1,59.0
2014,NUTS,2010,PT3,1,57.0
2015,NUTS,2010,PT3,1,68.0
2016,NUTS,2010,PT3,1,50.0
2017,NUTS,2010,PT3,1,94.0
2018,NUTS,2010,PT3,1,177.0
2019,NUTS,2010,PT3,1,198.0
2020,NUTS,2010,PT3,1,217.0
2011,NUTS,2010,PT30,2,80.0
2012,NUTS,2010,PT30,2,85.0
2013,NUTS,2010,PT30,2,59.0
2014,NUTS,2010,PT30,2,57.0
2015,NUTS,2010,PT30,2,68.0
2016,NUTS,2010,PT30,2,50.0
2017,NUTS,2010,PT30,2,94.0
2018,NUTS,2010,PT30,2,177.0
2019,NUTS,2010,PT30,2,198.0
2020,NUTS,2010,PT30,2,217.0
2011,NUTS,2010,RO,0,4122.0
2012,NUTS,2010,RO,0,5451.0
2013,NUTS,2010,RO,0,5738.0
2014,NUTS,2010,RO,0,5848.0
2015,NUTS,2010,RO,0,4923.0
2016,NUTS,2010,RO,0,5402.0
2017,NUTS,2010,RO,0,4852.0
2018,NUTS,2010,RO,0,5119.0
2019,NUTS,2010,RO,0,4809.0
2011,NUTS,2010,RO1,1,619.0
2012,NUTS,2010,RO1,1,876.0
2013,NUTS,2010,RO1,1,494.0
2014,NUTS,2010,RO1,1,830.0
2015,NUTS,2010,RO1,1,587.0
2016,NUTS,2010,RO1,1,691.0
2017,NUTS,2010,RO1,1,406.0
2018,NUTS,2010,RO1,1,646.0
2019,NUTS,2010,RO1,1,571.0
2011,NUTS,2010,RO11,2,198.0
2012,NUTS,2010,RO11,2,545.0
2013,NUTS,2010,RO11,2,278.0
2014,NUTS,2010,RO11,2,399.0
2015,NUTS,2010,RO11,2,277.0
2016,NUTS,2010,RO11,2,282.0
2017,NUTS,2010,RO11,2,174.0
2018,NUTS,2010,RO11,2,354.0
2019,NUTS,2010,RO11,2,254.0
2011,NUTS,2010,RO12,2,421.0
2012,NUTS,2010,RO12,2,331.0
2013,NUTS,2010,RO12,2,216.0
2014,NUTS,2010,RO12,2,431.0
2015,NUTS,2010,RO12,2,310.0
2016,NUTS,2010,RO12,2,409.0
2017,NUTS,2010,RO12,2,232.0
2018,NUTS,2010,RO12,2,292.0
2019,NUTS,2010,RO12,2,317.0
2011,NUTS,2010,RO2,1,196.0
2012,NUTS,2010,RO2,1,403.0
2013,NUTS,2010,RO2,1,445.0
2014,NUTS,2010,RO2,1,299.0
2015,NUTS,2010,RO2,1,313.0
2016,NUTS,2010,RO2,1,292.0
2017,NUTS,2010,RO2,1,248.0
2018,NUTS,2010,RO2,1,214.0
2019,NUTS,2010,RO2,1,530.0
2011,NUTS,2010,RO21,2,178.0
2012,NUTS,2010,RO21,2,324.0
2013,NUTS,2010,RO21,2,404.0
2014,NUTS,2010,RO21,2,237.0
2015,NUTS,2010,RO21,2,261.0
2016,NUTS,2010,RO21,2,238.0
2017,NUTS,2010,RO21,2,218.0
2018,NUTS,2010,RO21,2,195.0
2019,NUTS,2010,RO21,2,520.0
2011,NUTS,2010,RO22,2,18.0
2012,NUTS,2010,RO22,2,80.0
2013,NUTS,2010,RO22,2,40.0
2014,NUTS,2010,RO22,2,62.0
2015,NUTS,2010,RO22,2,52.0
2016,NUTS,2010,RO22,2,54.0
2017,NUTS,2010,RO22,2,30.0
2018,NUTS,2010,RO22,2,19.0
2019,NUTS,2010,RO22,2,10.0
2011,NUTS,2010,RO3,1,3155.0
2012,NUTS,2010,RO3,1,3950.0
2013,NUTS,2010,RO3,1,4519.0
2014,NUTS,2010,RO3,1,4362.0
2015,NUTS,2010,RO3,1,3649.0
2016,NUTS,2010,RO3,1,4079.0
2017,NUTS,2010,RO3,1,3906.0
2018,NUTS,2010,RO3,1,3236.0
2019,NUTS,2010,RO3,1,2698.0
2011,NUTS,2010,RO31,2,408.0
2012,NUTS,2010,RO31,2,916.0
2013,NUTS,2010,RO31,2,1492.0
2014,NUTS,2010,RO31,2,1331.0
2015,NUTS,2010,RO31,2,785.0
2016,NUTS,2010,RO31,2,854.0
2017,NUTS,2010,RO31,2,740.0
2018,NUTS,2010,RO31,2,725.0
2019,NUTS,2010,RO31,2,697.0
2011,NUTS,2010,RO32,2,2747.0
2012,NUTS,2010,RO32,2,3034.0
2013,NUTS,2010,RO32,2,3028.0
2014,NUTS,2010,RO32,2,3030.0
2015,NUTS,2010,RO32,2,2864.0
2016,NUTS,2010,RO32,2,3225.0
2017,NUTS,2010,RO32,2,3166.0
2018,NUTS,2010,RO32,2,2511.0
2019,NUTS,2010,RO32,2,2001.0
2011,NUTS,2010,RO4,1,153.0
2012,NUTS,2010,RO4,1,222.0
2013,NUTS,2010,RO4,1,280.0
2014,NUTS,2010,RO4,1,357.0
2015,NUTS,2010,RO4,1,374.0
2016,NUTS,2010,RO4,1,340.0
2017,NUTS,2010,RO4,1,292.0
2018,NUTS,2010,RO4,1,1023.0
2019,NUTS,2010,RO4,1,1010.0
2011,NUTS,2010,RO41,2,65.0
2012,NUTS,2010,RO41,2,121.0
2013,NUTS,2010,RO41,2,15.0
2014,NUTS,2010,RO41,2,163.0
2015,NUTS,2010,RO41,2,137.0
2016,NUTS,2010,RO41,2,56.0
2017,NUTS,2010,RO41,2,91.0
2018,NUTS,2010,RO41,2,69.0
2019,NUTS,2010,RO41,2,39.0
2011,NUTS,2010,RO42,2,88.0
2012,NUTS,2010,RO42,2,101.0
2013,NUTS,2010,RO42,2,265.0
2014,NUTS,2010,RO42,2,194.0
2015,NUTS,2010,RO42,2,237.0
2016,NUTS,2010,RO42,2,284.0
2017,NUTS,2010,RO42,2,201.0
2018,NUTS,2010,RO42,2,954.0
2019,NUTS,2010,RO42,2,971.0
2011,NUTS,2010,RS,0,165.0
2012,NUTS,2010,RS,0,283.0
2013,NUTS,2010,RS,0,489.0
2014,NUTS,2010,RS,0,1467.0
2015,NUTS,2010,RS,0,1465.0
2016,NUTS,2010,RS,0,2071.0
2017,NUTS,2010,RS,0,1610.0
2018,NUTS,2010,RS,0,1266.0
2019,NUTS,2010,RS,0,1483.0
2020,NUTS,2010,RS,0,1563.0
2018,NUTS,2010,RS1,1,1141.0
2019,NUTS,2010,RS1,1,1306.0
2020,NUTS,2010,RS1,1,1384.0
2018,NUTS,2010,RS11,2,826.0
2019,NUTS,2010,RS11,2,989.0
2020,NUTS,2010,RS11,2,1219.0
2018,NUTS,2010,RS12,2,315.0
2019,NUTS,2010,RS12,2,317.0
2020,NUTS,2010,RS12,2,165.0
2018,NUTS,2010,RS2,1,125.0
2019,NUTS,2010,RS2,1,177.0
2020,NUTS,2010,RS2,1,179.0
2018,NUTS,2010,RS21,2,39.0
2019,NUTS,2010,RS21,2,54.0
2020,NUTS,2010,RS21,2,56.0
2018,NUTS,2010,RS22,2,86.0
2019,NUTS,2010,RS22,2,123.0
2020,NUTS,2010,RS22,2,123.0
2011,NUTS,2010,RU,0,202185.0
2012,NUTS,2010,RU,0,192285.0
2013,NUTS,2010,RU,0,193736.0
2014,NUTS,2010,RU,0,196320.0
2015,NUTS,2010,RU,0,198123.0
2017,NUTS,2010,RU,0,186347.0
2018,NUTS,2010,RU,0,171205.0
2019,NUTS,2010,RU,0,185358.0
2011,NUTS,2010,SE,0,32630.0
2013,NUTS,2010,SE,0,48961.0
2015,NUTS,2010,SE,0,52368.0
2017,NUTS,2010,SE,0,60167.0
2019,NUTS,2010,SE,0,63505.0
2011,NUTS,2010,SE1,1,16040.0
2013,NUTS,2010,SE1,1,24824.0
2015,NUTS,2010,SE1,1,27697.0
2017,NUTS,2010,SE1,1,29066.0
2019,NUTS,2010,SE1,1,29597.0
2011,NUTS,2010,SE11,2,10556.0
2013,NUTS,2010,SE11,2,16516.0
2015,NUTS,2010,SE11,2,18289.0
2017,NUTS,2010,SE11,2,21621.0
2019,NUTS,2010,SE11,2,20936.0
2011,NUTS,2010,SE12,2,5483.0
2013,NUTS,2010,SE12,2,8309.0
2015,NUTS,2010,SE12,2,9408.0
2017,NUTS,2010,SE12,2,7445.0
2019,NUTS,2010,SE12,2,8661.0
2011,NUTS,2010,SE2,1,14549.0
2013,NUTS,2010,SE2,1,21068.0
2015,NUTS,2010,SE2,1,21628.0
2017,NUTS,2010,SE2,1,27900.0
2011,NUTS,2010,SE21,2,1301.0
2013,NUTS,2010,SE21,2,2110.0
2015,NUTS,2010,SE21,2,1770.0
2011,NUTS,2010,SE22,2,3273.0
2013,NUTS,2010,SE22,2,7313.0
2015,NUTS,2010,SE22,2,7598.0
2017,NUTS,2010,SE22,2,7194.0
2019,NUTS,2010,SE22,2,9754.0
2011,NUTS,2010,SE23,2,9975.0
2013,NUTS,2010,SE23,2,11645.0
2015,NUTS,2010,SE23,2,12260.0
2017,NUTS,2010,SE23,2,18671.0
2019,NUTS,2010,SE23,2,18492.0
2011,NUTS,2010,SE3,1,2041.0
2013,NUTS,2010,SE3,1,3071.0
2015,NUTS,2010,SE3,1,3044.0
2017,NUTS,2010,SE3,1,3081.0
2011,NUTS,2010,SE31,2,1073.0
2013,NUTS,2010,SE31,2,1681.0
2015,NUTS,2010,SE31,2,1918.0
2017,NUTS,2010,SE31,2,1559.0
2019,NUTS,2010,SE31,2,1702.0
2011,NUTS,2010,SE32,2,333.0
2013,NUTS,2010,SE32,2,380.0
2015,NUTS,2010,SE32,2,343.0
2011,NUTS,2010,SE33,2,635.0
2013,NUTS,2010,SE33,2,1010.0
2015,NUTS,2010,SE33,2,784.0
2017,NUTS,2010,SE33,2,959.0
2019,NUTS,2010,SE33,2,1218.0
2011,NUTS,2010,SI,0,5407.0
2012,NUTS,2010,SI,0,5480.0
2013,NUTS,2010,SI,0,5619.0
2014,NUTS,2010,SI,0,5689.0
2015,NUTS,2010,SI,0,5184.0
2016,NUTS,2010,SI,0,5536.0
2017,NUTS,2010,SI,0,7469.0
2018,NUTS,2010,SI,0,8285.0
2019,NUTS,2010,SI,0,8778.0
2011,NUTS,2010,SI0,1,5407.0
2012,NUTS,2010,SI0,1,5480.0
2013,NUTS,2010,SI0,1,5619.0
2014,NUTS,2010,SI0,1,5689.0
2015,NUTS,2010,SI0,1,5184.0
2016,NUTS,2010,SI0,1,5536.0
2017,NUTS,2010,SI0,1,7469.0
2018,NUTS,2010,SI0,1,8285.0
2019,NUTS,2010,SI0,1,8778.0
2013,NUTS,2010,SI03,2,2036.0
2014,NUTS,2010,SI03,2,2092.0
2015,NUTS,2010,SI03,2,1874.0
2016,NUTS,2010,SI03,2,1904.0
2017,NUTS,2010,SI03,2,2468.0
2018,NUTS,2010,SI03,2,2877.0
2019,NUTS,2010,SI03,2,3242.0
2013,NUTS,2010,SI04,2,3584.0
2014,NUTS,2010,SI04,2,3597.0
2015,NUTS,2010,SI04,2,3310.0
2016,NUTS,2010,SI04,2,3632.0
2017,NUTS,2010,SI04,2,5002.0
2018,NUTS,2010,SI04,2,5409.0
2019,NUTS,2010,SI04,2,5536.0
2011,NUTS,2010,SK,0,2709.0
2012,NUTS,2010,SK,0,3280.0
2013,NUTS,2010,SK,0,3141.0
2014,NUTS,2010,SK,0,3382.0
2015,NUTS,2010,SK,0,3801.0
2016,NUTS,2010,SK,0,4252.0
2017,NUTS,2010,SK,0,4488.0
2018,NUTS,2010,SK,0,5301.0
2019,NUTS,2010,SK,0,5775.0
2020,NUTS,2010,SK,0,5912.0
2011,NUTS,2010,SK01,2,905.0
2012,NUTS,2010,SK01,2,1310.0
2013,NUTS,2010,SK01,2,1392.0
2014,NUTS,2010,SK01,2,1020.0
2015,NUTS,2010,SK01,2,1166.0
2016,NUTS,2010,SK01,2,1899.0
2017,NUTS,2010,SK01,2,1705.0
2018,NUTS,2010,SK01,2,2085.0
2019,NUTS,2010,SK01,2,2132.0
2020,NUTS,2010,SK01,2,2415.0
2011,NUTS,2010,SK02,2,884.0
2012,NUTS,2010,SK02,2,1024.0
2013,NUTS,2010,SK02,2,772.0
2014,NUTS,2010,SK02,2,1149.0
2015,NUTS,2010,SK02,2,1400.0
2016,NUTS,2010,SK02,2,1112.0
2017,NUTS,2010,SK02,2,1531.0
2018,NUTS,2010,SK02,2,1570.0
2019,NUTS,2010,SK02,2,1786.0
2020,NUTS,2010,SK02,2,1799.0
2011,NUTS,2010,SK03,2,528.0
2012,NUTS,2010,SK03,2,523.0
2013,NUTS,2010,SK03,2,535.0
2014,NUTS,2010,SK03,2,739.0
2015,NUTS,2010,SK03,2,773.0
2016,NUTS,2010,SK03,2,691.0
2017,NUTS,2010,SK03,2,667.0
2018,NUTS,2010,SK03,2,785.0
2019,NUTS,2010,SK03,2,990.0
2020,NUTS,2010,SK03,2,984.0
2011,NUTS,2010,SK04,2,392.0
2012,NUTS,2010,SK04,2,423.0
2013,NUTS,2010,SK04,2,442.0
2014,NUTS,2010,SK04,2,474.0
2015,NUTS,2010,SK04,2,462.0
2016,NUTS,2010,SK04,2,550.0
2017,NUTS,2010,SK04,2,585.0
2018,NUTS,2010,SK04,2,861.0
2019,NUTS,2010,SK04,2,867.0
2020,NUTS,2010,SK04,2,714.0
2011,NUTS,2010,TR,0,35191.0
2012,NUTS,2010,TR,0,39296.0
2013,NUTS,2010,TR,0,45605.0
2014,NUTS,2010,TR,0,48247.0
2015,NUTS,2010,TR,0,51069.0
2016,NUTS,2010,TR,0,59567.0
2017,NUTS,2010,TR,0,70832.0
2018,NUTS,2010,TR,0,85023.0
2019,NUTS,2010,TR,0,93604.0
2020,NUTS,2010,TR,0,106901.0
2011,NUTS,2010,UK,0,108615.0
2012,NUTS,2010,UK,0,113509.0
2013,NUTS,2010,UK,0,123684.0
2014,NUTS,2010,UK,0,133891.0
2015,NUTS,2010,UK,0,136397.0
2016,NUTS,2010,UK,0,141873.0
2017,NUTS,2010,UK,0,155814.0
2018,NUTS,2010,UK,0,165975.0
2011,NUTS,2010,UKC,1,2417.0
2012,NUTS,2010,UKC,1,2460.0
2013,NUTS,2010,UKC,1,3136.0
2014,NUTS,2010,UKC,1,2724.0
2015,NUTS,2010,UKC,1,2914.0
2016,NUTS,2010,UKC,1,2982.0
2017,NUTS,2010,UKC,1,3761.0
2018,NUTS,2010,UKC,1,4187.0
2011,NUTS,2010,UKC1,2,1084.0
2012,NUTS,2010,UKC1,2,1217.0
2013,NUTS,2010,UKC1,2,1834.0
2014,NUTS,2010,UKC1,2,1194.0
2015,NUTS,2010,UKC1,2,1159.0
2016,NUTS,2010,UKC1,2,1020.0
2017,NUTS,2010,UKC1,2,1364.0
2018,NUTS,2010,UKC1,2,1627.0
2011,NUTS,2010,UKC2,2,1333.0
2012,NUTS,2010,UKC2,2,1243.0
2013,NUTS,2010,UKC2,2,1302.0
2014,NUTS,2010,UKC2,2,1530.0
2015,NUTS,2010,UKC2,2,1755.0
2016,NUTS,2010,UKC2,2,1963.0
2017,NUTS,2010,UKC2,2,2397.0
2018,NUTS,2010,UKC2,2,2560.0
2011,NUTS,2010,UKD,1,8208.0
2012,NUTS,2010,UKD,1,8577.0
2013,NUTS,2010,UKD,1,7932.0
2014,NUTS,2010,UKD,1,9397.0
2015,NUTS,2010,UKD,1,10165.0
2016,NUTS,2010,UKD,1,10107.0
2017,NUTS,2010,UKD,1,11129.0
2018,NUTS,2010,UKD,1,12232.0
2011,NUTS,2010,UKD1,2,454.0
2012,NUTS,2010,UKD1,2,329.0
2013,NUTS,2010,UKD1,2,330.0
2014,NUTS,2010,UKD1,2,390.0
2015,NUTS,2010,UKD1,2,350.0
2016,NUTS,2010,UKD1,2,359.0
2017,NUTS,2010,UKD1,2,358.0
2018,NUTS,2010,UKD1,2,460.0
2011,NUTS,2010,UKD3,2,2171.0
2012,NUTS,2010,UKD3,2,2305.0
2013,NUTS,2010,UKD3,2,1945.0
2014,NUTS,2010,UKD3,2,2458.0
2015,NUTS,2010,UKD3,2,2960.0
2016,NUTS,2010,UKD3,2,3299.0
2017,NUTS,2010,UKD3,2,3571.0
2018,NUTS,2010,UKD3,2,4128.0
2011,NUTS,2010,UKD4,2,1960.0
2012,NUTS,2010,UKD4,2,2124.0
2013,NUTS,2010,UKD4,2,2077.0
2014,NUTS,2010,UKD4,2,2163.0
2015,NUTS,2010,UKD4,2,2380.0
2016,NUTS,2010,UKD4,2,1776.0
2017,NUTS,2010,UKD4,2,2697.0
2018,NUTS,2010,UKD4,2,3006.0
2011,NUTS,2010,UKD6,2,2480.0
2012,NUTS,2010,UKD6,2,2626.0
2013,NUTS,2010,UKD6,2,2336.0
2014,NUTS,2010,UKD6,2,2580.0
2015,NUTS,2010,UKD6,2,2732.0
2016,NUTS,2010,UKD6,2,2457.0
2017,NUTS,2010,UKD6,2,2354.0
2018,NUTS,2010,UKD6,2,2241.0
2011,NUTS,2010,UKD7,2,1143.0
2012,NUTS,2010,UKD7,2,1193.0
2013,NUTS,2010,UKD7,2,1244.0
2014,NUTS,2010,UKD7,2,1807.0
2015,NUTS,2010,UKD7,2,1744.0
2016,NUTS,2010,UKD7,2,2217.0
2017,NUTS,2010,UKD7,2,2150.0
2018,NUTS,2010,UKD7,2,2397.0
2011,NUTS,2010,UKE,1,4871.0
2012,NUTS,2010,UKE,1,5516.0
2013,NUTS,2010,UKE,1,6909.0
2014,NUTS,2010,UKE,1,7065.0
2015,NUTS,2010,UKE,1,7750.0
2016,NUTS,2010,UKE,1,7245.0
2017,NUTS,2010,UKE,1,9217.0
2018,NUTS,2010,UKE,1,9303.0
2011,NUTS,2010,UKE1,2,0.0
2012,NUTS,2010,UKE1,2,898.0
2013,NUTS,2010,UKE1,2,1054.0
2014,NUTS,2010,UKE1,2,1296.0
2015,NUTS,2010,UKE1,2,1240.0
2016,NUTS,2010,UKE1,2,1285.0
2017,NUTS,2010,UKE1,2,1602.0
2018,NUTS,2010,UKE1,2,1642.0
2011,NUTS,2010,UKE2,2,1802.0
2012,NUTS,2010,UKE2,2,1031.0
2013,NUTS,2010,UKE2,2,1316.0
2014,NUTS,2010,UKE2,2,1361.0
2015,NUTS,2010,UKE2,2,1626.0
2016,NUTS,2010,UKE2,2,1572.0
2017,NUTS,2010,UKE2,2,1741.0
2018,NUTS,2010,UKE2,2,1848.0
2011,NUTS,2010,UKE3,2,1023.0
2012,NUTS,2010,UKE3,2,1032.0
2013,NUTS,2010,UKE3,2,1126.0
2014,NUTS,2010,UKE3,2,1258.0
2015,NUTS,2010,UKE3,2,1423.0
2016,NUTS,2010,UKE3,2,1266.0
2017,NUTS,2010,UKE3,2,1822.0
2018,NUTS,2010,UKE3,2,1709.0
2011,NUTS,2010,UKE4,2,2046.0
2012,NUTS,2010,UKE4,2,2555.0
2013,NUTS,2010,UKE4,2,3412.0
2014,NUTS,2010,UKE4,2,3151.0
2015,NUTS,2010,UKE4,2,3462.0
2016,NUTS,2010,UKE4,2,3122.0
2017,NUTS,2010,UKE4,2,4051.0
2018,NUTS,2010,UKE4,2,4104.0
2011,NUTS,2010,UKF,1,9045.0
2012,NUTS,2010,UKF,1,9127.0
2013,NUTS,2010,UKF,1,10587.0
2014,NUTS,2010,UKF,1,11324.0
2015,NUTS,2010,UKF,1,11080.0
2016,NUTS,2010,UKF,1,12200.0
2017,NUTS,2010,UKF,1,12456.0
2018,NUTS,2010,UKF,1,13564.0
2011,NUTS,2010,UKF1,2,6443.0
2012,NUTS,2010,UKF1,2,6748.0
2013,NUTS,2010,UKF1,2,8076.0
2014,NUTS,2010,UKF1,2,8612.0
2015,NUTS,2010,UKF1,2,8502.0
2016,NUTS,2010,UKF1,2,9233.0
2017,NUTS,2010,UKF1,2,9482.0
2018,NUTS,2010,UKF1,2,10406.0
2011,NUTS,2010,UKF2,2,2172.0
2012,NUTS,2010,UKF2,2,1928.0
2013,NUTS,2010,UKF2,2,2054.0
2014,NUTS,2010,UKF2,2,2257.0
2015,NUTS,2010,UKF2,2,2141.0
2016,NUTS,2010,UKF2,2,2412.0
2017,NUTS,2010,UKF2,2,2487.0
2018,NUTS,2010,UKF2,2,2630.0
2011,NUTS,2010,UKF3,2,430.0
2012,NUTS,2010,UKF3,2,451.0
2013,NUTS,2010,UKF3,2,457.0
2014,NUTS,2010,UKF3,2,455.0
2015,NUTS,2010,UKF3,2,437.0
2016,NUTS,2010,UKF3,2,555.0
2017,NUTS,2010,UKF3,2,487.0
2018,NUTS,2010,UKF3,2,528.0
2011,NUTS,2010,UKG,1,8521.0
2012,NUTS,2010,UKG,1,9568.0
2013,NUTS,2010,UKG,1,10270.0
2014,NUTS,2010,UKG,1,12340.0
2015,NUTS,2010,UKG,1,11892.0
2016,NUTS,2010,UKG,1,11350.0
2017,NUTS,2010,UKG,1,13912.0
2018,NUTS,2010,UKG,1,15478.0
2011,NUTS,2010,UKG1,2,4249.0
2012,NUTS,2010,UKG1,2,5066.0
2013,NUTS,2010,UKG1,2,5099.0
2014,NUTS,2010,UKG1,2,6099.0
2015,NUTS,2010,UKG1,2,5669.0
2016,NUTS,2010,UKG1,2,5209.0
2017,NUTS,2010,UKG1,2,7494.0
2018,NUTS,2010,UKG1,2,8935.0
2011,NUTS,2010,UKG2,2,1262.0
2012,NUTS,2010,UKG2,2,1331.0
2013,NUTS,2010,UKG2,2,1496.0
2014,NUTS,2010,UKG2,2,1705.0
2015,NUTS,2010,UKG2,2,1811.0
2016,NUTS,2010,UKG2,2,1788.0
2017,NUTS,2010,UKG2,2,1970.0
2018,NUTS,2010,UKG2,2,2098.0
2011,NUTS,2010,UKG3,2,3010.0
2012,NUTS,2010,UKG3,2,3171.0
2013,NUTS,2010,UKG3,2,3676.0
2014,NUTS,2010,UKG3,2,4535.0
2015,NUTS,2010,UKG3,2,4413.0
2016,NUTS,2010,UKG3,2,4353.0
2017,NUTS,2010,UKG3,2,4448.0
2018,NUTS,2010,UKG3,2,4446.0
2011,NUTS,2010,UKH,1,21079.0
2012,NUTS,2010,UKH,1,19923.0
2013,NUTS,2010,UKH,1,21209.0
2014,NUTS,2010,UKH,1,22818.0
2015,NUTS,2010,UKH,1,23942.0
2016,NUTS,2010,UKH,1,24562.0
2017,NUTS,2010,UKH,1,25954.0
2018,NUTS,2010,UKH,1,26503.0
2011,NUTS,2010,UKH1,2,12008.0
2012,NUTS,2010,UKH1,2,11157.0
2013,NUTS,2010,UKH1,2,11273.0
2014,NUTS,2010,UKH1,2,12564.0
2015,NUTS,2010,UKH1,2,12927.0
2016,NUTS,2010,UKH1,2,13403.0
2017,NUTS,2010,UKH1,2,15340.0
2018,NUTS,2010,UKH1,2,16240.0
2011,NUTS,2010,UKH2,2,5427.0
2012,NUTS,2010,UKH2,2,5638.0
2013,NUTS,2010,UKH2,2,6726.0
2014,NUTS,2010,UKH2,2,6783.0
2015,NUTS,2010,UKH2,2,7322.0
2016,NUTS,2010,UKH2,2,7114.0
2017,NUTS,2010,UKH2,2,6914.0
2018,NUTS,2010,UKH2,2,6712.0
2011,NUTS,2010,UKH3,2,3644.0
2012,NUTS,2010,UKH3,2,3128.0
2013,NUTS,2010,UKH3,2,3210.0
2014,NUTS,2010,UKH3,2,3470.0
2015,NUTS,2010,UKH3,2,3692.0
2016,NUTS,2010,UKH3,2,4045.0
2017,NUTS,2010,UKH3,2,3700.0
2018,NUTS,2010,UKH3,2,3551.0
2011,NUTS,2010,UKI,1,8154.0
2012,NUTS,2010,UKI,1,9739.0
2013,NUTS,2010,UKI,1,10494.0
2014,NUTS,2010,UKI,1,12455.0
2015,NUTS,2010,UKI,1,12410.0
2016,NUTS,2010,UKI,1,12671.0
2017,NUTS,2010,UKI,1,17842.0
2018,NUTS,2010,UKI,1,17662.0
2011,NUTS,2010,UKI3,2,3245.0
2012,NUTS,2010,UKI3,2,3656.0
2013,NUTS,2010,UKI3,2,4273.0
2014,NUTS,2010,UKI3,2,5230.0
2015,NUTS,2010,UKI3,2,5026.0
2016,NUTS,2010,UKI3,2,5540.0
2017,NUTS,2010,UKI3,2,7596.0
2018,NUTS,2010,UKI3,2,8113.0
2011,NUTS,2010,UKI4,2,1411.0
2012,NUTS,2010,UKI4,2,1596.0
2013,NUTS,2010,UKI4,2,2167.0
2014,NUTS,2010,UKI4,2,2674.0
2015,NUTS,2010,UKI4,2,2047.0
2016,NUTS,2010,UKI4,2,2030.0
2017,NUTS,2010,UKI4,2,2904.0
2018,NUTS,2010,UKI4,2,3489.0
2011,NUTS,2010,UKI5,2,454.0
2012,NUTS,2010,UKI5,2,518.0
2013,NUTS,2010,UKI5,2,559.0
2014,NUTS,2010,UKI5,2,603.0
2015,NUTS,2010,UKI5,2,623.0
2016,NUTS,2010,UKI5,2,656.0
2017,NUTS,2010,UKI5,2,581.0
2018,NUTS,2010,UKI5,2,753.0
2011,NUTS,2010,UKI6,2,1027.0
2012,NUTS,2010,UKI6,2,908.0
2013,NUTS,2010,UKI6,2,575.0
2014,NUTS,2010,UKI6,2,781.0
2015,NUTS,2010,UKI6,2,581.0
2016,NUTS,2010,UKI6,2,672.0
2017,NUTS,2010,UKI6,2,969.0
2018,NUTS,2010,UKI6,2,787.0
2011,NUTS,2010,UKI7,2,2017.0
2012,NUTS,2010,UKI7,2,3061.0
2013,NUTS,2010,UKI7,2,2922.0
2014,NUTS,2010,UKI7,2,3168.0
2015,NUTS,2010,UKI7,2,4134.0
2016,NUTS,2010,UKI7,2,3774.0
2017,NUTS,2010,UKI7,2,5791.0
2018,NUTS,2010,UKI7,2,4520.0
2011,NUTS,2010,UKJ,1,23395.0
2012,NUTS,2010,UKJ,1,25601.0
2013,NUTS,2010,UKJ,1,27571.0
2014,NUTS,2010,UKJ,1,28265.0
2015,NUTS,2010,UKJ,1,28939.0
2016,NUTS,2010,UKJ,1,30081.0
2017,NUTS,2010,UKJ,1,29264.0
2018,NUTS,2010,UKJ,1,32001.0
2011,NUTS,2010,UKJ1,2,8802.0
2012,NUTS,2010,UKJ1,2,10491.0
2013,NUTS,2010,UKJ1,2,12561.0
2014,NUTS,2010,UKJ1,2,12951.0
2015,NUTS,2010,UKJ1,2,12502.0
2016,NUTS,2010,UKJ1,2,13927.0
2017,NUTS,2010,UKJ1,2,13117.0
2018,NUTS,2010,UKJ1,2,14612.0
2011,NUTS,2010,UKJ2,2,4705.0
2012,NUTS,2010,UKJ2,2,5438.0
2013,NUTS,2010,UKJ2,2,5467.0
2014,NUTS,2010,UKJ2,2,5829.0
2015,NUTS,2010,UKJ2,2,6787.0
2016,NUTS,2010,UKJ2,2,7253.0
2017,NUTS,2010,UKJ2,2,7545.0
2018,NUTS,2010,UKJ2,2,7770.0
2011,NUTS,2010,UKJ3,2,6545.0
2012,NUTS,2010,UKJ3,2,7033.0
2013,NUTS,2010,UKJ3,2,7296.0
2014,NUTS,2010,UKJ3,2,7172.0
2015,NUTS,2010,UKJ3,2,7316.0
2016,NUTS,2010,UKJ3,2,6875.0
2017,NUTS,2010,UKJ3,2,6372.0
2018,NUTS,2010,UKJ3,2,7323.0
2011,NUTS,2010,UKJ4,2,3343.0
2012,NUTS,2010,UKJ4,2,2639.0
2013,NUTS,2010,UKJ4,2,2248.0
2014,NUTS,2010,UKJ4,2,2313.0
2015,NUTS,2010,UKJ4,2,2334.0
2016,NUTS,2010,UKJ4,2,2027.0
2017,NUTS,2010,UKJ4,2,2231.0
2018,NUTS,2010,UKJ4,2,2296.0
2011,NUTS,2010,UKK,1,10861.0
2012,NUTS,2010,UKK,1,11523.0
2013,NUTS,2010,UKK,1,11921.0
2014,NUTS,2010,UKK,1,12911.0
2015,NUTS,2010,UKK,1,12996.0
2016,NUTS,2010,UKK,1,13578.0
2017,NUTS,2010,UKK,1,14219.0
2018,NUTS,2010,UKK,1,16414.0
2011,NUTS,2010,UKK1,2,8810.0
2012,NUTS,2010,UKK1,2,9385.0
2013,NUTS,2010,UKK1,2,9661.0
2014,NUTS,2010,UKK1,2,9743.0
2015,NUTS,2010,UKK1,2,9510.0
2016,NUTS,2010,UKK1,2,10135.0
2017,NUTS,2010,UKK1,2,10368.0
2018,NUTS,2010,UKK1,2,12437.0
2011,NUTS,2010,UKK2,2,1299.0
2012,NUTS,2010,UKK2,2,1399.0
2013,NUTS,2010,UKK2,2,1466.0
2014,NUTS,2010,UKK2,2,1680.0
2015,NUTS,2010,UKK2,2,1843.0
2016,NUTS,2010,UKK2,2,1768.0
2017,NUTS,2010,UKK2,2,1904.0
2018,NUTS,2010,UKK2,2,2026.0
2011,NUTS,2010,UKK3,2,203.0
2012,NUTS,2010,UKK3,2,205.0
2013,NUTS,2010,UKK3,2,195.0
2014,NUTS,2010,UKK3,2,233.0
2015,NUTS,2010,UKK3,2,287.0
2016,NUTS,2010,UKK3,2,298.0
2017,NUTS,2010,UKK3,2,419.0
2018,NUTS,2010,UKK3,2,334.0
2011,NUTS,2010,UKK4,2,549.0
2012,NUTS,2010,UKK4,2,533.0
2013,NUTS,2010,UKK4,2,599.0
2014,NUTS,2010,UKK4,2,1256.0
2015,NUTS,2010,UKK4,2,1356.0
2016,NUTS,2010,UKK4,2,1377.0
2017,NUTS,2010,UKK4,2,1529.0
2018,NUTS,2010,UKK4,2,1617.0
2011,NUTS,2010,UKL,1,3950.0
2012,NUTS,2010,UKL,1,2445.0
2013,NUTS,2010,UKL,1,3557.0
2014,NUTS,2010,UKL,1,4123.0
2015,NUTS,2010,UKL,1,3656.0
2016,NUTS,2010,UKL,1,4053.0
2017,NUTS,2010,UKL,1,4910.0
2018,NUTS,2010,UKL,1,5049.0
2011,NUTS,2010,UKL1,2,1233.0
2012,NUTS,2010,UKL1,2,628.0
2013,NUTS,2010,UKL1,2,778.0
2014,NUTS,2010,UKL1,2,2259.0
2015,NUTS,2010,UKL1,2,1826.0
2016,NUTS,2010,UKL1,2,1958.0
2017,NUTS,2010,UKL1,2,2562.0
2018,NUTS,2010,UKL1,2,2623.0
2011,NUTS,2010,UKL2,2,2717.0
2012,NUTS,2010,UKL2,2,1816.0
2013,NUTS,2010,UKL2,2,2779.0
2014,NUTS,2010,UKL2,2,1864.0
2015,NUTS,2010,UKL2,2,1831.0
2016,NUTS,2010,UKL2,2,2095.0
2017,NUTS,2010,UKL2,2,2348.0
2018,NUTS,2010,UKL2,2,2426.0
2011,NUTS,2010,UKM,1,5419.0
2012,NUTS,2010,UKM,1,5818.0
2013,NUTS,2010,UKM,1,6768.0
2014,NUTS,2010,UKM,1,6883.0
2015,NUTS,2010,UKM,1,6936.0
2016,NUTS,2010,UKM,1,8778.0
2017,NUTS,2010,UKM,1,9084.0
2018,NUTS,2010,UKM,1,9490.0
2011,NUTS,2010,UKM2,2,803.0
2012,NUTS,2010,UKM2,2,946.0
2013,NUTS,2010,UKM2,2,955.0
2014,NUTS,2010,UKM2,2,1108.0
2015,NUTS,2010,UKM2,2,3879.0
2016,NUTS,2010,UKM2,2,4429.0
2017,NUTS,2010,UKM2,2,5031.0
2011,NUTS,2010,UKM3,2,2765.0
2012,NUTS,2010,UKM3,2,2892.0
2013,NUTS,2010,UKM3,2,3443.0
2014,NUTS,2010,UKM3,2,3553.0
2015,NUTS,2010,UKM3,2,1973.0
2016,NUTS,2010,UKM3,2,2220.0
2017,NUTS,2010,UKM3,2,2601.0
2011,NUTS,2010,UKM5,2,1621.0
2012,NUTS,2010,UKM5,2,1820.0
2013,NUTS,2010,UKM5,2,2113.0
2014,NUTS,2010,UKM5,2,1974.0
2015,NUTS,2010,UKM5,2,826.0
2016,NUTS,2010,UKM5,2,1896.0
2017,NUTS,2010,UKM5,2,1150.0
2018,NUTS,2010,UKM5,2,1121.0
2011,NUTS,2010,UKM6,2,230.0
2012,NUTS,2010,UKM6,2,159.0
2013,NUTS,2010,UKM6,2,257.0
2014,NUTS,2010,UKM6,2,247.0
2015,NUTS,2010,UKM6,2,258.0
2016,NUTS,2010,UKM6,2,233.0
2017,NUTS,2010,UKM6,2,302.0
2018,NUTS,2010,UKM6,2,268.0
2014,NUTS,2010,UKM7,2,1108.0
2015,NUTS,2010,UKM7,2,3879.0
2016,NUTS,2010,UKM7,2,4429.0
2017,NUTS,2010,UKM7,2,5031.0
2018,NUTS,2010,UKM7,2,5639.0
2014,NUTS,2010,UKM8,2,2467.0
2015,NUTS,2010,UKM8,2,1370.0
2016,NUTS,2010,UKM8,2,1542.0
2017,NUTS,2010,UKM8,2,1806.0
2018,NUTS,2010,UKM8,2,1710.0
2014,NUTS,2010,UKM9,2,1086.0
2015,NUTS,2010,UKM9,2,603.0
2016,NUTS,2010,UKM9,2,679.0
2017,NUTS,2010,UKM9,2,795.0
2018,NUTS,2010,UKM9,2,753.0
2011,NUTS,2010,UKN,1,2694.0
2012,NUTS,2010,UKN,1,3213.0
2013,NUTS,2010,UKN,1,3330.0
2014,NUTS,2010,UKN,1,3588.0
2015,NUTS,2010,UKN,1,3716.0
2016,NUTS,2010,UKN,1,4267.0
2017,NUTS,2010,UKN,1,4066.0
2018,NUTS,2010,UKN,1,4092.0
2011,NUTS,2010,UKN0,2,2694.0
2012,NUTS,2010,UKN0,2,3213.0
2013,NUTS,2010,UKN0,2,3330.0
2014,NUTS,2010,UKN0,2,3588.0
2015,NUTS,2010,UKN0,2,3716.0
2016,NUTS,2010,UKN0,2,4267.0
2017,NUTS,2010,UKN0,2,4066.0
2018,NUTS,2010,UKN0,2,4092.0
2011,NUTS,2010,US,0,1003000.0
2012,NUTS,2010,US,0,1004000.0
2013,NUTS,2010,US,0,1014000.0
2014,NUTS,2010,US,0,1060000.0
2015,NUTS,2010,US,0,1075000.0
