year,region_type,region_year_spec,region_id,region_level,rd_p_persreg_pc_act_hc_total_pnp_t
1998,NUTS,2010,AT,0,0.0091
2002,NUTS,2010,AT,0,0.0162
2004,NUTS,2010,AT,0,0.0146
2006,NUTS,2010,AT,0,0.0101
2007,NUTS,2010,AT,0,0.0083
2009,NUTS,2010,AT,0,0.0179
2011,NUTS,2010,AT,0,0.0198
2013,NUTS,2010,AT,0,0.0208
2015,NUTS,2010,AT,0,0.0223
2017,NUTS,2010,AT,0,0.0231
2019,NUTS,2010,AT,0,0.0273
2007,NUTS,2010,AT1,1,0.0152
2009,NUTS,2010,AT1,1,0.0391
2011,NUTS,2010,AT1,1,0.0405
2013,NUTS,2010,AT1,1,0.0421
2015,NUTS,2010,AT1,1,0.0475
2017,NUTS,2010,AT1,1,0.0478
2019,NUTS,2010,AT1,1,0.0556
2007,NUTS,2010,AT11,2,0.0
2009,NUTS,2010,AT11,2,0.0
2011,NUTS,2010,AT11,2,0.0
2013,NUTS,2010,AT11,2,0.0
2015,NUTS,2010,AT11,2,0.0
2017,NUTS,2010,AT11,2,0.0
2002,NUTS,2010,AT12,2,0.0046
2004,NUTS,2010,AT12,2,0.0041
2006,NUTS,2010,AT12,2,0.0032
2007,NUTS,2010,AT12,2,0.0042
2009,NUTS,2010,AT12,2,0.0404
2011,NUTS,2010,AT12,2,0.0406
2013,NUTS,2010,AT12,2,0.044
2015,NUTS,2010,AT12,2,0.0472
2017,NUTS,2010,AT12,2,0.0494
2002,NUTS,2010,AT13,2,0.0476
2004,NUTS,2010,AT13,2,0.0445
2006,NUTS,2010,AT13,2,0.0353
2007,NUTS,2010,AT13,2,0.0284
2009,NUTS,2010,AT13,2,0.0446
2011,NUTS,2010,AT13,2,0.0471
2013,NUTS,2010,AT13,2,0.047
2015,NUTS,2010,AT13,2,0.0551
2017,NUTS,2010,AT13,2,0.0537
2019,NUTS,2010,AT13,2,0.0631
2006,NUTS,2010,AT2,1,0.0047
2019,NUTS,2010,AT2,1,0.0049
2006,NUTS,2010,AT21,2,0.0
2011,NUTS,2010,AT21,2,0.0052
2002,NUTS,2010,AT22,2,0.0108
2004,NUTS,2010,AT22,2,0.0116
2006,NUTS,2010,AT22,2,0.0067
2009,NUTS,2010,AT22,2,0.0
2002,NUTS,2010,AT3,1,0.0102
2004,NUTS,2010,AT3,1,0.0092
2007,NUTS,2010,AT3,1,0.0044
2019,NUTS,2010,AT3,1,0.0054
2002,NUTS,2010,AT31,2,0.0066
2004,NUTS,2010,AT31,2,0.0045
2006,NUTS,2010,AT31,2,0.0055
2009,NUTS,2010,AT31,2,0.0038
2011,NUTS,2010,AT31,2,0.008
2013,NUTS,2010,AT31,2,0.0109
2015,NUTS,2010,AT31,2,0.0025
2017,NUTS,2010,AT31,2,0.0027
2019,NUTS,2010,AT31,2,0.0037
2006,NUTS,2010,AT32,2,0.0
2009,NUTS,2010,AT32,2,0.0
2015,NUTS,2010,AT32,2,0.0135
2017,NUTS,2010,AT32,2,0.017
2019,NUTS,2010,AT32,2,0.0167
2002,NUTS,2010,AT33,2,0.0292
2004,NUTS,2010,AT33,2,0.03
2006,NUTS,2010,AT33,2,0.0046
2013,NUTS,2010,AT33,2,0.0021
2019,NUTS,2010,AT33,2,0.0033
2007,NUTS,2010,AT34,2,0.0
2009,NUTS,2010,AT34,2,0.0
2011,NUTS,2010,AT34,2,0.0
2013,NUTS,2010,AT34,2,0.0
2019,NUTS,2010,AT34,2,0.0
2002,NUTS,2010,BE,0,0.0138
2003,NUTS,2010,BE,0,0.014
2004,NUTS,2010,BE,0,0.0133
2005,NUTS,2010,BE,0,0.0125
2006,NUTS,2010,BE,0,0.0128
2007,NUTS,2010,BE,0,0.0129
2008,NUTS,2010,BE,0,0.013
2009,NUTS,2010,BE,0,0.013
2010,NUTS,2010,BE,0,0.0133
2011,NUTS,2010,BE,0,0.0132
2012,NUTS,2010,BE,0,0.0074
2013,NUTS,2010,BE,0,0.0074
2014,NUTS,2010,BE,0,0.0069
2015,NUTS,2010,BE,0,0.0091
2016,NUTS,2010,BE,0,0.0132
2017,NUTS,2010,BE,0,0.0146
2018,NUTS,2010,BE,0,0.0545
2019,NUTS,2010,BE,0,0.0553
2002,NUTS,2010,BE1,1,0.0538
2003,NUTS,2010,BE1,1,0.057
2004,NUTS,2010,BE1,1,0.0485
2005,NUTS,2010,BE1,1,0.0425
2006,NUTS,2010,BE1,1,0.0464
2007,NUTS,2010,BE1,1,0.0473
2008,NUTS,2010,BE1,1,0.0456
2009,NUTS,2010,BE1,1,0.0459
2010,NUTS,2010,BE1,1,0.0472
2011,NUTS,2010,BE1,1,0.0451
2012,NUTS,2010,BE1,1,0.0472
2013,NUTS,2010,BE1,1,0.0458
2014,NUTS,2010,BE1,1,0.0368
2015,NUTS,2010,BE1,1,0.0453
2016,NUTS,2010,BE1,1,0.0477
2017,NUTS,2010,BE1,1,0.0575
2018,NUTS,2010,BE1,1,0.4285
2019,NUTS,2010,BE1,1,0.4291
2002,NUTS,2010,BE10,2,0.0538
2003,NUTS,2010,BE10,2,0.057
2004,NUTS,2010,BE10,2,0.0485
2005,NUTS,2010,BE10,2,0.0425
2006,NUTS,2010,BE10,2,0.0464
2007,NUTS,2010,BE10,2,0.0473
2008,NUTS,2010,BE10,2,0.0456
2009,NUTS,2010,BE10,2,0.0459
2010,NUTS,2010,BE10,2,0.0472
2011,NUTS,2010,BE10,2,0.0451
2012,NUTS,2010,BE10,2,0.0472
2013,NUTS,2010,BE10,2,0.0458
2014,NUTS,2010,BE10,2,0.0368
2015,NUTS,2010,BE10,2,0.0453
2016,NUTS,2010,BE10,2,0.0477
2017,NUTS,2010,BE10,2,0.0575
2018,NUTS,2010,BE10,2,0.4285
2019,NUTS,2010,BE10,2,0.4291
2002,NUTS,2010,BE2,1,0.0147
2003,NUTS,2010,BE2,1,0.0145
2004,NUTS,2010,BE2,1,0.0147
2005,NUTS,2010,BE2,1,0.014
2006,NUTS,2010,BE2,1,0.0139
2007,NUTS,2010,BE2,1,0.0137
2008,NUTS,2010,BE2,1,0.0141
2009,NUTS,2010,BE2,1,0.014
2010,NUTS,2010,BE2,1,0.0142
2011,NUTS,2010,BE2,1,0.0142
2012,NUTS,2010,BE2,1,0.0041
2013,NUTS,2010,BE2,1,0.0045
2014,NUTS,2010,BE2,1,0.0048
2015,NUTS,2010,BE2,1,0.007
2016,NUTS,2010,BE2,1,0.0124
2017,NUTS,2010,BE2,1,0.0132
2018,NUTS,2010,BE2,1,0.0137
2019,NUTS,2010,BE2,1,0.015
2002,NUTS,2010,BE3,1,0.0
2003,NUTS,2010,BE3,1,0.0
2006,NUTS,2010,BE3,1,0.0
2007,NUTS,2010,BE3,1,0.0
2008,NUTS,2010,BE3,1,0.0
2009,NUTS,2010,BE3,1,0.0
2010,NUTS,2010,BE3,1,0.0001
2011,NUTS,2010,BE3,1,0.0001
2014,NUTS,2010,BE3,1,0.0003
2015,NUTS,2010,BE3,1,0.0003
2016,NUTS,2010,BE3,1,0.0021
2017,NUTS,2010,BE3,1,0.0016
2018,NUTS,2010,BE3,1,0.0018
2019,NUTS,2010,BE3,1,0.0019
2000,NUTS,2010,BG,0,0.0018
2001,NUTS,2010,BG,0,0.0032
2002,NUTS,2010,BG,0,0.0009
2003,NUTS,2010,BG,0,0.0032
2004,NUTS,2010,BG,0,0.0027
2005,NUTS,2010,BG,0,0.0125
2006,NUTS,2010,BG,0,0.0043
2007,NUTS,2010,BG,0,0.0057
2008,NUTS,2010,BG,0,0.0034
2009,NUTS,2010,BG,0,0.0029
2010,NUTS,2010,BG,0,0.0038
2011,NUTS,2010,BG,0,0.0044
2012,NUTS,2010,BG,0,0.0059
2013,NUTS,2010,BG,0,0.0078
2014,NUTS,2010,BG,0,0.0054
2015,NUTS,2010,BG,0,0.006
2016,NUTS,2010,BG,0,0.0023
2017,NUTS,2010,BG,0,0.0074
2018,NUTS,2010,BG,0,0.0055
2019,NUTS,2010,BG,0,0.0061
2003,NUTS,2010,BG3,1,0.0
2004,NUTS,2010,BG3,1,0.0002
2005,NUTS,2010,BG3,1,0.0
2006,NUTS,2010,BG3,1,0.0
2007,NUTS,2010,BG3,1,0.0
2011,NUTS,2010,BG3,1,0.0006
2012,NUTS,2010,BG3,1,0.0004
2013,NUTS,2010,BG3,1,0.0014
2014,NUTS,2010,BG3,1,0.0011
2015,NUTS,2010,BG3,1,0.001
2016,NUTS,2010,BG3,1,0.0005
2017,NUTS,2010,BG3,1,0.0009
2018,NUTS,2010,BG3,1,0.0008
2019,NUTS,2010,BG3,1,0.0008
2003,NUTS,2010,BG31,2,0.0
2004,NUTS,2010,BG31,2,0.0011
2005,NUTS,2010,BG31,2,0.0
2006,NUTS,2010,BG31,2,0.0
2007,NUTS,2010,BG31,2,0.0
2008,NUTS,2010,BG31,2,0.0
2009,NUTS,2010,BG31,2,0.0
2010,NUTS,2010,BG31,2,0.0
2011,NUTS,2010,BG31,2,0.0
2012,NUTS,2010,BG31,2,0.0
2013,NUTS,2010,BG31,2,0.0
2014,NUTS,2010,BG31,2,0.0
2017,NUTS,2010,BG31,2,0.0
2003,NUTS,2010,BG32,2,0.0
2004,NUTS,2010,BG32,2,0.0
2005,NUTS,2010,BG32,2,0.0
2006,NUTS,2010,BG32,2,0.0
2007,NUTS,2010,BG32,2,0.0
2008,NUTS,2010,BG32,2,0.0
2009,NUTS,2010,BG32,2,0.0
2010,NUTS,2010,BG32,2,0.0
2012,NUTS,2010,BG32,2,0.0
2013,NUTS,2010,BG32,2,0.0
2014,NUTS,2010,BG32,2,0.0
2015,NUTS,2010,BG32,2,0.0
2016,NUTS,2010,BG32,2,0.0
2017,NUTS,2010,BG32,2,0.0
2018,NUTS,2010,BG32,2,0.0
2019,NUTS,2010,BG32,2,0.0
2003,NUTS,2010,BG33,2,0.0
2004,NUTS,2010,BG33,2,0.0
2005,NUTS,2010,BG33,2,0.0
2006,NUTS,2010,BG33,2,0.0
2007,NUTS,2010,BG33,2,0.0
2008,NUTS,2010,BG33,2,0.0
2013,NUTS,2010,BG33,2,0.0049
2015,NUTS,2010,BG33,2,0.0027
2003,NUTS,2010,BG34,2,0.0
2004,NUTS,2010,BG34,2,0.0
2005,NUTS,2010,BG34,2,0.0
2006,NUTS,2010,BG34,2,0.0
2007,NUTS,2010,BG34,2,0.0
2010,NUTS,2010,BG34,2,0.0
2013,NUTS,2010,BG34,2,0.0
2016,NUTS,2010,BG34,2,0.0
2003,NUTS,2010,BG4,1,0.0065
2004,NUTS,2010,BG4,1,0.0052
2005,NUTS,2010,BG4,1,0.0248
2006,NUTS,2010,BG4,1,0.0086
2007,NUTS,2010,BG4,1,0.0112
2011,NUTS,2010,BG4,1,0.0079
2012,NUTS,2010,BG4,1,0.0109
2013,NUTS,2010,BG4,1,0.0136
2014,NUTS,2010,BG4,1,0.0092
2015,NUTS,2010,BG4,1,0.0105
2016,NUTS,2010,BG4,1,0.0038
2017,NUTS,2010,BG4,1,0.013
2018,NUTS,2010,BG4,1,0.0094
2019,NUTS,2010,BG4,1,0.0105
2000,NUTS,2010,BG41,2,0.0063
2002,NUTS,2010,BG41,2,0.0028
2003,NUTS,2010,BG41,2,0.0108
2005,NUTS,2010,BG41,2,0.0335
2008,NUTS,2010,BG41,2,0.0107
2009,NUTS,2010,BG41,2,0.0074
2010,NUTS,2010,BG41,2,0.0108
2012,NUTS,2010,BG41,2,0.017
2015,NUTS,2010,BG41,2,0.0163
2016,NUTS,2010,BG41,2,0.0032
2017,NUTS,2010,BG41,2,0.0175
2018,NUTS,2010,BG41,2,0.0109
2019,NUTS,2010,BG41,2,0.013
2003,NUTS,2010,BG42,2,0.0
2005,NUTS,2010,BG42,2,0.0116
2012,NUTS,2010,BG42,2,0.0011
2015,NUTS,2010,BG42,2,0.0009
2016,NUTS,2010,BG42,2,0.0047
2017,NUTS,2010,BG42,2,0.0058
2018,NUTS,2010,BG42,2,0.0069
2019,NUTS,2010,BG42,2,0.0064
1998,NUTS,2010,CY,0,0.0363
1999,NUTS,2010,CY,0,0.0478
2000,NUTS,2010,CY,0,0.0528
2001,NUTS,2010,CY,0,0.0535
2002,NUTS,2010,CY,0,0.0569
2003,NUTS,2010,CY,0,0.0633
2004,NUTS,2010,CY,0,0.0587
2005,NUTS,2010,CY,0,0.0636
2006,NUTS,2010,CY,0,0.0641
2007,NUTS,2010,CY,0,0.0666
2008,NUTS,2010,CY,0,0.0601
2009,NUTS,2010,CY,0,0.0684
2010,NUTS,2010,CY,0,0.054
2011,NUTS,2010,CY,0,0.055
2012,NUTS,2010,CY,0,0.058
2013,NUTS,2010,CY,0,0.0565
2014,NUTS,2010,CY,0,0.0734
2015,NUTS,2010,CY,0,0.0748
2016,NUTS,2010,CY,0,0.0738
2017,NUTS,2010,CY,0,0.0808
2018,NUTS,2010,CY,0,0.0831
2019,NUTS,2010,CY,0,0.1007
1998,NUTS,2010,CZ,0,0.0011
1999,NUTS,2010,CZ,0,0.0054
2000,NUTS,2010,CZ,0,0.0142
2001,NUTS,2010,CZ,0,0.0053
2002,NUTS,2010,CZ,0,0.0049
2003,NUTS,2010,CZ,0,0.0068
2004,NUTS,2010,CZ,0,0.0047
2005,NUTS,2010,CZ,0,0.0044
2006,NUTS,2010,CZ,0,0.0044
2007,NUTS,2010,CZ,0,0.0046
2008,NUTS,2010,CZ,0,0.0057
2009,NUTS,2010,CZ,0,0.0061
2010,NUTS,2010,CZ,0,0.0072
2011,NUTS,2010,CZ,0,0.0075
2012,NUTS,2010,CZ,0,0.0058
2013,NUTS,2010,CZ,0,0.0056
2014,NUTS,2010,CZ,0,0.0058
2015,NUTS,2010,CZ,0,0.0054
2016,NUTS,2010,CZ,0,0.0053
2017,NUTS,2010,CZ,0,0.0062
2018,NUTS,2010,CZ,0,0.005
2019,NUTS,2010,CZ,0,0.0072
2020,NUTS,2010,CZ,0,0.0079
1999,NUTS,2010,CZ0,1,0.0053
2000,NUTS,2010,CZ0,1,0.0141
2001,NUTS,2010,CZ0,1,0.0053
2002,NUTS,2010,CZ0,1,0.0049
2003,NUTS,2010,CZ0,1,0.0067
2004,NUTS,2010,CZ0,1,0.0046
2005,NUTS,2010,CZ0,1,0.0043
2006,NUTS,2010,CZ0,1,0.0044
2007,NUTS,2010,CZ0,1,0.0045
2008,NUTS,2010,CZ0,1,0.0057
2009,NUTS,2010,CZ0,1,0.006
2010,NUTS,2010,CZ0,1,0.0071
2011,NUTS,2010,CZ0,1,0.0074
2012,NUTS,2010,CZ0,1,0.0057
2013,NUTS,2010,CZ0,1,0.0055
2014,NUTS,2010,CZ0,1,0.0057
2015,NUTS,2010,CZ0,1,0.0053
2016,NUTS,2010,CZ0,1,0.0052
2017,NUTS,2010,CZ0,1,0.0061
2018,NUTS,2010,CZ0,1,0.0049
2019,NUTS,2010,CZ0,1,0.007
2020,NUTS,2010,CZ0,1,0.0077
2001,NUTS,2010,CZ01,2,0.0229
2002,NUTS,2010,CZ01,2,0.0192
2003,NUTS,2010,CZ01,2,0.0246
2004,NUTS,2010,CZ01,2,0.0269
2005,NUTS,2010,CZ01,2,0.027
2006,NUTS,2010,CZ01,2,0.0226
2007,NUTS,2010,CZ01,2,0.0277
2008,NUTS,2010,CZ01,2,0.0331
2009,NUTS,2010,CZ01,2,0.026
2010,NUTS,2010,CZ01,2,0.0303
2011,NUTS,2010,CZ01,2,0.0322
2012,NUTS,2010,CZ01,2,0.0251
2013,NUTS,2010,CZ01,2,0.0244
2014,NUTS,2010,CZ01,2,0.0245
2015,NUTS,2010,CZ01,2,0.0221
2016,NUTS,2010,CZ01,2,0.0246
2017,NUTS,2010,CZ01,2,0.0239
2018,NUTS,2010,CZ01,2,0.0193
2019,NUTS,2010,CZ01,2,0.0249
2020,NUTS,2010,CZ01,2,0.0291
2001,NUTS,2010,CZ02,2,0.0018
2002,NUTS,2010,CZ02,2,0.0021
2003,NUTS,2010,CZ02,2,0.0019
2004,NUTS,2010,CZ02,2,0.0004
2005,NUTS,2010,CZ02,2,0.0007
2006,NUTS,2010,CZ02,2,0.0017
2007,NUTS,2010,CZ02,2,0.001
2008,NUTS,2010,CZ02,2,0.0005
2009,NUTS,2010,CZ02,2,0.0004
2010,NUTS,2010,CZ02,2,0.0
2011,NUTS,2010,CZ02,2,0.0012
2012,NUTS,2010,CZ02,2,0.0011
2013,NUTS,2010,CZ02,2,0.0032
2014,NUTS,2010,CZ02,2,0.0031
2015,NUTS,2010,CZ02,2,0.003
2016,NUTS,2010,CZ02,2,0.0015
2017,NUTS,2010,CZ02,2,0.0016
2018,NUTS,2010,CZ02,2,0.0004
2019,NUTS,2010,CZ02,2,0.0004
2020,NUTS,2010,CZ02,2,0.0014
2001,NUTS,2010,CZ03,2,0.0079
2002,NUTS,2010,CZ03,2,0.0034
2003,NUTS,2010,CZ03,2,0.009
2004,NUTS,2010,CZ03,2,0.0057
2005,NUTS,2010,CZ03,2,0.0051
2006,NUTS,2010,CZ03,2,0.0065
2007,NUTS,2010,CZ03,2,0.0017
2008,NUTS,2010,CZ03,2,0.0023
2009,NUTS,2010,CZ03,2,0.0103
2010,NUTS,2010,CZ03,2,0.0113
2011,NUTS,2010,CZ03,2,0.0072
2012,NUTS,2010,CZ03,2,0.007
2013,NUTS,2010,CZ03,2,0.0066
2014,NUTS,2010,CZ03,2,0.007
2015,NUTS,2010,CZ03,2,0.0106
2016,NUTS,2010,CZ03,2,0.0097
2017,NUTS,2010,CZ03,2,0.0124
2018,NUTS,2010,CZ03,2,0.0121
2019,NUTS,2010,CZ03,2,0.0121
2020,NUTS,2010,CZ03,2,0.0139
2001,NUTS,2010,CZ04,2,0.0012
2002,NUTS,2010,CZ04,2,0.0019
2003,NUTS,2010,CZ04,2,0.0027
2004,NUTS,2010,CZ04,2,0.0009
2005,NUTS,2010,CZ04,2,0.0
2006,NUTS,2010,CZ04,2,0.0
2007,NUTS,2010,CZ04,2,0.0
2008,NUTS,2010,CZ04,2,0.0
2009,NUTS,2010,CZ04,2,0.0
2010,NUTS,2010,CZ04,2,0.0
2011,NUTS,2010,CZ04,2,0.0
2012,NUTS,2010,CZ04,2,0.0
2013,NUTS,2010,CZ04,2,0.0
2014,NUTS,2010,CZ04,2,0.0
2015,NUTS,2010,CZ04,2,0.0
2016,NUTS,2010,CZ04,2,0.0
2017,NUTS,2010,CZ04,2,0.0
2018,NUTS,2010,CZ04,2,0.0005
2019,NUTS,2010,CZ04,2,0.0005
2020,NUTS,2010,CZ04,2,0.0005
2001,NUTS,2010,CZ05,2,0.0011
2002,NUTS,2010,CZ05,2,0.0018
2003,NUTS,2010,CZ05,2,0.0035
2004,NUTS,2010,CZ05,2,0.0004
2005,NUTS,2010,CZ05,2,0.0005
2006,NUTS,2010,CZ05,2,0.0003
2007,NUTS,2010,CZ05,2,0.0004
2008,NUTS,2010,CZ05,2,0.0003
2009,NUTS,2010,CZ05,2,0.0009
2010,NUTS,2010,CZ05,2,0.0003
2011,NUTS,2010,CZ05,2,0.0018
2012,NUTS,2010,CZ05,2,0.0005
2013,NUTS,2010,CZ05,2,0.0003
2014,NUTS,2010,CZ05,2,0.0
2015,NUTS,2010,CZ05,2,0.0003
2016,NUTS,2010,CZ05,2,0.0001
2017,NUTS,2010,CZ05,2,0.0044
2019,NUTS,2010,CZ05,2,0.0026
2020,NUTS,2010,CZ05,2,0.0036
2001,NUTS,2010,CZ06,2,0.0027
2002,NUTS,2010,CZ06,2,0.0038
2003,NUTS,2010,CZ06,2,0.0054
2004,NUTS,2010,CZ06,2,0.0016
2005,NUTS,2010,CZ06,2,0.0004
2006,NUTS,2010,CZ06,2,0.0002
2007,NUTS,2010,CZ06,2,0.0017
2008,NUTS,2010,CZ06,2,0.004
2009,NUTS,2010,CZ06,2,0.005
2010,NUTS,2010,CZ06,2,0.0077
2011,NUTS,2010,CZ06,2,0.0095
2012,NUTS,2010,CZ06,2,0.007
2013,NUTS,2010,CZ06,2,0.0061
2014,NUTS,2010,CZ06,2,0.0058
2015,NUTS,2010,CZ06,2,0.0035
2016,NUTS,2010,CZ06,2,0.0012
2017,NUTS,2010,CZ06,2,0.0019
2018,NUTS,2010,CZ06,2,0.003
2019,NUTS,2010,CZ06,2,0.0038
2020,NUTS,2010,CZ06,2,0.0041
2001,NUTS,2010,CZ07,2,0.0013
2002,NUTS,2010,CZ07,2,0.0012
2003,NUTS,2010,CZ07,2,0.002
2004,NUTS,2010,CZ07,2,0.0007
2005,NUTS,2010,CZ07,2,0.0008
2006,NUTS,2010,CZ07,2,0.0031
2007,NUTS,2010,CZ07,2,0.0034
2008,NUTS,2010,CZ07,2,0.0039
2009,NUTS,2010,CZ07,2,0.004
2010,NUTS,2010,CZ07,2,0.0047
2011,NUTS,2010,CZ07,2,0.0042
2012,NUTS,2010,CZ07,2,0.003
2013,NUTS,2010,CZ07,2,0.0017
2014,NUTS,2010,CZ07,2,0.0025
2015,NUTS,2010,CZ07,2,0.0012
2016,NUTS,2010,CZ07,2,0.001
2017,NUTS,2010,CZ07,2,0.001
2018,NUTS,2010,CZ07,2,0.0007
2019,NUTS,2010,CZ07,2,0.0033
2020,NUTS,2010,CZ07,2,0.0032
2001,NUTS,2010,CZ08,2,0.0038
2002,NUTS,2010,CZ08,2,0.0057
2003,NUTS,2010,CZ08,2,0.0046
2004,NUTS,2010,CZ08,2,0.0012
2005,NUTS,2010,CZ08,2,0.0008
2006,NUTS,2010,CZ08,2,0.0016
2007,NUTS,2010,CZ08,2,0.0003
2008,NUTS,2010,CZ08,2,0.0003
2009,NUTS,2010,CZ08,2,0.0003
2010,NUTS,2010,CZ08,2,0.0003
2011,NUTS,2010,CZ08,2,0.0005
2012,NUTS,2010,CZ08,2,0.0005
2013,NUTS,2010,CZ08,2,0.0003
2014,NUTS,2010,CZ08,2,0.0018
2015,NUTS,2010,CZ08,2,0.0013
2016,NUTS,2010,CZ08,2,0.0036
2017,NUTS,2010,CZ08,2,0.0028
2018,NUTS,2010,CZ08,2,0.0023
2019,NUTS,2010,CZ08,2,0.0071
2020,NUTS,2010,CZ08,2,0.0041
1993,NUTS,2010,DK,0,0.0134
1995,NUTS,2010,DK,0,0.019
1997,NUTS,2010,DK,0,0.0166
1999,NUTS,2010,DK,0,0.0147
2000,NUTS,2010,DK,0,0.0132
2001,NUTS,2010,DK,0,0.0151
2002,NUTS,2010,DK,0,0.0139
2003,NUTS,2010,DK,0,0.0136
2004,NUTS,2010,DK,0,0.0147
2005,NUTS,2010,DK,0,0.0202
2006,NUTS,2010,DK,0,0.0172
2007,NUTS,2010,DK,0,0.0183
2008,NUTS,2010,DK,0,0.0129
2009,NUTS,2010,DK,0,0.0135
2010,NUTS,2010,DK,0,0.0146
2011,NUTS,2010,DK,0,0.0128
2012,NUTS,2010,DK,0,0.0146
2013,NUTS,2010,DK,0,0.0143
2014,NUTS,2010,DK,0,0.0142
2015,NUTS,2010,DK,0,0.0145
2016,NUTS,2010,DK,0,0.0144
2017,NUTS,2010,DK,0,0.0117
2018,NUTS,2010,DK,0,0.0102
2019,NUTS,2010,DK,0,0.012
2020,NUTS,2010,DK,0,0.0121
1999,NUTS,2010,DK0,1,0.0146
2000,NUTS,2010,DK0,1,0.0132
2001,NUTS,2010,DK0,1,0.0151
2002,NUTS,2010,DK0,1,0.0136
2003,NUTS,2010,DK0,1,0.0134
2007,NUTS,2010,DK0,1,0.018
2009,NUTS,2010,DK0,1,0.0133
2010,NUTS,2010,DK0,1,0.0143
2011,NUTS,2010,DK0,1,0.0125
2012,NUTS,2010,DK0,1,0.0142
2013,NUTS,2010,DK0,1,0.0139
2014,NUTS,2010,DK0,1,0.0137
2015,NUTS,2010,DK0,1,0.014
2016,NUTS,2010,DK0,1,0.014
2017,NUTS,2010,DK0,1,0.0114
2018,NUTS,2010,DK0,1,0.0099
2019,NUTS,2010,DK0,1,0.0116
2007,NUTS,2010,DK01,2,0.0392
2009,NUTS,2010,DK01,2,0.0376
2010,NUTS,2010,DK01,2,0.0436
2011,NUTS,2010,DK01,2,0.0375
2012,NUTS,2010,DK01,2,0.0416
2013,NUTS,2010,DK01,2,0.0402
2014,NUTS,2010,DK01,2,0.0393
2015,NUTS,2010,DK01,2,0.0392
2016,NUTS,2010,DK01,2,0.0381
2017,NUTS,2010,DK01,2,0.0313
2019,NUTS,2010,DK01,2,0.0333
2007,NUTS,2010,DK02,2,0.0002
2009,NUTS,2010,DK02,2,0.0147
2010,NUTS,2010,DK02,2,0.0048
2011,NUTS,2010,DK02,2,0.0029
2012,NUTS,2010,DK02,2,0.003
2013,NUTS,2010,DK02,2,0.0028
2014,NUTS,2010,DK02,2,0.0028
2015,NUTS,2010,DK02,2,0.0038
2016,NUTS,2010,DK02,2,0.0042
2017,NUTS,2010,DK02,2,0.0037
2019,NUTS,2010,DK02,2,0.0039
2010,NUTS,2010,DK03,2,0.0
2012,NUTS,2010,DK03,2,0.0015
2013,NUTS,2010,DK03,2,0.0017
2014,NUTS,2010,DK03,2,0.0017
2015,NUTS,2010,DK03,2,0.0022
2016,NUTS,2010,DK03,2,0.0027
2017,NUTS,2010,DK03,2,0.0018
2007,NUTS,2010,DK04,2,0.0255
2010,NUTS,2010,DK04,2,0.0
2012,NUTS,2010,DK04,2,0.0
2013,NUTS,2010,DK04,2,0.0
2014,NUTS,2010,DK04,2,0.0
2015,NUTS,2010,DK04,2,0.0
2016,NUTS,2010,DK04,2,0.0
2017,NUTS,2010,DK04,2,0.0
2010,NUTS,2010,DK05,2,0.0
2012,NUTS,2010,DK05,2,0.0
2013,NUTS,2010,DK05,2,0.0
2014,NUTS,2010,DK05,2,0.0
2015,NUTS,2010,DK05,2,0.0
2016,NUTS,2010,DK05,2,0.0
2017,NUTS,2010,DK05,2,0.0038
2000,NUTS,2010,EA19,2,0.0133
2001,NUTS,2010,EA19,2,0.013
2002,NUTS,2010,EA19,2,0.0163
2003,NUTS,2010,EA19,2,0.0148
2004,NUTS,2010,EA19,2,0.0151
2005,NUTS,2010,EA19,2,0.0162
2006,NUTS,2010,EA19,2,0.0181
2007,NUTS,2010,EA19,2,0.0183
2008,NUTS,2010,EA19,2,0.0183
2009,NUTS,2010,EA19,2,0.0184
2010,NUTS,2010,EA19,2,0.0185
2011,NUTS,2010,EA19,2,0.0182
2012,NUTS,2010,EA19,2,0.018
2013,NUTS,2010,EA19,2,0.0141
2014,NUTS,2010,EA19,2,0.015
2016,NUTS,2010,EA19,2,0.0158
2017,NUTS,2010,EA19,2,0.0156
2018,NUTS,2010,EA19,2,0.0169
1997,NUTS,2010,EE,0,0.0038
1998,NUTS,2010,EE,0,0.0032
1999,NUTS,2010,EE,0,0.004
2000,NUTS,2010,EE,0,0.0092
2001,NUTS,2010,EE,0,0.0111
2002,NUTS,2010,EE,0,0.0129
2003,NUTS,2010,EE,0,0.0174
2004,NUTS,2010,EE,0,0.0238
2005,NUTS,2010,EE,0,0.0192
2006,NUTS,2010,EE,0,0.0265
2007,NUTS,2010,EE,0,0.0286
2008,NUTS,2010,EE,0,0.0227
2009,NUTS,2010,EE,0,0.0249
2010,NUTS,2010,EE,0,0.0198
2011,NUTS,2010,EE,0,0.02
2012,NUTS,2010,EE,0,0.023
2013,NUTS,2010,EE,0,0.0197
2014,NUTS,2010,EE,0,0.0206
2015,NUTS,2010,EE,0,0.0208
2016,NUTS,2010,EE,0,0.0237
2017,NUTS,2010,EE,0,0.0206
2018,NUTS,2010,EE,0,0.0218
2019,NUTS,2010,EE,0,0.0208
1993,NUTS,2010,EL,0,0.0032
1995,NUTS,2010,EL,0,0.0045
1997,NUTS,2010,EL,0,0.004
1999,NUTS,2010,EL,0,0.0038
2001,NUTS,2010,EL,0,0.0043
2003,NUTS,2010,EL,0,0.0045
2005,NUTS,2010,EL,0,0.0043
2011,NUTS,2010,EL,0,0.0131
2013,NUTS,2010,EL,0,0.0166
2015,NUTS,2010,EL,0,0.0165
2017,NUTS,2010,EL,0,0.0194
2019,NUTS,2010,EL,0,0.0153
1999,NUTS,2010,EL3,1,0.0052
2001,NUTS,2010,EL3,1,0.0058
2003,NUTS,2010,EL3,1,0.0099
2005,NUTS,2010,EL3,1,0.0093
2011,NUTS,2010,EL3,1,0.0281
2013,NUTS,2010,EL3,1,0.0258
2015,NUTS,2010,EL3,1,0.0264
2017,NUTS,2010,EL3,1,0.0327
2019,NUTS,2010,EL3,1,0.0278
1999,NUTS,2010,EL30,2,0.0052
2001,NUTS,2010,EL30,2,0.0058
2003,NUTS,2010,EL30,2,0.0099
2005,NUTS,2010,EL30,2,0.0093
2011,NUTS,2010,EL30,2,0.0281
2013,NUTS,2010,EL30,2,0.0258
2015,NUTS,2010,EL30,2,0.0264
2017,NUTS,2010,EL30,2,0.0327
2019,NUTS,2010,EL30,2,0.0278
2011,NUTS,2010,EL4,1,0.0027
2013,NUTS,2010,EL4,1,0.0281
2015,NUTS,2010,EL4,1,0.0288
2017,NUTS,2010,EL4,1,0.0457
2019,NUTS,2010,EL4,1,0.0168
2011,NUTS,2010,EL41,2,0.0051
2013,NUTS,2010,EL41,2,0.0036
2015,NUTS,2010,EL41,2,0.0038
2017,NUTS,2010,EL41,2,0.0056
2019,NUTS,2010,EL41,2,0.0198
2011,NUTS,2010,EL42,2,0.0058
2013,NUTS,2010,EL42,2,0.009
2015,NUTS,2010,EL42,2,0.0077
2017,NUTS,2010,EL42,2,0.0145
2019,NUTS,2010,EL42,2,0.0162
2011,NUTS,2010,EL43,2,0.0003
2013,NUTS,2010,EL43,2,0.0458
2015,NUTS,2010,EL43,2,0.0478
2017,NUTS,2010,EL43,2,0.075
2019,NUTS,2010,EL43,2,0.0161
2011,NUTS,2010,EL5,1,0.0063
2013,NUTS,2010,EL5,1,0.0117
2015,NUTS,2010,EL5,1,0.0113
2017,NUTS,2010,EL5,1,0.006
2019,NUTS,2010,EL5,1,0.0081
2011,NUTS,2010,EL51,2,0.0
2013,NUTS,2010,EL51,2,0.0027
2015,NUTS,2010,EL51,2,0.0027
2017,NUTS,2010,EL51,2,0.0023
2019,NUTS,2010,EL51,2,0.0012
1999,NUTS,2010,EL52,2,0.0089
2001,NUTS,2010,EL52,2,0.0111
2003,NUTS,2010,EL52,2,0.0032
2005,NUTS,2010,EL52,2,0.0032
2011,NUTS,2010,EL52,2,0.008
2013,NUTS,2010,EL52,2,0.015
2015,NUTS,2010,EL52,2,0.0148
2017,NUTS,2010,EL52,2,0.006
2019,NUTS,2010,EL52,2,0.0106
2011,NUTS,2010,EL53,2,0.0136
2013,NUTS,2010,EL53,2,0.0089
2015,NUTS,2010,EL53,2,0.0051
2017,NUTS,2010,EL53,2,0.0101
2019,NUTS,2010,EL53,2,0.0078
2011,NUTS,2010,EL54,2,0.0021
2013,NUTS,2010,EL54,2,0.0119
2015,NUTS,2010,EL54,2,0.0122
2017,NUTS,2010,EL54,2,0.0086
2019,NUTS,2010,EL54,2,0.0067
2011,NUTS,2010,EL6,1,0.0009
2013,NUTS,2010,EL6,1,0.0013
2015,NUTS,2010,EL6,1,0.0011
2017,NUTS,2010,EL6,1,0.0019
2019,NUTS,2010,EL6,1,0.0028
2011,NUTS,2010,EL61,2,0.0003
2013,NUTS,2010,EL61,2,0.0006
2015,NUTS,2010,EL61,2,0.0003
2017,NUTS,2010,EL61,2,0.0009
2019,NUTS,2010,EL61,2,0.001
2011,NUTS,2010,EL62,2,0.0
2013,NUTS,2010,EL62,2,0.0
2015,NUTS,2010,EL62,2,0.0
2017,NUTS,2010,EL62,2,0.0011
2019,NUTS,2010,EL62,2,0.0
2011,NUTS,2010,EL63,2,0.0
2013,NUTS,2010,EL63,2,0.0007
2015,NUTS,2010,EL63,2,0.0003
2017,NUTS,2010,EL63,2,0.0
2019,NUTS,2010,EL63,2,0.0
2011,NUTS,2010,EL64,2,0.0033
2013,NUTS,2010,EL64,2,0.0025
2015,NUTS,2010,EL64,2,0.0025
2017,NUTS,2010,EL64,2,0.0025
2019,NUTS,2010,EL64,2,0.0
1999,NUTS,2010,EL65,2,0.0071
2001,NUTS,2010,EL65,2,0.0046
2003,NUTS,2010,EL65,2,0.0044
2005,NUTS,2010,EL65,2,0.004
2011,NUTS,2010,EL65,2,0.0008
2013,NUTS,2010,EL65,2,0.002
2015,NUTS,2010,EL65,2,0.002
2017,NUTS,2010,EL65,2,0.0049
2019,NUTS,2010,EL65,2,0.0121
1993,NUTS,2010,ES,0,0.0075
1994,NUTS,2010,ES,0,0.0078
1995,NUTS,2010,ES,0,0.0091
1997,NUTS,2010,ES,0,0.0103
1999,NUTS,2010,ES,0,0.0097
2000,NUTS,2010,ES,0,0.0145
2001,NUTS,2010,ES,0,0.0126
2002,NUTS,2010,ES,0,0.004
2003,NUTS,2010,ES,0,0.0031
2004,NUTS,2010,ES,0,0.0026
2005,NUTS,2010,ES,0,0.0027
2006,NUTS,2010,ES,0,0.0047
2007,NUTS,2010,ES,0,0.0042
2008,NUTS,2010,ES,0,0.0041
2009,NUTS,2010,ES,0,0.0048
2010,NUTS,2010,ES,0,0.0043
2011,NUTS,2010,ES,0,0.0035
2012,NUTS,2010,ES,0,0.0036
2013,NUTS,2010,ES,0,0.0034
2014,NUTS,2010,ES,0,0.0032
2015,NUTS,2010,ES,0,0.0035
2016,NUTS,2010,ES,0,0.0043
2017,NUTS,2010,ES,0,0.0041
2018,NUTS,2010,ES,0,0.0039
2019,NUTS,2010,ES,0,0.0037
1999,NUTS,2010,ES1,1,0.0037
2000,NUTS,2010,ES1,1,0.0127
2001,NUTS,2010,ES1,1,0.0074
2002,NUTS,2010,ES1,1,0.0065
2003,NUTS,2010,ES1,1,0.0003
2004,NUTS,2010,ES1,1,0.0015
2005,NUTS,2010,ES1,1,0.0014
2006,NUTS,2010,ES1,1,0.0156
2007,NUTS,2010,ES1,1,0.0065
2008,NUTS,2010,ES1,1,0.0052
2009,NUTS,2010,ES1,1,0.0061
2010,NUTS,2010,ES1,1,0.0047
2011,NUTS,2010,ES1,1,0.0052
2012,NUTS,2010,ES1,1,0.0059
2013,NUTS,2010,ES1,1,0.005
2015,NUTS,2010,ES1,1,0.0059
2016,NUTS,2010,ES1,1,0.0062
2017,NUTS,2010,ES1,1,0.0059
2018,NUTS,2010,ES1,1,0.0061
1999,NUTS,2010,ES11,2,0.0002
2000,NUTS,2010,ES11,2,0.0036
2001,NUTS,2010,ES11,2,0.0026
2002,NUTS,2010,ES11,2,0.0015
2003,NUTS,2010,ES11,2,0.0002
2004,NUTS,2010,ES11,2,0.0008
2005,NUTS,2010,ES11,2,0.0006
2006,NUTS,2010,ES11,2,0.0009
2007,NUTS,2010,ES11,2,0.0014
2008,NUTS,2010,ES11,2,0.0005
2009,NUTS,2010,ES11,2,0.003
2010,NUTS,2010,ES11,2,0.0007
2014,NUTS,2010,ES11,2,0.0009
2015,NUTS,2010,ES11,2,0.0013
2016,NUTS,2010,ES11,2,0.0033
2017,NUTS,2010,ES11,2,0.0038
2018,NUTS,2010,ES11,2,0.0036
2019,NUTS,2010,ES11,2,0.0035
1999,NUTS,2010,ES12,2,0.0002
2000,NUTS,2010,ES12,2,0.013
2001,NUTS,2010,ES12,2,0.0008
2002,NUTS,2010,ES12,2,0.0065
2003,NUTS,2010,ES12,2,0.0007
2004,NUTS,2010,ES12,2,0.0005
2005,NUTS,2010,ES12,2,0.0004
2006,NUTS,2010,ES12,2,0.0047
2007,NUTS,2010,ES12,2,0.0021
2008,NUTS,2010,ES12,2,0.002
2009,NUTS,2010,ES12,2,0.0018
2010,NUTS,2010,ES12,2,0.0037
2012,NUTS,2010,ES12,2,0.0035
2013,NUTS,2010,ES12,2,0.0025
2014,NUTS,2010,ES12,2,0.0029
2015,NUTS,2010,ES12,2,0.0037
2016,NUTS,2010,ES12,2,0.003
2017,NUTS,2010,ES12,2,0.0026
2018,NUTS,2010,ES12,2,0.0026
2019,NUTS,2010,ES12,2,0.0024
1999,NUTS,2010,ES13,2,0.0298
2000,NUTS,2010,ES13,2,0.0615
2001,NUTS,2010,ES13,2,0.0437
2002,NUTS,2010,ES13,2,0.0315
2003,NUTS,2010,ES13,2,0.0
2004,NUTS,2010,ES13,2,0.0067
2005,NUTS,2010,ES13,2,0.0068
2006,NUTS,2010,ES13,2,0.1036
2007,NUTS,2010,ES13,2,0.0381
2008,NUTS,2010,ES13,2,0.0327
2009,NUTS,2010,ES13,2,0.028
2010,NUTS,2010,ES13,2,0.0248
2011,NUTS,2010,ES13,2,0.0307
2015,NUTS,2010,ES13,2,0.0307
2016,NUTS,2010,ES13,2,0.025
2017,NUTS,2010,ES13,2,0.0211
2018,NUTS,2010,ES13,2,0.0234
1999,NUTS,2010,ES2,1,0.003
2000,NUTS,2010,ES2,1,0.0113
2001,NUTS,2010,ES2,1,0.0114
2002,NUTS,2010,ES2,1,0.0061
2003,NUTS,2010,ES2,1,0.0003
2004,NUTS,2010,ES2,1,0.0023
2005,NUTS,2010,ES2,1,0.0023
2006,NUTS,2010,ES2,1,0.0016
2007,NUTS,2010,ES2,1,0.0057
2008,NUTS,2010,ES2,1,0.0059
2009,NUTS,2010,ES2,1,0.0064
2010,NUTS,2010,ES2,1,0.0087
2011,NUTS,2010,ES2,1,0.0025
2013,NUTS,2010,ES2,1,0.0037
2015,NUTS,2010,ES2,1,0.0034
2019,NUTS,2010,ES2,1,0.0016
1999,NUTS,2010,ES21,2,0.0056
2000,NUTS,2010,ES21,2,0.0184
2001,NUTS,2010,ES21,2,0.0141
2002,NUTS,2010,ES21,2,0.0118
2003,NUTS,2010,ES21,2,0.0004
2004,NUTS,2010,ES21,2,0.0017
2005,NUTS,2010,ES21,2,0.0012
2006,NUTS,2010,ES21,2,0.0019
2007,NUTS,2010,ES21,2,0.0016
2008,NUTS,2010,ES21,2,0.0006
2009,NUTS,2010,ES21,2,0.0018
2010,NUTS,2010,ES21,2,0.0032
2011,NUTS,2010,ES21,2,0.0029
2012,NUTS,2010,ES21,2,0.0042
2013,NUTS,2010,ES21,2,0.0032
2014,NUTS,2010,ES21,2,0.0027
2015,NUTS,2010,ES21,2,0.0041
2016,NUTS,2010,ES21,2,0.004
2017,NUTS,2010,ES21,2,0.0037
2018,NUTS,2010,ES21,2,0.0019
2019,NUTS,2010,ES21,2,0.002
2000,NUTS,2010,ES22,2,0.0056
2001,NUTS,2010,ES22,2,0.0063
2002,NUTS,2010,ES22,2,0.0
2003,NUTS,2010,ES22,2,0.0
2004,NUTS,2010,ES22,2,0.0022
2005,NUTS,2010,ES22,2,0.0027
2006,NUTS,2010,ES22,2,0.001
2007,NUTS,2010,ES22,2,0.0006
2008,NUTS,2010,ES22,2,0.0006
2009,NUTS,2010,ES22,2,0.0028
2010,NUTS,2010,ES22,2,0.0019
2011,NUTS,2010,ES22,2,0.0034
2015,NUTS,2010,ES22,2,0.0039
2000,NUTS,2010,ES23,2,0.0
2001,NUTS,2010,ES23,2,0.0017
2002,NUTS,2010,ES23,2,0.0
2003,NUTS,2010,ES23,2,0.0
2004,NUTS,2010,ES23,2,0.0
2005,NUTS,2010,ES23,2,0.002
2006,NUTS,2010,ES23,2,0.0
2007,NUTS,2010,ES23,2,0.0627
2008,NUTS,2010,ES23,2,0.0712
2009,NUTS,2010,ES23,2,0.0636
2010,NUTS,2010,ES23,2,0.0781
2011,NUTS,2010,ES23,2,0.0031
2012,NUTS,2010,ES23,2,0.0057
2014,NUTS,2010,ES23,2,0.0026
2015,NUTS,2010,ES23,2,0.0019
2016,NUTS,2010,ES23,2,0.002
2017,NUTS,2010,ES23,2,0.0026
2018,NUTS,2010,ES23,2,0.0019
1999,NUTS,2010,ES24,2,0.0002
2000,NUTS,2010,ES24,2,0.0035
2001,NUTS,2010,ES24,2,0.0109
2002,NUTS,2010,ES24,2,0.0002
2003,NUTS,2010,ES24,2,0.0004
2004,NUTS,2010,ES24,2,0.0042
2005,NUTS,2010,ES24,2,0.0041
2006,NUTS,2010,ES24,2,0.0019
2007,NUTS,2010,ES24,2,0.0014
2008,NUTS,2010,ES24,2,0.001
2009,NUTS,2010,ES24,2,0.0018
2010,NUTS,2010,ES24,2,0.0041
2011,NUTS,2010,ES24,2,0.0014
2012,NUTS,2010,ES24,2,0.0018
2013,NUTS,2010,ES24,2,0.0017
2014,NUTS,2010,ES24,2,0.0018
2015,NUTS,2010,ES24,2,0.0023
2016,NUTS,2010,ES24,2,0.0018
2017,NUTS,2010,ES24,2,0.0019
2018,NUTS,2010,ES24,2,0.0006
1999,NUTS,2010,ES3,1,0.0261
2000,NUTS,2010,ES3,1,0.0414
2001,NUTS,2010,ES3,1,0.0442
2002,NUTS,2010,ES3,1,0.0094
2003,NUTS,2010,ES3,1,0.0125
2004,NUTS,2010,ES3,1,0.0077
2005,NUTS,2010,ES3,1,0.0084
2006,NUTS,2010,ES3,1,0.0121
2007,NUTS,2010,ES3,1,0.0126
2008,NUTS,2010,ES3,1,0.0127
2009,NUTS,2010,ES3,1,0.0124
2010,NUTS,2010,ES3,1,0.008
2011,NUTS,2010,ES3,1,0.0064
2012,NUTS,2010,ES3,1,0.0068
2013,NUTS,2010,ES3,1,0.0064
2014,NUTS,2010,ES3,1,0.0056
2015,NUTS,2010,ES3,1,0.006
2016,NUTS,2010,ES3,1,0.0065
2017,NUTS,2010,ES3,1,0.0072
2018,NUTS,2010,ES3,1,0.0087
2019,NUTS,2010,ES3,1,0.008
1999,NUTS,2010,ES30,2,0.0261
2000,NUTS,2010,ES30,2,0.0414
2001,NUTS,2010,ES30,2,0.0442
2002,NUTS,2010,ES30,2,0.0094
2003,NUTS,2010,ES30,2,0.0125
2004,NUTS,2010,ES30,2,0.0077
2005,NUTS,2010,ES30,2,0.0084
2006,NUTS,2010,ES30,2,0.0121
2007,NUTS,2010,ES30,2,0.0126
2008,NUTS,2010,ES30,2,0.0127
2009,NUTS,2010,ES30,2,0.0124
2010,NUTS,2010,ES30,2,0.008
2011,NUTS,2010,ES30,2,0.0064
2012,NUTS,2010,ES30,2,0.0068
2013,NUTS,2010,ES30,2,0.0064
2014,NUTS,2010,ES30,2,0.0056
2015,NUTS,2010,ES30,2,0.006
2016,NUTS,2010,ES30,2,0.0065
2017,NUTS,2010,ES30,2,0.0072
2018,NUTS,2010,ES30,2,0.0087
2019,NUTS,2010,ES30,2,0.008
1999,NUTS,2010,ES4,1,0.0039
2000,NUTS,2010,ES4,1,0.001
2001,NUTS,2010,ES4,1,0.0017
2002,NUTS,2010,ES4,1,0.0008
2003,NUTS,2010,ES4,1,0.0008
2004,NUTS,2010,ES4,1,0.0007
2005,NUTS,2010,ES4,1,0.0011
2006,NUTS,2010,ES4,1,0.0012
2007,NUTS,2010,ES4,1,0.0007
2008,NUTS,2010,ES4,1,0.0007
2009,NUTS,2010,ES4,1,0.0018
2010,NUTS,2010,ES4,1,0.0033
2011,NUTS,2010,ES4,1,0.0039
2013,NUTS,2010,ES4,1,0.0017
2014,NUTS,2010,ES4,1,0.0016
2015,NUTS,2010,ES4,1,0.0028
2016,NUTS,2010,ES4,1,0.0024
2018,NUTS,2010,ES4,1,0.0027
2019,NUTS,2010,ES4,1,0.0022
1999,NUTS,2010,ES41,2,0.0068
2000,NUTS,2010,ES41,2,0.0022
2001,NUTS,2010,ES41,2,0.0029
2002,NUTS,2010,ES41,2,0.0016
2003,NUTS,2010,ES41,2,0.0016
2004,NUTS,2010,ES41,2,0.0008
2005,NUTS,2010,ES41,2,0.0014
2006,NUTS,2010,ES41,2,0.0022
2007,NUTS,2010,ES41,2,0.0002
2008,NUTS,2010,ES41,2,0.0002
2009,NUTS,2010,ES41,2,0.0014
2010,NUTS,2010,ES41,2,0.0044
2012,NUTS,2010,ES41,2,0.0035
2013,NUTS,2010,ES41,2,0.0023
2014,NUTS,2010,ES41,2,0.0022
2015,NUTS,2010,ES41,2,0.0024
2017,NUTS,2010,ES41,2,0.0016
2018,NUTS,2010,ES41,2,0.0019
2019,NUTS,2010,ES41,2,0.0017
1999,NUTS,2010,ES42,2,0.0001
2000,NUTS,2010,ES42,2,0.0
2001,NUTS,2010,ES42,2,0.0009
2002,NUTS,2010,ES42,2,0.0001
2003,NUTS,2010,ES42,2,0.0001
2004,NUTS,2010,ES42,2,0.0001
2005,NUTS,2010,ES42,2,0.0011
2006,NUTS,2010,ES42,2,0.0005
2007,NUTS,2010,ES42,2,0.0001
2008,NUTS,2010,ES42,2,0.0011
2009,NUTS,2010,ES42,2,0.0022
2010,NUTS,2010,ES42,2,0.0019
2013,NUTS,2010,ES42,2,0.0004
2014,NUTS,2010,ES42,2,0.0004
2015,NUTS,2010,ES42,2,0.003
2017,NUTS,2010,ES42,2,0.0032
1999,NUTS,2010,ES43,2,0.0031
2000,NUTS,2010,ES43,2,0.0
2001,NUTS,2010,ES43,2,0.0002
2002,NUTS,2010,ES43,2,0.0
2003,NUTS,2010,ES43,2,0.0
2004,NUTS,2010,ES43,2,0.0013
2005,NUTS,2010,ES43,2,0.0004
2006,NUTS,2010,ES43,2,0.0002
2007,NUTS,2010,ES43,2,0.0034
2008,NUTS,2010,ES43,2,0.001
2009,NUTS,2010,ES43,2,0.0016
2010,NUTS,2010,ES43,2,0.0034
2011,NUTS,2010,ES43,2,0.0026
2013,NUTS,2010,ES43,2,0.0027
2014,NUTS,2010,ES43,2,0.0028
2015,NUTS,2010,ES43,2,0.0036
2016,NUTS,2010,ES43,2,0.0038
1999,NUTS,2010,ES5,1,0.0155
2000,NUTS,2010,ES5,1,0.0195
2001,NUTS,2010,ES5,1,0.013
2002,NUTS,2010,ES5,1,0.004
2003,NUTS,2010,ES5,1,0.0035
2004,NUTS,2010,ES5,1,0.0032
2005,NUTS,2010,ES5,1,0.0028
2006,NUTS,2010,ES5,1,0.0035
2007,NUTS,2010,ES5,1,0.0032
2008,NUTS,2010,ES5,1,0.0029
2009,NUTS,2010,ES5,1,0.0034
2010,NUTS,2010,ES5,1,0.0038
2011,NUTS,2010,ES5,1,0.0035
2012,NUTS,2010,ES5,1,0.0033
2013,NUTS,2010,ES5,1,0.0033
2014,NUTS,2010,ES5,1,0.0035
2015,NUTS,2010,ES5,1,0.0034
2016,NUTS,2010,ES5,1,0.0054
2017,NUTS,2010,ES5,1,0.0045
2018,NUTS,2010,ES5,1,0.0038
1999,NUTS,2010,ES51,2,0.0204
2000,NUTS,2010,ES51,2,0.0273
2001,NUTS,2010,ES51,2,0.0185
2002,NUTS,2010,ES51,2,0.0064
2003,NUTS,2010,ES51,2,0.0054
2004,NUTS,2010,ES51,2,0.0047
2005,NUTS,2010,ES51,2,0.004
2006,NUTS,2010,ES51,2,0.0048
2007,NUTS,2010,ES51,2,0.0052
2008,NUTS,2010,ES51,2,0.0048
2009,NUTS,2010,ES51,2,0.005
2010,NUTS,2010,ES51,2,0.0054
2011,NUTS,2010,ES51,2,0.0046
2012,NUTS,2010,ES51,2,0.0041
2013,NUTS,2010,ES51,2,0.0039
2014,NUTS,2010,ES51,2,0.0044
2015,NUTS,2010,ES51,2,0.0046
2016,NUTS,2010,ES51,2,0.0081
2017,NUTS,2010,ES51,2,0.0066
2018,NUTS,2010,ES51,2,0.006
2019,NUTS,2010,ES51,2,0.0057
1999,NUTS,2010,ES52,2,0.0102
2000,NUTS,2010,ES52,2,0.0107
2001,NUTS,2010,ES52,2,0.0066
2002,NUTS,2010,ES52,2,0.0007
2003,NUTS,2010,ES52,2,0.0011
2004,NUTS,2010,ES52,2,0.0011
2005,NUTS,2010,ES52,2,0.0012
2006,NUTS,2010,ES52,2,0.002
2007,NUTS,2010,ES52,2,0.0005
2008,NUTS,2010,ES52,2,0.0002
2009,NUTS,2010,ES52,2,0.0009
2010,NUTS,2010,ES52,2,0.001
2011,NUTS,2010,ES52,2,0.0018
2012,NUTS,2010,ES52,2,0.0018
2013,NUTS,2010,ES52,2,0.0024
2014,NUTS,2010,ES52,2,0.0021
2015,NUTS,2010,ES52,2,0.0016
2016,NUTS,2010,ES52,2,0.0016
2017,NUTS,2010,ES52,2,0.0016
2018,NUTS,2010,ES52,2,0.0005
2019,NUTS,2010,ES52,2,0.0006
1999,NUTS,2010,ES53,2,0.0016
2000,NUTS,2010,ES53,2,0.0015
2001,NUTS,2010,ES53,2,0.0014
2002,NUTS,2010,ES53,2,0.0014
2003,NUTS,2010,ES53,2,0.0011
2004,NUTS,2010,ES53,2,0.0016
2005,NUTS,2010,ES53,2,0.0008
2006,NUTS,2010,ES53,2,0.0009
2007,NUTS,2010,ES53,2,0.0011
2008,NUTS,2010,ES53,2,0.0021
2009,NUTS,2010,ES53,2,0.0025
2010,NUTS,2010,ES53,2,0.0043
2011,NUTS,2010,ES53,2,0.0034
2012,NUTS,2010,ES53,2,0.0037
2013,NUTS,2010,ES53,2,0.0031
2014,NUTS,2010,ES53,2,0.003
2015,NUTS,2010,ES53,2,0.0028
2016,NUTS,2010,ES53,2,0.0037
2017,NUTS,2010,ES53,2,0.0029
2018,NUTS,2010,ES53,2,0.0025
1999,NUTS,2010,ES6,1,0.0017
2000,NUTS,2010,ES6,1,0.0024
2001,NUTS,2010,ES6,1,0.0016
2002,NUTS,2010,ES6,1,0.0003
2003,NUTS,2010,ES6,1,0.0005
2004,NUTS,2010,ES6,1,0.0004
2005,NUTS,2010,ES6,1,0.0008
2006,NUTS,2010,ES6,1,0.0005
2007,NUTS,2010,ES6,1,0.0006
2008,NUTS,2010,ES6,1,0.0009
2009,NUTS,2010,ES6,1,0.0023
2010,NUTS,2010,ES6,1,0.0012
2011,NUTS,2010,ES6,1,0.0015
2012,NUTS,2010,ES6,1,0.0021
2013,NUTS,2010,ES6,1,0.0019
2014,NUTS,2010,ES6,1,0.0018
2015,NUTS,2010,ES6,1,0.0019
2016,NUTS,2010,ES6,1,0.0024
2017,NUTS,2010,ES6,1,0.0021
2018,NUTS,2010,ES6,1,0.0019
2019,NUTS,2010,ES6,1,0.002
1999,NUTS,2010,ES61,2,0.002
2000,NUTS,2010,ES61,2,0.0029
2001,NUTS,2010,ES61,2,0.0019
2002,NUTS,2010,ES61,2,0.0003
2003,NUTS,2010,ES61,2,0.0005
2004,NUTS,2010,ES61,2,0.0004
2005,NUTS,2010,ES61,2,0.0009
2006,NUTS,2010,ES61,2,0.0006
2007,NUTS,2010,ES61,2,0.0007
2008,NUTS,2010,ES61,2,0.0009
2009,NUTS,2010,ES61,2,0.0024
2010,NUTS,2010,ES61,2,0.0012
2011,NUTS,2010,ES61,2,0.0015
2012,NUTS,2010,ES61,2,0.0021
2013,NUTS,2010,ES61,2,0.0021
2014,NUTS,2010,ES61,2,0.002
2015,NUTS,2010,ES61,2,0.0019
2016,NUTS,2010,ES61,2,0.0026
2017,NUTS,2010,ES61,2,0.0022
2018,NUTS,2010,ES61,2,0.0022
2019,NUTS,2010,ES61,2,0.0023
2000,NUTS,2010,ES62,2,0.0
2001,NUTS,2010,ES62,2,0.0
2002,NUTS,2010,ES62,2,0.0004
2003,NUTS,2010,ES62,2,0.0002
2004,NUTS,2010,ES62,2,0.0002
2005,NUTS,2010,ES62,2,0.0005
2006,NUTS,2010,ES62,2,0.0005
2007,NUTS,2010,ES62,2,0.0
2008,NUTS,2010,ES62,2,0.0011
2009,NUTS,2010,ES62,2,0.002
2010,NUTS,2010,ES62,2,0.0014
2012,NUTS,2010,ES62,2,0.0019
2013,NUTS,2010,ES62,2,0.0008
2014,NUTS,2010,ES62,2,0.0011
2015,NUTS,2010,ES62,2,0.0021
2016,NUTS,2010,ES62,2,0.0017
2018,NUTS,2010,ES62,2,0.0006
2019,NUTS,2010,ES62,2,0.0007
2000,NUTS,2010,ES63,2,0.0
2001,NUTS,2010,ES63,2,0.0
2002,NUTS,2010,ES63,2,0.0
2003,NUTS,2010,ES63,2,0.0
2004,NUTS,2010,ES63,2,0.0
2005,NUTS,2010,ES63,2,0.0
2006,NUTS,2010,ES63,2,0.0
2007,NUTS,2010,ES63,2,0.0
2008,NUTS,2010,ES63,2,0.0
2009,NUTS,2010,ES63,2,0.0
2010,NUTS,2010,ES63,2,0.0
2015,NUTS,2010,ES63,2,0.0
2000,NUTS,2010,ES64,2,0.0
2001,NUTS,2010,ES64,2,0.0
2002,NUTS,2010,ES64,2,0.0
2003,NUTS,2010,ES64,2,0.0
2004,NUTS,2010,ES64,2,0.0
2005,NUTS,2010,ES64,2,0.0
2006,NUTS,2010,ES64,2,0.0
2007,NUTS,2010,ES64,2,0.0
2008,NUTS,2010,ES64,2,0.0
2009,NUTS,2010,ES64,2,0.0
2010,NUTS,2010,ES64,2,0.0
2015,NUTS,2010,ES64,2,0.0
1999,NUTS,2010,ES7,1,0.0018
2001,NUTS,2010,ES7,1,0.0
2002,NUTS,2010,ES7,1,0.0
2003,NUTS,2010,ES7,1,0.0
2004,NUTS,2010,ES7,1,0.0001
2005,NUTS,2010,ES7,1,0.0002
2006,NUTS,2010,ES7,1,0.0003
2007,NUTS,2010,ES7,1,0.0002
2008,NUTS,2010,ES7,1,0.0002
2009,NUTS,2010,ES7,1,0.0009
2010,NUTS,2010,ES7,1,0.0008
2011,NUTS,2010,ES7,1,0.001
2012,NUTS,2010,ES7,1,0.0011
2013,NUTS,2010,ES7,1,0.001
2014,NUTS,2010,ES7,1,0.0014
2015,NUTS,2010,ES7,1,0.0013
2016,NUTS,2010,ES7,1,0.0014
2017,NUTS,2010,ES7,1,0.0013
2018,NUTS,2010,ES7,1,0.0005
1999,NUTS,2010,ES70,2,0.0018
2001,NUTS,2010,ES70,2,0.0
2002,NUTS,2010,ES70,2,0.0
2003,NUTS,2010,ES70,2,0.0
2004,NUTS,2010,ES70,2,0.0001
2005,NUTS,2010,ES70,2,0.0002
2006,NUTS,2010,ES70,2,0.0003
2007,NUTS,2010,ES70,2,0.0002
2008,NUTS,2010,ES70,2,0.0002
2009,NUTS,2010,ES70,2,0.0009
2010,NUTS,2010,ES70,2,0.0008
2011,NUTS,2010,ES70,2,0.001
2012,NUTS,2010,ES70,2,0.0011
2013,NUTS,2010,ES70,2,0.001
2014,NUTS,2010,ES70,2,0.0014
2015,NUTS,2010,ES70,2,0.0013
2016,NUTS,2010,ES70,2,0.0014
2017,NUTS,2010,ES70,2,0.0013
2018,NUTS,2010,ES70,2,0.0005
2000,NUTS,2010,EU27_2020,7,0.0106
2001,NUTS,2010,EU27_2020,7,0.0103
2002,NUTS,2010,EU27_2020,7,0.0128
2003,NUTS,2010,EU27_2020,7,0.012
2004,NUTS,2010,EU27_2020,7,0.0122
2005,NUTS,2010,EU27_2020,7,0.0133
2006,NUTS,2010,EU27_2020,7,0.0147
2007,NUTS,2010,EU27_2020,7,0.0147
2008,NUTS,2010,EU27_2020,7,0.0147
2009,NUTS,2010,EU27_2020,7,0.0147
2010,NUTS,2010,EU27_2020,7,0.0149
2011,NUTS,2010,EU27_2020,7,0.0149
2012,NUTS,2010,EU27_2020,7,0.0148
2013,NUTS,2010,EU27_2020,7,0.0118
2014,NUTS,2010,EU27_2020,7,0.0124
2016,NUTS,2010,EU27_2020,7,0.0133
2017,NUTS,2010,EU27_2020,7,0.0139
2018,NUTS,2010,EU27_2020,7,0.015
1997,NUTS,2010,FI,0,0.0183
1998,NUTS,2010,FI,0,0.0219
1999,NUTS,2010,FI,0,0.029
2000,NUTS,2010,FI,0,0.0247
2001,NUTS,2010,FI,0,0.0255
2002,NUTS,2010,FI,0,0.0267
2003,NUTS,2010,FI,0,0.0284
2004,NUTS,2010,FI,0,0.03
2005,NUTS,2010,FI,0,0.029
2006,NUTS,2010,FI,0,0.0283
2007,NUTS,2010,FI,0,0.0274
2008,NUTS,2010,FI,0,0.0274
2009,NUTS,2010,FI,0,0.0297
2010,NUTS,2010,FI,0,0.0315
2011,NUTS,2010,FI,0,0.0339
2012,NUTS,2010,FI,0,0.0322
2013,NUTS,2010,FI,0,0.0313
2014,NUTS,2010,FI,0,0.0349
2015,NUTS,2010,FI,0,0.0348
2016,NUTS,2010,FI,0,0.035
2017,NUTS,2010,FI,0,0.0349
2018,NUTS,2010,FI,0,0.0357
2019,NUTS,2010,FI,0,0.0368
2017,NUTS,2010,FI1,1,0.0337
2018,NUTS,2010,FI1,1,0.0345
2019,NUTS,2010,FI1,1,0.0355
2017,NUTS,2010,FI19,2,0.0256
2018,NUTS,2010,FI19,2,0.0277
2019,NUTS,2010,FI19,2,0.0289
2017,NUTS,2010,FI1B,2,0.0769
2018,NUTS,2010,FI1B,2,0.0763
2019,NUTS,2010,FI1B,2,0.077
2017,NUTS,2010,FI1C,2,0.0088
2018,NUTS,2010,FI1C,2,0.0104
2019,NUTS,2010,FI1C,2,0.0118
2017,NUTS,2010,FI1D,2,0.0018
2018,NUTS,2010,FI1D,2,0.0017
2019,NUTS,2010,FI1D,2,0.0015
2017,NUTS,2010,FI2,1,0.0
2018,NUTS,2010,FI2,1,0.0
2019,NUTS,2010,FI2,1,0.0
2017,NUTS,2010,FI20,2,0.0
2018,NUTS,2010,FI20,2,0.0
2019,NUTS,2010,FI20,2,0.0
2003,NUTS,2010,FR,0,0.0288
2004,NUTS,2010,FR,0,0.0277
2005,NUTS,2010,FR,0,0.0275
2006,NUTS,2010,FR,0,0.0264
2007,NUTS,2010,FR,0,0.0271
2008,NUTS,2010,FR,0,0.0266
2009,NUTS,2010,FR,0,0.0251
2010,NUTS,2010,FR,0,0.0262
2011,NUTS,2010,FR,0,0.0266
2012,NUTS,2010,FR,0,0.0294
2013,NUTS,2010,FR,0,0.03
2014,NUTS,2010,FR,0,0.0322
2016,NUTS,2010,FR,0,0.0331
2017,NUTS,2010,FR,0,0.0327
2018,NUTS,2010,FR,0,0.0336
2000,NUTS,2010,FR1,1,0.0413
2001,NUTS,2010,FR1,1,0.0389
2000,NUTS,2010,FR10,2,0.0413
2001,NUTS,2010,FR10,2,0.0389
2001,NUTS,2010,FR7,1,0.0002
2001,NUTS,2010,FR71,2,0.0002
2000,NUTS,2010,FR8,1,0.0001
2001,NUTS,2010,FR8,1,0.0
2000,NUTS,2010,FR82,2,0.0002
2001,NUTS,2010,FR82,2,0.0001
2001,NUTS,2010,FRA,1,0.0018
2004,NUTS,2010,HR,0,0.0
2005,NUTS,2010,HR,0,0.0031
2006,NUTS,2010,HR,0,0.0029
2007,NUTS,2010,HR,0,0.0009
2008,NUTS,2010,HR,0,0.0009
2009,NUTS,2010,HR,0,0.0019
2010,NUTS,2010,HR,0,0.0019
2011,NUTS,2010,HR,0,0.0021
2005,NUTS,2010,HR0,1,0.003
2006,NUTS,2010,HR0,1,0.0029
2007,NUTS,2010,HR0,1,0.0009
2008,NUTS,2010,HR0,1,0.0009
2009,NUTS,2010,HR0,1,0.0018
2010,NUTS,2010,HR0,1,0.0019
2011,NUTS,2010,HR0,1,0.002
2008,NUTS,2010,HR03,2,0.0028
2009,NUTS,2010,HR03,2,0.0057
2010,NUTS,2010,HR03,2,0.0059
2011,NUTS,2010,HR03,2,0.0064
2008,NUTS,2010,HR04,2,0.0
2009,NUTS,2010,HR04,2,0.0
2010,NUTS,2010,HR04,2,0.0
2011,NUTS,2010,HR04,2,0.0
2012,NUTS,2010,HR04,2,0.0
2003,NUTS,2010,IS,0,0.1364
2005,NUTS,2010,IS,0,0.1082
2006,NUTS,2010,IS,0,0.1034
2007,NUTS,2010,IS,0,0.0827
2008,NUTS,2010,IS,0,0.0849
2009,NUTS,2010,IS,0,0.0866
2011,NUTS,2010,IS,0,0.0901
2016,NUTS,2010,IS,0,0.0
2017,NUTS,2010,IS,0,0.0
2018,NUTS,2010,IS,0,0.0
2002,NUTS,2010,IT,0,0.0241
2003,NUTS,2010,IT,0,0.0225
2004,NUTS,2010,IT,0,0.0267
2005,NUTS,2010,IT,0,0.0359
2006,NUTS,2010,IT,0,0.0457
2007,NUTS,2010,IT,0,0.0453
2008,NUTS,2010,IT,0,0.0444
2009,NUTS,2010,IT,0,0.0436
2010,NUTS,2010,IT,0,0.0373
2011,NUTS,2010,IT,0,0.0332
2012,NUTS,2010,IT,0,0.0331
2013,NUTS,2010,IT,0,0.0346
2014,NUTS,2010,IT,0,0.0367
2015,NUTS,2010,IT,0,0.0389
2016,NUTS,2010,IT,0,0.0373
2017,NUTS,2010,IT,0,0.0363
2018,NUTS,2010,IT,0,0.0343
2019,NUTS,2010,IT,0,0.0426
2003,NUTS,2010,ITC,1,0.0446
2004,NUTS,2010,ITC,1,0.049
2005,NUTS,2010,ITC,1,0.0581
2007,NUTS,2010,ITC,1,0.0792
2008,NUTS,2010,ITC,1,0.0783
2009,NUTS,2010,ITC,1,0.0834
2010,NUTS,2010,ITC,1,0.0631
2011,NUTS,2010,ITC,1,0.0589
2012,NUTS,2010,ITC,1,0.0576
2013,NUTS,2010,ITC,1,0.0589
2014,NUTS,2010,ITC,1,0.0554
2015,NUTS,2010,ITC,1,0.0563
2016,NUTS,2010,ITC,1,0.0568
2017,NUTS,2010,ITC,1,0.0469
2018,NUTS,2010,ITC,1,0.0466
2019,NUTS,2010,ITC,1,0.0521
2003,NUTS,2010,ITC1,2,0.0266
2004,NUTS,2010,ITC1,2,0.0445
2005,NUTS,2010,ITC1,2,0.0586
2007,NUTS,2010,ITC1,2,0.0552
2008,NUTS,2010,ITC1,2,0.0514
2009,NUTS,2010,ITC1,2,0.05
2010,NUTS,2010,ITC1,2,0.0457
2011,NUTS,2010,ITC1,2,0.0449
2012,NUTS,2010,ITC1,2,0.0515
2013,NUTS,2010,ITC1,2,0.0575
2014,NUTS,2010,ITC1,2,0.0521
2015,NUTS,2010,ITC1,2,0.0499
2016,NUTS,2010,ITC1,2,0.0485
2017,NUTS,2010,ITC1,2,0.0423
2018,NUTS,2010,ITC1,2,0.0439
2019,NUTS,2010,ITC1,2,0.0463
2003,NUTS,2010,ITC2,2,0.0571
2004,NUTS,2010,ITC2,2,0.1203
2005,NUTS,2010,ITC2,2,0.0931
2007,NUTS,2010,ITC2,2,0.1397
2008,NUTS,2010,ITC2,2,0.0884
2009,NUTS,2010,ITC2,2,0.0937
2010,NUTS,2010,ITC2,2,0.0997
2011,NUTS,2010,ITC2,2,0.0894
2012,NUTS,2010,ITC2,2,0.1292
2013,NUTS,2010,ITC2,2,0.1326
2014,NUTS,2010,ITC2,2,0.124
2015,NUTS,2010,ITC2,2,0.113
2016,NUTS,2010,ITC2,2,0.1107
2017,NUTS,2010,ITC2,2,0.118
2018,NUTS,2010,ITC2,2,0.1303
2019,NUTS,2010,ITC2,2,0.1402
2003,NUTS,2010,ITC3,2,0.0133
2004,NUTS,2010,ITC3,2,0.0113
2005,NUTS,2010,ITC3,2,0.015
2007,NUTS,2010,ITC3,2,0.0284
2008,NUTS,2010,ITC3,2,0.0342
2009,NUTS,2010,ITC3,2,0.0237
2010,NUTS,2010,ITC3,2,0.0192
2011,NUTS,2010,ITC3,2,0.029
2012,NUTS,2010,ITC3,2,0.0322
2013,NUTS,2010,ITC3,2,0.0341
2014,NUTS,2010,ITC3,2,0.0263
2015,NUTS,2010,ITC3,2,0.0307
2016,NUTS,2010,ITC3,2,0.0293
2017,NUTS,2010,ITC3,2,0.026
2018,NUTS,2010,ITC3,2,0.0271
2019,NUTS,2010,ITC3,2,0.0513
2003,NUTS,2010,ITC4,2,0.0576
2004,NUTS,2010,ITC4,2,0.0558
2005,NUTS,2010,ITC4,2,0.0639
2007,NUTS,2010,ITC4,2,0.0966
2008,NUTS,2010,ITC4,2,0.0967
2009,NUTS,2010,ITC4,2,0.107
2010,NUTS,2010,ITC4,2,0.0769
2011,NUTS,2010,ITC4,2,0.0693
2012,NUTS,2010,ITC4,2,0.0631
2013,NUTS,2010,ITC4,2,0.0621
2014,NUTS,2010,ITC4,2,0.0602
2015,NUTS,2010,ITC4,2,0.0621
2016,NUTS,2010,ITC4,2,0.0636
2017,NUTS,2010,ITC4,2,0.0509
2018,NUTS,2010,ITC4,2,0.0495
2019,NUTS,2010,ITC4,2,0.0536
2003,NUTS,2010,ITF,1,0.0093
2004,NUTS,2010,ITF,1,0.0108
2005,NUTS,2010,ITF,1,0.0181
2007,NUTS,2010,ITF,1,0.0217
2008,NUTS,2010,ITF,1,0.0207
2009,NUTS,2010,ITF,1,0.02
2010,NUTS,2010,ITF,1,0.0167
2011,NUTS,2010,ITF,1,0.0126
2012,NUTS,2010,ITF,1,0.0104
2013,NUTS,2010,ITF,1,0.0126
2014,NUTS,2010,ITF,1,0.0143
2017,NUTS,2010,ITF,1,0.0131
2018,NUTS,2010,ITF,1,0.013
2019,NUTS,2010,ITF,1,0.0129
2003,NUTS,2010,ITF1,2,0.0041
2004,NUTS,2010,ITF1,2,0.0049
2005,NUTS,2010,ITF1,2,0.0036
2007,NUTS,2010,ITF1,2,0.0043
2008,NUTS,2010,ITF1,2,0.004
2009,NUTS,2010,ITF1,2,0.0008
2010,NUTS,2010,ITF1,2,0.0013
2011,NUTS,2010,ITF1,2,0.0029
2012,NUTS,2010,ITF1,2,0.0027
2013,NUTS,2010,ITF1,2,0.0195
2014,NUTS,2010,ITF1,2,0.0152
2015,NUTS,2010,ITF1,2,0.0068
2016,NUTS,2010,ITF1,2,0.0076
2017,NUTS,2010,ITF1,2,0.0077
2018,NUTS,2010,ITF1,2,0.0064
2019,NUTS,2010,ITF1,2,0.0066
2003,NUTS,2010,ITF2,2,0.0182
2004,NUTS,2010,ITF2,2,0.0008
2005,NUTS,2010,ITF2,2,0.1041
2007,NUTS,2010,ITF2,2,0.0058
2008,NUTS,2010,ITF2,2,0.004
2009,NUTS,2010,ITF2,2,0.0067
2017,NUTS,2010,ITF2,2,0.0049
2018,NUTS,2010,ITF2,2,0.0089
2019,NUTS,2010,ITF2,2,0.004
2003,NUTS,2010,ITF3,2,0.0112
2004,NUTS,2010,ITF3,2,0.0123
2005,NUTS,2010,ITF3,2,0.016
2007,NUTS,2010,ITF3,2,0.0252
2008,NUTS,2010,ITF3,2,0.0257
2009,NUTS,2010,ITF3,2,0.0249
2010,NUTS,2010,ITF3,2,0.03
2011,NUTS,2010,ITF3,2,0.015
2012,NUTS,2010,ITF3,2,0.0133
2013,NUTS,2010,ITF3,2,0.0135
2014,NUTS,2010,ITF3,2,0.019
2015,NUTS,2010,ITF3,2,0.0227
2016,NUTS,2010,ITF3,2,0.0183
2017,NUTS,2010,ITF3,2,0.0152
2018,NUTS,2010,ITF3,2,0.0144
2019,NUTS,2010,ITF3,2,0.0144
2003,NUTS,2010,ITF4,2,0.0119
2004,NUTS,2010,ITF4,2,0.0151
2005,NUTS,2010,ITF4,2,0.0291
2007,NUTS,2010,ITF4,2,0.0363
2008,NUTS,2010,ITF4,2,0.0329
2009,NUTS,2010,ITF4,2,0.0331
2010,NUTS,2010,ITF4,2,0.0155
2011,NUTS,2010,ITF4,2,0.0189
2012,NUTS,2010,ITF4,2,0.0152
2013,NUTS,2010,ITF4,2,0.0144
2014,NUTS,2010,ITF4,2,0.017
2015,NUTS,2010,ITF4,2,0.0171
2016,NUTS,2010,ITF4,2,0.0211
2017,NUTS,2010,ITF4,2,0.0186
2018,NUTS,2010,ITF4,2,0.0196
2019,NUTS,2010,ITF4,2,0.0197
2003,NUTS,2010,ITF5,2,0.005
2004,NUTS,2010,ITF5,2,0.0041
2005,NUTS,2010,ITF5,2,0.0032
2007,NUTS,2010,ITF5,2,0.0009
2008,NUTS,2010,ITF5,2,0.0009
2009,NUTS,2010,ITF5,2,0.0024
2012,NUTS,2010,ITF5,2,0.0061
2013,NUTS,2010,ITF5,2,0.0176
2015,NUTS,2010,ITF5,2,0.0091
2017,NUTS,2010,ITF5,2,0.0056
2018,NUTS,2010,ITF5,2,0.0051
2019,NUTS,2010,ITF5,2,0.0094
2003,NUTS,2010,ITF6,2,0.0023
2004,NUTS,2010,ITF6,2,0.0052
2005,NUTS,2010,ITF6,2,0.0027
2007,NUTS,2010,ITF6,2,0.0035
2008,NUTS,2010,ITF6,2,0.0027
2009,NUTS,2010,ITF6,2,0.0014
2010,NUTS,2010,ITF6,2,0.002
2011,NUTS,2010,ITF6,2,0.0054
2015,NUTS,2010,ITF6,2,0.0075
2016,NUTS,2010,ITF6,2,0.0087
2017,NUTS,2010,ITF6,2,0.0032
2018,NUTS,2010,ITF6,2,0.0036
2019,NUTS,2010,ITF6,2,0.0022
2003,NUTS,2010,ITG,1,0.0036
2004,NUTS,2010,ITG,1,0.0075
2005,NUTS,2010,ITG,1,0.0105
2007,NUTS,2010,ITG,1,0.0118
2008,NUTS,2010,ITG,1,0.0122
2009,NUTS,2010,ITG,1,0.0099
2010,NUTS,2010,ITG,1,0.0168
2011,NUTS,2010,ITG,1,0.0131
2012,NUTS,2010,ITG,1,0.0149
2013,NUTS,2010,ITG,1,0.0146
2014,NUTS,2010,ITG,1,0.0134
2015,NUTS,2010,ITG,1,0.0146
2016,NUTS,2010,ITG,1,0.0129
2017,NUTS,2010,ITG,1,0.0128
2018,NUTS,2010,ITG,1,0.0106
2019,NUTS,2010,ITG,1,0.0139
2003,NUTS,2010,ITG1,2,0.0039
2004,NUTS,2010,ITG1,2,0.01
2005,NUTS,2010,ITG1,2,0.0135
2007,NUTS,2010,ITG1,2,0.0138
2008,NUTS,2010,ITG1,2,0.0149
2009,NUTS,2010,ITG1,2,0.0128
2010,NUTS,2010,ITG1,2,0.0227
2011,NUTS,2010,ITG1,2,0.0172
2012,NUTS,2010,ITG1,2,0.0197
2013,NUTS,2010,ITG1,2,0.019
2014,NUTS,2010,ITG1,2,0.0176
2015,NUTS,2010,ITG1,2,0.0182
2016,NUTS,2010,ITG1,2,0.0163
2017,NUTS,2010,ITG1,2,0.0163
2018,NUTS,2010,ITG1,2,0.0131
2019,NUTS,2010,ITG1,2,0.0174
2003,NUTS,2010,ITG2,2,0.0026
2004,NUTS,2010,ITG2,2,0.0013
2005,NUTS,2010,ITG2,2,0.0028
2007,NUTS,2010,ITG2,2,0.0067
2008,NUTS,2010,ITG2,2,0.0054
2009,NUTS,2010,ITG2,2,0.0024
2010,NUTS,2010,ITG2,2,0.0019
2011,NUTS,2010,ITG2,2,0.0029
2012,NUTS,2010,ITG2,2,0.0029
2013,NUTS,2010,ITG2,2,0.0033
2014,NUTS,2010,ITG2,2,0.003
2015,NUTS,2010,ITG2,2,0.0056
2016,NUTS,2010,ITG2,2,0.0044
2017,NUTS,2010,ITG2,2,0.004
2018,NUTS,2010,ITG2,2,0.0041
2019,NUTS,2010,ITG2,2,0.0052
2003,NUTS,2010,ITH,1,0.0194
2004,NUTS,2010,ITH,1,0.0262
2005,NUTS,2010,ITH,1,0.0267
2007,NUTS,2010,ITH,1,0.0324
2008,NUTS,2010,ITH,1,0.0305
2009,NUTS,2010,ITH,1,0.0319
2010,NUTS,2010,ITH,1,0.0228
2011,NUTS,2010,ITH,1,0.0158
2012,NUTS,2010,ITH,1,0.017
2013,NUTS,2010,ITH,1,0.0185
2014,NUTS,2010,ITH,1,0.0288
2015,NUTS,2010,ITH,1,0.0304
2016,NUTS,2010,ITH,1,0.0278
2017,NUTS,2010,ITH,1,0.0286
2018,NUTS,2010,ITH,1,0.0267
2019,NUTS,2010,ITH,1,0.0398
2003,NUTS,2010,ITH1,2,0.0504
2004,NUTS,2010,ITH1,2,0.0692
2005,NUTS,2010,ITH1,2,0.0552
2007,NUTS,2010,ITH1,2,0.1377
2008,NUTS,2010,ITH1,2,0.0795
2009,NUTS,2010,ITH1,2,0.0984
2010,NUTS,2010,ITH1,2,0.0
2011,NUTS,2010,ITH1,2,0.002
2012,NUTS,2010,ITH1,2,0.0032
2013,NUTS,2010,ITH1,2,0.0028
2014,NUTS,2010,ITH1,2,0.2295
2015,NUTS,2010,ITH1,2,0.2332
2016,NUTS,2010,ITH1,2,0.1682
2017,NUTS,2010,ITH1,2,0.2532
2018,NUTS,2010,ITH1,2,0.1928
2019,NUTS,2010,ITH1,2,0.205
2003,NUTS,2010,ITH2,2,0.0241
2004,NUTS,2010,ITH2,2,0.0291
2005,NUTS,2010,ITH2,2,0.0649
2007,NUTS,2010,ITH2,2,0.0923
2008,NUTS,2010,ITH2,2,0.1132
2009,NUTS,2010,ITH2,2,0.1395
2010,NUTS,2010,ITH2,2,0.1124
2011,NUTS,2010,ITH2,2,0.0906
2012,NUTS,2010,ITH2,2,0.0995
2013,NUTS,2010,ITH2,2,0.0991
2014,NUTS,2010,ITH2,2,0.079
2015,NUTS,2010,ITH2,2,0.091
2016,NUTS,2010,ITH2,2,0.0745
2017,NUTS,2010,ITH2,2,0.0442
2018,NUTS,2010,ITH2,2,0.0423
2019,NUTS,2010,ITH2,2,0.0388
2003,NUTS,2010,ITH3,2,0.0232
2004,NUTS,2010,ITH3,2,0.0277
2005,NUTS,2010,ITH3,2,0.0292
2007,NUTS,2010,ITH3,2,0.0306
2008,NUTS,2010,ITH3,2,0.0291
2009,NUTS,2010,ITH3,2,0.033
2010,NUTS,2010,ITH3,2,0.0272
2011,NUTS,2010,ITH3,2,0.015
2012,NUTS,2010,ITH3,2,0.0133
2013,NUTS,2010,ITH3,2,0.015
2014,NUTS,2010,ITH3,2,0.0144
2015,NUTS,2010,ITH3,2,0.0169
2016,NUTS,2010,ITH3,2,0.0185
2017,NUTS,2010,ITH3,2,0.0154
2018,NUTS,2010,ITH3,2,0.0168
2019,NUTS,2010,ITH3,2,0.0496
2003,NUTS,2010,ITH4,2,0.0146
2004,NUTS,2010,ITH4,2,0.0189
2005,NUTS,2010,ITH4,2,0.0185
2007,NUTS,2010,ITH4,2,0.0309
2008,NUTS,2010,ITH4,2,0.0299
2009,NUTS,2010,ITH4,2,0.0324
2010,NUTS,2010,ITH4,2,0.0337
2011,NUTS,2010,ITH4,2,0.0293
2012,NUTS,2010,ITH4,2,0.0376
2013,NUTS,2010,ITH4,2,0.0345
2014,NUTS,2010,ITH4,2,0.0377
2015,NUTS,2010,ITH4,2,0.0362
2016,NUTS,2010,ITH4,2,0.0328
2017,NUTS,2010,ITH4,2,0.0303
2018,NUTS,2010,ITH4,2,0.0294
2019,NUTS,2010,ITH4,2,0.0316
2005,NUTS,2010,ITH5,2,0.0185
2007,NUTS,2010,ITH5,2,0.0155
2008,NUTS,2010,ITH5,2,0.0168
2009,NUTS,2010,ITH5,2,0.0101
2010,NUTS,2010,ITH5,2,0.0074
2011,NUTS,2010,ITH5,2,0.0061
2012,NUTS,2010,ITH5,2,0.0077
2013,NUTS,2010,ITH5,2,0.0104
2014,NUTS,2010,ITH5,2,0.0115
2015,NUTS,2010,ITH5,2,0.0112
2016,NUTS,2010,ITH5,2,0.0136
2017,NUTS,2010,ITH5,2,0.0128
2018,NUTS,2010,ITH5,2,0.0141
2019,NUTS,2010,ITH5,2,0.0109
2003,NUTS,2010,ITI,1,0.016
2004,NUTS,2010,ITI,1,0.0198
2005,NUTS,2010,ITI,1,0.0421
2007,NUTS,2010,ITI,1,0.0464
2008,NUTS,2010,ITI,1,0.0457
2009,NUTS,2010,ITI,1,0.0328
2010,NUTS,2010,ITI,1,0.0407
2011,NUTS,2010,ITI,1,0.0401
2012,NUTS,2010,ITI,1,0.0415
2013,NUTS,2010,ITI,1,0.0417
2014,NUTS,2010,ITI,1,0.0443
2017,NUTS,2010,ITI,1,0.0557
2018,NUTS,2010,ITI,1,0.0497
2019,NUTS,2010,ITI,1,0.0651
2003,NUTS,2010,ITI1,2,0.0091
2004,NUTS,2010,ITI1,2,0.0107
2005,NUTS,2010,ITI1,2,0.0212
2007,NUTS,2010,ITI1,2,0.0236
2008,NUTS,2010,ITI1,2,0.0238
2009,NUTS,2010,ITI1,2,0.0233
2010,NUTS,2010,ITI1,2,0.0248
2011,NUTS,2010,ITI1,2,0.0213
2012,NUTS,2010,ITI1,2,0.027
2013,NUTS,2010,ITI1,2,0.0258
2014,NUTS,2010,ITI1,2,0.0359
2015,NUTS,2010,ITI1,2,0.0447
2016,NUTS,2010,ITI1,2,0.0444
2017,NUTS,2010,ITI1,2,0.0406
2018,NUTS,2010,ITI1,2,0.0341
2019,NUTS,2010,ITI1,2,0.0354
2003,NUTS,2010,ITI2,2,0.0063
2004,NUTS,2010,ITI2,2,0.0047
2005,NUTS,2010,ITI2,2,0.0328
2007,NUTS,2010,ITI2,2,0.0058
2008,NUTS,2010,ITI2,2,0.0039
2009,NUTS,2010,ITI2,2,0.0026
2010,NUTS,2010,ITI2,2,0.0037
2011,NUTS,2010,ITI2,2,0.0031
2012,NUTS,2010,ITI2,2,0.0013
2013,NUTS,2010,ITI2,2,0.0028
2014,NUTS,2010,ITI2,2,0.0028
2017,NUTS,2010,ITI2,2,0.0033
2018,NUTS,2010,ITI2,2,0.0043
2019,NUTS,2010,ITI2,2,0.0038
2005,NUTS,2010,ITI3,2,0.0048
2007,NUTS,2010,ITI3,2,0.0019
2008,NUTS,2010,ITI3,2,0.0031
2009,NUTS,2010,ITI3,2,0.0032
2010,NUTS,2010,ITI3,2,0.0028
2011,NUTS,2010,ITI3,2,0.0024
2012,NUTS,2010,ITI3,2,0.003
2013,NUTS,2010,ITI3,2,0.003
2014,NUTS,2010,ITI3,2,0.0019
2015,NUTS,2010,ITI3,2,0.001
2016,NUTS,2010,ITI3,2,0.002
2017,NUTS,2010,ITI3,2,0.0059
2018,NUTS,2010,ITI3,2,0.0062
2019,NUTS,2010,ITI3,2,0.0063
2003,NUTS,2010,ITI4,2,0.0239
2004,NUTS,2010,ITI4,2,0.0326
2005,NUTS,2010,ITI4,2,0.0691
2007,NUTS,2010,ITI4,2,0.0822
2008,NUTS,2010,ITI4,2,0.0801
2009,NUTS,2010,ITI4,2,0.0528
2010,NUTS,2010,ITI4,2,0.068
2011,NUTS,2010,ITI4,2,0.0695
2012,NUTS,2010,ITI4,2,0.0685
2013,NUTS,2010,ITI4,2,0.0689
2014,NUTS,2010,ITI4,2,0.0672
2015,NUTS,2010,ITI4,2,0.0716
2016,NUTS,2010,ITI4,2,0.0642
2017,NUTS,2010,ITI4,2,0.0862
2018,NUTS,2010,ITI4,2,0.0775
2019,NUTS,2010,ITI4,2,0.109
1997,NUTS,2010,KR,0,0.012
1998,NUTS,2010,KR,0,0.0079
1999,NUTS,2010,KR,0,0.011
2000,NUTS,2010,KR,0,0.0109
2001,NUTS,2010,KR,0,0.0088
2002,NUTS,2010,KR,0,0.0134
2003,NUTS,2010,KR,0,0.0135
2004,NUTS,2010,KR,0,0.0124
2005,NUTS,2010,KR,0,0.014
2006,NUTS,2010,KR,0,0.0128
2007,NUTS,2010,KR,0,0.0168
2008,NUTS,2010,KR,0,0.0205
2009,NUTS,2010,KR,0,0.0228
2010,NUTS,2010,KR,0,0.0258
2011,NUTS,2010,KR,0,0.0311
1997,NUTS,2010,LT,0,0.0037
1998,NUTS,2010,LT,0,0.003
1999,NUTS,2010,LT,0,0.0027
2011,NUTS,2010,LU,0,0.0
2012,NUTS,2010,LU,0,0.0
1997,NUTS,2010,LV,0,0.0001
1998,NUTS,2010,LV,0,0.0002
1999,NUTS,2010,LV,0,0.0002
2000,NUTS,2010,LV,0,0.0002
2001,NUTS,2010,LV,0,0.0005
2002,NUTS,2010,LV,0,0.0007
2003,NUTS,2010,LV,0,0.0
2004,NUTS,2010,LV,0,0.0001
2005,NUTS,2010,LV,0,0.0001
2006,NUTS,2010,LV,0,0.0001
2011,NUTS,2010,ME,0,0.0037
2013,NUTS,2010,ME,0,0.01
2014,NUTS,2010,ME,0,0.0119
2015,NUTS,2010,ME,0,0.0436
2016,NUTS,2010,ME,0,0.0333
2017,NUTS,2010,ME,0,0.0149
2018,NUTS,2010,ME,0,0.0168
2019,NUTS,2010,ME,0,0.0143
2015,NUTS,2010,MK,0,0.0018
2016,NUTS,2010,MK,0,0.0077
2017,NUTS,2010,MK,0,0.0079
2018,NUTS,2010,MK,0,0.0064
2019,NUTS,2010,MK,0,0.0049
2002,NUTS,2010,MT,0,0.0
2003,NUTS,2010,MT,0,0.0
2004,NUTS,2010,MT,0,0.0
2005,NUTS,2010,MT,0,0.0
2006,NUTS,2010,MT,0,0.0
2007,NUTS,2010,MT,0,0.0
2008,NUTS,2010,MT,0,0.0
2009,NUTS,2010,MT,0,0.0
1994,NUTS,2010,NL,0,0.0172
1995,NUTS,2010,NL,0,0.0173
1996,NUTS,2010,NL,0,0.0166
1997,NUTS,2010,NL,0,0.0172
1998,NUTS,2010,NL,0,0.0171
1999,NUTS,2010,NL,0,0.0165
2000,NUTS,2010,NL,0,0.0168
2001,NUTS,2010,NL,0,0.0133
2002,NUTS,2010,NL,0,0.0119
2013,NUTS,2010,NL,0,0.0
2014,NUTS,2010,NL,0,0.0
2015,NUTS,2010,NL,0,0.0
2016,NUTS,2010,NL,0,0.0
2017,NUTS,2010,NL,0,0.0
2018,NUTS,2010,NL,0,0.0
2019,NUTS,2010,NL,0,0.0
2002,NUTS,2010,NL2,1,0.0061
2002,NUTS,2010,NL21,2,0.0191
2000,NUTS,2010,NL3,1,0.0271
2002,NUTS,2010,NL3,1,0.0204
2002,NUTS,2010,NL31,2,0.0013
2000,NUTS,2010,NL32,2,0.0503
2002,NUTS,2010,NL32,2,0.0493
2000,NUTS,2010,NL33,2,0.0219
2002,NUTS,2010,NL33,2,0.0067
1998,NUTS,2010,PL,0,0.0002
1999,NUTS,2010,PL,0,0.0005
2000,NUTS,2010,PL,0,0.0004
2001,NUTS,2010,PL,0,0.0004
2002,NUTS,2010,PL,0,0.0007
2003,NUTS,2010,PL,0,0.0004
2004,NUTS,2010,PL,0,0.0007
2005,NUTS,2010,PL,0,0.0009
2006,NUTS,2010,PL,0,0.0011
2007,NUTS,2010,PL,0,0.0008
2008,NUTS,2010,PL,0,0.0004
2009,NUTS,2010,PL,0,0.0002
2010,NUTS,2010,PL,0,0.0008
2011,NUTS,2010,PL,0,0.0011
2012,NUTS,2010,PL,0,0.0017
2013,NUTS,2010,PL,0,0.0014
2014,NUTS,2010,PL,0,0.0015
2015,NUTS,2010,PL,0,0.0013
2016,NUTS,2010,PL,0,0.0053
2017,NUTS,2010,PL,0,0.0155
2018,NUTS,2010,PL,0,0.0176
2019,NUTS,2010,PL,0,0.0139
2000,NUTS,2010,PL1,1,0.0005
2001,NUTS,2010,PL1,1,0.001
2002,NUTS,2010,PL1,1,0.0025
2003,NUTS,2010,PL1,1,0.0024
2004,NUTS,2010,PL1,1,0.0022
2005,NUTS,2010,PL1,1,0.003
2006,NUTS,2010,PL1,1,0.0026
2007,NUTS,2010,PL1,1,0.0012
2008,NUTS,2010,PL1,1,0.0005
2009,NUTS,2010,PL1,1,0.0005
2011,NUTS,2010,PL1,1,0.0041
2012,NUTS,2010,PL1,1,0.0048
2013,NUTS,2010,PL1,1,0.003
2014,NUTS,2010,PL1,1,0.0024
2015,NUTS,2010,PL1,1,0.0025
2002,NUTS,2010,PL11,2,0.0005
2003,NUTS,2010,PL11,2,0.0004
2004,NUTS,2010,PL11,2,0.0007
2005,NUTS,2010,PL11,2,0.0016
2007,NUTS,2010,PL11,2,0.0
2008,NUTS,2010,PL11,2,0.0002
2009,NUTS,2010,PL11,2,0.0003
2012,NUTS,2010,PL11,2,0.0028
2013,NUTS,2010,PL11,2,0.002
2000,NUTS,2010,PL12,2,0.0005
2001,NUTS,2010,PL12,2,0.001
2002,NUTS,2010,PL12,2,0.0021
2003,NUTS,2010,PL12,2,0.0022
2004,NUTS,2010,PL12,2,0.0018
2005,NUTS,2010,PL12,2,0.002
2007,NUTS,2010,PL12,2,0.0012
2008,NUTS,2010,PL12,2,0.0004
2009,NUTS,2010,PL12,2,0.0004
2010,NUTS,2010,PL12,2,0.0023
2012,NUTS,2010,PL12,2,0.0034
2013,NUTS,2010,PL12,2,0.0036
2000,NUTS,2010,PL2,1,0.0
2001,NUTS,2010,PL2,1,0.0003
2002,NUTS,2010,PL2,1,0.0009
2003,NUTS,2010,PL2,1,0.0004
2004,NUTS,2010,PL2,1,0.0
2005,NUTS,2010,PL2,1,0.0007
2006,NUTS,2010,PL2,1,0.0012
2007,NUTS,2010,PL2,1,0.0011
2008,NUTS,2010,PL2,1,0.0014
2009,NUTS,2010,PL2,1,0.0003
2011,NUTS,2010,PL2,1,0.0011
2012,NUTS,2010,PL2,1,0.0008
2013,NUTS,2010,PL2,1,0.0023
2014,NUTS,2010,PL2,1,0.0022
2015,NUTS,2010,PL2,1,0.0009
2016,NUTS,2010,PL2,1,0.0067
2017,NUTS,2010,PL2,1,0.0213
2018,NUTS,2010,PL2,1,0.0214
2019,NUTS,2010,PL2,1,0.0129
2000,NUTS,2010,PL21,2,0.0
2002,NUTS,2010,PL21,2,0.001
2005,NUTS,2010,PL21,2,0.0
2008,NUTS,2010,PL21,2,0.0007
2009,NUTS,2010,PL21,2,0.0008
2011,NUTS,2010,PL21,2,0.0016
2012,NUTS,2010,PL21,2,0.0015
2017,NUTS,2010,PL21,2,0.0276
2018,NUTS,2010,PL21,2,0.0275
2001,NUTS,2010,PL22,2,0.0005
2002,NUTS,2010,PL22,2,0.0007
2003,NUTS,2010,PL22,2,0.0008
2005,NUTS,2010,PL22,2,0.0013
2008,NUTS,2010,PL22,2,0.0018
2009,NUTS,2010,PL22,2,0.0
2010,NUTS,2010,PL22,2,0.0002
2011,NUTS,2010,PL22,2,0.0007
2012,NUTS,2010,PL22,2,0.0002
2017,NUTS,2010,PL22,2,0.0165
2018,NUTS,2010,PL22,2,0.0168
2000,NUTS,2010,PL3,1,0.0001
2001,NUTS,2010,PL3,1,0.0001
2002,NUTS,2010,PL3,1,0.0
2004,NUTS,2010,PL3,1,0.0001
2005,NUTS,2010,PL3,1,0.0001
2006,NUTS,2010,PL3,1,0.0001
2009,NUTS,2010,PL3,1,0.0001
2013,NUTS,2010,PL3,1,0.0003
2014,NUTS,2010,PL3,1,0.0004
2002,NUTS,2010,PL31,2,0.0
2005,NUTS,2010,PL31,2,0.0
2006,NUTS,2010,PL31,2,0.0
2007,NUTS,2010,PL31,2,0.0
2009,NUTS,2010,PL31,2,0.0
2011,NUTS,2010,PL31,2,0.0
2012,NUTS,2010,PL31,2,0.0005
2002,NUTS,2010,PL32,2,0.0
2005,NUTS,2010,PL32,2,0.0004
2006,NUTS,2010,PL32,2,0.0004
2002,NUTS,2010,PL33,2,0.0
2005,NUTS,2010,PL33,2,0.0
2007,NUTS,2010,PL33,2,0.0
2010,NUTS,2010,PL33,2,0.0
2015,NUTS,2010,PL33,2,0.0
2002,NUTS,2010,PL34,2,0.0
2005,NUTS,2010,PL34,2,0.0
2007,NUTS,2010,PL34,2,0.0
2000,NUTS,2010,PL4,1,0.0001
2002,NUTS,2010,PL4,1,0.0
2003,NUTS,2010,PL4,1,0.0001
2004,NUTS,2010,PL4,1,0.0007
2005,NUTS,2010,PL4,1,0.0008
2006,NUTS,2010,PL4,1,0.0013
2007,NUTS,2010,PL4,1,0.0008
2009,NUTS,2010,PL4,1,0.0
2011,NUTS,2010,PL4,1,0.0005
2012,NUTS,2010,PL4,1,0.0022
2014,NUTS,2010,PL4,1,0.0019
2015,NUTS,2010,PL4,1,0.002
2016,NUTS,2010,PL4,1,0.0024
2017,NUTS,2010,PL4,1,0.0066
2018,NUTS,2010,PL4,1,0.0026
2019,NUTS,2010,PL4,1,0.0022
2000,NUTS,2010,PL41,2,0.0001
2002,NUTS,2010,PL41,2,0.0
2003,NUTS,2010,PL41,2,0.0001
2004,NUTS,2010,PL41,2,0.0013
2005,NUTS,2010,PL41,2,0.0014
2006,NUTS,2010,PL41,2,0.0023
2007,NUTS,2010,PL41,2,0.0015
2009,NUTS,2010,PL41,2,0.0
2010,NUTS,2010,PL41,2,0.0007
2016,NUTS,2010,PL41,2,0.0033
2017,NUTS,2010,PL41,2,0.0083
2018,NUTS,2010,PL41,2,0.0033
2019,NUTS,2010,PL41,2,0.0034
2002,NUTS,2010,PL42,2,0.0
2005,NUTS,2010,PL42,2,0.0
2006,NUTS,2010,PL42,2,0.0
2007,NUTS,2010,PL42,2,0.0
2013,NUTS,2010,PL42,2,0.0013
2016,NUTS,2010,PL42,2,0.0017
2002,NUTS,2010,PL43,2,0.0
2005,NUTS,2010,PL43,2,0.0
2006,NUTS,2010,PL43,2,0.0
2007,NUTS,2010,PL43,2,0.0
2010,NUTS,2010,PL43,2,0.0
2015,NUTS,2010,PL43,2,0.0
2002,NUTS,2010,PL5,1,0.0
2005,NUTS,2010,PL5,1,0.0
2006,NUTS,2010,PL5,1,0.0
2007,NUTS,2010,PL5,1,0.0
2011,NUTS,2010,PL5,1,0.001
2012,NUTS,2010,PL5,1,0.0006
2013,NUTS,2010,PL5,1,0.0008
2014,NUTS,2010,PL5,1,0.0004
2016,NUTS,2010,PL5,1,0.0027
2017,NUTS,2010,PL5,1,0.0037
2019,NUTS,2010,PL5,1,0.0114
2002,NUTS,2010,PL51,2,0.0
2005,NUTS,2010,PL51,2,0.0
2006,NUTS,2010,PL51,2,0.0
2007,NUTS,2010,PL51,2,0.0
2009,NUTS,2010,PL51,2,0.0
2011,NUTS,2010,PL51,2,0.0014
2012,NUTS,2010,PL51,2,0.0008
2002,NUTS,2010,PL52,2,0.0
2005,NUTS,2010,PL52,2,0.0
2006,NUTS,2010,PL52,2,0.0
2007,NUTS,2010,PL52,2,0.0
2010,NUTS,2010,PL52,2,0.0
2000,NUTS,2010,PL6,1,0.0024
2001,NUTS,2010,PL6,1,0.0015
2002,NUTS,2010,PL6,1,0.0014
2004,NUTS,2010,PL6,1,0.0015
2005,NUTS,2010,PL6,1,0.0015
2006,NUTS,2010,PL6,1,0.0018
2010,NUTS,2010,PL6,1,0.0019
2011,NUTS,2010,PL6,1,0.0
2014,NUTS,2010,PL6,1,0.0001
2015,NUTS,2010,PL6,1,0.0
2016,NUTS,2010,PL6,1,0.0016
2017,NUTS,2010,PL6,1,0.0121
2018,NUTS,2010,PL6,1,0.0089
2019,NUTS,2010,PL6,1,0.0084
2002,NUTS,2010,PL61,2,0.0
2005,NUTS,2010,PL61,2,0.0
2006,NUTS,2010,PL61,2,0.0
2007,NUTS,2010,PL61,2,0.0
2011,NUTS,2010,PL61,2,0.0
2015,NUTS,2010,PL61,2,0.0
2002,NUTS,2010,PL62,2,0.0
2005,NUTS,2010,PL62,2,0.0
2006,NUTS,2010,PL62,2,0.0
2007,NUTS,2010,PL62,2,0.0
2015,NUTS,2010,PL62,2,0.0
2000,NUTS,2010,PL63,2,0.0073
2001,NUTS,2010,PL63,2,0.0044
2002,NUTS,2010,PL63,2,0.0037
2004,NUTS,2010,PL63,2,0.0043
2005,NUTS,2010,PL63,2,0.0042
2011,NUTS,2010,PL63,2,0.0
2015,NUTS,2010,PL63,2,0.0
2017,NUTS,2010,PL63,2,0.0103
2018,NUTS,2010,PL63,2,0.0073
2019,NUTS,2010,PL63,2,0.0077
2016,NUTS,2010,PL7,1,0.0023
2017,NUTS,2010,PL7,1,0.0055
2019,NUTS,2010,PL7,1,0.0266
2016,NUTS,2010,PL71,2,0.0033
2018,NUTS,2010,PL71,2,0.0111
2016,NUTS,2010,PL8,1,0.0032
2017,NUTS,2010,PL8,1,0.0044
2018,NUTS,2010,PL8,1,0.0105
2019,NUTS,2010,PL8,1,0.0057
2016,NUTS,2010,PL81,2,0.0011
2017,NUTS,2010,PL81,2,0.0005
2019,NUTS,2010,PL81,2,0.0044
2016,NUTS,2010,PL82,2,0.0049
2017,NUTS,2010,PL82,2,0.0044
2019,NUTS,2010,PL82,2,0.0064
2016,NUTS,2010,PL84,2,0.0039
2017,NUTS,2010,PL84,2,0.0113
2019,NUTS,2010,PL84,2,0.007
2016,NUTS,2010,PL9,1,0.0147
2017,NUTS,2010,PL9,1,0.0422
2018,NUTS,2010,PL9,1,0.0431
2019,NUTS,2010,PL9,1,0.0305
2019,NUTS,2010,PL91,2,0.0516
2019,NUTS,2010,PL92,2,0.0
1993,NUTS,2010,PT,0,0.0527
1994,NUTS,2010,PT,0,0.0624
1995,NUTS,2010,PT,0,0.0744
1996,NUTS,2010,PT,0,0.0805
1997,NUTS,2010,PT,0,0.0857
1998,NUTS,2010,PT,0,0.0843
1999,NUTS,2010,PT,0,0.0867
2000,NUTS,2010,PT,0,0.0907
2001,NUTS,2010,PT,0,0.0946
2002,NUTS,2010,PT,0,0.0998
2003,NUTS,2010,PT,0,0.1056
2004,NUTS,2010,PT,0,0.1047
2005,NUTS,2010,PT,0,0.103
2006,NUTS,2010,PT,0,0.113
2007,NUTS,2010,PT,0,0.1231
2008,NUTS,2010,PT,0,0.13
2009,NUTS,2010,PT,0,0.1366
2010,NUTS,2010,PT,0,0.1562
2011,NUTS,2010,PT,0,0.1675
2012,NUTS,2010,PT,0,0.1544
2013,NUTS,2010,PT,0,0.0179
2014,NUTS,2010,PT,0,0.0161
2015,NUTS,2010,PT,0,0.0154
2016,NUTS,2010,PT,0,0.0171
2017,NUTS,2010,PT,0,0.0174
2018,NUTS,2010,PT,0,0.0197
2019,NUTS,2010,PT,0,0.0214
2020,NUTS,2010,PT,0,0.0303
1999,NUTS,2010,PT1,1,0.0828
2000,NUTS,2010,PT1,1,0.0871
2001,NUTS,2010,PT1,1,0.0906
2002,NUTS,2010,PT1,1,0.0961
2003,NUTS,2010,PT1,1,0.1025
2004,NUTS,2010,PT1,1,0.1011
2005,NUTS,2010,PT1,1,0.0983
2006,NUTS,2010,PT1,1,0.1084
2007,NUTS,2010,PT1,1,0.1184
2008,NUTS,2010,PT1,1,0.1255
2009,NUTS,2010,PT1,1,0.1288
2010,NUTS,2010,PT1,1,0.1474
2011,NUTS,2010,PT1,1,0.1588
2012,NUTS,2010,PT1,1,0.1467
2013,NUTS,2010,PT1,1,0.0172
2014,NUTS,2010,PT1,1,0.0154
2015,NUTS,2010,PT1,1,0.015
2016,NUTS,2010,PT1,1,0.0168
2017,NUTS,2010,PT1,1,0.0169
2018,NUTS,2010,PT1,1,0.0192
2019,NUTS,2010,PT1,1,0.021
2020,NUTS,2010,PT1,1,0.0294
1999,NUTS,2010,PT11,2,0.0743
2000,NUTS,2010,PT11,2,0.0784
2001,NUTS,2010,PT11,2,0.0795
2002,NUTS,2010,PT11,2,0.088
2003,NUTS,2010,PT11,2,0.0967
2004,NUTS,2010,PT11,2,0.0923
2005,NUTS,2010,PT11,2,0.0868
2006,NUTS,2010,PT11,2,0.0951
2007,NUTS,2010,PT11,2,0.1037
2008,NUTS,2010,PT11,2,0.1092
2009,NUTS,2010,PT11,2,0.1151
2010,NUTS,2010,PT11,2,0.126
2011,NUTS,2010,PT11,2,0.1431
2012,NUTS,2010,PT11,2,0.141
2013,NUTS,2010,PT11,2,0.0045
2014,NUTS,2010,PT11,2,0.0045
2015,NUTS,2010,PT11,2,0.0047
2016,NUTS,2010,PT11,2,0.0047
2017,NUTS,2010,PT11,2,0.0052
2018,NUTS,2010,PT11,2,0.0063
2019,NUTS,2010,PT11,2,0.0089
2020,NUTS,2010,PT11,2,0.0195
1999,NUTS,2010,PT15,2,0.0139
2000,NUTS,2010,PT15,2,0.0142
2001,NUTS,2010,PT15,2,0.0145
2002,NUTS,2010,PT15,2,0.0143
2003,NUTS,2010,PT15,2,0.0139
2004,NUTS,2010,PT15,2,0.0091
2005,NUTS,2010,PT15,2,0.0043
2006,NUTS,2010,PT15,2,0.0044
2007,NUTS,2010,PT15,2,0.0045
2008,NUTS,2010,PT15,2,0.004
2009,NUTS,2010,PT15,2,0.0136
2010,NUTS,2010,PT15,2,0.0039
2011,NUTS,2010,PT15,2,0.0043
2012,NUTS,2010,PT15,2,0.0035
2013,NUTS,2010,PT15,2,0.0
2014,NUTS,2010,PT15,2,0.0
2015,NUTS,2010,PT15,2,0.0
2016,NUTS,2010,PT15,2,0.0009
2017,NUTS,2010,PT15,2,0.0
2018,NUTS,2010,PT15,2,0.0
2019,NUTS,2010,PT15,2,0.0
2020,NUTS,2010,PT15,2,0.0142
2000,NUTS,2010,PT16,2,0.0688
2001,NUTS,2010,PT16,2,0.0768
2002,NUTS,2010,PT16,2,0.0718
2003,NUTS,2010,PT16,2,0.0681
2004,NUTS,2010,PT16,2,0.0645
2005,NUTS,2010,PT16,2,0.0599
2006,NUTS,2010,PT16,2,0.0648
2007,NUTS,2010,PT16,2,0.0697
2008,NUTS,2010,PT16,2,0.0706
2009,NUTS,2010,PT16,2,0.0705
2010,NUTS,2010,PT16,2,0.0861
2011,NUTS,2010,PT16,2,0.1069
2012,NUTS,2010,PT16,2,0.1026
2013,NUTS,2010,PT16,2,0.0033
2014,NUTS,2010,PT16,2,0.0032
2015,NUTS,2010,PT16,2,0.0032
2016,NUTS,2010,PT16,2,0.0031
2017,NUTS,2010,PT16,2,0.0039
2018,NUTS,2010,PT16,2,0.0051
2019,NUTS,2010,PT16,2,0.007
2020,NUTS,2010,PT16,2,0.0163
2000,NUTS,2010,PT17,2,0.1418
2001,NUTS,2010,PT17,2,0.1408
2002,NUTS,2010,PT17,2,0.1611
2003,NUTS,2010,PT17,2,0.1819
2004,NUTS,2010,PT17,2,0.1875
2005,NUTS,2010,PT17,2,0.1891
2006,NUTS,2010,PT17,2,0.2112
2007,NUTS,2010,PT17,2,0.2303
2008,NUTS,2010,PT17,2,0.2464
2009,NUTS,2010,PT17,2,0.2515
2010,NUTS,2010,PT17,2,0.2961
2011,NUTS,2010,PT17,2,0.2913
2012,NUTS,2010,PT17,2,0.2534
2013,NUTS,2010,PT17,2,0.0536
2014,NUTS,2010,PT17,2,0.0469
2015,NUTS,2010,PT17,2,0.0447
2016,NUTS,2010,PT17,2,0.05
2017,NUTS,2010,PT17,2,0.0497
2018,NUTS,2010,PT17,2,0.0552
2019,NUTS,2010,PT17,2,0.056
2020,NUTS,2010,PT17,2,0.0603
2000,NUTS,2010,PT18,2,0.0304
2001,NUTS,2010,PT18,2,0.0476
2002,NUTS,2010,PT18,2,0.0272
2003,NUTS,2010,PT18,2,0.0089
2004,NUTS,2010,PT18,2,0.0096
2005,NUTS,2010,PT18,2,0.0104
2006,NUTS,2010,PT18,2,0.0126
2007,NUTS,2010,PT18,2,0.0151
2008,NUTS,2010,PT18,2,0.0149
2009,NUTS,2010,PT18,2,0.0093
2010,NUTS,2010,PT18,2,0.0
2011,NUTS,2010,PT18,2,0.0
2012,NUTS,2010,PT18,2,0.0008
2013,NUTS,2010,PT18,2,0.0
2014,NUTS,2010,PT18,2,0.0
2015,NUTS,2010,PT18,2,0.0
2016,NUTS,2010,PT18,2,0.0009
2017,NUTS,2010,PT18,2,0.0006
2018,NUTS,2010,PT18,2,0.0009
2019,NUTS,2010,PT18,2,0.0012
2020,NUTS,2010,PT18,2,0.0088
1999,NUTS,2010,PT2,1,0.0944
2000,NUTS,2010,PT2,1,0.0883
2001,NUTS,2010,PT2,1,0.0818
2002,NUTS,2010,PT2,1,0.0627
2003,NUTS,2010,PT2,1,0.0476
2004,NUTS,2010,PT2,1,0.0921
2005,NUTS,2010,PT2,1,0.1361
2006,NUTS,2010,PT2,1,0.1222
2007,NUTS,2010,PT2,1,0.1099
2008,NUTS,2010,PT2,1,0.1036
2009,NUTS,2010,PT2,1,0.0701
2010,NUTS,2010,PT2,1,0.0773
2011,NUTS,2010,PT2,1,0.065
2012,NUTS,2010,PT2,1,0.0583
2013,NUTS,2010,PT2,1,0.0
2014,NUTS,2010,PT2,1,0.0
2015,NUTS,2010,PT2,1,0.0
2016,NUTS,2010,PT2,1,0.0
2017,NUTS,2010,PT2,1,0.0033
2018,NUTS,2010,PT2,1,0.0049
2019,NUTS,2010,PT2,1,0.0065
2020,NUTS,2010,PT2,1,0.0215
1999,NUTS,2010,PT20,2,0.0944
2000,NUTS,2010,PT20,2,0.0883
2001,NUTS,2010,PT20,2,0.0818
2002,NUTS,2010,PT20,2,0.0627
2003,NUTS,2010,PT20,2,0.0476
2004,NUTS,2010,PT20,2,0.0921
2005,NUTS,2010,PT20,2,0.1361
2006,NUTS,2010,PT20,2,0.1222
2007,NUTS,2010,PT20,2,0.1099
2008,NUTS,2010,PT20,2,0.1036
2009,NUTS,2010,PT20,2,0.0701
2010,NUTS,2010,PT20,2,0.0773
2011,NUTS,2010,PT20,2,0.065
2012,NUTS,2010,PT20,2,0.0583
2013,NUTS,2010,PT20,2,0.0
2014,NUTS,2010,PT20,2,0.0
2015,NUTS,2010,PT20,2,0.0
2016,NUTS,2010,PT20,2,0.0
2017,NUTS,2010,PT20,2,0.0033
2018,NUTS,2010,PT20,2,0.0049
2019,NUTS,2010,PT20,2,0.0065
2020,NUTS,2010,PT20,2,0.0215
1999,NUTS,2010,PT3,1,0.0276
2000,NUTS,2010,PT3,1,0.0316
2001,NUTS,2010,PT3,1,0.0341
2002,NUTS,2010,PT3,1,0.0185
2003,NUTS,2010,PT3,1,0.0041
2004,NUTS,2010,PT3,1,0.0041
2005,NUTS,2010,PT3,1,0.0039
2006,NUTS,2010,PT3,1,0.005
2007,NUTS,2010,PT3,1,0.0061
2008,NUTS,2010,PT3,1,0.006
2009,NUTS,2010,PT3,1,0.0059
2010,NUTS,2010,PT3,1,0.0138
2011,NUTS,2010,PT3,1,0.063
2012,NUTS,2010,PT3,1,0.0312
2013,NUTS,2010,PT3,1,0.0053
2014,NUTS,2010,PT3,1,0.0122
2015,NUTS,2010,PT3,1,0.0061
2016,NUTS,2010,PT3,1,0.0061
2017,NUTS,2010,PT3,1,0.0075
2018,NUTS,2010,PT3,1,0.0074
2019,NUTS,2010,PT3,1,0.0
2020,NUTS,2010,PT3,1,0.0022
1999,NUTS,2010,PT30,2,0.0276
2000,NUTS,2010,PT30,2,0.0316
2001,NUTS,2010,PT30,2,0.0341
2002,NUTS,2010,PT30,2,0.0185
2003,NUTS,2010,PT30,2,0.0041
2004,NUTS,2010,PT30,2,0.0041
2005,NUTS,2010,PT30,2,0.0039
2006,NUTS,2010,PT30,2,0.005
2007,NUTS,2010,PT30,2,0.0061
2008,NUTS,2010,PT30,2,0.006
2009,NUTS,2010,PT30,2,0.0059
2010,NUTS,2010,PT30,2,0.0138
2011,NUTS,2010,PT30,2,0.063
2012,NUTS,2010,PT30,2,0.0312
2013,NUTS,2010,PT30,2,0.0053
2014,NUTS,2010,PT30,2,0.0122
2015,NUTS,2010,PT30,2,0.0061
2016,NUTS,2010,PT30,2,0.0061
2017,NUTS,2010,PT30,2,0.0075
2018,NUTS,2010,PT30,2,0.0074
2019,NUTS,2010,PT30,2,0.0
2020,NUTS,2010,PT30,2,0.0022
2003,NUTS,2010,RO,0,0.0027
2004,NUTS,2010,RO,0,0.0024
2005,NUTS,2010,RO,0,0.0026
2006,NUTS,2010,RO,0,0.0018
2007,NUTS,2010,RO,0,0.0019
2008,NUTS,2010,RO,0,0.0021
2009,NUTS,2010,RO,0,0.0016
2010,NUTS,2010,RO,0,0.0026
2011,NUTS,2010,RO,0,0.0028
2012,NUTS,2010,RO,0,0.0028
2013,NUTS,2010,RO,0,0.0023
2014,NUTS,2010,RO,0,0.0026
2015,NUTS,2010,RO,0,0.0037
2016,NUTS,2010,RO,0,0.0043
2017,NUTS,2010,RO,0,0.0023
2018,NUTS,2010,RO,0,0.0027
2019,NUTS,2010,RO,0,0.0037
2004,NUTS,2010,RO1,1,0.0005
2005,NUTS,2010,RO1,1,0.0011
2006,NUTS,2010,RO1,1,0.0001
2007,NUTS,2010,RO1,1,0.0007
2008,NUTS,2010,RO1,1,0.0014
2009,NUTS,2010,RO1,1,0.0036
2010,NUTS,2010,RO1,1,0.0015
2011,NUTS,2010,RO1,1,0.0014
2012,NUTS,2010,RO1,1,0.0019
2013,NUTS,2010,RO1,1,0.0011
2014,NUTS,2010,RO1,1,0.0012
2015,NUTS,2010,RO1,1,0.0015
2016,NUTS,2010,RO1,1,0.0012
2017,NUTS,2010,RO1,1,0.0015
2018,NUTS,2010,RO1,1,0.0023
2019,NUTS,2010,RO1,1,0.0033
2004,NUTS,2010,RO11,2,0.0001
2005,NUTS,2010,RO11,2,0.0019
2007,NUTS,2010,RO11,2,0.0013
2008,NUTS,2010,RO11,2,0.0028
2009,NUTS,2010,RO11,2,0.0042
2010,NUTS,2010,RO11,2,0.0027
2011,NUTS,2010,RO11,2,0.0026
2012,NUTS,2010,RO11,2,0.0035
2013,NUTS,2010,RO11,2,0.002
2014,NUTS,2010,RO11,2,0.0018
2015,NUTS,2010,RO11,2,0.0016
2016,NUTS,2010,RO11,2,0.0019
2017,NUTS,2010,RO11,2,0.0028
2018,NUTS,2010,RO11,2,0.004
2019,NUTS,2010,RO11,2,0.0059
2004,NUTS,2010,RO12,2,0.001
2005,NUTS,2010,RO12,2,0.0002
2006,NUTS,2010,RO12,2,0.0002
2009,NUTS,2010,RO12,2,0.003
2014,NUTS,2010,RO12,2,0.0004
2015,NUTS,2010,RO12,2,0.0013
2016,NUTS,2010,RO12,2,0.0002
2017,NUTS,2010,RO12,2,0.0
2018,NUTS,2010,RO12,2,0.0
2019,NUTS,2010,RO12,2,0.0
2004,NUTS,2010,RO2,1,0.002
2005,NUTS,2010,RO2,1,0.0021
2009,NUTS,2010,RO2,1,0.0002
2010,NUTS,2010,RO2,1,0.0019
2011,NUTS,2010,RO2,1,0.0043
2012,NUTS,2010,RO2,1,0.0003
2014,NUTS,2010,RO2,1,0.0002
2015,NUTS,2010,RO2,1,0.0003
2016,NUTS,2010,RO2,1,0.0003
2017,NUTS,2010,RO2,1,0.0006
2018,NUTS,2010,RO2,1,0.0021
2019,NUTS,2010,RO2,1,0.0045
2004,NUTS,2010,RO21,2,0.0035
2005,NUTS,2010,RO21,2,0.0036
2009,NUTS,2010,RO21,2,0.0004
2010,NUTS,2010,RO21,2,0.0033
2011,NUTS,2010,RO21,2,0.0072
2012,NUTS,2010,RO21,2,0.0005
2015,NUTS,2010,RO21,2,0.0
2016,NUTS,2010,RO21,2,0.0
2017,NUTS,2010,RO21,2,0.0001
2018,NUTS,2010,RO21,2,0.003
2019,NUTS,2010,RO21,2,0.007
2004,NUTS,2010,RO22,2,0.0001
2005,NUTS,2010,RO22,2,0.0001
2011,NUTS,2010,RO22,2,0.0001
2012,NUTS,2010,RO22,2,0.0001
2014,NUTS,2010,RO22,2,0.0006
2015,NUTS,2010,RO22,2,0.0006
2016,NUTS,2010,RO22,2,0.0007
2017,NUTS,2010,RO22,2,0.0015
2018,NUTS,2010,RO22,2,0.0006
2019,NUTS,2010,RO22,2,0.0005
2003,NUTS,2010,RO3,1,0.0097
2004,NUTS,2010,RO3,1,0.0053
2005,NUTS,2010,RO3,1,0.0049
2006,NUTS,2010,RO3,1,0.0063
2007,NUTS,2010,RO3,1,0.0062
2008,NUTS,2010,RO3,1,0.0045
2009,NUTS,2010,RO3,1,0.0015
2010,NUTS,2010,RO3,1,0.003
2011,NUTS,2010,RO3,1,0.0011
2012,NUTS,2010,RO3,1,0.0067
2013,NUTS,2010,RO3,1,0.0055
2014,NUTS,2010,RO3,1,0.006
2015,NUTS,2010,RO3,1,0.0097
2016,NUTS,2010,RO3,1,0.0121
2017,NUTS,2010,RO3,1,0.0052
2018,NUTS,2010,RO3,1,0.0045
2019,NUTS,2010,RO3,1,0.0041
2004,NUTS,2010,RO31,2,0.0001
2005,NUTS,2010,RO31,2,0.0001
2007,NUTS,2010,RO31,2,0.0038
2015,NUTS,2010,RO31,2,0.0
2016,NUTS,2010,RO31,2,0.0
2017,NUTS,2010,RO31,2,0.0
2018,NUTS,2010,RO31,2,0.0004
2019,NUTS,2010,RO31,2,0.0004
2003,NUTS,2010,RO32,2,0.0255
2004,NUTS,2010,RO32,2,0.0135
2005,NUTS,2010,RO32,2,0.0122
2006,NUTS,2010,RO32,2,0.0157
2007,NUTS,2010,RO32,2,0.0097
2008,NUTS,2010,RO32,2,0.0112
2009,NUTS,2010,RO32,2,0.0037
2010,NUTS,2010,RO32,2,0.0069
2011,NUTS,2010,RO32,2,0.0025
2012,NUTS,2010,RO32,2,0.015
2013,NUTS,2010,RO32,2,0.0125
2014,NUTS,2010,RO32,2,0.0135
2015,NUTS,2010,RO32,2,0.0218
2016,NUTS,2010,RO32,2,0.0263
2017,NUTS,2010,RO32,2,0.0113
2018,NUTS,2010,RO32,2,0.0092
2019,NUTS,2010,RO32,2,0.0084
2004,NUTS,2010,RO4,1,0.0003
2005,NUTS,2010,RO4,1,0.0013
2008,NUTS,2010,RO4,1,0.0024
2010,NUTS,2010,RO4,1,0.0025
2011,NUTS,2010,RO4,1,0.0025
2012,NUTS,2010,RO4,1,0.0002
2013,NUTS,2010,RO4,1,0.0009
2014,NUTS,2010,RO4,1,0.0013
2015,NUTS,2010,RO4,1,0.0006
2016,NUTS,2010,RO4,1,0.0003
2017,NUTS,2010,RO4,1,0.0
2018,NUTS,2010,RO4,1,0.0
2019,NUTS,2010,RO4,1,0.0
2011,NUTS,2010,RO41,2,0.004
2013,NUTS,2010,RO41,2,0.0012
2014,NUTS,2010,RO41,2,0.0012
2015,NUTS,2010,RO41,2,0.0001
2016,NUTS,2010,RO41,2,0.0
2017,NUTS,2010,RO41,2,0.0
2018,NUTS,2010,RO41,2,0.0
2019,NUTS,2010,RO41,2,0.0
2004,NUTS,2010,RO42,2,0.0007
2005,NUTS,2010,RO42,2,0.003
2008,NUTS,2010,RO42,2,0.0054
2010,NUTS,2010,RO42,2,0.0055
2011,NUTS,2010,RO42,2,0.0006
2012,NUTS,2010,RO42,2,0.0004
2013,NUTS,2010,RO42,2,0.0005
2014,NUTS,2010,RO42,2,0.0014
2015,NUTS,2010,RO42,2,0.0012
2016,NUTS,2010,RO42,2,0.0007
2017,NUTS,2010,RO42,2,0.0
2018,NUTS,2010,RO42,2,0.0
2019,NUTS,2010,RO42,2,0.0
2010,NUTS,2010,RS,0,0.0001
2011,NUTS,2010,RS,0,0.0009
2012,NUTS,2010,RS,0,0.0006
2013,NUTS,2010,RS,0,0.0003
2014,NUTS,2010,RS,0,0.0003
2015,NUTS,2010,RS,0,0.0008
2016,NUTS,2010,RS,0,0.001
2017,NUTS,2010,RS,0,0.0008
2018,NUTS,2010,RS,0,0.0001
2019,NUTS,2010,RS,0,0.0001
2020,NUTS,2010,RS,0,0.0001
2018,NUTS,2010,RS1,1,0.0001
2019,NUTS,2010,RS1,1,0.0002
2020,NUTS,2010,RS1,1,0.0002
2018,NUTS,2010,RS11,2,0.0002
2019,NUTS,2010,RS11,2,0.0004
2020,NUTS,2010,RS11,2,0.0005
2018,NUTS,2010,RS12,2,0.0
2019,NUTS,2010,RS12,2,0.0
2020,NUTS,2010,RS12,2,0.0
2018,NUTS,2010,RS2,1,0.0
2019,NUTS,2010,RS2,1,0.0
2020,NUTS,2010,RS2,1,0.0
2018,NUTS,2010,RS21,2,0.0
2019,NUTS,2010,RS21,2,0.0
2020,NUTS,2010,RS21,2,0.0
2018,NUTS,2010,RS22,2,0.0
2019,NUTS,2010,RS22,2,0.0
2020,NUTS,2010,RS22,2,0.0
1992,NUTS,2010,RU,0,0.0001
1993,NUTS,2010,RU,0,0.0003
1994,NUTS,2010,RU,0,0.0003
1995,NUTS,2010,RU,0,0.0003
1996,NUTS,2010,RU,0,0.0004
1997,NUTS,2010,RU,0,0.0004
1998,NUTS,2010,RU,0,0.0005
1999,NUTS,2010,RU,0,0.0004
2000,NUTS,2010,RU,0,0.0006
2001,NUTS,2010,RU,0,0.0008
2002,NUTS,2010,RU,0,0.0009
2003,NUTS,2010,RU,0,0.0008
2004,NUTS,2010,RU,0,0.0005
2005,NUTS,2010,RU,0,0.0004
2006,NUTS,2010,RU,0,0.0016
2007,NUTS,2010,RU,0,0.0019
2008,NUTS,2010,RU,0,0.0017
2009,NUTS,2010,RU,0,0.0015
2010,NUTS,2010,RU,0,0.0015
2011,NUTS,2010,RU,0,0.0015
2012,NUTS,2010,RU,0,0.0016
1997,NUTS,2010,SE,0,0.0038
1999,NUTS,2010,SE,0,0.0031
2001,NUTS,2010,SE,0,0.0023
2003,NUTS,2010,SE,0,0.0082
2005,NUTS,2010,SE,0,0.0086
2007,NUTS,2010,SE,0,0.0051
2009,NUTS,2010,SE,0,0.0022
2011,NUTS,2010,SE,0,0.0085
2013,NUTS,2010,SE,0,0.0105
2015,NUTS,2010,SE,0,0.0066
2017,NUTS,2010,SE,0,0.0058
1997,NUTS,2010,SI,0,0.0132
1998,NUTS,2010,SI,0,0.0115
1999,NUTS,2010,SI,0,0.0098
2000,NUTS,2010,SI,0,0.013
2001,NUTS,2010,SI,0,0.0205
2002,NUTS,2010,SI,0,0.0221
2003,NUTS,2010,SI,0,0.0039
2004,NUTS,2010,SI,0,0.0046
2005,NUTS,2010,SI,0,0.0031
2006,NUTS,2010,SI,0,0.0028
2007,NUTS,2010,SI,0,0.0024
2008,NUTS,2010,SI,0,0.0023
2009,NUTS,2010,SI,0,0.0019
2010,NUTS,2010,SI,0,0.0016
2011,NUTS,2010,SI,0,0.0016
2012,NUTS,2010,SI,0,0.0018
2013,NUTS,2010,SI,0,0.0017
2014,NUTS,2010,SI,0,0.0013
2015,NUTS,2010,SI,0,0.0011
2016,NUTS,2010,SI,0,0.0012
2017,NUTS,2010,SI,0,0.0089
2018,NUTS,2010,SI,0,0.0125
2019,NUTS,2010,SI,0,0.023
1999,NUTS,2010,SI0,1,0.0095
2000,NUTS,2010,SI0,1,0.0127
2001,NUTS,2010,SI0,1,0.0201
2002,NUTS,2010,SI0,1,0.0214
2003,NUTS,2010,SI0,1,0.0039
2004,NUTS,2010,SI0,1,0.0045
2005,NUTS,2010,SI0,1,0.0031
2006,NUTS,2010,SI0,1,0.0027
2007,NUTS,2010,SI0,1,0.0023
2008,NUTS,2010,SI0,1,0.0022
2009,NUTS,2010,SI0,1,0.0018
2010,NUTS,2010,SI0,1,0.0015
2011,NUTS,2010,SI0,1,0.0016
2012,NUTS,2010,SI0,1,0.0018
2013,NUTS,2010,SI0,1,0.0017
2014,NUTS,2010,SI0,1,0.0013
2015,NUTS,2010,SI0,1,0.0011
2016,NUTS,2010,SI0,1,0.0012
2017,NUTS,2010,SI0,1,0.0087
2018,NUTS,2010,SI0,1,0.0122
2019,NUTS,2010,SI0,1,0.0226
2013,NUTS,2010,SI03,2,0.0011
2014,NUTS,2010,SI03,2,0.0009
2015,NUTS,2010,SI03,2,0.0007
2016,NUTS,2010,SI03,2,0.0008
2018,NUTS,2010,SI03,2,0.0009
2013,NUTS,2010,SI04,2,0.0021
2014,NUTS,2010,SI04,2,0.0017
2015,NUTS,2010,SI04,2,0.0017
2016,NUTS,2010,SI04,2,0.0019
2018,NUTS,2010,SI04,2,0.0246
2002,NUTS,2010,SK,0,0.0002
2003,NUTS,2010,SK,0,0.0003
2004,NUTS,2010,SK,0,0.0033
2005,NUTS,2010,SK,0,0.0008
2006,NUTS,2010,SK,0,0.0008
2007,NUTS,2010,SK,0,0.0008
2008,NUTS,2010,SK,0,0.0008
2009,NUTS,2010,SK,0,0.0005
2010,NUTS,2010,SK,0,0.0083
2011,NUTS,2010,SK,0,0.0054
2012,NUTS,2010,SK,0,0.0039
2013,NUTS,2010,SK,0,0.0026
2014,NUTS,2010,SK,0,0.0023
2015,NUTS,2010,SK,0,0.0035
2016,NUTS,2010,SK,0,0.0094
2017,NUTS,2010,SK,0,0.0083
2018,NUTS,2010,SK,0,0.0071
2019,NUTS,2010,SK,0,0.0014
2020,NUTS,2010,SK,0,0.0015
2000,NUTS,2010,SK01,2,0.0
2001,NUTS,2010,SK01,2,0.0
2002,NUTS,2010,SK01,2,0.0
2003,NUTS,2010,SK01,2,0.0
2004,NUTS,2010,SK01,2,0.0012
2005,NUTS,2010,SK01,2,0.0006
2008,NUTS,2010,SK01,2,0.0009
2009,NUTS,2010,SK01,2,0.0011
2010,NUTS,2010,SK01,2,0.0365
2011,NUTS,2010,SK01,2,0.0216
2012,NUTS,2010,SK01,2,0.0071
2013,NUTS,2010,SK01,2,0.0077
2014,NUTS,2010,SK01,2,0.0066
2015,NUTS,2010,SK01,2,0.0127
2016,NUTS,2010,SK01,2,0.0242
2017,NUTS,2010,SK01,2,0.0321
2018,NUTS,2010,SK01,2,0.026
2019,NUTS,2010,SK01,2,0.0061
2020,NUTS,2010,SK01,2,0.0068
2000,NUTS,2010,SK02,2,0.0
2001,NUTS,2010,SK02,2,0.0
2002,NUTS,2010,SK02,2,0.0001
2003,NUTS,2010,SK02,2,0.0001
2004,NUTS,2010,SK02,2,0.0007
2005,NUTS,2010,SK02,2,0.0005
2007,NUTS,2010,SK02,2,0.0007
2008,NUTS,2010,SK02,2,0.0007
2009,NUTS,2010,SK02,2,0.0001
2010,NUTS,2010,SK02,2,0.0014
2011,NUTS,2010,SK02,2,0.0015
2012,NUTS,2010,SK02,2,0.0018
2013,NUTS,2010,SK02,2,0.0022
2014,NUTS,2010,SK02,2,0.0039
2015,NUTS,2010,SK02,2,0.0039
2016,NUTS,2010,SK02,2,0.0112
2017,NUTS,2010,SK02,2,0.0065
2018,NUTS,2010,SK02,2,0.0056
2019,NUTS,2010,SK02,2,0.0005
2020,NUTS,2010,SK02,2,0.0012
2000,NUTS,2010,SK03,2,0.0
2001,NUTS,2010,SK03,2,0.0
2002,NUTS,2010,SK03,2,0.0
2003,NUTS,2010,SK03,2,0.0002
2004,NUTS,2010,SK03,2,0.0097
2005,NUTS,2010,SK03,2,0.0003
2008,NUTS,2010,SK03,2,0.0003
2009,NUTS,2010,SK03,2,0.0002
2010,NUTS,2010,SK03,2,0.0047
2011,NUTS,2010,SK03,2,0.0033
2012,NUTS,2010,SK03,2,0.0036
2013,NUTS,2010,SK03,2,0.003
2014,NUTS,2010,SK03,2,0.0003
2015,NUTS,2010,SK03,2,0.0004
2016,NUTS,2010,SK03,2,0.0075
2017,NUTS,2010,SK03,2,0.0062
2018,NUTS,2010,SK03,2,0.0065
2019,NUTS,2010,SK03,2,0.001
2020,NUTS,2010,SK03,2,0.001
2000,NUTS,2010,SK04,2,0.0
2001,NUTS,2010,SK04,2,0.0
2002,NUTS,2010,SK04,2,0.0007
2003,NUTS,2010,SK04,2,0.0008
2004,NUTS,2010,SK04,2,0.0018
2005,NUTS,2010,SK04,2,0.0018
2006,NUTS,2010,SK04,2,0.0018
2007,NUTS,2010,SK04,2,0.0015
2008,NUTS,2010,SK04,2,0.0014
2009,NUTS,2010,SK04,2,0.0012
2010,NUTS,2010,SK04,2,0.0082
2011,NUTS,2010,SK04,2,0.0052
2012,NUTS,2010,SK04,2,0.0055
2013,NUTS,2010,SK04,2,0.0005
2014,NUTS,2010,SK04,2,0.0005
2015,NUTS,2010,SK04,2,0.0021
2016,NUTS,2010,SK04,2,0.0029
2017,NUTS,2010,SK04,2,0.0022
2018,NUTS,2010,SK04,2,0.0014
2019,NUTS,2010,SK04,2,0.0008
2020,NUTS,2010,SK04,2,0.0
2005,NUTS,2010,UK,0,0.0225
2006,NUTS,2010,UK,0,0.0233
2007,NUTS,2010,UK,0,0.0249
2008,NUTS,2010,UK,0,0.0265
2009,NUTS,2010,UK,0,0.0283
2010,NUTS,2010,UK,0,0.0229
2011,NUTS,2010,UK,0,0.0231
2012,NUTS,2010,UK,0,0.0238
2013,NUTS,2010,UK,0,0.0201
2014,NUTS,2010,UK,0,0.0204
2015,NUTS,2010,UK,0,0.0241
2016,NUTS,2010,UK,0,0.0242
2017,NUTS,2010,UK,0,0.0262
2018,NUTS,2010,UK,0,0.0276
2011,NUTS,2010,UKC,1,0.0122
2012,NUTS,2010,UKC,1,0.0126
2013,NUTS,2010,UKC,1,0.0184
2014,NUTS,2010,UKC,1,0.0183
2015,NUTS,2010,UKC,1,0.0214
2016,NUTS,2010,UKC,1,0.0214
2017,NUTS,2010,UKC,1,0.0232
2018,NUTS,2010,UKC,1,0.0251
2011,NUTS,2010,UKC1,2,0.0253
2012,NUTS,2010,UKC1,2,0.0268
2013,NUTS,2010,UKC1,2,0.0345
2014,NUTS,2010,UKC1,2,0.0343
2015,NUTS,2010,UKC1,2,0.0456
2016,NUTS,2010,UKC1,2,0.0462
2017,NUTS,2010,UKC1,2,0.0494
2018,NUTS,2010,UKC1,2,0.0524
2011,NUTS,2010,UKC2,2,0.0014
2012,NUTS,2010,UKC2,2,0.0015
2013,NUTS,2010,UKC2,2,0.0058
2014,NUTS,2010,UKC2,2,0.0058
2015,NUTS,2010,UKC2,2,0.0021
2016,NUTS,2010,UKC2,2,0.0021
2017,NUTS,2010,UKC2,2,0.0023
2018,NUTS,2010,UKC2,2,0.0026
2011,NUTS,2010,UKD,1,0.0016
2012,NUTS,2010,UKD,1,0.0017
2013,NUTS,2010,UKD,1,0.0066
2014,NUTS,2010,UKD,1,0.0066
2015,NUTS,2010,UKD,1,0.0006
2016,NUTS,2010,UKD,1,0.0006
2017,NUTS,2010,UKD,1,0.0007
2018,NUTS,2010,UKD,1,0.0007
2011,NUTS,2010,UKD1,2,0.0073
2012,NUTS,2010,UKD1,2,0.0077
2013,NUTS,2010,UKD1,2,0.0
2014,NUTS,2010,UKD1,2,0.0
2015,NUTS,2010,UKD1,2,0.0004
2016,NUTS,2010,UKD1,2,0.0004
2017,NUTS,2010,UKD1,2,0.0004
2018,NUTS,2010,UKD1,2,0.0004
2011,NUTS,2010,UKD3,2,0.0
2012,NUTS,2010,UKD3,2,0.0
2013,NUTS,2010,UKD3,2,0.0006
2014,NUTS,2010,UKD3,2,0.0006
2015,NUTS,2010,UKD3,2,0.0003
2016,NUTS,2010,UKD3,2,0.0003
2017,NUTS,2010,UKD3,2,0.0003
2018,NUTS,2010,UKD3,2,0.0004
2011,NUTS,2010,UKD4,2,0.0038
2012,NUTS,2010,UKD4,2,0.0039
2013,NUTS,2010,UKD4,2,0.0004
2014,NUTS,2010,UKD4,2,0.0004
2015,NUTS,2010,UKD4,2,0.0
2016,NUTS,2010,UKD4,2,0.0
2017,NUTS,2010,UKD4,2,0.0
2018,NUTS,2010,UKD4,2,0.0
2011,NUTS,2010,UKD6,2,0.0009
2012,NUTS,2010,UKD6,2,0.0009
2013,NUTS,2010,UKD6,2,0.0009
2014,NUTS,2010,UKD6,2,0.0009
2015,NUTS,2010,UKD6,2,0.0009
2016,NUTS,2010,UKD6,2,0.0009
2017,NUTS,2010,UKD6,2,0.001
2018,NUTS,2010,UKD6,2,0.0011
2011,NUTS,2010,UKD7,2,0.0008
2012,NUTS,2010,UKD7,2,0.0008
2013,NUTS,2010,UKD7,2,0.0294
2014,NUTS,2010,UKD7,2,0.031
2015,NUTS,2010,UKD7,2,0.0018
2016,NUTS,2010,UKD7,2,0.0018
2017,NUTS,2010,UKD7,2,0.0019
2018,NUTS,2010,UKD7,2,0.002
2011,NUTS,2010,UKE,1,0.0011
2012,NUTS,2010,UKE,1,0.0011
2013,NUTS,2010,UKE,1,0.0028
2014,NUTS,2010,UKE,1,0.0028
2015,NUTS,2010,UKE,1,0.0037
2016,NUTS,2010,UKE,1,0.0037
2017,NUTS,2010,UKE,1,0.0041
2018,NUTS,2010,UKE,1,0.0043
2011,NUTS,2010,UKE1,2,0.0
2012,NUTS,2010,UKE1,2,0.0
2013,NUTS,2010,UKE1,2,0.0
2014,NUTS,2010,UKE1,2,0.0
2015,NUTS,2010,UKE1,2,0.0
2016,NUTS,2010,UKE1,2,0.0
2017,NUTS,2010,UKE1,2,0.0
2018,NUTS,2010,UKE1,2,0.0
2011,NUTS,2010,UKE2,2,0.0
2012,NUTS,2010,UKE2,2,0.0
2013,NUTS,2010,UKE2,2,0.0005
2014,NUTS,2010,UKE2,2,0.0005
2015,NUTS,2010,UKE2,2,0.0
2016,NUTS,2010,UKE2,2,0.0
2017,NUTS,2010,UKE2,2,0.0
2018,NUTS,2010,UKE2,2,0.0
2011,NUTS,2010,UKE3,2,0.0044
2012,NUTS,2010,UKE3,2,0.0045
2013,NUTS,2010,UKE3,2,0.006
2014,NUTS,2010,UKE3,2,0.006
2015,NUTS,2010,UKE3,2,0.0124
2016,NUTS,2010,UKE3,2,0.0124
2017,NUTS,2010,UKE3,2,0.0135
2018,NUTS,2010,UKE3,2,0.0138
2011,NUTS,2010,UKE4,2,0.0
2012,NUTS,2010,UKE4,2,0.0
2013,NUTS,2010,UKE4,2,0.0027
2014,NUTS,2010,UKE4,2,0.0028
2015,NUTS,2010,UKE4,2,0.0015
2016,NUTS,2010,UKE4,2,0.0015
2017,NUTS,2010,UKE4,2,0.0016
2018,NUTS,2010,UKE4,2,0.0017
2011,NUTS,2010,UKF,1,0.002
2012,NUTS,2010,UKF,1,0.0021
2013,NUTS,2010,UKF,1,0.0068
2014,NUTS,2010,UKF,1,0.0068
2015,NUTS,2010,UKF,1,0.0012
2016,NUTS,2010,UKF,1,0.0012
2017,NUTS,2010,UKF,1,0.0014
2018,NUTS,2010,UKF,1,0.0014
2011,NUTS,2010,UKF1,2,0.0005
2012,NUTS,2010,UKF1,2,0.0005
2013,NUTS,2010,UKF1,2,0.0008
2014,NUTS,2010,UKF1,2,0.0008
2015,NUTS,2010,UKF1,2,0.0
2016,NUTS,2010,UKF1,2,0.0
2017,NUTS,2010,UKF1,2,0.0
2018,NUTS,2010,UKF1,2,0.0
2011,NUTS,2010,UKF2,2,0.0046
2012,NUTS,2010,UKF2,2,0.0049
2013,NUTS,2010,UKF2,2,0.0166
2014,NUTS,2010,UKF2,2,0.0165
2015,NUTS,2010,UKF2,2,0.0032
2016,NUTS,2010,UKF2,2,0.0032
2017,NUTS,2010,UKF2,2,0.0035
2018,NUTS,2010,UKF2,2,0.0037
2011,NUTS,2010,UKF3,2,0.0
2012,NUTS,2010,UKF3,2,0.0
2013,NUTS,2010,UKF3,2,0.0005
2014,NUTS,2010,UKF3,2,0.0005
2015,NUTS,2010,UKF3,2,0.0
2016,NUTS,2010,UKF3,2,0.0
2017,NUTS,2010,UKF3,2,0.0
2018,NUTS,2010,UKF3,2,0.0
2011,NUTS,2010,UKG,1,0.0016
2012,NUTS,2010,UKG,1,0.0016
2013,NUTS,2010,UKG,1,0.0006
2014,NUTS,2010,UKG,1,0.0006
2015,NUTS,2010,UKG,1,0.0009
2016,NUTS,2010,UKG,1,0.0008
2017,NUTS,2010,UKG,1,0.0009
2018,NUTS,2010,UKG,1,0.001
2011,NUTS,2010,UKG1,2,0.0035
2012,NUTS,2010,UKG1,2,0.0035
2013,NUTS,2010,UKG1,2,0.0003
2014,NUTS,2010,UKG1,2,0.0003
2015,NUTS,2010,UKG1,2,0.0
2016,NUTS,2010,UKG1,2,0.0
2017,NUTS,2010,UKG1,2,0.0
2018,NUTS,2010,UKG1,2,0.0
2011,NUTS,2010,UKG2,2,0.0013
2012,NUTS,2010,UKG2,2,0.0013
2013,NUTS,2010,UKG2,2,0.0015
2014,NUTS,2010,UKG2,2,0.0016
2015,NUTS,2010,UKG2,2,0.0005
2016,NUTS,2010,UKG2,2,0.0005
2017,NUTS,2010,UKG2,2,0.0005
2018,NUTS,2010,UKG2,2,0.0006
2011,NUTS,2010,UKG3,2,0.0008
2012,NUTS,2010,UKG3,2,0.0008
2013,NUTS,2010,UKG3,2,0.0002
2014,NUTS,2010,UKG3,2,0.0002
2015,NUTS,2010,UKG3,2,0.0016
2016,NUTS,2010,UKG3,2,0.0015
2017,NUTS,2010,UKG3,2,0.0016
2018,NUTS,2010,UKG3,2,0.0017
2011,NUTS,2010,UKH,1,0.0833
2012,NUTS,2010,UKH,1,0.0854
2013,NUTS,2010,UKH,1,0.0959
2014,NUTS,2010,UKH,1,0.0966
2015,NUTS,2010,UKH,1,0.098
2016,NUTS,2010,UKH,1,0.0992
2017,NUTS,2010,UKH,1,0.1081
2018,NUTS,2010,UKH,1,0.1141
2011,NUTS,2010,UKH1,2,0.1873
2012,NUTS,2010,UKH1,2,0.193
2013,NUTS,2010,UKH1,2,0.1701
2014,NUTS,2010,UKH1,2,0.1674
2015,NUTS,2010,UKH1,2,0.1717
2016,NUTS,2010,UKH1,2,0.1732
2017,NUTS,2010,UKH1,2,0.1924
2018,NUTS,2010,UKH1,2,0.2015
2011,NUTS,2010,UKH2,2,0.0235
2012,NUTS,2010,UKH2,2,0.0237
2013,NUTS,2010,UKH2,2,0.0874
2014,NUTS,2010,UKH2,2,0.0874
2015,NUTS,2010,UKH2,2,0.0933
2016,NUTS,2010,UKH2,2,0.0941
2017,NUTS,2010,UKH2,2,0.1023
2018,NUTS,2010,UKH2,2,0.1104
2011,NUTS,2010,UKH3,2,0.0
2012,NUTS,2010,UKH3,2,0.0
2013,NUTS,2010,UKH3,2,0.0028
2014,NUTS,2010,UKH3,2,0.0029
2015,NUTS,2010,UKH3,2,0.0
2016,NUTS,2010,UKH3,2,0.0
2017,NUTS,2010,UKH3,2,0.0
2018,NUTS,2010,UKH3,2,0.0
2011,NUTS,2010,UKI,1,0.0633
2012,NUTS,2010,UKI,1,0.0645
2013,NUTS,2010,UKI,1,0.0331
2014,NUTS,2010,UKI,1,0.0329
2015,NUTS,2010,UKI,1,0.0464
2016,NUTS,2010,UKI,1,0.0465
2017,NUTS,2010,UKI,1,0.0499
2018,NUTS,2010,UKI,1,0.052
2011,NUTS,2010,UKI3,2,0.4219
2012,NUTS,2010,UKI3,2,0.4172
2013,NUTS,2010,UKI3,2,0.1456
2014,NUTS,2010,UKI3,2,0.1394
2015,NUTS,2010,UKI3,2,0.1711
2016,NUTS,2010,UKI3,2,0.1677
2017,NUTS,2010,UKI3,2,0.1911
2018,NUTS,2010,UKI3,2,0.1945
2011,NUTS,2010,UKI4,2,0.0156
2012,NUTS,2010,UKI4,2,0.0157
2013,NUTS,2010,UKI4,2,0.005
2014,NUTS,2010,UKI4,2,0.005
2015,NUTS,2010,UKI4,2,0.0136
2016,NUTS,2010,UKI4,2,0.0136
2017,NUTS,2010,UKI4,2,0.0144
2018,NUTS,2010,UKI4,2,0.0151
2011,NUTS,2010,UKI5,2,0.0002
2012,NUTS,2010,UKI5,2,0.0002
2013,NUTS,2010,UKI5,2,0.0
2014,NUTS,2010,UKI5,2,0.0
2015,NUTS,2010,UKI5,2,0.0028
2016,NUTS,2010,UKI5,2,0.0028
2017,NUTS,2010,UKI5,2,0.003
2018,NUTS,2010,UKI5,2,0.0031
2011,NUTS,2010,UKI6,2,0.0
2012,NUTS,2010,UKI6,2,0.0
2013,NUTS,2010,UKI6,2,0.0771
2014,NUTS,2010,UKI6,2,0.081
2015,NUTS,2010,UKI6,2,0.0364
2016,NUTS,2010,UKI6,2,0.0367
2017,NUTS,2010,UKI6,2,0.0384
2018,NUTS,2010,UKI6,2,0.0408
2011,NUTS,2010,UKI7,2,0.0107
2012,NUTS,2010,UKI7,2,0.0108
2013,NUTS,2010,UKI7,2,0.0
2014,NUTS,2010,UKI7,2,0.0
2015,NUTS,2010,UKI7,2,0.0581
2016,NUTS,2010,UKI7,2,0.0586
2017,NUTS,2010,UKI7,2,0.0635
2018,NUTS,2010,UKI7,2,0.0662
2011,NUTS,2010,UKJ,1,0.0292
2012,NUTS,2010,UKJ,1,0.0301
2013,NUTS,2010,UKJ,1,0.0152
2014,NUTS,2010,UKJ,1,0.0154
2015,NUTS,2010,UKJ,1,0.0252
2016,NUTS,2010,UKJ,1,0.0254
2017,NUTS,2010,UKJ,1,0.0272
2018,NUTS,2010,UKJ,1,0.0291
2011,NUTS,2010,UKJ1,2,0.0863
2012,NUTS,2010,UKJ1,2,0.0882
2013,NUTS,2010,UKJ1,2,0.0384
2014,NUTS,2010,UKJ1,2,0.0386
2015,NUTS,2010,UKJ1,2,0.0422
2016,NUTS,2010,UKJ1,2,0.0427
2017,NUTS,2010,UKJ1,2,0.0458
2018,NUTS,2010,UKJ1,2,0.0486
2011,NUTS,2010,UKJ2,2,0.0159
2012,NUTS,2010,UKJ2,2,0.0163
2013,NUTS,2010,UKJ2,2,0.0126
2014,NUTS,2010,UKJ2,2,0.013
2015,NUTS,2010,UKJ2,2,0.0391
2016,NUTS,2010,UKJ2,2,0.0385
2017,NUTS,2010,UKJ2,2,0.0412
2018,NUTS,2010,UKJ2,2,0.0456
2011,NUTS,2010,UKJ3,2,0.002
2012,NUTS,2010,UKJ3,2,0.002
2013,NUTS,2010,UKJ3,2,0.0029
2014,NUTS,2010,UKJ3,2,0.0029
2015,NUTS,2010,UKJ3,2,0.0065
2016,NUTS,2010,UKJ3,2,0.0066
2017,NUTS,2010,UKJ3,2,0.007
2018,NUTS,2010,UKJ3,2,0.0074
2011,NUTS,2010,UKJ4,2,0.0
2012,NUTS,2010,UKJ4,2,0.0
2013,NUTS,2010,UKJ4,2,0.0002
2014,NUTS,2010,UKJ4,2,0.0002
2015,NUTS,2010,UKJ4,2,0.0
2016,NUTS,2010,UKJ4,2,0.0
2017,NUTS,2010,UKJ4,2,0.0
2018,NUTS,2010,UKJ4,2,0.0
2011,NUTS,2010,UKK,1,0.0044
2012,NUTS,2010,UKK,1,0.0045
2013,NUTS,2010,UKK,1,0.0112
2014,NUTS,2010,UKK,1,0.0113
2015,NUTS,2010,UKK,1,0.012
2016,NUTS,2010,UKK,1,0.0122
2017,NUTS,2010,UKK,1,0.0131
2018,NUTS,2010,UKK,1,0.0137
2011,NUTS,2010,UKK1,2,0.0017
2012,NUTS,2010,UKK1,2,0.0018
2013,NUTS,2010,UKK1,2,0.003
2014,NUTS,2010,UKK1,2,0.003
2015,NUTS,2010,UKK1,2,0.0031
2016,NUTS,2010,UKK1,2,0.0031
2017,NUTS,2010,UKK1,2,0.0033
2018,NUTS,2010,UKK1,2,0.0035
2011,NUTS,2010,UKK2,2,0.0
2012,NUTS,2010,UKK2,2,0.0
2013,NUTS,2010,UKK2,2,0.0083
2014,NUTS,2010,UKK2,2,0.0084
2015,NUTS,2010,UKK2,2,0.0062
2016,NUTS,2010,UKK2,2,0.0066
2017,NUTS,2010,UKK2,2,0.0069
2018,NUTS,2010,UKK2,2,0.0073
2011,NUTS,2010,UKK3,2,0.0
2012,NUTS,2010,UKK3,2,0.0
2013,NUTS,2010,UKK3,2,0.0
2014,NUTS,2010,UKK3,2,0.0
2015,NUTS,2010,UKK3,2,0.0
2016,NUTS,2010,UKK3,2,0.0
2017,NUTS,2010,UKK3,2,0.0
2018,NUTS,2010,UKK3,2,0.0
2011,NUTS,2010,UKK4,2,0.0168
2012,NUTS,2010,UKK4,2,0.0175
2013,NUTS,2010,UKK4,2,0.0384
2014,NUTS,2010,UKK4,2,0.0386
2015,NUTS,2010,UKK4,2,0.0434
2016,NUTS,2010,UKK4,2,0.0446
2017,NUTS,2010,UKK4,2,0.0471
2018,NUTS,2010,UKK4,2,0.0505
2011,NUTS,2010,UKL,1,0.0018
2012,NUTS,2010,UKL,1,0.0019
2013,NUTS,2010,UKL,1,0.0027
2014,NUTS,2010,UKL,1,0.0029
2015,NUTS,2010,UKL,1,0.0025
2016,NUTS,2010,UKL,1,0.0024
2017,NUTS,2010,UKL,1,0.0027
2018,NUTS,2010,UKL,1,0.0028
2011,NUTS,2010,UKL1,2,0.0029
2012,NUTS,2010,UKL1,2,0.003
2013,NUTS,2010,UKL1,2,0.0043
2014,NUTS,2010,UKL1,2,0.0044
2015,NUTS,2010,UKL1,2,0.004
2016,NUTS,2010,UKL1,2,0.0039
2017,NUTS,2010,UKL1,2,0.0044
2018,NUTS,2010,UKL1,2,0.0045
2011,NUTS,2010,UKL2,2,0.0
2012,NUTS,2010,UKL2,2,0.0
2013,NUTS,2010,UKL2,2,0.0003
2014,NUTS,2010,UKL2,2,0.0004
2015,NUTS,2010,UKL2,2,0.0
2016,NUTS,2010,UKL2,2,0.0
2017,NUTS,2010,UKL2,2,0.0
2018,NUTS,2010,UKL2,2,0.0
2011,NUTS,2010,UKM,1,0.0049
2012,NUTS,2010,UKM,1,0.0051
2013,NUTS,2010,UKM,1,0.005
2014,NUTS,2010,UKM,1,0.005
2015,NUTS,2010,UKM,1,0.0148
2016,NUTS,2010,UKM,1,0.0152
2017,NUTS,2010,UKM,1,0.0165
2018,NUTS,2010,UKM,1,0.0176
2012,NUTS,2010,UKM2,2,0.0072
2013,NUTS,2010,UKM2,2,0.0073
2014,NUTS,2010,UKM2,2,0.0075
2015,NUTS,2010,UKM2,2,0.0075
2016,NUTS,2010,UKM2,2,0.0077
2017,NUTS,2010,UKM2,2,0.0083
2012,NUTS,2010,UKM3,2,0.0008
2013,NUTS,2010,UKM3,2,0.0004
2014,NUTS,2010,UKM3,2,0.0004
2015,NUTS,2010,UKM3,2,0.0249
2016,NUTS,2010,UKM3,2,0.0251
2017,NUTS,2010,UKM3,2,0.026
2012,NUTS,2010,UKM5,2,0.0
2013,NUTS,2010,UKM5,2,0.0
2014,NUTS,2010,UKM5,2,0.0
2015,NUTS,2010,UKM5,2,0.0
2016,NUTS,2010,UKM5,2,0.0
2017,NUTS,2010,UKM5,2,0.0
2018,NUTS,2010,UKM5,2,0.0
2012,NUTS,2010,UKM6,2,0.0186
2013,NUTS,2010,UKM6,2,0.0225
2014,NUTS,2010,UKM6,2,0.0237
2015,NUTS,2010,UKM6,2,0.0236
2016,NUTS,2010,UKM6,2,0.0255
2017,NUTS,2010,UKM6,2,0.0263
2018,NUTS,2010,UKM6,2,0.0281
2014,NUTS,2010,UKM7,2,0.0079
2015,NUTS,2010,UKM7,2,0.0079
2016,NUTS,2010,UKM7,2,0.0081
2017,NUTS,2010,UKM7,2,0.0087
2018,NUTS,2010,UKM7,2,0.0089
2014,NUTS,2010,UKM8,2,0.0007
2015,NUTS,2010,UKM8,2,0.036
2016,NUTS,2010,UKM8,2,0.0362
2017,NUTS,2010,UKM8,2,0.0397
2018,NUTS,2010,UKM8,2,0.0413
2014,NUTS,2010,UKM9,2,0.0
2015,NUTS,2010,UKM9,2,0.0
2016,NUTS,2010,UKM9,2,0.0
2017,NUTS,2010,UKM9,2,0.0
2018,NUTS,2010,UKM9,2,0.0
2011,NUTS,2010,UKN,1,0.0001
2012,NUTS,2010,UKN,1,0.0001
2013,NUTS,2010,UKN,1,0.0001
2014,NUTS,2010,UKN,1,0.0001
2015,NUTS,2010,UKN,1,0.0006
2016,NUTS,2010,UKN,1,0.0006
2017,NUTS,2010,UKN,1,0.0006
2018,NUTS,2010,UKN,1,0.0007
2011,NUTS,2010,UKN0,2,0.0001
2012,NUTS,2010,UKN0,2,0.0001
2013,NUTS,2010,UKN0,2,0.0001
2014,NUTS,2010,UKN0,2,0.0001
2015,NUTS,2010,UKN0,2,0.0006
2016,NUTS,2010,UKN0,2,0.0006
2017,NUTS,2010,UKN0,2,0.0006
2018,NUTS,2010,UKN0,2,0.0007
