year,region_type,region_year_spec,region_id,region_level,rd_p_persreg_pnp_f_hc_rse
1998,NUTS,2010,AT,0,71.0
2002,NUTS,2010,AT,0,144.0
2004,NUTS,2010,AT,0,156.0
2006,NUTS,2010,AT,0,147.0
2007,NUTS,2010,AT,0,108.0
2009,NUTS,2010,AT,0,195.0
2011,NUTS,2010,AT,0,230.0
2013,NUTS,2010,AT,0,237.0
2015,NUTS,2010,AT,0,303.0
2017,NUTS,2010,AT,0,313.0
2019,NUTS,2010,AT,0,408.0
2007,NUTS,2010,AT1,1,89.0
2009,NUTS,2010,AT1,1,185.0
2011,NUTS,2010,AT1,1,204.0
2013,NUTS,2010,AT1,1,208.0
2015,NUTS,2010,AT1,1,277.0
2017,NUTS,2010,AT1,1,274.0
2019,NUTS,2010,AT1,1,354.0
2007,NUTS,2010,AT11,2,0.0
2009,NUTS,2010,AT11,2,0.0
2011,NUTS,2010,AT11,2,0.0
2013,NUTS,2010,AT11,2,0.0
2015,NUTS,2010,AT11,2,0.0
2017,NUTS,2010,AT11,2,0.0
2002,NUTS,2010,AT12,2,10.0
2004,NUTS,2010,AT12,2,11.0
2006,NUTS,2010,AT12,2,9.0
2007,NUTS,2010,AT12,2,10.0
2009,NUTS,2010,AT12,2,55.0
2011,NUTS,2010,AT12,2,68.0
2013,NUTS,2010,AT12,2,74.0
2015,NUTS,2010,AT12,2,81.0
2017,NUTS,2010,AT12,2,93.0
2002,NUTS,2010,AT13,2,84.0
2004,NUTS,2010,AT13,2,105.0
2006,NUTS,2010,AT13,2,107.0
2007,NUTS,2010,AT13,2,79.0
2009,NUTS,2010,AT13,2,130.0
2011,NUTS,2010,AT13,2,136.0
2013,NUTS,2010,AT13,2,134.0
2015,NUTS,2010,AT13,2,196.0
2017,NUTS,2010,AT13,2,181.0
2019,NUTS,2010,AT13,2,246.0
2006,NUTS,2010,AT2,1,17.0
2019,NUTS,2010,AT2,1,16.0
2006,NUTS,2010,AT21,2,0.0
2011,NUTS,2010,AT21,2,5.0
2002,NUTS,2010,AT22,2,22.0
2004,NUTS,2010,AT22,2,21.0
2006,NUTS,2010,AT22,2,17.0
2009,NUTS,2010,AT22,2,0.0
2002,NUTS,2010,AT3,1,24.0
2004,NUTS,2010,AT3,1,19.0
2007,NUTS,2010,AT3,1,16.0
2019,NUTS,2010,AT3,1,38.0
2002,NUTS,2010,AT31,2,6.0
2004,NUTS,2010,AT31,2,3.0
2006,NUTS,2010,AT31,2,10.0
2009,NUTS,2010,AT31,2,3.0
2011,NUTS,2010,AT31,2,12.0
2013,NUTS,2010,AT31,2,19.0
2015,NUTS,2010,AT31,2,3.0
2017,NUTS,2010,AT31,2,5.0
2019,NUTS,2010,AT31,2,12.0
2006,NUTS,2010,AT32,2,0.0
2009,NUTS,2010,AT32,2,0.0
2015,NUTS,2010,AT32,2,17.0
2017,NUTS,2010,AT32,2,27.0
2019,NUTS,2010,AT32,2,25.0
2002,NUTS,2010,AT33,2,14.0
2004,NUTS,2010,AT33,2,15.0
2006,NUTS,2010,AT33,2,4.0
2013,NUTS,2010,AT33,2,2.0
2019,NUTS,2010,AT33,2,1.0
2007,NUTS,2010,AT34,2,0.0
2009,NUTS,2010,AT34,2,0.0
2011,NUTS,2010,AT34,2,0.0
2013,NUTS,2010,AT34,2,0.0
2019,NUTS,2010,AT34,2,0.0
2002,NUTS,2010,ATZ,1,0.0
2004,NUTS,2010,ATZ,1,0.0
2006,NUTS,2010,ATZ,1,0.0
2007,NUTS,2010,ATZ,1,0.0
2009,NUTS,2010,ATZ,1,0.0
2011,NUTS,2010,ATZ,1,0.0
2013,NUTS,2010,ATZ,1,0.0
2002,NUTS,2010,ATZZ,2,0.0
2004,NUTS,2010,ATZZ,2,0.0
2006,NUTS,2010,ATZZ,2,0.0
2007,NUTS,2010,ATZZ,2,0.0
2009,NUTS,2010,ATZZ,2,0.0
2011,NUTS,2010,ATZZ,2,0.0
2013,NUTS,2010,ATZZ,2,0.0
2012,NUTS,2010,BA,0,2.0
2013,NUTS,2010,BA,0,0.0
2014,NUTS,2010,BA,0,2.0
2019,NUTS,2010,BA,0,0.0
2002,NUTS,2010,BE,0,114.0
2003,NUTS,2010,BE,0,113.0
2004,NUTS,2010,BE,0,113.0
2005,NUTS,2010,BE,0,107.0
2006,NUTS,2010,BE,0,116.0
2007,NUTS,2010,BE,0,119.0
2008,NUTS,2010,BE,0,122.0
2009,NUTS,2010,BE,0,119.0
2010,NUTS,2010,BE,0,125.0
2011,NUTS,2010,BE,0,113.0
2012,NUTS,2010,BE,0,94.0
2013,NUTS,2010,BE,0,94.0
2014,NUTS,2010,BE,0,114.0
2015,NUTS,2010,BE,0,173.0
2016,NUTS,2010,BE,0,276.0
2017,NUTS,2010,BE,0,287.0
2018,NUTS,2010,BE,0,597.0
2019,NUTS,2010,BE,0,634.0
2002,NUTS,2010,BE1,1,36.0
2003,NUTS,2010,BE1,1,37.0
2004,NUTS,2010,BE1,1,33.0
2005,NUTS,2010,BE1,1,30.0
2006,NUTS,2010,BE1,1,40.0
2007,NUTS,2010,BE1,1,43.0
2008,NUTS,2010,BE1,1,43.0
2009,NUTS,2010,BE1,1,43.0
2010,NUTS,2010,BE1,1,41.0
2011,NUTS,2010,BE1,1,36.0
2012,NUTS,2010,BE1,1,69.0
2013,NUTS,2010,BE1,1,66.0
2014,NUTS,2010,BE1,1,77.0
2015,NUTS,2010,BE1,1,112.0
2016,NUTS,2010,BE1,1,125.0
2017,NUTS,2010,BE1,1,138.0
2018,NUTS,2010,BE1,1,452.0
2019,NUTS,2010,BE1,1,459.0
2002,NUTS,2010,BE10,2,36.0
2003,NUTS,2010,BE10,2,37.0
2004,NUTS,2010,BE10,2,33.0
2005,NUTS,2010,BE10,2,30.0
2006,NUTS,2010,BE10,2,40.0
2007,NUTS,2010,BE10,2,43.0
2008,NUTS,2010,BE10,2,43.0
2009,NUTS,2010,BE10,2,43.0
2010,NUTS,2010,BE10,2,41.0
2011,NUTS,2010,BE10,2,36.0
2012,NUTS,2010,BE10,2,69.0
2013,NUTS,2010,BE10,2,66.0
2014,NUTS,2010,BE10,2,77.0
2015,NUTS,2010,BE10,2,112.0
2016,NUTS,2010,BE10,2,125.0
2017,NUTS,2010,BE10,2,138.0
2018,NUTS,2010,BE10,2,452.0
2019,NUTS,2010,BE10,2,459.0
2002,NUTS,2010,BE2,1,78.0
2003,NUTS,2010,BE2,1,76.0
2004,NUTS,2010,BE2,1,80.0
2005,NUTS,2010,BE2,1,77.0
2006,NUTS,2010,BE2,1,76.0
2007,NUTS,2010,BE2,1,76.0
2008,NUTS,2010,BE2,1,79.0
2009,NUTS,2010,BE2,1,76.0
2010,NUTS,2010,BE2,1,84.0
2011,NUTS,2010,BE2,1,77.0
2012,NUTS,2010,BE2,1,25.0
2013,NUTS,2010,BE2,1,28.0
2014,NUTS,2010,BE2,1,35.0
2015,NUTS,2010,BE2,1,59.0
2016,NUTS,2010,BE2,1,141.0
2017,NUTS,2010,BE2,1,139.0
2018,NUTS,2010,BE2,1,135.0
2019,NUTS,2010,BE2,1,165.0
2002,NUTS,2010,BE3,1,0.0
2003,NUTS,2010,BE3,1,0.0
2004,NUTS,2010,BE3,1,0.0
2005,NUTS,2010,BE3,1,0.0
2006,NUTS,2010,BE3,1,0.0
2007,NUTS,2010,BE3,1,0.0
2008,NUTS,2010,BE3,1,0.0
2009,NUTS,2010,BE3,1,0.0
2010,NUTS,2010,BE3,1,0.0
2011,NUTS,2010,BE3,1,0.0
2014,NUTS,2010,BE3,1,2.0
2015,NUTS,2010,BE3,1,2.0
2016,NUTS,2010,BE3,1,10.0
2017,NUTS,2010,BE3,1,10.0
2018,NUTS,2010,BE3,1,10.0
2019,NUTS,2010,BE3,1,10.0
2014,NUTS,2010,BEZ,1,0.0
2015,NUTS,2010,BEZ,1,0.0
2018,NUTS,2010,BEZ,1,0.0
2019,NUTS,2010,BEZ,1,0.0
2014,NUTS,2010,BEZZ,2,0.0
2015,NUTS,2010,BEZZ,2,0.0
2018,NUTS,2010,BEZZ,2,0.0
2019,NUTS,2010,BEZZ,2,0.0
1994,NUTS,2010,BG,0,12.0
1995,NUTS,2010,BG,0,14.0
1996,NUTS,2010,BG,0,93.0
1997,NUTS,2010,BG,0,63.0
1998,NUTS,2010,BG,0,65.0
1999,NUTS,2010,BG,0,36.0
2000,NUTS,2010,BG,0,16.0
2001,NUTS,2010,BG,0,48.0
2002,NUTS,2010,BG,0,14.0
2003,NUTS,2010,BG,0,33.0
2004,NUTS,2010,BG,0,27.0
2005,NUTS,2010,BG,0,104.0
2006,NUTS,2010,BG,0,62.0
2007,NUTS,2010,BG,0,69.0
2008,NUTS,2010,BG,0,54.0
2009,NUTS,2010,BG,0,34.0
2010,NUTS,2010,BG,0,50.0
2011,NUTS,2010,BG,0,51.0
2012,NUTS,2010,BG,0,79.0
2013,NUTS,2010,BG,0,63.0
2014,NUTS,2010,BG,0,64.0
2015,NUTS,2010,BG,0,68.0
2016,NUTS,2010,BG,0,23.0
2017,NUTS,2010,BG,0,71.0
2018,NUTS,2010,BG,0,65.0
2019,NUTS,2010,BG,0,77.0
2003,NUTS,2010,BG3,1,0.0
2004,NUTS,2010,BG3,1,4.0
2005,NUTS,2010,BG3,1,0.0
2006,NUTS,2010,BG3,1,0.0
2007,NUTS,2010,BG3,1,0.0
2010,NUTS,2010,BG3,1,0.0
2017,NUTS,2010,BG3,1,7.0
2003,NUTS,2010,BG31,2,0.0
2004,NUTS,2010,BG31,2,4.0
2005,NUTS,2010,BG31,2,0.0
2006,NUTS,2010,BG31,2,0.0
2007,NUTS,2010,BG31,2,0.0
2008,NUTS,2010,BG31,2,0.0
2009,NUTS,2010,BG31,2,0.0
2010,NUTS,2010,BG31,2,0.0
2011,NUTS,2010,BG31,2,0.0
2012,NUTS,2010,BG31,2,0.0
2013,NUTS,2010,BG31,2,0.0
2014,NUTS,2010,BG31,2,0.0
2017,NUTS,2010,BG31,2,0.0
2003,NUTS,2010,BG32,2,0.0
2004,NUTS,2010,BG32,2,0.0
2005,NUTS,2010,BG32,2,0.0
2006,NUTS,2010,BG32,2,0.0
2007,NUTS,2010,BG32,2,0.0
2008,NUTS,2010,BG32,2,0.0
2009,NUTS,2010,BG32,2,0.0
2010,NUTS,2010,BG32,2,0.0
2011,NUTS,2010,BG32,2,0.0
2012,NUTS,2010,BG32,2,0.0
2013,NUTS,2010,BG32,2,0.0
2014,NUTS,2010,BG32,2,0.0
2015,NUTS,2010,BG32,2,0.0
2016,NUTS,2010,BG32,2,0.0
2017,NUTS,2010,BG32,2,0.0
2018,NUTS,2010,BG32,2,0.0
2019,NUTS,2010,BG32,2,0.0
2003,NUTS,2010,BG33,2,0.0
2004,NUTS,2010,BG33,2,0.0
2005,NUTS,2010,BG33,2,0.0
2006,NUTS,2010,BG33,2,0.0
2007,NUTS,2010,BG33,2,0.0
2008,NUTS,2010,BG33,2,0.0
2009,NUTS,2010,BG33,2,0.0
2010,NUTS,2010,BG33,2,0.0
2011,NUTS,2010,BG33,2,0.0
2012,NUTS,2010,BG33,2,0.0
2016,NUTS,2010,BG33,2,0.0
2003,NUTS,2010,BG34,2,0.0
2004,NUTS,2010,BG34,2,0.0
2005,NUTS,2010,BG34,2,0.0
2006,NUTS,2010,BG34,2,0.0
2007,NUTS,2010,BG34,2,0.0
2010,NUTS,2010,BG34,2,0.0
2013,NUTS,2010,BG34,2,0.0
2016,NUTS,2010,BG34,2,0.0
2003,NUTS,2010,BG4,1,33.0
2004,NUTS,2010,BG4,1,23.0
2005,NUTS,2010,BG4,1,104.0
2006,NUTS,2010,BG4,1,62.0
2007,NUTS,2010,BG4,1,69.0
2010,NUTS,2010,BG4,1,50.0
2017,NUTS,2010,BG4,1,64.0
1999,NUTS,2010,BG41,2,36.0
2000,NUTS,2010,BG41,2,16.0
2003,NUTS,2010,BG41,2,33.0
2005,NUTS,2010,BG41,2,88.0
2009,NUTS,2010,BG41,2,30.0
2011,NUTS,2010,BG41,2,46.0
2013,NUTS,2010,BG41,2,60.0
2015,NUTS,2010,BG41,2,64.0
2016,NUTS,2010,BG41,2,13.0
2018,NUTS,2010,BG41,2,41.0
2019,NUTS,2010,BG41,2,58.0
2003,NUTS,2010,BG42,2,0.0
2005,NUTS,2010,BG42,2,16.0
2014,NUTS,2010,BG42,2,0.0
2003,NUTS,2010,BGZ,1,0.0
2004,NUTS,2010,BGZ,1,0.0
2005,NUTS,2010,BGZ,1,0.0
2006,NUTS,2010,BGZ,1,0.0
2007,NUTS,2010,BGZ,1,0.0
2008,NUTS,2010,BGZ,1,0.0
2009,NUTS,2010,BGZ,1,0.0
2010,NUTS,2010,BGZ,1,0.0
2011,NUTS,2010,BGZ,1,0.0
2012,NUTS,2010,BGZ,1,0.0
2013,NUTS,2010,BGZ,1,0.0
2014,NUTS,2010,BGZ,1,0.0
2019,NUTS,2010,BGZ,1,0.0
2003,NUTS,2010,BGZZ,2,0.0
2004,NUTS,2010,BGZZ,2,0.0
2005,NUTS,2010,BGZZ,2,0.0
2006,NUTS,2010,BGZZ,2,0.0
2007,NUTS,2010,BGZZ,2,0.0
2008,NUTS,2010,BGZZ,2,0.0
2009,NUTS,2010,BGZZ,2,0.0
2010,NUTS,2010,BGZZ,2,0.0
2011,NUTS,2010,BGZZ,2,0.0
2012,NUTS,2010,BGZZ,2,0.0
2013,NUTS,2010,BGZZ,2,0.0
2014,NUTS,2010,BGZZ,2,0.0
2019,NUTS,2010,BGZZ,2,0.0
1998,NUTS,2010,CY,0,12.0
1999,NUTS,2010,CY,0,12.0
2000,NUTS,2010,CY,0,14.0
2001,NUTS,2010,CY,0,17.0
2002,NUTS,2010,CY,0,20.0
2003,NUTS,2010,CY,0,21.0
2004,NUTS,2010,CY,0,16.0
2005,NUTS,2010,CY,0,25.0
2006,NUTS,2010,CY,0,31.0
2007,NUTS,2010,CY,0,31.0
2008,NUTS,2010,CY,0,33.0
2009,NUTS,2010,CY,0,42.0
2010,NUTS,2010,CY,0,41.0
2011,NUTS,2010,CY,0,37.0
2012,NUTS,2010,CY,0,40.0
2013,NUTS,2010,CY,0,36.0
2014,NUTS,2010,CY,0,43.0
2015,NUTS,2010,CY,0,40.0
2016,NUTS,2010,CY,0,33.0
2017,NUTS,2010,CY,0,43.0
2018,NUTS,2010,CY,0,45.0
2019,NUTS,2010,CY,0,71.0
1999,NUTS,2010,CZ,0,13.0
2000,NUTS,2010,CZ,0,117.0
2001,NUTS,2010,CZ,0,35.0
2002,NUTS,2010,CZ,0,33.0
2003,NUTS,2010,CZ,0,59.0
2004,NUTS,2010,CZ,0,24.0
2005,NUTS,2010,CZ,0,38.0
2006,NUTS,2010,CZ,0,29.0
2007,NUTS,2010,CZ,0,29.0
2008,NUTS,2010,CZ,0,35.0
2009,NUTS,2010,CZ,0,73.0
2010,NUTS,2010,CZ,0,82.0
2011,NUTS,2010,CZ,0,79.0
2012,NUTS,2010,CZ,0,77.0
2013,NUTS,2010,CZ,0,75.0
2014,NUTS,2010,CZ,0,100.0
2015,NUTS,2010,CZ,0,91.0
2016,NUTS,2010,CZ,0,81.0
2017,NUTS,2010,CZ,0,89.0
2018,NUTS,2010,CZ,0,76.0
2019,NUTS,2010,CZ,0,114.0
2020,NUTS,2010,CZ,0,110.0
1999,NUTS,2010,CZ0,1,13.0
2000,NUTS,2010,CZ0,1,117.0
2001,NUTS,2010,CZ0,1,35.0
2002,NUTS,2010,CZ0,1,33.0
2003,NUTS,2010,CZ0,1,59.0
2004,NUTS,2010,CZ0,1,24.0
2005,NUTS,2010,CZ0,1,38.0
2006,NUTS,2010,CZ0,1,29.0
2007,NUTS,2010,CZ0,1,29.0
2008,NUTS,2010,CZ0,1,35.0
2009,NUTS,2010,CZ0,1,73.0
2010,NUTS,2010,CZ0,1,82.0
2011,NUTS,2010,CZ0,1,79.0
2012,NUTS,2010,CZ0,1,77.0
2013,NUTS,2010,CZ0,1,75.0
2014,NUTS,2010,CZ0,1,100.0
2015,NUTS,2010,CZ0,1,92.0
2016,NUTS,2010,CZ0,1,81.0
2017,NUTS,2010,CZ0,1,89.0
2018,NUTS,2010,CZ0,1,76.0
2019,NUTS,2010,CZ0,1,114.0
2020,NUTS,2010,CZ0,1,110.0
2001,NUTS,2010,CZ01,2,26.0
2002,NUTS,2010,CZ01,2,12.0
2003,NUTS,2010,CZ01,2,25.0
2004,NUTS,2010,CZ01,2,12.0
2005,NUTS,2010,CZ01,2,30.0
2006,NUTS,2010,CZ01,2,22.0
2007,NUTS,2010,CZ01,2,18.0
2008,NUTS,2010,CZ01,2,21.0
2009,NUTS,2010,CZ01,2,50.0
2010,NUTS,2010,CZ01,2,59.0
2011,NUTS,2010,CZ01,2,57.0
2012,NUTS,2010,CZ01,2,53.0
2013,NUTS,2010,CZ01,2,53.0
2014,NUTS,2010,CZ01,2,58.0
2015,NUTS,2010,CZ01,2,50.0
2016,NUTS,2010,CZ01,2,52.0
2017,NUTS,2010,CZ01,2,49.0
2018,NUTS,2010,CZ01,2,41.0
2019,NUTS,2010,CZ01,2,57.0
2020,NUTS,2010,CZ01,2,65.0
2001,NUTS,2010,CZ02,2,0.0
2002,NUTS,2010,CZ02,2,1.0
2003,NUTS,2010,CZ02,2,2.0
2004,NUTS,2010,CZ02,2,0.0
2005,NUTS,2010,CZ02,2,0.0
2006,NUTS,2010,CZ02,2,0.0
2007,NUTS,2010,CZ02,2,1.0
2008,NUTS,2010,CZ02,2,1.0
2009,NUTS,2010,CZ02,2,1.0
2010,NUTS,2010,CZ02,2,0.0
2011,NUTS,2010,CZ02,2,2.0
2012,NUTS,2010,CZ02,2,2.0
2013,NUTS,2010,CZ02,2,5.0
2014,NUTS,2010,CZ02,2,10.0
2015,NUTS,2010,CZ02,2,8.0
2016,NUTS,2010,CZ02,2,1.0
2017,NUTS,2010,CZ02,2,0.0
2018,NUTS,2010,CZ02,2,1.0
2019,NUTS,2010,CZ02,2,1.0
2020,NUTS,2010,CZ02,2,3.0
2001,NUTS,2010,CZ03,2,5.0
2002,NUTS,2010,CZ03,2,4.0
2003,NUTS,2010,CZ03,2,9.0
2004,NUTS,2010,CZ03,2,8.0
2005,NUTS,2010,CZ03,2,6.0
2006,NUTS,2010,CZ03,2,6.0
2007,NUTS,2010,CZ03,2,2.0
2008,NUTS,2010,CZ03,2,3.0
2009,NUTS,2010,CZ03,2,14.0
2010,NUTS,2010,CZ03,2,11.0
2011,NUTS,2010,CZ03,2,8.0
2012,NUTS,2010,CZ03,2,10.0
2013,NUTS,2010,CZ03,2,7.0
2014,NUTS,2010,CZ03,2,14.0
2015,NUTS,2010,CZ03,2,21.0
2016,NUTS,2010,CZ03,2,17.0
2017,NUTS,2010,CZ03,2,24.0
2018,NUTS,2010,CZ03,2,25.0
2019,NUTS,2010,CZ03,2,20.0
2020,NUTS,2010,CZ03,2,20.0
2001,NUTS,2010,CZ04,2,1.0
2002,NUTS,2010,CZ04,2,3.0
2003,NUTS,2010,CZ04,2,3.0
2004,NUTS,2010,CZ04,2,1.0
2005,NUTS,2010,CZ04,2,0.0
2006,NUTS,2010,CZ04,2,0.0
2007,NUTS,2010,CZ04,2,0.0
2008,NUTS,2010,CZ04,2,0.0
2009,NUTS,2010,CZ04,2,0.0
2010,NUTS,2010,CZ04,2,0.0
2011,NUTS,2010,CZ04,2,0.0
2012,NUTS,2010,CZ04,2,0.0
2013,NUTS,2010,CZ04,2,0.0
2014,NUTS,2010,CZ04,2,0.0
2015,NUTS,2010,CZ04,2,0.0
2016,NUTS,2010,CZ04,2,0.0
2017,NUTS,2010,CZ04,2,0.0
2018,NUTS,2010,CZ04,2,1.0
2019,NUTS,2010,CZ04,2,1.0
2020,NUTS,2010,CZ04,2,1.0
2001,NUTS,2010,CZ05,2,0.0
2002,NUTS,2010,CZ05,2,1.0
2003,NUTS,2010,CZ05,2,5.0
2004,NUTS,2010,CZ05,2,1.0
2005,NUTS,2010,CZ05,2,0.0
2006,NUTS,2010,CZ05,2,0.0
2007,NUTS,2010,CZ05,2,1.0
2008,NUTS,2010,CZ05,2,0.0
2009,NUTS,2010,CZ05,2,4.0
2010,NUTS,2010,CZ05,2,0.0
2011,NUTS,2010,CZ05,2,0.0
2012,NUTS,2010,CZ05,2,0.0
2013,NUTS,2010,CZ05,2,0.0
2014,NUTS,2010,CZ05,2,0.0
2015,NUTS,2010,CZ05,2,0.0
2016,NUTS,2010,CZ05,2,0.0
2017,NUTS,2010,CZ05,2,8.0
2019,NUTS,2010,CZ05,2,5.0
2020,NUTS,2010,CZ05,2,8.0
2001,NUTS,2010,CZ06,2,1.0
2002,NUTS,2010,CZ06,2,6.0
2003,NUTS,2010,CZ06,2,7.0
2004,NUTS,2010,CZ06,2,2.0
2005,NUTS,2010,CZ06,2,1.0
2006,NUTS,2010,CZ06,2,1.0
2007,NUTS,2010,CZ06,2,3.0
2008,NUTS,2010,CZ06,2,6.0
2009,NUTS,2010,CZ06,2,5.0
2010,NUTS,2010,CZ06,2,9.0
2011,NUTS,2010,CZ06,2,8.0
2012,NUTS,2010,CZ06,2,8.0
2013,NUTS,2010,CZ06,2,7.0
2014,NUTS,2010,CZ06,2,10.0
2015,NUTS,2010,CZ06,2,7.0
2016,NUTS,2010,CZ06,2,1.0
2017,NUTS,2010,CZ06,2,2.0
2018,NUTS,2010,CZ06,2,3.0
2019,NUTS,2010,CZ06,2,6.0
2020,NUTS,2010,CZ06,2,4.0
2001,NUTS,2010,CZ07,2,0.0
2002,NUTS,2010,CZ07,2,0.0
2003,NUTS,2010,CZ07,2,2.0
2004,NUTS,2010,CZ07,2,0.0
2005,NUTS,2010,CZ07,2,1.0
2006,NUTS,2010,CZ07,2,1.0
2007,NUTS,2010,CZ07,2,4.0
2008,NUTS,2010,CZ07,2,4.0
2009,NUTS,2010,CZ07,2,0.0
2010,NUTS,2010,CZ07,2,3.0
2011,NUTS,2010,CZ07,2,4.0
2012,NUTS,2010,CZ07,2,4.0
2013,NUTS,2010,CZ07,2,3.0
2014,NUTS,2010,CZ07,2,3.0
2015,NUTS,2010,CZ07,2,2.0
2016,NUTS,2010,CZ07,2,2.0
2017,NUTS,2010,CZ07,2,2.0
2018,NUTS,2010,CZ07,2,0.0
2019,NUTS,2010,CZ07,2,5.0
2020,NUTS,2010,CZ07,2,2.0
2001,NUTS,2010,CZ08,2,2.0
2002,NUTS,2010,CZ08,2,6.0
2003,NUTS,2010,CZ08,2,6.0
2004,NUTS,2010,CZ08,2,0.0
2005,NUTS,2010,CZ08,2,0.0
2006,NUTS,2010,CZ08,2,0.0
2007,NUTS,2010,CZ08,2,0.0
2008,NUTS,2010,CZ08,2,0.0
2009,NUTS,2010,CZ08,2,0.0
2010,NUTS,2010,CZ08,2,0.0
2011,NUTS,2010,CZ08,2,0.0
2012,NUTS,2010,CZ08,2,0.0
2013,NUTS,2010,CZ08,2,0.0
2014,NUTS,2010,CZ08,2,5.0
2015,NUTS,2010,CZ08,2,4.0
2016,NUTS,2010,CZ08,2,8.0
2017,NUTS,2010,CZ08,2,4.0
2018,NUTS,2010,CZ08,2,5.0
2019,NUTS,2010,CZ08,2,19.0
2020,NUTS,2010,CZ08,2,7.0
2016,NUTS,2010,CZZ,1,0.0
2017,NUTS,2010,CZZ,1,0.0
2018,NUTS,2010,CZZ,1,0.0
2019,NUTS,2010,CZZ,1,0.0
2020,NUTS,2010,CZZ,1,0.0
2016,NUTS,2010,CZZZ,2,0.0
2017,NUTS,2010,CZZZ,2,0.0
2018,NUTS,2010,CZZZ,2,0.0
2019,NUTS,2010,CZZZ,2,0.0
2020,NUTS,2010,CZZZ,2,0.0
1999,NUTS,2010,DK,0,130.0
2000,NUTS,2010,DK,0,98.0
2001,NUTS,2010,DK,0,85.0
2002,NUTS,2010,DK,0,82.0
2003,NUTS,2010,DK,0,72.0
2004,NUTS,2010,DK,0,87.0
2005,NUTS,2010,DK,0,138.0
2006,NUTS,2010,DK,0,189.0
2007,NUTS,2010,DK,0,193.0
2009,NUTS,2010,DK,0,120.0
2010,NUTS,2010,DK,0,162.0
2011,NUTS,2010,DK,0,150.0
2012,NUTS,2010,DK,0,174.0
2013,NUTS,2010,DK,0,149.0
2014,NUTS,2010,DK,0,159.0
2015,NUTS,2010,DK,0,162.0
2016,NUTS,2010,DK,0,182.0
2017,NUTS,2010,DK,0,147.0
2018,NUTS,2010,DK,0,127.0
2019,NUTS,2010,DK,0,179.0
1999,NUTS,2010,DK0,1,130.0
2000,NUTS,2010,DK0,1,98.0
2001,NUTS,2010,DK0,1,85.0
2002,NUTS,2010,DK0,1,82.0
2003,NUTS,2010,DK0,1,72.0
2007,NUTS,2010,DK0,1,102.0
2009,NUTS,2010,DK0,1,116.0
2010,NUTS,2010,DK0,1,162.0
2011,NUTS,2010,DK0,1,150.0
2012,NUTS,2010,DK0,1,174.0
2013,NUTS,2010,DK0,1,149.0
2014,NUTS,2010,DK0,1,159.0
2015,NUTS,2010,DK0,1,162.0
2016,NUTS,2010,DK0,1,182.0
2017,NUTS,2010,DK0,1,147.0
2018,NUTS,2010,DK0,1,127.0
2019,NUTS,2010,DK0,1,179.0
2007,NUTS,2010,DK01,2,88.0
2009,NUTS,2010,DK01,2,120.0
2010,NUTS,2010,DK01,2,148.0
2011,NUTS,2010,DK01,2,141.0
2012,NUTS,2010,DK01,2,161.0
2013,NUTS,2010,DK01,2,145.0
2014,NUTS,2010,DK01,2,154.0
2015,NUTS,2010,DK01,2,150.0
2016,NUTS,2010,DK01,2,165.0
2017,NUTS,2010,DK01,2,136.0
2019,NUTS,2010,DK01,2,172.0
2007,NUTS,2010,DK02,2,2.0
2009,NUTS,2010,DK02,2,0.0
2010,NUTS,2010,DK02,2,14.0
2011,NUTS,2010,DK02,2,9.0
2012,NUTS,2010,DK02,2,9.0
2013,NUTS,2010,DK02,2,0.0
2014,NUTS,2010,DK02,2,0.0
2015,NUTS,2010,DK02,2,7.0
2016,NUTS,2010,DK02,2,9.0
2017,NUTS,2010,DK02,2,7.0
2019,NUTS,2010,DK02,2,7.0
2007,NUTS,2010,DK03,2,0.0
2009,NUTS,2010,DK03,2,0.0
2010,NUTS,2010,DK03,2,0.0
2011,NUTS,2010,DK03,2,0.0
2012,NUTS,2010,DK03,2,4.0
2013,NUTS,2010,DK03,2,4.0
2014,NUTS,2010,DK03,2,5.0
2015,NUTS,2010,DK03,2,5.0
2016,NUTS,2010,DK03,2,8.0
2017,NUTS,2010,DK03,2,4.0
2007,NUTS,2010,DK04,2,13.0
2009,NUTS,2010,DK04,2,0.0
2010,NUTS,2010,DK04,2,0.0
2011,NUTS,2010,DK04,2,0.0
2012,NUTS,2010,DK04,2,0.0
2013,NUTS,2010,DK04,2,0.0
2014,NUTS,2010,DK04,2,0.0
2015,NUTS,2010,DK04,2,0.0
2016,NUTS,2010,DK04,2,0.0
2017,NUTS,2010,DK04,2,0.0
2007,NUTS,2010,DK05,2,0.0
2010,NUTS,2010,DK05,2,0.0
2011,NUTS,2010,DK05,2,0.0
2012,NUTS,2010,DK05,2,0.0
2013,NUTS,2010,DK05,2,0.0
2014,NUTS,2010,DK05,2,0.0
2015,NUTS,2010,DK05,2,0.0
2016,NUTS,2010,DK05,2,0.0
2017,NUTS,2010,DK05,2,4.0
2000,NUTS,2010,EA19,2,4743.0
2001,NUTS,2010,EA19,2,4969.0
2002,NUTS,2010,EA19,2,6067.0
2003,NUTS,2010,EA19,2,6075.0
2004,NUTS,2010,EA19,2,6392.0
2005,NUTS,2010,EA19,2,6990.0
2006,NUTS,2010,EA19,2,8051.0
2007,NUTS,2010,EA19,2,8039.0
2008,NUTS,2010,EA19,2,8414.0
2009,NUTS,2010,EA19,2,8461.0
2010,NUTS,2010,EA19,2,8564.0
2011,NUTS,2010,EA19,2,9077.0
2012,NUTS,2010,EA19,2,9016.0
2013,NUTS,2010,EA19,2,6406.0
2014,NUTS,2010,EA19,2,6839.0
2015,NUTS,2010,EA19,2,7133.0
2016,NUTS,2010,EA19,2,7854.0
2017,NUTS,2010,EA19,2,7618.0
2019,NUTS,2010,EA19,2,9132.0
1996,NUTS,2010,EE,0,11.0
1997,NUTS,2010,EE,0,7.0
1998,NUTS,2010,EE,0,5.0
1999,NUTS,2010,EE,0,7.0
2000,NUTS,2010,EE,0,22.0
2001,NUTS,2010,EE,0,25.0
2002,NUTS,2010,EE,0,28.0
2003,NUTS,2010,EE,0,39.0
2004,NUTS,2010,EE,0,51.0
2005,NUTS,2010,EE,0,46.0
2006,NUTS,2010,EE,0,72.0
2007,NUTS,2010,EE,0,69.0
2008,NUTS,2010,EE,0,63.0
2009,NUTS,2010,EE,0,82.0
2010,NUTS,2010,EE,0,53.0
2011,NUTS,2010,EE,0,55.0
2012,NUTS,2010,EE,0,71.0
2013,NUTS,2010,EE,0,60.0
2014,NUTS,2010,EE,0,61.0
2015,NUTS,2010,EE,0,61.0
2016,NUTS,2010,EE,0,62.0
2017,NUTS,2010,EE,0,60.0
2018,NUTS,2010,EE,0,71.0
2019,NUTS,2010,EE,0,64.0
1999,NUTS,2010,EL,0,37.0
2001,NUTS,2010,EL,0,45.0
2003,NUTS,2010,EL,0,74.0
2005,NUTS,2010,EL,0,71.0
2011,NUTS,2010,EL,0,194.0
2013,NUTS,2010,EL,0,223.0
2015,NUTS,2010,EL,0,209.0
2017,NUTS,2010,EL,0,256.0
2019,NUTS,2010,EL,0,250.0
2001,NUTS,2010,EL3,1,23.0
2003,NUTS,2010,EL3,1,59.0
2005,NUTS,2010,EL3,1,57.0
2011,NUTS,2010,EL3,1,166.0
2001,NUTS,2010,EL30,2,23.0
2003,NUTS,2010,EL30,2,59.0
2005,NUTS,2010,EL30,2,57.0
2011,NUTS,2010,EL30,2,166.0
2011,NUTS,2010,EL4,1,5.0
2011,NUTS,2010,EL41,2,1.0
2011,NUTS,2010,EL42,2,4.0
2011,NUTS,2010,EL43,2,0.0
2011,NUTS,2010,EL5,1,20.0
2011,NUTS,2010,EL51,2,0.0
2001,NUTS,2010,EL52,2,20.0
2003,NUTS,2010,EL52,2,14.0
2005,NUTS,2010,EL52,2,14.0
2011,NUTS,2010,EL52,2,16.0
2011,NUTS,2010,EL53,2,3.0
2011,NUTS,2010,EL54,2,1.0
2011,NUTS,2010,EL6,1,3.0
2011,NUTS,2010,EL61,2,0.0
2011,NUTS,2010,EL62,2,0.0
2011,NUTS,2010,EL63,2,0.0
2011,NUTS,2010,EL64,2,2.0
2001,NUTS,2010,EL65,2,2.0
2003,NUTS,2010,EL65,2,1.0
2011,NUTS,2010,EL65,2,1.0
2011,NUTS,2010,ELZ,1,0.0
2015,NUTS,2010,ELZ,1,0.0
2011,NUTS,2010,ELZZ,2,0.0
2015,NUTS,2010,ELZZ,2,0.0
1997,NUTS,2010,ES,0,419.0
1999,NUTS,2010,ES,0,389.0
2000,NUTS,2010,ES,0,708.0
2001,NUTS,2010,ES,0,777.0
2002,NUTS,2010,ES,0,229.0
2003,NUTS,2010,ES,0,217.0
2004,NUTS,2010,ES,0,179.0
2005,NUTS,2010,ES,0,195.0
2006,NUTS,2010,ES,0,303.0
2007,NUTS,2010,ES,0,290.0
2008,NUTS,2010,ES,0,291.0
2009,NUTS,2010,ES,0,356.0
2010,NUTS,2010,ES,0,323.0
2011,NUTS,2010,ES,0,238.0
2012,NUTS,2010,ES,0,241.0
2013,NUTS,2010,ES,0,223.0
2014,NUTS,2010,ES,0,241.0
2015,NUTS,2010,ES,0,251.0
2016,NUTS,2010,ES,0,309.0
2017,NUTS,2010,ES,0,288.0
2018,NUTS,2010,ES,0,241.0
2019,NUTS,2010,ES,0,216.0
2002,NUTS,2010,ES1,1,27.0
2003,NUTS,2010,ES1,1,1.0
2004,NUTS,2010,ES1,1,6.0
2005,NUTS,2010,ES1,1,6.0
2006,NUTS,2010,ES1,1,78.0
2007,NUTS,2010,ES1,1,36.0
2008,NUTS,2010,ES1,1,27.0
2009,NUTS,2010,ES1,1,28.0
2010,NUTS,2010,ES1,1,21.0
2011,NUTS,2010,ES1,1,28.0
2012,NUTS,2010,ES1,1,22.0
2013,NUTS,2010,ES1,1,16.0
2015,NUTS,2010,ES1,1,20.0
2016,NUTS,2010,ES1,1,32.0
2017,NUTS,2010,ES1,1,35.0
2018,NUTS,2010,ES1,1,48.0
2002,NUTS,2010,ES11,2,2.0
2003,NUTS,2010,ES11,2,0.0
2004,NUTS,2010,ES11,2,3.0
2005,NUTS,2010,ES11,2,3.0
2006,NUTS,2010,ES11,2,4.0
2007,NUTS,2010,ES11,2,6.0
2008,NUTS,2010,ES11,2,2.0
2009,NUTS,2010,ES11,2,12.0
2010,NUTS,2010,ES11,2,3.0
2014,NUTS,2010,ES11,2,6.0
2015,NUTS,2010,ES11,2,7.0
2016,NUTS,2010,ES11,2,24.0
2017,NUTS,2010,ES11,2,29.0
2018,NUTS,2010,ES11,2,26.0
2019,NUTS,2010,ES11,2,26.0
2002,NUTS,2010,ES12,2,1.0
2003,NUTS,2010,ES12,2,1.0
2004,NUTS,2010,ES12,2,0.0
2005,NUTS,2010,ES12,2,0.0
2006,NUTS,2010,ES12,2,5.0
2007,NUTS,2010,ES12,2,0.0
2008,NUTS,2010,ES12,2,1.0
2009,NUTS,2010,ES12,2,2.0
2010,NUTS,2010,ES12,2,3.0
2012,NUTS,2010,ES12,2,3.0
2013,NUTS,2010,ES12,2,1.0
2014,NUTS,2010,ES12,2,1.0
2015,NUTS,2010,ES12,2,2.0
2016,NUTS,2010,ES12,2,1.0
2017,NUTS,2010,ES12,2,1.0
2018,NUTS,2010,ES12,2,1.0
2019,NUTS,2010,ES12,2,0.0
2002,NUTS,2010,ES13,2,24.0
2003,NUTS,2010,ES13,2,0.0
2004,NUTS,2010,ES13,2,3.0
2005,NUTS,2010,ES13,2,3.0
2006,NUTS,2010,ES13,2,69.0
2007,NUTS,2010,ES13,2,30.0
2008,NUTS,2010,ES13,2,24.0
2009,NUTS,2010,ES13,2,14.0
2010,NUTS,2010,ES13,2,15.0
2011,NUTS,2010,ES13,2,24.0
2015,NUTS,2010,ES13,2,11.0
2016,NUTS,2010,ES13,2,7.0
2017,NUTS,2010,ES13,2,5.0
2018,NUTS,2010,ES13,2,21.0
2002,NUTS,2010,ES2,1,45.0
2003,NUTS,2010,ES2,1,1.0
2004,NUTS,2010,ES2,1,19.0
2005,NUTS,2010,ES2,1,13.0
2006,NUTS,2010,ES2,1,14.0
2007,NUTS,2010,ES2,1,42.0
2008,NUTS,2010,ES2,1,42.0
2009,NUTS,2010,ES2,1,57.0
2010,NUTS,2010,ES2,1,71.0
2011,NUTS,2010,ES2,1,23.0
2013,NUTS,2010,ES2,1,32.0
2015,NUTS,2010,ES2,1,26.0
2019,NUTS,2010,ES2,1,13.0
2002,NUTS,2010,ES21,2,45.0
2003,NUTS,2010,ES21,2,0.0
2004,NUTS,2010,ES21,2,7.0
2005,NUTS,2010,ES21,2,4.0
2006,NUTS,2010,ES21,2,7.0
2007,NUTS,2010,ES21,2,7.0
2008,NUTS,2010,ES21,2,2.0
2009,NUTS,2010,ES21,2,10.0
2010,NUTS,2010,ES21,2,16.0
2011,NUTS,2010,ES21,2,13.0
2012,NUTS,2010,ES21,2,19.0
2013,NUTS,2010,ES21,2,17.0
2014,NUTS,2010,ES21,2,14.0
2015,NUTS,2010,ES21,2,16.0
2016,NUTS,2010,ES21,2,22.0
2017,NUTS,2010,ES21,2,18.0
2018,NUTS,2010,ES21,2,10.0
2019,NUTS,2010,ES21,2,13.0
2002,NUTS,2010,ES22,2,0.0
2003,NUTS,2010,ES22,2,0.0
2004,NUTS,2010,ES22,2,5.0
2005,NUTS,2010,ES22,2,1.0
2006,NUTS,2010,ES22,2,1.0
2007,NUTS,2010,ES22,2,0.0
2008,NUTS,2010,ES22,2,0.0
2009,NUTS,2010,ES22,2,2.0
2010,NUTS,2010,ES22,2,2.0
2011,NUTS,2010,ES22,2,3.0
2015,NUTS,2010,ES22,2,3.0
2002,NUTS,2010,ES23,2,0.0
2003,NUTS,2010,ES23,2,0.0
2004,NUTS,2010,ES23,2,0.0
2005,NUTS,2010,ES23,2,2.0
2006,NUTS,2010,ES23,2,0.0
2007,NUTS,2010,ES23,2,30.0
2008,NUTS,2010,ES23,2,36.0
2009,NUTS,2010,ES23,2,40.0
2010,NUTS,2010,ES23,2,39.0
2011,NUTS,2010,ES23,2,2.0
2012,NUTS,2010,ES23,2,4.0
2014,NUTS,2010,ES23,2,1.0
2015,NUTS,2010,ES23,2,0.0
2016,NUTS,2010,ES23,2,0.0
2017,NUTS,2010,ES23,2,0.0
2018,NUTS,2010,ES23,2,1.0
2002,NUTS,2010,ES24,2,0.0
2003,NUTS,2010,ES24,2,1.0
2004,NUTS,2010,ES24,2,7.0
2005,NUTS,2010,ES24,2,6.0
2006,NUTS,2010,ES24,2,6.0
2007,NUTS,2010,ES24,2,5.0
2008,NUTS,2010,ES24,2,4.0
2009,NUTS,2010,ES24,2,5.0
2010,NUTS,2010,ES24,2,14.0
2011,NUTS,2010,ES24,2,5.0
2012,NUTS,2010,ES24,2,6.0
2013,NUTS,2010,ES24,2,5.0
2014,NUTS,2010,ES24,2,6.0
2015,NUTS,2010,ES24,2,7.0
2016,NUTS,2010,ES24,2,4.0
2017,NUTS,2010,ES24,2,4.0
2018,NUTS,2010,ES24,2,3.0
2002,NUTS,2010,ES3,1,86.0
2003,NUTS,2010,ES3,1,108.0
2004,NUTS,2010,ES3,1,69.0
2005,NUTS,2010,ES3,1,90.0
2006,NUTS,2010,ES3,1,114.0
2007,NUTS,2010,ES3,1,120.0
2008,NUTS,2010,ES3,1,141.0
2009,NUTS,2010,ES3,1,141.0
2010,NUTS,2010,ES3,1,96.0
2011,NUTS,2010,ES3,1,50.0
2012,NUTS,2010,ES3,1,64.0
2013,NUTS,2010,ES3,1,60.0
2014,NUTS,2010,ES3,1,56.0
2015,NUTS,2010,ES3,1,70.0
2016,NUTS,2010,ES3,1,64.0
2017,NUTS,2010,ES3,1,79.0
2018,NUTS,2010,ES3,1,70.0
2019,NUTS,2010,ES3,1,71.0
2002,NUTS,2010,ES30,2,86.0
2003,NUTS,2010,ES30,2,108.0
2004,NUTS,2010,ES30,2,69.0
2005,NUTS,2010,ES30,2,90.0
2006,NUTS,2010,ES30,2,114.0
2007,NUTS,2010,ES30,2,120.0
2008,NUTS,2010,ES30,2,141.0
2009,NUTS,2010,ES30,2,141.0
2010,NUTS,2010,ES30,2,96.0
2011,NUTS,2010,ES30,2,50.0
2012,NUTS,2010,ES30,2,64.0
2013,NUTS,2010,ES30,2,60.0
2014,NUTS,2010,ES30,2,56.0
2015,NUTS,2010,ES30,2,70.0
2016,NUTS,2010,ES30,2,64.0
2017,NUTS,2010,ES30,2,79.0
2018,NUTS,2010,ES30,2,70.0
2019,NUTS,2010,ES30,2,71.0
2002,NUTS,2010,ES4,1,3.0
2003,NUTS,2010,ES4,1,9.0
2004,NUTS,2010,ES4,1,1.0
2005,NUTS,2010,ES4,1,3.0
2006,NUTS,2010,ES4,1,2.0
2007,NUTS,2010,ES4,1,9.0
2008,NUTS,2010,ES4,1,10.0
2009,NUTS,2010,ES4,1,20.0
2010,NUTS,2010,ES4,1,26.0
2011,NUTS,2010,ES4,1,25.0
2013,NUTS,2010,ES4,1,11.0
2014,NUTS,2010,ES4,1,10.0
2015,NUTS,2010,ES4,1,16.0
2016,NUTS,2010,ES4,1,14.0
2018,NUTS,2010,ES4,1,12.0
2019,NUTS,2010,ES4,1,10.0
2002,NUTS,2010,ES41,2,2.0
2003,NUTS,2010,ES41,2,9.0
2004,NUTS,2010,ES41,2,0.0
2005,NUTS,2010,ES41,2,1.0
2006,NUTS,2010,ES41,2,1.0
2007,NUTS,2010,ES41,2,0.0
2008,NUTS,2010,ES41,2,1.0
2009,NUTS,2010,ES41,2,4.0
2010,NUTS,2010,ES41,2,11.0
2012,NUTS,2010,ES41,2,7.0
2013,NUTS,2010,ES41,2,4.0
2014,NUTS,2010,ES41,2,4.0
2015,NUTS,2010,ES41,2,7.0
2017,NUTS,2010,ES41,2,7.0
2018,NUTS,2010,ES41,2,7.0
2019,NUTS,2010,ES41,2,6.0
2002,NUTS,2010,ES42,2,1.0
2003,NUTS,2010,ES42,2,0.0
2004,NUTS,2010,ES42,2,0.0
2005,NUTS,2010,ES42,2,1.0
2006,NUTS,2010,ES42,2,0.0
2007,NUTS,2010,ES42,2,1.0
2008,NUTS,2010,ES42,2,7.0
2009,NUTS,2010,ES42,2,12.0
2010,NUTS,2010,ES42,2,8.0
2013,NUTS,2010,ES42,2,2.0
2014,NUTS,2010,ES42,2,2.0
2015,NUTS,2010,ES42,2,4.0
2017,NUTS,2010,ES42,2,1.0
2002,NUTS,2010,ES43,2,0.0
2003,NUTS,2010,ES43,2,0.0
2004,NUTS,2010,ES43,2,1.0
2005,NUTS,2010,ES43,2,1.0
2006,NUTS,2010,ES43,2,1.0
2007,NUTS,2010,ES43,2,8.0
2008,NUTS,2010,ES43,2,2.0
2009,NUTS,2010,ES43,2,4.0
2010,NUTS,2010,ES43,2,7.0
2011,NUTS,2010,ES43,2,4.0
2013,NUTS,2010,ES43,2,5.0
2014,NUTS,2010,ES43,2,4.0
2015,NUTS,2010,ES43,2,5.0
2016,NUTS,2010,ES43,2,6.0
2002,NUTS,2010,ES5,1,66.0
2003,NUTS,2010,ES5,1,92.0
2004,NUTS,2010,ES5,1,78.0
2005,NUTS,2010,ES5,1,72.0
2006,NUTS,2010,ES5,1,84.0
2007,NUTS,2010,ES5,1,73.0
2008,NUTS,2010,ES5,1,52.0
2009,NUTS,2010,ES5,1,85.0
2010,NUTS,2010,ES5,1,85.0
2011,NUTS,2010,ES5,1,82.0
2012,NUTS,2010,ES5,1,83.0
2013,NUTS,2010,ES5,1,77.0
2014,NUTS,2010,ES5,1,101.0
2015,NUTS,2010,ES5,1,96.0
2016,NUTS,2010,ES5,1,139.0
2017,NUTS,2010,ES5,1,99.0
2018,NUTS,2010,ES5,1,80.0
2002,NUTS,2010,ES51,2,59.0
2003,NUTS,2010,ES51,2,79.0
2004,NUTS,2010,ES51,2,62.0
2005,NUTS,2010,ES51,2,59.0
2006,NUTS,2010,ES51,2,68.0
2007,NUTS,2010,ES51,2,69.0
2008,NUTS,2010,ES51,2,47.0
2009,NUTS,2010,ES51,2,66.0
2010,NUTS,2010,ES51,2,68.0
2011,NUTS,2010,ES51,2,60.0
2012,NUTS,2010,ES51,2,60.0
2013,NUTS,2010,ES51,2,59.0
2014,NUTS,2010,ES51,2,79.0
2015,NUTS,2010,ES51,2,79.0
2016,NUTS,2010,ES51,2,120.0
2017,NUTS,2010,ES51,2,80.0
2018,NUTS,2010,ES51,2,73.0
2019,NUTS,2010,ES51,2,68.0
2002,NUTS,2010,ES52,2,5.0
2003,NUTS,2010,ES52,2,10.0
2004,NUTS,2010,ES52,2,12.0
2005,NUTS,2010,ES52,2,11.0
2006,NUTS,2010,ES52,2,14.0
2007,NUTS,2010,ES52,2,3.0
2008,NUTS,2010,ES52,2,1.0
2009,NUTS,2010,ES52,2,11.0
2010,NUTS,2010,ES52,2,9.0
2011,NUTS,2010,ES52,2,16.0
2012,NUTS,2010,ES52,2,17.0
2013,NUTS,2010,ES52,2,14.0
2014,NUTS,2010,ES52,2,18.0
2015,NUTS,2010,ES52,2,14.0
2016,NUTS,2010,ES52,2,16.0
2017,NUTS,2010,ES52,2,15.0
2018,NUTS,2010,ES52,2,5.0
2019,NUTS,2010,ES52,2,5.0
2002,NUTS,2010,ES53,2,2.0
2003,NUTS,2010,ES53,2,3.0
2004,NUTS,2010,ES53,2,4.0
2005,NUTS,2010,ES53,2,2.0
2006,NUTS,2010,ES53,2,2.0
2007,NUTS,2010,ES53,2,1.0
2008,NUTS,2010,ES53,2,4.0
2009,NUTS,2010,ES53,2,8.0
2010,NUTS,2010,ES53,2,8.0
2011,NUTS,2010,ES53,2,6.0
2012,NUTS,2010,ES53,2,6.0
2013,NUTS,2010,ES53,2,4.0
2014,NUTS,2010,ES53,2,4.0
2015,NUTS,2010,ES53,2,3.0
2016,NUTS,2010,ES53,2,3.0
2017,NUTS,2010,ES53,2,4.0
2018,NUTS,2010,ES53,2,2.0
2002,NUTS,2010,ES6,1,2.0
2003,NUTS,2010,ES6,1,6.0
2004,NUTS,2010,ES6,1,5.0
2005,NUTS,2010,ES6,1,10.0
2006,NUTS,2010,ES6,1,10.0
2007,NUTS,2010,ES6,1,9.0
2008,NUTS,2010,ES6,1,18.0
2009,NUTS,2010,ES6,1,24.0
2010,NUTS,2010,ES6,1,23.0
2011,NUTS,2010,ES6,1,28.0
2012,NUTS,2010,ES6,1,23.0
2013,NUTS,2010,ES6,1,24.0
2014,NUTS,2010,ES6,1,26.0
2015,NUTS,2010,ES6,1,19.0
2016,NUTS,2010,ES6,1,28.0
2017,NUTS,2010,ES6,1,28.0
2018,NUTS,2010,ES6,1,11.0
2019,NUTS,2010,ES6,1,8.0
2002,NUTS,2010,ES61,2,2.0
2003,NUTS,2010,ES61,2,6.0
2004,NUTS,2010,ES61,2,5.0
2005,NUTS,2010,ES61,2,9.0
2006,NUTS,2010,ES61,2,9.0
2007,NUTS,2010,ES61,2,9.0
2008,NUTS,2010,ES61,2,12.0
2009,NUTS,2010,ES61,2,19.0
2010,NUTS,2010,ES61,2,20.0
2011,NUTS,2010,ES61,2,22.0
2012,NUTS,2010,ES61,2,17.0
2013,NUTS,2010,ES61,2,22.0
2014,NUTS,2010,ES61,2,23.0
2015,NUTS,2010,ES61,2,14.0
2016,NUTS,2010,ES61,2,22.0
2017,NUTS,2010,ES61,2,22.0
2018,NUTS,2010,ES61,2,10.0
2019,NUTS,2010,ES61,2,7.0
2002,NUTS,2010,ES62,2,0.0
2003,NUTS,2010,ES62,2,0.0
2004,NUTS,2010,ES62,2,0.0
2005,NUTS,2010,ES62,2,1.0
2006,NUTS,2010,ES62,2,1.0
2007,NUTS,2010,ES62,2,0.0
2008,NUTS,2010,ES62,2,6.0
2009,NUTS,2010,ES62,2,5.0
2010,NUTS,2010,ES62,2,3.0
2012,NUTS,2010,ES62,2,5.0
2013,NUTS,2010,ES62,2,2.0
2014,NUTS,2010,ES62,2,3.0
2015,NUTS,2010,ES62,2,5.0
2016,NUTS,2010,ES62,2,6.0
2018,NUTS,2010,ES62,2,1.0
2019,NUTS,2010,ES62,2,1.0
2002,NUTS,2010,ES63,2,0.0
2003,NUTS,2010,ES63,2,0.0
2004,NUTS,2010,ES63,2,0.0
2005,NUTS,2010,ES63,2,0.0
2006,NUTS,2010,ES63,2,0.0
2007,NUTS,2010,ES63,2,0.0
2008,NUTS,2010,ES63,2,0.0
2009,NUTS,2010,ES63,2,0.0
2010,NUTS,2010,ES63,2,0.0
2015,NUTS,2010,ES63,2,0.0
2002,NUTS,2010,ES64,2,0.0
2003,NUTS,2010,ES64,2,0.0
2004,NUTS,2010,ES64,2,0.0
2005,NUTS,2010,ES64,2,0.0
2006,NUTS,2010,ES64,2,0.0
2007,NUTS,2010,ES64,2,0.0
2008,NUTS,2010,ES64,2,0.0
2009,NUTS,2010,ES64,2,0.0
2010,NUTS,2010,ES64,2,0.0
2015,NUTS,2010,ES64,2,0.0
2002,NUTS,2010,ES7,1,0.0
2003,NUTS,2010,ES7,1,0.0
2004,NUTS,2010,ES7,1,1.0
2005,NUTS,2010,ES7,1,1.0
2006,NUTS,2010,ES7,1,1.0
2007,NUTS,2010,ES7,1,1.0
2008,NUTS,2010,ES7,1,1.0
2009,NUTS,2010,ES7,1,1.0
2010,NUTS,2010,ES7,1,1.0
2011,NUTS,2010,ES7,1,2.0
2012,NUTS,2010,ES7,1,3.0
2013,NUTS,2010,ES7,1,3.0
2014,NUTS,2010,ES7,1,4.0
2015,NUTS,2010,ES7,1,4.0
2016,NUTS,2010,ES7,1,4.0
2017,NUTS,2010,ES7,1,4.0
2018,NUTS,2010,ES7,1,2.0
2002,NUTS,2010,ES70,2,0.0
2003,NUTS,2010,ES70,2,0.0
2004,NUTS,2010,ES70,2,1.0
2005,NUTS,2010,ES70,2,1.0
2006,NUTS,2010,ES70,2,1.0
2007,NUTS,2010,ES70,2,1.0
2008,NUTS,2010,ES70,2,1.0
2009,NUTS,2010,ES70,2,1.0
2010,NUTS,2010,ES70,2,1.0
2011,NUTS,2010,ES70,2,2.0
2012,NUTS,2010,ES70,2,3.0
2013,NUTS,2010,ES70,2,3.0
2014,NUTS,2010,ES70,2,4.0
2015,NUTS,2010,ES70,2,4.0
2016,NUTS,2010,ES70,2,4.0
2017,NUTS,2010,ES70,2,4.0
2018,NUTS,2010,ES70,2,2.0
2002,NUTS,2010,ESZ,1,0.0
2003,NUTS,2010,ESZ,1,0.0
2004,NUTS,2010,ESZ,1,0.0
2005,NUTS,2010,ESZ,1,0.0
2006,NUTS,2010,ESZ,1,0.0
2007,NUTS,2010,ESZ,1,0.0
2008,NUTS,2010,ESZ,1,0.0
2009,NUTS,2010,ESZ,1,0.0
2010,NUTS,2010,ESZ,1,0.0
2011,NUTS,2010,ESZ,1,0.0
2002,NUTS,2010,ESZZ,2,0.0
2003,NUTS,2010,ESZZ,2,0.0
2004,NUTS,2010,ESZZ,2,0.0
2005,NUTS,2010,ESZZ,2,0.0
2006,NUTS,2010,ESZZ,2,0.0
2007,NUTS,2010,ESZZ,2,0.0
2008,NUTS,2010,ESZZ,2,0.0
2009,NUTS,2010,ESZZ,2,0.0
2010,NUTS,2010,ESZZ,2,0.0
2011,NUTS,2010,ESZZ,2,0.0
2000,NUTS,2010,EU27_2020,7,5041.0
2001,NUTS,2010,EU27_2020,7,5221.0
2002,NUTS,2010,EU27_2020,7,6355.0
2003,NUTS,2010,EU27_2020,7,6500.0
2004,NUTS,2010,EU27_2020,7,6838.0
2005,NUTS,2010,EU27_2020,7,7580.0
2006,NUTS,2010,EU27_2020,7,8592.0
2007,NUTS,2010,EU27_2020,7,8469.0
2008,NUTS,2010,EU27_2020,7,8787.0
2009,NUTS,2010,EU27_2020,7,8789.0
2010,NUTS,2010,EU27_2020,7,8976.0
2011,NUTS,2010,EU27_2020,7,9582.0
2012,NUTS,2010,EU27_2020,7,9649.0
2013,NUTS,2010,EU27_2020,7,7008.0
2014,NUTS,2010,EU27_2020,7,7542.0
2015,NUTS,2010,EU27_2020,7,7766.0
2016,NUTS,2010,EU27_2020,7,8770.0
2017,NUTS,2010,EU27_2020,7,8754.0
2019,NUTS,2010,EU27_2020,7,10383.0
2004,NUTS,2010,FI,0,279.0
2005,NUTS,2010,FI,0,275.0
2006,NUTS,2010,FI,0,290.0
2007,NUTS,2010,FI,0,284.0
2008,NUTS,2010,FI,0,298.0
2009,NUTS,2010,FI,0,323.0
2010,NUTS,2010,FI,0,360.0
2011,NUTS,2010,FI,0,381.0
2012,NUTS,2010,FI,0,368.0
2013,NUTS,2010,FI,0,365.0
2014,NUTS,2010,FI,0,403.0
2015,NUTS,2010,FI,0,403.0
2016,NUTS,2010,FI,0,399.0
2017,NUTS,2010,FI,0,395.0
2018,NUTS,2010,FI,0,436.0
2019,NUTS,2010,FI,0,423.0
2000,NUTS,2010,FR,0,1806.0
2001,NUTS,2010,FR,0,1787.0
2002,NUTS,2010,FR,0,1924.0
2003,NUTS,2010,FR,0,1615.0
2004,NUTS,2010,FR,0,1723.0
2005,NUTS,2010,FR,0,1785.0
2006,NUTS,2010,FR,0,1865.0
2007,NUTS,2010,FR,0,1716.0
2008,NUTS,2010,FR,0,1788.0
2009,NUTS,2010,FR,0,1692.0
2010,NUTS,2010,FR,0,1187.0
2011,NUTS,2010,FR,0,1528.0
2012,NUTS,2010,FR,0,1671.0
2013,NUTS,2010,FR,0,1762.0
2014,NUTS,2010,FR,0,1911.0
2016,NUTS,2010,FR,0,2408.0
2017,NUTS,2010,FR,0,2416.0
2005,NUTS,2010,HR,0,3.0
2006,NUTS,2010,HR,0,1.0
2007,NUTS,2010,HR,0,0.0
2008,NUTS,2010,HR,0,2.0
2009,NUTS,2010,HR,0,3.0
2010,NUTS,2010,HR,0,3.0
2011,NUTS,2010,HR,0,5.0
2005,NUTS,2010,HR0,1,3.0
2006,NUTS,2010,HR0,1,1.0
2007,NUTS,2010,HR0,1,0.0
2008,NUTS,2010,HR0,1,2.0
2009,NUTS,2010,HR0,1,3.0
2010,NUTS,2010,HR0,1,3.0
2011,NUTS,2010,HR0,1,5.0
2008,NUTS,2010,HR02,2,0.0
2009,NUTS,2010,HR02,2,0.0
2010,NUTS,2010,HR02,2,0.0
2008,NUTS,2010,HR03,2,2.0
2009,NUTS,2010,HR03,2,3.0
2010,NUTS,2010,HR03,2,3.0
2011,NUTS,2010,HR03,2,5.0
2008,NUTS,2010,HR04,2,0.0
2009,NUTS,2010,HR04,2,0.0
2010,NUTS,2010,HR04,2,0.0
2011,NUTS,2010,HR04,2,0.0
2012,NUTS,2010,HR04,2,0.0
2013,NUTS,2010,HR04,2,0.0
2014,NUTS,2010,HR04,2,0.0
2013,NUTS,2010,HRZ,1,0.0
2014,NUTS,2010,HRZ,1,0.0
2013,NUTS,2010,HRZZ,2,0.0
2014,NUTS,2010,HRZZ,2,0.0
2001,NUTS,2010,IS,0,166.0
2003,NUTS,2010,IS,0,67.0
2005,NUTS,2010,IS,0,48.0
2006,NUTS,2010,IS,0,54.0
2007,NUTS,2010,IS,0,50.0
2008,NUTS,2010,IS,0,52.0
2009,NUTS,2010,IS,0,46.0
2011,NUTS,2010,IS,0,36.0
2016,NUTS,2010,IS,0,0.0
2017,NUTS,2010,IS,0,0.0
2018,NUTS,2010,IS,0,0.0
2002,NUTS,2010,IT,0,1330.0
2003,NUTS,2010,IT,0,1519.0
2004,NUTS,2010,IT,0,1757.0
2005,NUTS,2010,IT,0,2407.0
2006,NUTS,2010,IT,0,2897.0
2007,NUTS,2010,IT,0,2778.0
2008,NUTS,2010,IT,0,2834.0
2009,NUTS,2010,IT,0,2782.0
2010,NUTS,2010,IT,0,2848.0
2011,NUTS,2010,IT,0,2713.0
2012,NUTS,2010,IT,0,2786.0
2013,NUTS,2010,IT,0,3039.0
2014,NUTS,2010,IT,0,3201.0
2015,NUTS,2010,IT,0,3455.0
2016,NUTS,2010,IT,0,3467.0
2017,NUTS,2010,IT,0,3181.0
2018,NUTS,2010,IT,0,3229.0
2019,NUTS,2010,IT,0,3886.0
2003,NUTS,2010,ITC,1,957.0
2004,NUTS,2010,ITC,1,965.0
2005,NUTS,2010,ITC,1,994.0
2007,NUTS,2010,ITC,1,1282.0
2008,NUTS,2010,ITC,1,1299.0
2009,NUTS,2010,ITC,1,1374.0
2010,NUTS,2010,ITC,1,1491.0
2011,NUTS,2010,ITC,1,1426.0
2012,NUTS,2010,ITC,1,1483.0
2013,NUTS,2010,ITC,1,1667.0
2014,NUTS,2010,ITC,1,1505.0
2015,NUTS,2010,ITC,1,1621.0
2016,NUTS,2010,ITC,1,1727.0
2017,NUTS,2010,ITC,1,1306.0
2018,NUTS,2010,ITC,1,1397.0
2019,NUTS,2010,ITC,1,1528.0
2003,NUTS,2010,ITC1,2,124.0
2004,NUTS,2010,ITC1,2,204.0
2005,NUTS,2010,ITC1,2,242.0
2007,NUTS,2010,ITC1,2,158.0
2008,NUTS,2010,ITC1,2,153.0
2009,NUTS,2010,ITC1,2,195.0
2010,NUTS,2010,ITC1,2,259.0
2011,NUTS,2010,ITC1,2,246.0
2012,NUTS,2010,ITC1,2,341.0
2013,NUTS,2010,ITC1,2,397.0
2014,NUTS,2010,ITC1,2,354.0
2015,NUTS,2010,ITC1,2,362.0
2016,NUTS,2010,ITC1,2,336.0
2017,NUTS,2010,ITC1,2,305.0
2018,NUTS,2010,ITC1,2,325.0
2019,NUTS,2010,ITC1,2,356.0
2003,NUTS,2010,ITC2,2,4.0
2004,NUTS,2010,ITC2,2,15.0
2005,NUTS,2010,ITC2,2,9.0
2007,NUTS,2010,ITC2,2,14.0
2008,NUTS,2010,ITC2,2,7.0
2009,NUTS,2010,ITC2,2,9.0
2010,NUTS,2010,ITC2,2,12.0
2011,NUTS,2010,ITC2,2,8.0
2012,NUTS,2010,ITC2,2,11.0
2013,NUTS,2010,ITC2,2,16.0
2014,NUTS,2010,ITC2,2,9.0
2015,NUTS,2010,ITC2,2,11.0
2016,NUTS,2010,ITC2,2,8.0
2017,NUTS,2010,ITC2,2,8.0
2018,NUTS,2010,ITC2,2,12.0
2019,NUTS,2010,ITC2,2,16.0
2003,NUTS,2010,ITC3,2,28.0
2004,NUTS,2010,ITC3,2,30.0
2005,NUTS,2010,ITC3,2,34.0
2007,NUTS,2010,ITC3,2,69.0
2008,NUTS,2010,ITC3,2,78.0
2009,NUTS,2010,ITC3,2,46.0
2010,NUTS,2010,ITC3,2,49.0
2011,NUTS,2010,ITC3,2,68.0
2012,NUTS,2010,ITC3,2,87.0
2013,NUTS,2010,ITC3,2,86.0
2014,NUTS,2010,ITC3,2,66.0
2015,NUTS,2010,ITC3,2,88.0
2016,NUTS,2010,ITC3,2,71.0
2017,NUTS,2010,ITC3,2,61.0
2018,NUTS,2010,ITC3,2,66.0
2019,NUTS,2010,ITC3,2,155.0
2003,NUTS,2010,ITC4,2,801.0
2004,NUTS,2010,ITC4,2,716.0
2005,NUTS,2010,ITC4,2,709.0
2007,NUTS,2010,ITC4,2,1041.0
2008,NUTS,2010,ITC4,2,1061.0
2009,NUTS,2010,ITC4,2,1124.0
2010,NUTS,2010,ITC4,2,1171.0
2011,NUTS,2010,ITC4,2,1104.0
2012,NUTS,2010,ITC4,2,1044.0
2013,NUTS,2010,ITC4,2,1168.0
2014,NUTS,2010,ITC4,2,1076.0
2015,NUTS,2010,ITC4,2,1160.0
2016,NUTS,2010,ITC4,2,1312.0
2017,NUTS,2010,ITC4,2,932.0
2018,NUTS,2010,ITC4,2,994.0
2019,NUTS,2010,ITC4,2,1001.0
2003,NUTS,2010,ITF,1,106.0
2004,NUTS,2010,ITF,1,137.0
2005,NUTS,2010,ITF,1,204.0
2007,NUTS,2010,ITF,1,206.0
2008,NUTS,2010,ITF,1,239.0
2009,NUTS,2010,ITF,1,216.0
2010,NUTS,2010,ITF,1,149.0
2011,NUTS,2010,ITF,1,204.0
2012,NUTS,2010,ITF,1,164.0
2013,NUTS,2010,ITF,1,173.0
2014,NUTS,2010,ITF,1,244.0
2017,NUTS,2010,ITF,1,204.0
2018,NUTS,2010,ITF,1,226.0
2019,NUTS,2010,ITF,1,222.0
2003,NUTS,2010,ITF1,2,4.0
2004,NUTS,2010,ITF1,2,5.0
2005,NUTS,2010,ITF1,2,6.0
2007,NUTS,2010,ITF1,2,8.0
2008,NUTS,2010,ITF1,2,8.0
2009,NUTS,2010,ITF1,2,0.0
2010,NUTS,2010,ITF1,2,1.0
2011,NUTS,2010,ITF1,2,5.0
2012,NUTS,2010,ITF1,2,6.0
2013,NUTS,2010,ITF1,2,13.0
2014,NUTS,2010,ITF1,2,5.0
2015,NUTS,2010,ITF1,2,6.0
2016,NUTS,2010,ITF1,2,14.0
2017,NUTS,2010,ITF1,2,18.0
2018,NUTS,2010,ITF1,2,14.0
2019,NUTS,2010,ITF1,2,20.0
2003,NUTS,2010,ITF2,2,18.0
2004,NUTS,2010,ITF2,2,0.0
2005,NUTS,2010,ITF2,2,16.0
2007,NUTS,2010,ITF2,2,3.0
2008,NUTS,2010,ITF2,2,0.0
2009,NUTS,2010,ITF2,2,2.0
2017,NUTS,2010,ITF2,2,2.0
2018,NUTS,2010,ITF2,2,4.0
2019,NUTS,2010,ITF2,2,1.0
2003,NUTS,2010,ITF3,2,48.0
2004,NUTS,2010,ITF3,2,71.0
2005,NUTS,2010,ITF3,2,80.0
2007,NUTS,2010,ITF3,2,91.0
2008,NUTS,2010,ITF3,2,117.0
2009,NUTS,2010,ITF3,2,103.0
2010,NUTS,2010,ITF3,2,89.0
2011,NUTS,2010,ITF3,2,89.0
2012,NUTS,2010,ITF3,2,81.0
2013,NUTS,2010,ITF3,2,95.0
2014,NUTS,2010,ITF3,2,142.0
2015,NUTS,2010,ITF3,2,156.0
2016,NUTS,2010,ITF3,2,118.0
2017,NUTS,2010,ITF3,2,102.0
2018,NUTS,2010,ITF3,2,98.0
2019,NUTS,2010,ITF3,2,92.0
2003,NUTS,2010,ITF4,2,32.0
2004,NUTS,2010,ITF4,2,51.0
2005,NUTS,2010,ITF4,2,98.0
2007,NUTS,2010,ITF4,2,103.0
2008,NUTS,2010,ITF4,2,113.0
2009,NUTS,2010,ITF4,2,109.0
2010,NUTS,2010,ITF4,2,58.0
2011,NUTS,2010,ITF4,2,97.0
2012,NUTS,2010,ITF4,2,70.0
2013,NUTS,2010,ITF4,2,60.0
2014,NUTS,2010,ITF4,2,95.0
2015,NUTS,2010,ITF4,2,87.0
2016,NUTS,2010,ITF4,2,100.0
2017,NUTS,2010,ITF4,2,79.0
2018,NUTS,2010,ITF4,2,105.0
2019,NUTS,2010,ITF4,2,105.0
2003,NUTS,2010,ITF5,2,3.0
2004,NUTS,2010,ITF5,2,6.0
2005,NUTS,2010,ITF5,2,2.0
2007,NUTS,2010,ITF5,2,0.0
2008,NUTS,2010,ITF5,2,0.0
2009,NUTS,2010,ITF5,2,2.0
2012,NUTS,2010,ITF5,2,4.0
2013,NUTS,2010,ITF5,2,4.0
2015,NUTS,2010,ITF5,2,2.0
2017,NUTS,2010,ITF5,2,3.0
2018,NUTS,2010,ITF5,2,2.0
2019,NUTS,2010,ITF5,2,3.0
2003,NUTS,2010,ITF6,2,1.0
2004,NUTS,2010,ITF6,2,4.0
2005,NUTS,2010,ITF6,2,2.0
2007,NUTS,2010,ITF6,2,1.0
2008,NUTS,2010,ITF6,2,1.0
2009,NUTS,2010,ITF6,2,0.0
2010,NUTS,2010,ITF6,2,1.0
2011,NUTS,2010,ITF6,2,11.0
2015,NUTS,2010,ITF6,2,7.0
2016,NUTS,2010,ITF6,2,12.0
2017,NUTS,2010,ITF6,2,0.0
2018,NUTS,2010,ITF6,2,3.0
2019,NUTS,2010,ITF6,2,1.0
2003,NUTS,2010,ITG,1,19.0
2004,NUTS,2010,ITG,1,40.0
2005,NUTS,2010,ITG,1,65.0
2007,NUTS,2010,ITG,1,75.0
2008,NUTS,2010,ITG,1,93.0
2009,NUTS,2010,ITG,1,105.0
2010,NUTS,2010,ITG,1,146.0
2011,NUTS,2010,ITG,1,108.0
2012,NUTS,2010,ITG,1,113.0
2013,NUTS,2010,ITG,1,97.0
2014,NUTS,2010,ITG,1,101.0
2015,NUTS,2010,ITG,1,109.0
2016,NUTS,2010,ITG,1,116.0
2017,NUTS,2010,ITG,1,114.0
2018,NUTS,2010,ITG,1,93.0
2019,NUTS,2010,ITG,1,99.0
2003,NUTS,2010,ITG1,2,14.0
2004,NUTS,2010,ITG1,2,36.0
2005,NUTS,2010,ITG1,2,61.0
2007,NUTS,2010,ITG1,2,75.0
2008,NUTS,2010,ITG1,2,93.0
2009,NUTS,2010,ITG1,2,98.0
2010,NUTS,2010,ITG1,2,142.0
2011,NUTS,2010,ITG1,2,101.0
2012,NUTS,2010,ITG1,2,109.0
2013,NUTS,2010,ITG1,2,92.0
2014,NUTS,2010,ITG1,2,95.0
2015,NUTS,2010,ITG1,2,100.0
2016,NUTS,2010,ITG1,2,103.0
2017,NUTS,2010,ITG1,2,104.0
2018,NUTS,2010,ITG1,2,84.0
2019,NUTS,2010,ITG1,2,88.0
2003,NUTS,2010,ITG2,2,5.0
2004,NUTS,2010,ITG2,2,4.0
2005,NUTS,2010,ITG2,2,4.0
2007,NUTS,2010,ITG2,2,0.0
2008,NUTS,2010,ITG2,2,0.0
2009,NUTS,2010,ITG2,2,7.0
2010,NUTS,2010,ITG2,2,4.0
2011,NUTS,2010,ITG2,2,7.0
2012,NUTS,2010,ITG2,2,4.0
2013,NUTS,2010,ITG2,2,5.0
2014,NUTS,2010,ITG2,2,6.0
2015,NUTS,2010,ITG2,2,9.0
2016,NUTS,2010,ITG2,2,13.0
2017,NUTS,2010,ITG2,2,10.0
2018,NUTS,2010,ITG2,2,9.0
2019,NUTS,2010,ITG2,2,11.0
2003,NUTS,2010,ITH,1,224.0
2004,NUTS,2010,ITH,1,361.0
2005,NUTS,2010,ITH,1,371.0
2007,NUTS,2010,ITH,1,499.0
2008,NUTS,2010,ITH,1,440.0
2009,NUTS,2010,ITH,1,460.0
2010,NUTS,2010,ITH,1,291.0
2011,NUTS,2010,ITH,1,202.0
2012,NUTS,2010,ITH,1,236.0
2013,NUTS,2010,ITH,1,273.0
2014,NUTS,2010,ITH,1,456.0
2015,NUTS,2010,ITH,1,500.0
2016,NUTS,2010,ITH,1,475.0
2017,NUTS,2010,ITH,1,490.0
2018,NUTS,2010,ITH,1,489.0
2019,NUTS,2010,ITH,1,616.0
2003,NUTS,2010,ITH1,2,42.0
2004,NUTS,2010,ITH1,2,65.0
2005,NUTS,2010,ITH1,2,55.0
2007,NUTS,2010,ITH1,2,112.0
2008,NUTS,2010,ITH1,2,57.0
2009,NUTS,2010,ITH1,2,77.0
2010,NUTS,2010,ITH1,2,0.0
2011,NUTS,2010,ITH1,2,1.0
2012,NUTS,2010,ITH1,2,2.0
2013,NUTS,2010,ITH1,2,1.0
2014,NUTS,2010,ITH1,2,172.0
2015,NUTS,2010,ITH1,2,171.0
2016,NUTS,2010,ITH1,2,145.0
2017,NUTS,2010,ITH1,2,190.0
2018,NUTS,2010,ITH1,2,159.0
2019,NUTS,2010,ITH1,2,181.0
2003,NUTS,2010,ITH2,2,18.0
2004,NUTS,2010,ITH2,2,8.0
2005,NUTS,2010,ITH2,2,32.0
2007,NUTS,2010,ITH2,2,45.0
2008,NUTS,2010,ITH2,2,63.0
2009,NUTS,2010,ITH2,2,93.0
2010,NUTS,2010,ITH2,2,68.0
2011,NUTS,2010,ITH2,2,45.0
2012,NUTS,2010,ITH2,2,44.0
2013,NUTS,2010,ITH2,2,41.0
2014,NUTS,2010,ITH2,2,43.0
2015,NUTS,2010,ITH2,2,37.0
2016,NUTS,2010,ITH2,2,37.0
2017,NUTS,2010,ITH2,2,33.0
2018,NUTS,2010,ITH2,2,29.0
2019,NUTS,2010,ITH2,2,27.0
2003,NUTS,2010,ITH3,2,114.0
2004,NUTS,2010,ITH3,2,181.0
2005,NUTS,2010,ITH3,2,183.0
2007,NUTS,2010,ITH3,2,215.0
2008,NUTS,2010,ITH3,2,167.0
2009,NUTS,2010,ITH3,2,195.0
2010,NUTS,2010,ITH3,2,155.0
2011,NUTS,2010,ITH3,2,100.0
2012,NUTS,2010,ITH3,2,103.0
2013,NUTS,2010,ITH3,2,123.0
2014,NUTS,2010,ITH3,2,126.0
2015,NUTS,2010,ITH3,2,157.0
2016,NUTS,2010,ITH3,2,155.0
2017,NUTS,2010,ITH3,2,132.0
2018,NUTS,2010,ITH3,2,151.0
2019,NUTS,2010,ITH3,2,285.0
2003,NUTS,2010,ITH4,2,12.0
2004,NUTS,2010,ITH4,2,19.0
2005,NUTS,2010,ITH4,2,22.0
2007,NUTS,2010,ITH4,2,33.0
2008,NUTS,2010,ITH4,2,44.0
2009,NUTS,2010,ITH4,2,36.0
2010,NUTS,2010,ITH4,2,47.0
2011,NUTS,2010,ITH4,2,32.0
2012,NUTS,2010,ITH4,2,47.0
2013,NUTS,2010,ITH4,2,49.0
2014,NUTS,2010,ITH4,2,54.0
2015,NUTS,2010,ITH4,2,63.0
2016,NUTS,2010,ITH4,2,47.0
2017,NUTS,2010,ITH4,2,51.0
2018,NUTS,2010,ITH4,2,56.0
2019,NUTS,2010,ITH4,2,49.0
2003,NUTS,2010,ITH5,2,38.0
2004,NUTS,2010,ITH5,2,88.0
2005,NUTS,2010,ITH5,2,79.0
2007,NUTS,2010,ITH5,2,94.0
2008,NUTS,2010,ITH5,2,109.0
2009,NUTS,2010,ITH5,2,59.0
2010,NUTS,2010,ITH5,2,21.0
2011,NUTS,2010,ITH5,2,24.0
2012,NUTS,2010,ITH5,2,40.0
2013,NUTS,2010,ITH5,2,59.0
2014,NUTS,2010,ITH5,2,61.0
2015,NUTS,2010,ITH5,2,72.0
2016,NUTS,2010,ITH5,2,91.0
2017,NUTS,2010,ITH5,2,84.0
2018,NUTS,2010,ITH5,2,94.0
2019,NUTS,2010,ITH5,2,74.0
2003,NUTS,2010,ITI,1,213.0
2004,NUTS,2010,ITI,1,254.0
2005,NUTS,2010,ITI,1,773.0
2007,NUTS,2010,ITI,1,716.0
2008,NUTS,2010,ITI,1,763.0
2009,NUTS,2010,ITI,1,627.0
2010,NUTS,2010,ITI,1,771.0
2011,NUTS,2010,ITI,1,773.0
2012,NUTS,2010,ITI,1,790.0
2013,NUTS,2010,ITI,1,829.0
2014,NUTS,2010,ITI,1,895.0
2017,NUTS,2010,ITI,1,1067.0
2018,NUTS,2010,ITI,1,1024.0
2019,NUTS,2010,ITI,1,1421.0
2003,NUTS,2010,ITI1,2,27.0
2004,NUTS,2010,ITI1,2,28.0
2005,NUTS,2010,ITI1,2,116.0
2007,NUTS,2010,ITI1,2,108.0
2008,NUTS,2010,ITI1,2,113.0
2009,NUTS,2010,ITI1,2,129.0
2010,NUTS,2010,ITI1,2,122.0
2011,NUTS,2010,ITI1,2,122.0
2012,NUTS,2010,ITI1,2,147.0
2013,NUTS,2010,ITI1,2,152.0
2014,NUTS,2010,ITI1,2,168.0
2015,NUTS,2010,ITI1,2,225.0
2016,NUTS,2010,ITI1,2,230.0
2017,NUTS,2010,ITI1,2,196.0
2018,NUTS,2010,ITI1,2,203.0
2019,NUTS,2010,ITI1,2,222.0
2003,NUTS,2010,ITI2,2,4.0
2004,NUTS,2010,ITI2,2,0.0
2005,NUTS,2010,ITI2,2,25.0
2007,NUTS,2010,ITI2,2,4.0
2008,NUTS,2010,ITI2,2,4.0
2009,NUTS,2010,ITI2,2,4.0
2010,NUTS,2010,ITI2,2,4.0
2011,NUTS,2010,ITI2,2,3.0
2012,NUTS,2010,ITI2,2,2.0
2013,NUTS,2010,ITI2,2,2.0
2014,NUTS,2010,ITI2,2,2.0
2017,NUTS,2010,ITI2,2,3.0
2018,NUTS,2010,ITI2,2,5.0
2019,NUTS,2010,ITI2,2,5.0
2003,NUTS,2010,ITI3,2,9.0
2004,NUTS,2010,ITI3,2,8.0
2005,NUTS,2010,ITI3,2,7.0
2007,NUTS,2010,ITI3,2,0.0
2008,NUTS,2010,ITI3,2,1.0
2009,NUTS,2010,ITI3,2,1.0
2010,NUTS,2010,ITI3,2,3.0
2011,NUTS,2010,ITI3,2,2.0
2012,NUTS,2010,ITI3,2,2.0
2013,NUTS,2010,ITI3,2,2.0
2014,NUTS,2010,ITI3,2,5.0
2015,NUTS,2010,ITI3,2,2.0
2016,NUTS,2010,ITI3,2,4.0
2017,NUTS,2010,ITI3,2,16.0
2018,NUTS,2010,ITI3,2,14.0
2019,NUTS,2010,ITI3,2,14.0
2003,NUTS,2010,ITI4,2,173.0
2004,NUTS,2010,ITI4,2,218.0
2005,NUTS,2010,ITI4,2,625.0
2007,NUTS,2010,ITI4,2,604.0
2008,NUTS,2010,ITI4,2,645.0
2009,NUTS,2010,ITI4,2,493.0
2010,NUTS,2010,ITI4,2,642.0
2011,NUTS,2010,ITI4,2,646.0
2012,NUTS,2010,ITI4,2,639.0
2013,NUTS,2010,ITI4,2,673.0
2014,NUTS,2010,ITI4,2,720.0
2015,NUTS,2010,ITI4,2,738.0
2016,NUTS,2010,ITI4,2,667.0
2017,NUTS,2010,ITI4,2,852.0
2018,NUTS,2010,ITI4,2,802.0
2019,NUTS,2010,ITI4,2,1180.0
2001,NUTS,2010,JP,0,1239.0
2002,NUTS,2010,JP,0,1217.0
2003,NUTS,2010,JP,0,1315.0
2004,NUTS,2010,JP,0,1232.0
2005,NUTS,2010,JP,0,1150.0
2006,NUTS,2010,JP,0,1196.0
2007,NUTS,2010,JP,0,1259.0
2008,NUTS,2010,JP,0,1315.0
2009,NUTS,2010,JP,0,1228.0
2010,NUTS,2010,JP,0,1197.0
2011,NUTS,2010,JP,0,1167.0
2012,NUTS,2010,JP,0,1187.0
2013,NUTS,2010,JP,0,1300.0
2014,NUTS,2010,JP,0,1459.0
2015,NUTS,2010,JP,0,1454.0
2016,NUTS,2010,JP,0,1495.0
2017,NUTS,2010,JP,0,1488.0
2018,NUTS,2010,JP,0,1456.0
2019,NUTS,2010,JP,0,1561.0
1997,NUTS,2010,KR,0,450.0
1998,NUTS,2010,KR,0,297.0
1999,NUTS,2010,KR,0,436.0
2000,NUTS,2010,KR,0,141.0
2001,NUTS,2010,KR,0,168.0
2002,NUTS,2010,KR,0,216.0
2003,NUTS,2010,KR,0,208.0
2004,NUTS,2010,KR,0,208.0
2005,NUTS,2010,KR,0,489.0
2006,NUTS,2010,KR,0,674.0
2007,NUTS,2010,KR,0,773.0
2008,NUTS,2010,KR,0,1234.0
2009,NUTS,2010,KR,0,1143.0
2010,NUTS,2010,KR,0,1428.0
2011,NUTS,2010,KR,0,1677.0
2012,NUTS,2010,KR,0,934.0
2013,NUTS,2010,KR,0,1253.0
2014,NUTS,2010,KR,0,1568.0
2015,NUTS,2010,KR,0,1808.0
2016,NUTS,2010,KR,0,1918.0
2017,NUTS,2010,KR,0,1953.0
2018,NUTS,2010,KR,0,1975.0
2019,NUTS,2010,KR,0,2236.0
2001,NUTS,2010,LV,0,1.0
2002,NUTS,2010,LV,0,2.0
2011,NUTS,2010,ME,0,5.0
2013,NUTS,2010,ME,0,16.0
2014,NUTS,2010,ME,0,15.0
2015,NUTS,2010,ME,0,36.0
2017,NUTS,2010,ME,0,17.0
2018,NUTS,2010,ME,0,20.0
2019,NUTS,2010,ME,0,16.0
2015,NUTS,2010,MK,0,9.0
2016,NUTS,2010,MK,0,39.0
2017,NUTS,2010,MK,0,41.0
2018,NUTS,2010,MK,0,32.0
2019,NUTS,2010,MK,0,25.0
2002,NUTS,2010,MT,0,0.0
2003,NUTS,2010,MT,0,0.0
2004,NUTS,2010,MT,0,0.0
2005,NUTS,2010,MT,0,0.0
2006,NUTS,2010,MT,0,0.0
2007,NUTS,2010,MT,0,0.0
2008,NUTS,2010,MT,0,0.0
2009,NUTS,2010,MT,0,0.0
2001,NUTS,2010,NL,0,85.0
2013,NUTS,2010,NL,0,0.0
2014,NUTS,2010,NL,0,0.0
2015,NUTS,2010,NL,0,0.0
2016,NUTS,2010,NL,0,0.0
2017,NUTS,2010,NL,0,0.0
2018,NUTS,2010,NL,0,0.0
2019,NUTS,2010,NL,0,0.0
2003,NUTS,2010,NL3,1,8.0
2003,NUTS,2010,NL32,2,8.0
2000,NUTS,2010,PL,0,8.0
2003,NUTS,2010,PL,0,29.0
2004,NUTS,2010,PL,0,28.0
2005,NUTS,2010,PL,0,54.0
2006,NUTS,2010,PL,0,62.0
2007,NUTS,2010,PL,0,30.0
2008,NUTS,2010,PL,0,17.0
2009,NUTS,2010,PL,0,8.0
2010,NUTS,2010,PL,0,28.0
2011,NUTS,2010,PL,0,34.0
2012,NUTS,2010,PL,0,78.0
2013,NUTS,2010,PL,0,66.0
2014,NUTS,2010,PL,0,81.0
2015,NUTS,2010,PL,0,79.0
2016,NUTS,2010,PL,0,369.0
2017,NUTS,2010,PL,0,787.0
2018,NUTS,2010,PL,0,795.0
2019,NUTS,2010,PL,0,795.0
2000,NUTS,2010,PL1,1,0.0
2003,NUTS,2010,PL1,1,26.0
2004,NUTS,2010,PL1,1,19.0
2005,NUTS,2010,PL1,1,28.0
2006,NUTS,2010,PL1,1,32.0
2007,NUTS,2010,PL1,1,12.0
2008,NUTS,2010,PL1,1,6.0
2009,NUTS,2010,PL1,1,4.0
2011,NUTS,2010,PL1,1,20.0
2012,NUTS,2010,PL1,1,41.0
2013,NUTS,2010,PL1,1,38.0
2014,NUTS,2010,PL1,1,37.0
2015,NUTS,2010,PL1,1,39.0
2003,NUTS,2010,PL11,2,1.0
2004,NUTS,2010,PL11,2,1.0
2005,NUTS,2010,PL11,2,10.0
2007,NUTS,2010,PL11,2,0.0
2008,NUTS,2010,PL11,2,0.0
2009,NUTS,2010,PL11,2,4.0
2012,NUTS,2010,PL11,2,10.0
2000,NUTS,2010,PL12,2,0.0
2003,NUTS,2010,PL12,2,25.0
2004,NUTS,2010,PL12,2,18.0
2005,NUTS,2010,PL12,2,18.0
2007,NUTS,2010,PL12,2,12.0
2008,NUTS,2010,PL12,2,6.0
2009,NUTS,2010,PL12,2,0.0
2010,NUTS,2010,PL12,2,9.0
2012,NUTS,2010,PL12,2,31.0
2000,NUTS,2010,PL2,1,0.0
2003,NUTS,2010,PL2,1,2.0
2004,NUTS,2010,PL2,1,0.0
2005,NUTS,2010,PL2,1,4.0
2006,NUTS,2010,PL2,1,9.0
2007,NUTS,2010,PL2,1,3.0
2008,NUTS,2010,PL2,1,11.0
2009,NUTS,2010,PL2,1,3.0
2011,NUTS,2010,PL2,1,8.0
2013,NUTS,2010,PL2,1,20.0
2014,NUTS,2010,PL2,1,18.0
2015,NUTS,2010,PL2,1,7.0
2016,NUTS,2010,PL2,1,81.0
2017,NUTS,2010,PL2,1,133.0
2018,NUTS,2010,PL2,1,126.0
2019,NUTS,2010,PL2,1,112.0
2000,NUTS,2010,PL21,2,0.0
2003,NUTS,2010,PL21,2,1.0
2004,NUTS,2010,PL21,2,0.0
2005,NUTS,2010,PL21,2,0.0
2008,NUTS,2010,PL21,2,3.0
2009,NUTS,2010,PL21,2,3.0
2011,NUTS,2010,PL21,2,8.0
2015,NUTS,2010,PL21,2,7.0
2017,NUTS,2010,PL21,2,77.0
2018,NUTS,2010,PL21,2,55.0
2019,NUTS,2010,PL21,2,81.0
2000,NUTS,2010,PL22,2,0.0
2003,NUTS,2010,PL22,2,1.0
2004,NUTS,2010,PL22,2,0.0
2005,NUTS,2010,PL22,2,4.0
2008,NUTS,2010,PL22,2,8.0
2009,NUTS,2010,PL22,2,0.0
2010,NUTS,2010,PL22,2,0.0
2011,NUTS,2010,PL22,2,0.0
2012,NUTS,2010,PL22,2,0.0
2015,NUTS,2010,PL22,2,0.0
2017,NUTS,2010,PL22,2,56.0
2018,NUTS,2010,PL22,2,71.0
2019,NUTS,2010,PL22,2,31.0
2000,NUTS,2010,PL3,1,0.0
2004,NUTS,2010,PL3,1,0.0
2005,NUTS,2010,PL3,1,1.0
2006,NUTS,2010,PL3,1,1.0
2009,NUTS,2010,PL3,1,0.0
2005,NUTS,2010,PL31,2,0.0
2006,NUTS,2010,PL31,2,0.0
2007,NUTS,2010,PL31,2,0.0
2009,NUTS,2010,PL31,2,0.0
2011,NUTS,2010,PL31,2,0.0
2012,NUTS,2010,PL31,2,0.0
2013,NUTS,2010,PL31,2,0.0
2014,NUTS,2010,PL31,2,0.0
2015,NUTS,2010,PL31,2,0.0
2004,NUTS,2010,PL32,2,0.0
2005,NUTS,2010,PL32,2,1.0
2005,NUTS,2010,PL33,2,0.0
2007,NUTS,2010,PL33,2,0.0
2010,NUTS,2010,PL33,2,0.0
2015,NUTS,2010,PL33,2,0.0
2005,NUTS,2010,PL34,2,0.0
2006,NUTS,2010,PL34,2,0.0
2007,NUTS,2010,PL34,2,0.0
2013,NUTS,2010,PL34,2,0.0
2000,NUTS,2010,PL4,1,0.0
2003,NUTS,2010,PL4,1,1.0
2004,NUTS,2010,PL4,1,1.0
2005,NUTS,2010,PL4,1,4.0
2006,NUTS,2010,PL4,1,12.0
2007,NUTS,2010,PL4,1,4.0
2009,NUTS,2010,PL4,1,1.0
2013,NUTS,2010,PL4,1,3.0
2016,NUTS,2010,PL4,1,30.0
2017,NUTS,2010,PL4,1,65.0
2018,NUTS,2010,PL4,1,30.0
2000,NUTS,2010,PL41,2,0.0
2005,NUTS,2010,PL41,2,4.0
2006,NUTS,2010,PL41,2,12.0
2007,NUTS,2010,PL41,2,4.0
2009,NUTS,2010,PL41,2,0.0
2010,NUTS,2010,PL41,2,0.0
2011,NUTS,2010,PL41,2,0.0
2017,NUTS,2010,PL41,2,58.0
2018,NUTS,2010,PL41,2,27.0
2019,NUTS,2010,PL41,2,31.0
2005,NUTS,2010,PL42,2,0.0
2006,NUTS,2010,PL42,2,0.0
2007,NUTS,2010,PL42,2,0.0
2014,NUTS,2010,PL42,2,5.0
2018,NUTS,2010,PL42,2,3.0
2003,NUTS,2010,PL43,2,1.0
2004,NUTS,2010,PL43,2,1.0
2005,NUTS,2010,PL43,2,0.0
2006,NUTS,2010,PL43,2,0.0
2007,NUTS,2010,PL43,2,0.0
2010,NUTS,2010,PL43,2,0.0
2015,NUTS,2010,PL43,2,0.0
2018,NUTS,2010,PL43,2,0.0
2019,NUTS,2010,PL43,2,0.0
2005,NUTS,2010,PL5,1,0.0
2006,NUTS,2010,PL5,1,0.0
2007,NUTS,2010,PL5,1,0.0
2014,NUTS,2010,PL5,1,3.0
2016,NUTS,2010,PL5,1,23.0
2017,NUTS,2010,PL5,1,18.0
2018,NUTS,2010,PL5,1,60.0
2005,NUTS,2010,PL51,2,0.0
2006,NUTS,2010,PL51,2,0.0
2007,NUTS,2010,PL51,2,0.0
2009,NUTS,2010,PL51,2,0.0
2015,NUTS,2010,PL51,2,6.0
2019,NUTS,2010,PL51,2,63.0
2005,NUTS,2010,PL52,2,0.0
2006,NUTS,2010,PL52,2,0.0
2007,NUTS,2010,PL52,2,0.0
2010,NUTS,2010,PL52,2,0.0
2000,NUTS,2010,PL6,1,8.0
2004,NUTS,2010,PL6,1,8.0
2005,NUTS,2010,PL6,1,17.0
2006,NUTS,2010,PL6,1,8.0
2010,NUTS,2010,PL6,1,10.0
2011,NUTS,2010,PL6,1,0.0
2014,NUTS,2010,PL6,1,0.0
2015,NUTS,2010,PL6,1,0.0
2016,NUTS,2010,PL6,1,10.0
2017,NUTS,2010,PL6,1,124.0
2018,NUTS,2010,PL6,1,79.0
2019,NUTS,2010,PL6,1,79.0
2005,NUTS,2010,PL61,2,0.0
2006,NUTS,2010,PL61,2,0.0
2007,NUTS,2010,PL61,2,0.0
2010,NUTS,2010,PL61,2,0.0
2011,NUTS,2010,PL61,2,0.0
2012,NUTS,2010,PL61,2,0.0
2013,NUTS,2010,PL61,2,0.0
2014,NUTS,2010,PL61,2,0.0
2015,NUTS,2010,PL61,2,0.0
2005,NUTS,2010,PL62,2,0.0
2006,NUTS,2010,PL62,2,0.0
2007,NUTS,2010,PL62,2,0.0
2015,NUTS,2010,PL62,2,0.0
2000,NUTS,2010,PL63,2,8.0
2004,NUTS,2010,PL63,2,8.0
2005,NUTS,2010,PL63,2,17.0
2011,NUTS,2010,PL63,2,0.0
2013,NUTS,2010,PL63,2,0.0
2014,NUTS,2010,PL63,2,0.0
2015,NUTS,2010,PL63,2,0.0
2018,NUTS,2010,PL63,2,34.0
2019,NUTS,2010,PL63,2,31.0
2016,NUTS,2010,PL7,1,21.0
2017,NUTS,2010,PL7,1,23.0
2018,NUTS,2010,PL7,1,135.0
2019,NUTS,2010,PL7,1,166.0
2016,NUTS,2010,PL71,2,21.0
2016,NUTS,2010,PL8,1,13.0
2017,NUTS,2010,PL8,1,11.0
2018,NUTS,2010,PL8,1,59.0
2019,NUTS,2010,PL8,1,27.0
2019,NUTS,2010,PL81,2,5.0
2016,NUTS,2010,PL9,1,191.0
2017,NUTS,2010,PL9,1,413.0
2018,NUTS,2010,PL9,1,306.0
2019,NUTS,2010,PL9,1,305.0
2018,NUTS,2010,PL91,2,306.0
2019,NUTS,2010,PL91,2,305.0
2018,NUTS,2010,PL92,2,0.0
2019,NUTS,2010,PL92,2,0.0
1997,NUTS,2010,PT,0,1153.0
1998,NUTS,2010,PT,0,1227.0
1999,NUTS,2010,PT,0,1301.0
2000,NUTS,2010,PT,0,1441.0
2001,NUTS,2010,PT,0,1580.0
2002,NUTS,2010,PT,0,1806.0
2003,NUTS,2010,PT,0,2032.0
2004,NUTS,2010,PT,0,1980.0
2005,NUTS,2010,PT,0,1928.0
2006,NUTS,2010,PT,0,2236.0
2007,NUTS,2010,PT,0,2543.0
2008,NUTS,2010,PT,0,2728.0
2009,NUTS,2010,PT,0,2700.0
2010,NUTS,2010,PT,0,3162.0
2011,NUTS,2010,PT,0,3517.0
2012,NUTS,2010,PT,0,3259.0
2013,NUTS,2010,PT,0,335.0
2014,NUTS,2010,PT,0,343.0
2015,NUTS,2010,PT,0,287.0
2016,NUTS,2010,PT,0,300.0
2017,NUTS,2010,PT,0,310.0
2018,NUTS,2010,PT,0,344.0
2019,NUTS,2010,PT,0,360.0
2020,NUTS,2010,PT,0,532.0
2000,NUTS,2010,PT1,1,1411.0
2001,NUTS,2010,PT1,1,1549.0
2002,NUTS,2010,PT1,1,1783.0
2003,NUTS,2010,PT1,1,2014.0
2004,NUTS,2010,PT1,1,1939.0
2005,NUTS,2010,PT1,1,1864.0
2006,NUTS,2010,PT1,1,2180.0
2007,NUTS,2010,PT1,1,2495.0
2008,NUTS,2010,PT1,1,2680.0
2009,NUTS,2010,PT1,1,2650.0
2010,NUTS,2010,PT1,1,3106.0
2011,NUTS,2010,PT1,1,3454.0
2012,NUTS,2010,PT1,1,3210.0
2013,NUTS,2010,PT1,1,333.0
2014,NUTS,2010,PT1,1,338.0
2015,NUTS,2010,PT1,1,283.0
2016,NUTS,2010,PT1,1,296.0
2017,NUTS,2010,PT1,1,305.0
2018,NUTS,2010,PT1,1,339.0
2019,NUTS,2010,PT1,1,360.0
2020,NUTS,2010,PT1,1,526.0
2000,NUTS,2010,PT11,2,514.0
2001,NUTS,2010,PT11,2,565.0
2002,NUTS,2010,PT11,2,629.0
2003,NUTS,2010,PT11,2,692.0
2004,NUTS,2010,PT11,2,644.0
2005,NUTS,2010,PT11,2,596.0
2006,NUTS,2010,PT11,2,736.0
2007,NUTS,2010,PT11,2,875.0
2008,NUTS,2010,PT11,2,889.0
2009,NUTS,2010,PT11,2,905.0
2010,NUTS,2010,PT11,2,996.0
2011,NUTS,2010,PT11,2,1153.0
2012,NUTS,2010,PT11,2,1172.0
2013,NUTS,2010,PT11,2,16.0
2014,NUTS,2010,PT11,2,15.0
2015,NUTS,2010,PT11,2,16.0
2016,NUTS,2010,PT11,2,21.0
2017,NUTS,2010,PT11,2,26.0
2018,NUTS,2010,PT11,2,24.0
2019,NUTS,2010,PT11,2,40.0
2020,NUTS,2010,PT11,2,102.0
2000,NUTS,2010,PT15,2,7.0
2001,NUTS,2010,PT15,2,8.0
2002,NUTS,2010,PT15,2,9.0
2003,NUTS,2010,PT15,2,9.0
2004,NUTS,2010,PT15,2,5.0
2005,NUTS,2010,PT15,2,0.0
2006,NUTS,2010,PT15,2,0.0
2007,NUTS,2010,PT15,2,0.0
2008,NUTS,2010,PT15,2,0.0
2009,NUTS,2010,PT15,2,0.0
2010,NUTS,2010,PT15,2,0.0
2011,NUTS,2010,PT15,2,3.0
2012,NUTS,2010,PT15,2,0.0
2013,NUTS,2010,PT15,2,0.0
2014,NUTS,2010,PT15,2,0.0
2015,NUTS,2010,PT15,2,0.0
2016,NUTS,2010,PT15,2,0.0
2017,NUTS,2010,PT15,2,0.0
2018,NUTS,2010,PT15,2,0.0
2019,NUTS,2010,PT15,2,0.0
2020,NUTS,2010,PT15,2,6.0
2000,NUTS,2010,PT16,2,295.0
2001,NUTS,2010,PT16,2,363.0
2002,NUTS,2010,PT16,2,396.0
2003,NUTS,2010,PT16,2,429.0
2004,NUTS,2010,PT16,2,394.0
2005,NUTS,2010,PT16,2,358.0
2006,NUTS,2010,PT16,2,400.0
2007,NUTS,2010,PT16,2,442.0
2008,NUTS,2010,PT16,2,456.0
2009,NUTS,2010,PT16,2,424.0
2010,NUTS,2010,PT16,2,565.0
2011,NUTS,2010,PT16,2,666.0
2012,NUTS,2010,PT16,2,633.0
2013,NUTS,2010,PT16,2,11.0
2014,NUTS,2010,PT16,2,11.0
2015,NUTS,2010,PT16,2,11.0
2016,NUTS,2010,PT16,2,10.0
2017,NUTS,2010,PT16,2,13.0
2018,NUTS,2010,PT16,2,18.0
2019,NUTS,2010,PT16,2,22.0
2020,NUTS,2010,PT16,2,75.0
2000,NUTS,2010,PT17,2,565.0
2001,NUTS,2010,PT17,2,561.0
2002,NUTS,2010,PT17,2,719.0
2003,NUTS,2010,PT17,2,876.0
2004,NUTS,2010,PT17,2,888.0
2005,NUTS,2010,PT17,2,900.0
2006,NUTS,2010,PT17,2,1028.0
2007,NUTS,2010,PT17,2,1155.0
2008,NUTS,2010,PT17,2,1312.0
2009,NUTS,2010,PT17,2,1307.0
2010,NUTS,2010,PT17,2,1545.0
2011,NUTS,2010,PT17,2,1632.0
2012,NUTS,2010,PT17,2,1405.0
2013,NUTS,2010,PT17,2,306.0
2014,NUTS,2010,PT17,2,312.0
2015,NUTS,2010,PT17,2,256.0
2016,NUTS,2010,PT17,2,264.0
2017,NUTS,2010,PT17,2,265.0
2018,NUTS,2010,PT17,2,296.0
2019,NUTS,2010,PT17,2,297.0
2020,NUTS,2010,PT17,2,328.0
2000,NUTS,2010,PT18,2,30.0
2001,NUTS,2010,PT18,2,52.0
2002,NUTS,2010,PT18,2,30.0
2003,NUTS,2010,PT18,2,8.0
2004,NUTS,2010,PT18,2,9.0
2005,NUTS,2010,PT18,2,10.0
2006,NUTS,2010,PT18,2,17.0
2007,NUTS,2010,PT18,2,23.0
2008,NUTS,2010,PT18,2,23.0
2009,NUTS,2010,PT18,2,14.0
2010,NUTS,2010,PT18,2,0.0
2011,NUTS,2010,PT18,2,0.0
2012,NUTS,2010,PT18,2,0.0
2013,NUTS,2010,PT18,2,0.0
2014,NUTS,2010,PT18,2,0.0
2015,NUTS,2010,PT18,2,0.0
2016,NUTS,2010,PT18,2,1.0
2017,NUTS,2010,PT18,2,1.0
2018,NUTS,2010,PT18,2,1.0
2019,NUTS,2010,PT18,2,1.0
2020,NUTS,2010,PT18,2,15.0
2000,NUTS,2010,PT2,1,17.0
2001,NUTS,2010,PT2,1,17.0
2002,NUTS,2010,PT2,1,17.0
2003,NUTS,2010,PT2,1,16.0
2004,NUTS,2010,PT2,1,39.0
2005,NUTS,2010,PT2,1,61.0
2006,NUTS,2010,PT2,1,53.0
2007,NUTS,2010,PT2,1,45.0
2008,NUTS,2010,PT2,1,45.0
2009,NUTS,2010,PT2,1,47.0
2010,NUTS,2010,PT2,1,51.0
2011,NUTS,2010,PT2,1,43.0
2012,NUTS,2010,PT2,1,37.0
2013,NUTS,2010,PT2,1,0.0
2014,NUTS,2010,PT2,1,0.0
2015,NUTS,2010,PT2,1,0.0
2016,NUTS,2010,PT2,1,0.0
2017,NUTS,2010,PT2,1,0.0
2018,NUTS,2010,PT2,1,0.0
2019,NUTS,2010,PT2,1,0.0
2020,NUTS,2010,PT2,1,5.0
2000,NUTS,2010,PT20,2,17.0
2001,NUTS,2010,PT20,2,17.0
2002,NUTS,2010,PT20,2,17.0
2003,NUTS,2010,PT20,2,16.0
2004,NUTS,2010,PT20,2,39.0
2005,NUTS,2010,PT20,2,61.0
2006,NUTS,2010,PT20,2,53.0
2007,NUTS,2010,PT20,2,45.0
2008,NUTS,2010,PT20,2,45.0
2009,NUTS,2010,PT20,2,47.0
2010,NUTS,2010,PT20,2,51.0
2011,NUTS,2010,PT20,2,43.0
2012,NUTS,2010,PT20,2,37.0
2013,NUTS,2010,PT20,2,0.0
2014,NUTS,2010,PT20,2,0.0
2015,NUTS,2010,PT20,2,0.0
2016,NUTS,2010,PT20,2,0.0
2017,NUTS,2010,PT20,2,0.0
2018,NUTS,2010,PT20,2,0.0
2019,NUTS,2010,PT20,2,0.0
2020,NUTS,2010,PT20,2,5.0
2000,NUTS,2010,PT3,1,13.0
2001,NUTS,2010,PT3,1,14.0
2002,NUTS,2010,PT3,1,7.0
2004,NUTS,2010,PT3,1,2.0
2005,NUTS,2010,PT3,1,3.0
2006,NUTS,2010,PT3,1,3.0
2007,NUTS,2010,PT3,1,3.0
2008,NUTS,2010,PT3,1,3.0
2009,NUTS,2010,PT3,1,3.0
2010,NUTS,2010,PT3,1,5.0
2011,NUTS,2010,PT3,1,20.0
2012,NUTS,2010,PT3,1,12.0
2013,NUTS,2010,PT3,1,2.0
2014,NUTS,2010,PT3,1,5.0
2015,NUTS,2010,PT3,1,4.0
2016,NUTS,2010,PT3,1,4.0
2017,NUTS,2010,PT3,1,5.0
2018,NUTS,2010,PT3,1,5.0
2019,NUTS,2010,PT3,1,0.0
2020,NUTS,2010,PT3,1,1.0
2000,NUTS,2010,PT30,2,13.0
2001,NUTS,2010,PT30,2,14.0
2002,NUTS,2010,PT30,2,7.0
2004,NUTS,2010,PT30,2,2.0
2005,NUTS,2010,PT30,2,3.0
2006,NUTS,2010,PT30,2,3.0
2007,NUTS,2010,PT30,2,3.0
2008,NUTS,2010,PT30,2,3.0
2009,NUTS,2010,PT30,2,3.0
2010,NUTS,2010,PT30,2,5.0
2011,NUTS,2010,PT30,2,20.0
2012,NUTS,2010,PT30,2,12.0
2013,NUTS,2010,PT30,2,2.0
2014,NUTS,2010,PT30,2,5.0
2015,NUTS,2010,PT30,2,4.0
2016,NUTS,2010,PT30,2,4.0
2017,NUTS,2010,PT30,2,5.0
2018,NUTS,2010,PT30,2,5.0
2019,NUTS,2010,PT30,2,0.0
2020,NUTS,2010,PT30,2,1.0
2003,NUTS,2010,RO,0,40.0
2004,NUTS,2010,RO,0,112.0
2005,NUTS,2010,RO,0,116.0
2006,NUTS,2010,RO,0,54.0
2007,NUTS,2010,RO,0,72.0
2008,NUTS,2010,RO,0,48.0
2009,NUTS,2010,RO,0,53.0
2010,NUTS,2010,RO,0,73.0
2011,NUTS,2010,RO,0,72.0
2012,NUTS,2010,RO,0,85.0
2013,NUTS,2010,RO,0,47.0
2014,NUTS,2010,RO,0,58.0
2015,NUTS,2010,RO,0,116.0
2016,NUTS,2010,RO,0,128.0
2017,NUTS,2010,RO,0,42.0
2018,NUTS,2010,RO,0,64.0
2019,NUTS,2010,RO,0,88.0
2004,NUTS,2010,RO1,1,3.0
2005,NUTS,2010,RO1,1,8.0
2006,NUTS,2010,RO1,1,2.0
2007,NUTS,2010,RO1,1,5.0
2008,NUTS,2010,RO1,1,9.0
2009,NUTS,2010,RO1,1,38.0
2010,NUTS,2010,RO1,1,16.0
2011,NUTS,2010,RO1,1,9.0
2012,NUTS,2010,RO1,1,12.0
2013,NUTS,2010,RO1,1,10.0
2014,NUTS,2010,RO1,1,9.0
2015,NUTS,2010,RO1,1,9.0
2016,NUTS,2010,RO1,1,5.0
2017,NUTS,2010,RO1,1,7.0
2018,NUTS,2010,RO1,1,10.0
2019,NUTS,2010,RO1,1,6.0
2005,NUTS,2010,RO11,2,7.0
2007,NUTS,2010,RO11,2,5.0
2008,NUTS,2010,RO11,2,9.0
2009,NUTS,2010,RO11,2,27.0
2010,NUTS,2010,RO11,2,16.0
2011,NUTS,2010,RO11,2,9.0
2012,NUTS,2010,RO11,2,12.0
2013,NUTS,2010,RO11,2,10.0
2014,NUTS,2010,RO11,2,8.0
2015,NUTS,2010,RO11,2,3.0
2016,NUTS,2010,RO11,2,5.0
2017,NUTS,2010,RO11,2,7.0
2018,NUTS,2010,RO11,2,10.0
2019,NUTS,2010,RO11,2,6.0
2004,NUTS,2010,RO12,2,3.0
2005,NUTS,2010,RO12,2,1.0
2006,NUTS,2010,RO12,2,2.0
2009,NUTS,2010,RO12,2,11.0
2014,NUTS,2010,RO12,2,1.0
2015,NUTS,2010,RO12,2,6.0
2016,NUTS,2010,RO12,2,0.0
2017,NUTS,2010,RO12,2,0.0
2018,NUTS,2010,RO12,2,0.0
2019,NUTS,2010,RO12,2,0.0
2004,NUTS,2010,RO2,1,40.0
2005,NUTS,2010,RO2,1,40.0
2007,NUTS,2010,RO2,1,1.0
2009,NUTS,2010,RO2,1,3.0
2010,NUTS,2010,RO2,1,24.0
2011,NUTS,2010,RO2,1,58.0
2012,NUTS,2010,RO2,1,2.0
2014,NUTS,2010,RO2,1,3.0
2015,NUTS,2010,RO2,1,5.0
2016,NUTS,2010,RO2,1,5.0
2017,NUTS,2010,RO2,1,7.0
2018,NUTS,2010,RO2,1,26.0
2019,NUTS,2010,RO2,1,58.0
2004,NUTS,2010,RO21,2,40.0
2005,NUTS,2010,RO21,2,40.0
2007,NUTS,2010,RO21,2,1.0
2009,NUTS,2010,RO21,2,3.0
2010,NUTS,2010,RO21,2,24.0
2011,NUTS,2010,RO21,2,57.0
2012,NUTS,2010,RO21,2,1.0
2015,NUTS,2010,RO21,2,0.0
2016,NUTS,2010,RO21,2,0.0
2017,NUTS,2010,RO21,2,1.0
2018,NUTS,2010,RO21,2,23.0
2019,NUTS,2010,RO21,2,56.0
2011,NUTS,2010,RO22,2,1.0
2012,NUTS,2010,RO22,2,1.0
2014,NUTS,2010,RO22,2,3.0
2015,NUTS,2010,RO22,2,5.0
2016,NUTS,2010,RO22,2,5.0
2017,NUTS,2010,RO22,2,6.0
2018,NUTS,2010,RO22,2,3.0
2019,NUTS,2010,RO22,2,2.0
2003,NUTS,2010,RO3,1,40.0
2004,NUTS,2010,RO3,1,66.0
2005,NUTS,2010,RO3,1,53.0
2006,NUTS,2010,RO3,1,52.0
2007,NUTS,2010,RO3,1,66.0
2008,NUTS,2010,RO3,1,29.0
2009,NUTS,2010,RO3,1,12.0
2010,NUTS,2010,RO3,1,31.0
2011,NUTS,2010,RO3,1,2.0
2012,NUTS,2010,RO3,1,71.0
2013,NUTS,2010,RO3,1,37.0
2014,NUTS,2010,RO3,1,44.0
2015,NUTS,2010,RO3,1,100.0
2016,NUTS,2010,RO3,1,117.0
2017,NUTS,2010,RO3,1,28.0
2018,NUTS,2010,RO3,1,28.0
2019,NUTS,2010,RO3,1,24.0
2004,NUTS,2010,RO31,2,1.0
2005,NUTS,2010,RO31,2,1.0
2007,NUTS,2010,RO31,2,26.0
2015,NUTS,2010,RO31,2,0.0
2016,NUTS,2010,RO31,2,0.0
2017,NUTS,2010,RO31,2,0.0
2018,NUTS,2010,RO31,2,1.0
2019,NUTS,2010,RO31,2,1.0
2003,NUTS,2010,RO32,2,40.0
2004,NUTS,2010,RO32,2,65.0
2005,NUTS,2010,RO32,2,52.0
2006,NUTS,2010,RO32,2,52.0
2007,NUTS,2010,RO32,2,40.0
2008,NUTS,2010,RO32,2,29.0
2009,NUTS,2010,RO32,2,12.0
2010,NUTS,2010,RO32,2,31.0
2011,NUTS,2010,RO32,2,2.0
2012,NUTS,2010,RO32,2,71.0
2013,NUTS,2010,RO32,2,37.0
2014,NUTS,2010,RO32,2,44.0
2015,NUTS,2010,RO32,2,100.0
2016,NUTS,2010,RO32,2,117.0
2017,NUTS,2010,RO32,2,28.0
2018,NUTS,2010,RO32,2,27.0
2019,NUTS,2010,RO32,2,23.0
2004,NUTS,2010,RO4,1,3.0
2005,NUTS,2010,RO4,1,15.0
2008,NUTS,2010,RO4,1,10.0
2011,NUTS,2010,RO4,1,3.0
2014,NUTS,2010,RO4,1,2.0
2015,NUTS,2010,RO4,1,2.0
2016,NUTS,2010,RO4,1,1.0
2017,NUTS,2010,RO4,1,0.0
2018,NUTS,2010,RO4,1,0.0
2019,NUTS,2010,RO4,1,0.0
2011,NUTS,2010,RO41,2,2.0
2015,NUTS,2010,RO41,2,0.0
2016,NUTS,2010,RO41,2,0.0
2017,NUTS,2010,RO41,2,0.0
2018,NUTS,2010,RO41,2,0.0
2019,NUTS,2010,RO41,2,0.0
2004,NUTS,2010,RO42,2,3.0
2005,NUTS,2010,RO42,2,15.0
2008,NUTS,2010,RO42,2,10.0
2011,NUTS,2010,RO42,2,1.0
2014,NUTS,2010,RO42,2,2.0
2015,NUTS,2010,RO42,2,2.0
2016,NUTS,2010,RO42,2,1.0
2017,NUTS,2010,RO42,2,0.0
2018,NUTS,2010,RO42,2,0.0
2019,NUTS,2010,RO42,2,0.0
2008,NUTS,2010,RS,0,8.0
2009,NUTS,2010,RS,0,8.0
2010,NUTS,2010,RS,0,0.0
2011,NUTS,2010,RS,0,8.0
2012,NUTS,2010,RS,0,1.0
2013,NUTS,2010,RS,0,3.0
2014,NUTS,2010,RS,0,4.0
2015,NUTS,2010,RS,0,4.0
2016,NUTS,2010,RS,0,6.0
2017,NUTS,2010,RS,0,1.0
2018,NUTS,2010,RS,0,2.0
2019,NUTS,2010,RS,0,3.0
2020,NUTS,2010,RS,0,3.0
2018,NUTS,2010,RS1,1,2.0
2019,NUTS,2010,RS1,1,3.0
2020,NUTS,2010,RS1,1,3.0
2018,NUTS,2010,RS11,2,2.0
2019,NUTS,2010,RS11,2,3.0
2020,NUTS,2010,RS11,2,3.0
2018,NUTS,2010,RS12,2,0.0
2019,NUTS,2010,RS12,2,0.0
2020,NUTS,2010,RS12,2,0.0
2018,NUTS,2010,RS2,1,0.0
2019,NUTS,2010,RS2,1,0.0
2020,NUTS,2010,RS2,1,0.0
2018,NUTS,2010,RS21,2,0.0
2019,NUTS,2010,RS21,2,0.0
2020,NUTS,2010,RS21,2,0.0
2018,NUTS,2010,RS22,2,0.0
2019,NUTS,2010,RS22,2,0.0
2020,NUTS,2010,RS22,2,0.0
1994,NUTS,2010,RU,0,52.0
1995,NUTS,2010,RU,0,59.0
1996,NUTS,2010,RU,0,73.0
1997,NUTS,2010,RU,0,87.0
1998,NUTS,2010,RU,0,144.0
1999,NUTS,2010,RU,0,120.0
2000,NUTS,2010,RU,0,149.0
2001,NUTS,2010,RU,0,159.0
2002,NUTS,2010,RU,0,219.0
2003,NUTS,2010,RU,0,125.0
2004,NUTS,2010,RU,0,125.0
2005,NUTS,2010,RU,0,81.0
2006,NUTS,2010,RU,0,222.0
2007,NUTS,2010,RU,0,343.0
2008,NUTS,2010,RU,0,305.0
2009,NUTS,2010,RU,0,284.0
2010,NUTS,2010,RU,0,266.0
2011,NUTS,2010,RU,0,281.0
2012,NUTS,2010,RU,0,289.0
2013,NUTS,2010,RU,0,205.0
2014,NUTS,2010,RU,0,170.0
2015,NUTS,2010,RU,0,223.0
2017,NUTS,2010,RU,0,548.0
2018,NUTS,2010,RU,0,414.0
2019,NUTS,2010,RU,0,462.0
2005,NUTS,2010,SE,0,136.0
2007,NUTS,2010,SE,0,38.0
2009,NUTS,2010,SE,0,37.0
2011,NUTS,2010,SE,0,114.0
2013,NUTS,2010,SE,0,207.0
2015,NUTS,2010,SE,0,116.0
1993,NUTS,2010,SI,0,17.0
1994,NUTS,2010,SI,0,23.0
1995,NUTS,2010,SI,0,23.0
1996,NUTS,2010,SI,0,25.0
1997,NUTS,2010,SI,0,23.0
1998,NUTS,2010,SI,0,28.0
1999,NUTS,2010,SI,0,14.0
2000,NUTS,2010,SI,0,18.0
2001,NUTS,2010,SI,0,50.0
2002,NUTS,2010,SI,0,46.0
2003,NUTS,2010,SI,0,5.0
2004,NUTS,2010,SI,0,7.0
2005,NUTS,2010,SI,0,4.0
2006,NUTS,2010,SI,0,6.0
2007,NUTS,2010,SI,0,5.0
2008,NUTS,2010,SI,0,8.0
2009,NUTS,2010,SI,0,6.0
2010,NUTS,2010,SI,0,6.0
2011,NUTS,2010,SI,0,9.0
2012,NUTS,2010,SI,0,5.0
2013,NUTS,2010,SI,0,5.0
2014,NUTS,2010,SI,0,1.0
2015,NUTS,2010,SI,0,2.0
2016,NUTS,2010,SI,0,1.0
2017,NUTS,2010,SI,0,20.0
2018,NUTS,2010,SI,0,33.0
2019,NUTS,2010,SI,0,66.0
1993,NUTS,2010,SI0,1,17.0
1994,NUTS,2010,SI0,1,23.0
1995,NUTS,2010,SI0,1,23.0
1996,NUTS,2010,SI0,1,25.0
1997,NUTS,2010,SI0,1,23.0
1998,NUTS,2010,SI0,1,28.0
1999,NUTS,2010,SI0,1,14.0
2000,NUTS,2010,SI0,1,18.0
2001,NUTS,2010,SI0,1,50.0
2002,NUTS,2010,SI0,1,46.0
2003,NUTS,2010,SI0,1,5.0
2004,NUTS,2010,SI0,1,7.0
2005,NUTS,2010,SI0,1,4.0
2006,NUTS,2010,SI0,1,6.0
2007,NUTS,2010,SI0,1,5.0
2008,NUTS,2010,SI0,1,8.0
2009,NUTS,2010,SI0,1,6.0
2010,NUTS,2010,SI0,1,6.0
2011,NUTS,2010,SI0,1,9.0
2012,NUTS,2010,SI0,1,5.0
2013,NUTS,2010,SI0,1,5.0
2014,NUTS,2010,SI0,1,1.0
2015,NUTS,2010,SI0,1,2.0
2016,NUTS,2010,SI0,1,1.0
2017,NUTS,2010,SI0,1,20.0
2018,NUTS,2010,SI0,1,33.0
2019,NUTS,2010,SI0,1,66.0
2013,NUTS,2010,SI03,2,1.0
2014,NUTS,2010,SI03,2,0.0
2015,NUTS,2010,SI03,2,0.0
2016,NUTS,2010,SI03,2,0.0
2013,NUTS,2010,SI04,2,4.0
2014,NUTS,2010,SI04,2,1.0
2015,NUTS,2010,SI04,2,2.0
2016,NUTS,2010,SI04,2,1.0
2002,NUTS,2010,SK,0,3.0
2003,NUTS,2010,SK,0,3.0
2004,NUTS,2010,SK,0,10.0
2005,NUTS,2010,SK,0,3.0
2006,NUTS,2010,SK,0,3.0
2007,NUTS,2010,SK,0,2.0
2008,NUTS,2010,SK,0,2.0
2009,NUTS,2010,SK,0,4.0
2010,NUTS,2010,SK,0,68.0
2011,NUTS,2010,SK,0,62.0
2012,NUTS,2010,SK,0,52.0
2013,NUTS,2010,SK,0,27.0
2014,NUTS,2010,SK,0,23.0
2015,NUTS,2010,SK,0,32.0
2016,NUTS,2010,SK,0,48.0
2017,NUTS,2010,SK,0,49.0
2018,NUTS,2010,SK,0,42.0
2019,NUTS,2010,SK,0,15.0
2020,NUTS,2010,SK,0,12.0
2002,NUTS,2010,SK01,2,0.0
2003,NUTS,2010,SK01,2,0.0
2004,NUTS,2010,SK01,2,0.0
2005,NUTS,2010,SK01,2,0.0
2008,NUTS,2010,SK01,2,0.0
2009,NUTS,2010,SK01,2,0.0
2010,NUTS,2010,SK01,2,29.0
2011,NUTS,2010,SK01,2,25.0
2012,NUTS,2010,SK01,2,6.0
2013,NUTS,2010,SK01,2,8.0
2014,NUTS,2010,SK01,2,6.0
2015,NUTS,2010,SK01,2,17.0
2016,NUTS,2010,SK01,2,20.0
2017,NUTS,2010,SK01,2,28.0
2018,NUTS,2010,SK01,2,25.0
2019,NUTS,2010,SK01,2,8.0
2020,NUTS,2010,SK01,2,6.0
2002,NUTS,2010,SK02,2,0.0
2003,NUTS,2010,SK02,2,0.0
2004,NUTS,2010,SK02,2,1.0
2005,NUTS,2010,SK02,2,0.0
2007,NUTS,2010,SK02,2,0.0
2008,NUTS,2010,SK02,2,0.0
2009,NUTS,2010,SK02,2,0.0
2010,NUTS,2010,SK02,2,3.0
2011,NUTS,2010,SK02,2,4.0
2012,NUTS,2010,SK02,2,8.0
2013,NUTS,2010,SK02,2,9.0
2014,NUTS,2010,SK02,2,14.0
2015,NUTS,2010,SK02,2,7.0
2016,NUTS,2010,SK02,2,6.0
2017,NUTS,2010,SK02,2,0.0
2018,NUTS,2010,SK02,2,1.0
2019,NUTS,2010,SK02,2,1.0
2020,NUTS,2010,SK02,2,4.0
2002,NUTS,2010,SK03,2,0.0
2003,NUTS,2010,SK03,2,0.0
2004,NUTS,2010,SK03,2,6.0
2005,NUTS,2010,SK03,2,0.0
2008,NUTS,2010,SK03,2,0.0
2009,NUTS,2010,SK03,2,0.0
2010,NUTS,2010,SK03,2,10.0
2011,NUTS,2010,SK03,2,7.0
2012,NUTS,2010,SK03,2,13.0
2013,NUTS,2010,SK03,2,8.0
2014,NUTS,2010,SK03,2,1.0
2015,NUTS,2010,SK03,2,2.0
2016,NUTS,2010,SK03,2,13.0
2017,NUTS,2010,SK03,2,11.0
2018,NUTS,2010,SK03,2,10.0
2019,NUTS,2010,SK03,2,2.0
2020,NUTS,2010,SK03,2,2.0
2002,NUTS,2010,SK04,2,3.0
2003,NUTS,2010,SK04,2,3.0
2004,NUTS,2010,SK04,2,3.0
2005,NUTS,2010,SK04,2,3.0
2006,NUTS,2010,SK04,2,3.0
2007,NUTS,2010,SK04,2,2.0
2008,NUTS,2010,SK04,2,2.0
2009,NUTS,2010,SK04,2,4.0
2010,NUTS,2010,SK04,2,26.0
2011,NUTS,2010,SK04,2,26.0
2012,NUTS,2010,SK04,2,25.0
2013,NUTS,2010,SK04,2,2.0
2014,NUTS,2010,SK04,2,2.0
2015,NUTS,2010,SK04,2,6.0
2016,NUTS,2010,SK04,2,9.0
2017,NUTS,2010,SK04,2,10.0
2018,NUTS,2010,SK04,2,6.0
2019,NUTS,2010,SK04,2,4.0
2020,NUTS,2010,SK04,2,0.0
2005,NUTS,2010,UK,0,1468.0
2006,NUTS,2010,UK,0,1512.0
2007,NUTS,2010,UK,0,1658.0
2008,NUTS,2010,UK,0,1782.0
2009,NUTS,2010,UK,0,1909.0
2010,NUTS,2010,UK,0,1550.0
2011,NUTS,2010,UK,0,1908.0
2012,NUTS,2010,UK,0,1981.0
2013,NUTS,2010,UK,0,1548.0
2014,NUTS,2010,UK,0,1655.0
2015,NUTS,2010,UK,0,2495.0
2016,NUTS,2010,UK,0,2632.0
2017,NUTS,2010,UK,0,2197.0
2018,NUTS,2010,UK,0,2356.0
2011,NUTS,2010,UKC,1,4.0
2013,NUTS,2010,UKC,1,23.0
2015,NUTS,2010,UKC,1,28.0
2017,NUTS,2010,UKC,1,25.0
2011,NUTS,2010,UKC1,2,4.0
2013,NUTS,2010,UKC1,2,16.0
2015,NUTS,2010,UKC1,2,26.0
2017,NUTS,2010,UKC1,2,23.0
2011,NUTS,2010,UKC2,2,0.0
2013,NUTS,2010,UKC2,2,7.0
2015,NUTS,2010,UKC2,2,2.0
2017,NUTS,2010,UKC2,2,2.0
2011,NUTS,2010,UKD,1,7.0
2013,NUTS,2010,UKD,1,8.0
2015,NUTS,2010,UKD,1,7.0
2017,NUTS,2010,UKD,1,6.0
2011,NUTS,2010,UKD1,2,0.0
2013,NUTS,2010,UKD1,2,0.0
2015,NUTS,2010,UKD1,2,0.0
2017,NUTS,2010,UKD1,2,0.0
2011,NUTS,2010,UKD3,2,0.0
2013,NUTS,2010,UKD3,2,2.0
2015,NUTS,2010,UKD3,2,2.0
2017,NUTS,2010,UKD3,2,2.0
2011,NUTS,2010,UKD4,2,3.0
2013,NUTS,2010,UKD4,2,1.0
2015,NUTS,2010,UKD4,2,0.0
2017,NUTS,2010,UKD4,2,0.0
2011,NUTS,2010,UKD6,2,0.0
2013,NUTS,2010,UKD6,2,0.0
2015,NUTS,2010,UKD6,2,0.0
2017,NUTS,2010,UKD6,2,0.0
2011,NUTS,2010,UKD7,2,4.0
2013,NUTS,2010,UKD7,2,5.0
2015,NUTS,2010,UKD7,2,4.0
2017,NUTS,2010,UKD7,2,4.0
2011,NUTS,2010,UKE,1,5.0
2013,NUTS,2010,UKE,1,3.0
2015,NUTS,2010,UKE,1,13.0
2017,NUTS,2010,UKE,1,12.0
2011,NUTS,2010,UKE1,2,0.0
2013,NUTS,2010,UKE1,2,0.0
2015,NUTS,2010,UKE1,2,0.0
2017,NUTS,2010,UKE1,2,0.0
2011,NUTS,2010,UKE2,2,0.0
2013,NUTS,2010,UKE2,2,0.0
2015,NUTS,2010,UKE2,2,0.0
2017,NUTS,2010,UKE2,2,0.0
2011,NUTS,2010,UKE3,2,5.0
2013,NUTS,2010,UKE3,2,3.0
2015,NUTS,2010,UKE3,2,9.0
2017,NUTS,2010,UKE3,2,8.0
2011,NUTS,2010,UKE4,2,0.0
2013,NUTS,2010,UKE4,2,0.0
2015,NUTS,2010,UKE4,2,4.0
2017,NUTS,2010,UKE4,2,4.0
2011,NUTS,2010,UKF,1,6.0
2013,NUTS,2010,UKF,1,18.0
2015,NUTS,2010,UKF,1,9.0
2017,NUTS,2010,UKF,1,8.0
2011,NUTS,2010,UKF1,2,0.0
2013,NUTS,2010,UKF1,2,1.0
2015,NUTS,2010,UKF1,2,0.0
2017,NUTS,2010,UKF1,2,0.0
2011,NUTS,2010,UKF2,2,6.0
2013,NUTS,2010,UKF2,2,15.0
2015,NUTS,2010,UKF2,2,9.0
2017,NUTS,2010,UKF2,2,8.0
2011,NUTS,2010,UKF3,2,0.0
2013,NUTS,2010,UKF3,2,2.0
2015,NUTS,2010,UKF3,2,0.0
2017,NUTS,2010,UKF3,2,0.0
2011,NUTS,2010,UKG,1,4.0
2013,NUTS,2010,UKG,1,5.0
2015,NUTS,2010,UKG,1,6.0
2017,NUTS,2010,UKG,1,5.0
2011,NUTS,2010,UKG1,2,1.0
2013,NUTS,2010,UKG1,2,1.0
2015,NUTS,2010,UKG1,2,0.0
2017,NUTS,2010,UKG1,2,0.0
2011,NUTS,2010,UKG2,2,0.0
2013,NUTS,2010,UKG2,2,4.0
2015,NUTS,2010,UKG2,2,0.0
2017,NUTS,2010,UKG2,2,0.0
2011,NUTS,2010,UKG3,2,3.0
2013,NUTS,2010,UKG3,2,0.0
2015,NUTS,2010,UKG3,2,6.0
2017,NUTS,2010,UKG3,2,5.0
2011,NUTS,2010,UKH,1,655.0
2013,NUTS,2010,UKH,1,844.0
2015,NUTS,2010,UKH,1,1106.0
2017,NUTS,2010,UKH,1,974.0
2011,NUTS,2010,UKH1,2,639.0
2013,NUTS,2010,UKH1,2,637.0
2015,NUTS,2010,UKH1,2,851.0
2017,NUTS,2010,UKH1,2,749.0
2011,NUTS,2010,UKH2,2,16.0
2013,NUTS,2010,UKH2,2,207.0
2015,NUTS,2010,UKH2,2,256.0
2017,NUTS,2010,UKH2,2,225.0
2011,NUTS,2010,UKH3,2,0.0
2013,NUTS,2010,UKH3,2,0.0
2015,NUTS,2010,UKH3,2,0.0
2017,NUTS,2010,UKH3,2,0.0
2011,NUTS,2010,UKI,1,862.0
2013,NUTS,2010,UKI,1,403.0
2015,NUTS,2010,UKI,1,813.0
2017,NUTS,2010,UKI,1,716.0
2011,NUTS,2010,UKI3,2,820.0
2013,NUTS,2010,UKI3,2,286.0
2015,NUTS,2010,UKI3,2,370.0
2017,NUTS,2010,UKI3,2,326.0
2011,NUTS,2010,UKI4,2,41.0
2013,NUTS,2010,UKI4,2,22.0
2015,NUTS,2010,UKI4,2,110.0
2017,NUTS,2010,UKI4,2,97.0
2011,NUTS,2010,UKI5,2,0.0
2013,NUTS,2010,UKI5,2,0.0
2015,NUTS,2010,UKI5,2,0.0
2017,NUTS,2010,UKI5,2,0.0
2011,NUTS,2010,UKI6,2,0.0
2013,NUTS,2010,UKI6,2,96.0
2015,NUTS,2010,UKI6,2,52.0
2017,NUTS,2010,UKI6,2,45.0
2011,NUTS,2010,UKI7,2,1.0
2013,NUTS,2010,UKI7,2,0.0
2015,NUTS,2010,UKI7,2,281.0
2017,NUTS,2010,UKI7,2,248.0
2011,NUTS,2010,UKJ,1,290.0
2013,NUTS,2010,UKJ,1,140.0
2015,NUTS,2010,UKJ,1,314.0
2017,NUTS,2010,UKJ,1,277.0
2011,NUTS,2010,UKJ1,2,259.0
2013,NUTS,2010,UKJ1,2,103.0
2015,NUTS,2010,UKJ1,2,189.0
2017,NUTS,2010,UKJ1,2,166.0
2011,NUTS,2010,UKJ2,2,23.0
2013,NUTS,2010,UKJ2,2,32.0
2015,NUTS,2010,UKJ2,2,110.0
2017,NUTS,2010,UKJ2,2,97.0
2011,NUTS,2010,UKJ3,2,8.0
2013,NUTS,2010,UKJ3,2,4.0
2015,NUTS,2010,UKJ3,2,15.0
2017,NUTS,2010,UKJ3,2,13.0
2011,NUTS,2010,UKJ4,2,0.0
2013,NUTS,2010,UKJ4,2,2.0
2015,NUTS,2010,UKJ4,2,0.0
2017,NUTS,2010,UKJ4,2,0.0
2011,NUTS,2010,UKK,1,30.0
2013,NUTS,2010,UKK,1,49.0
2015,NUTS,2010,UKK,1,75.0
2017,NUTS,2010,UKK,1,66.0
2011,NUTS,2010,UKK1,2,2.0
2013,NUTS,2010,UKK1,2,10.0
2015,NUTS,2010,UKK1,2,13.0
2017,NUTS,2010,UKK1,2,11.0
2011,NUTS,2010,UKK2,2,0.0
2013,NUTS,2010,UKK2,2,6.0
2015,NUTS,2010,UKK2,2,1.0
2017,NUTS,2010,UKK2,2,1.0
2011,NUTS,2010,UKK3,2,0.0
2013,NUTS,2010,UKK3,2,0.0
2015,NUTS,2010,UKK3,2,0.0
2017,NUTS,2010,UKK3,2,0.0
2011,NUTS,2010,UKK4,2,28.0
2013,NUTS,2010,UKK4,2,33.0
2015,NUTS,2010,UKK4,2,61.0
2017,NUTS,2010,UKK4,2,54.0
2011,NUTS,2010,UKL,1,8.0
2013,NUTS,2010,UKL,1,9.0
2015,NUTS,2010,UKL,1,12.0
2017,NUTS,2010,UKL,1,11.0
2011,NUTS,2010,UKL1,2,8.0
2013,NUTS,2010,UKL1,2,9.0
2015,NUTS,2010,UKL1,2,12.0
2017,NUTS,2010,UKL1,2,11.0
2011,NUTS,2010,UKL2,2,0.0
2013,NUTS,2010,UKL2,2,0.0
2015,NUTS,2010,UKL2,2,0.0
2017,NUTS,2010,UKL2,2,0.0
2011,NUTS,2010,UKM,1,37.0
2013,NUTS,2010,UKM,1,46.0
2015,NUTS,2010,UKM,1,112.0
2017,NUTS,2010,UKM,1,98.0
2013,NUTS,2010,UKM2,2,33.0
2015,NUTS,2010,UKM2,2,30.0
2017,NUTS,2010,UKM2,2,27.0
2013,NUTS,2010,UKM3,2,3.0
2015,NUTS,2010,UKM3,2,74.0
2017,NUTS,2010,UKM3,2,66.0
2013,NUTS,2010,UKM5,2,0.0
2015,NUTS,2010,UKM5,2,0.0
2017,NUTS,2010,UKM5,2,0.0
2013,NUTS,2010,UKM6,2,10.0
2015,NUTS,2010,UKM6,2,7.0
2017,NUTS,2010,UKM6,2,6.0
2011,NUTS,2010,UKN,1,0.0
2013,NUTS,2010,UKN,1,0.0
2015,NUTS,2010,UKN,1,0.0
2017,NUTS,2010,UKN,1,0.0
2011,NUTS,2010,UKN0,2,0.0
2013,NUTS,2010,UKN0,2,0.0
2015,NUTS,2010,UKN0,2,0.0
2017,NUTS,2010,UKN0,2,0.0
