year,region_type,region_year_spec,region_id,region_level,rd_p_persreg_bes_total_pc_act_hc_f
2011,NUTS,2010,AT,0,0.5182
2013,NUTS,2010,AT,0,0.5691
2015,NUTS,2010,AT,0,0.6028
2017,NUTS,2010,AT,0,0.5803
2019,NUTS,2010,AT,0,0.6425
2011,NUTS,2010,AT1,1,0.5869
2013,NUTS,2010,AT1,1,0.6185
2015,NUTS,2010,AT1,1,0.6252
2017,NUTS,2010,AT1,1,0.5395
2019,NUTS,2010,AT1,1,0.5938
2011,NUTS,2010,AT11,2,0.2476
2013,NUTS,2010,AT11,2,0.2785
2015,NUTS,2010,AT11,2,0.2134
2017,NUTS,2010,AT11,2,0.2881
2019,NUTS,2010,AT11,2,0.2189
2011,NUTS,2010,AT12,2,0.3168
2013,NUTS,2010,AT12,2,0.3359
2015,NUTS,2010,AT12,2,0.3384
2017,NUTS,2010,AT12,2,0.3061
2019,NUTS,2010,AT12,2,0.3866
2011,NUTS,2010,AT13,2,0.8958
2013,NUTS,2010,AT13,2,0.927
2015,NUTS,2010,AT13,2,0.9526
2017,NUTS,2010,AT13,2,0.79
2019,NUTS,2010,AT13,2,0.833
2011,NUTS,2010,AT2,1,0.6437
2013,NUTS,2010,AT2,1,0.7228
2015,NUTS,2010,AT2,1,0.7859
2017,NUTS,2010,AT2,1,0.7712
2019,NUTS,2010,AT2,1,0.8789
2011,NUTS,2010,AT21,2,0.3309
2013,NUTS,2010,AT21,2,0.3404
2015,NUTS,2010,AT21,2,0.4112
2017,NUTS,2010,AT21,2,0.5171
2019,NUTS,2010,AT21,2,0.6162
2011,NUTS,2010,AT22,2,0.7825
2013,NUTS,2010,AT22,2,0.8957
2015,NUTS,2010,AT22,2,0.953
2017,NUTS,2010,AT22,2,0.8832
2019,NUTS,2010,AT22,2,0.9932
2011,NUTS,2010,AT3,1,0.3518
2013,NUTS,2010,AT3,1,0.4104
2015,NUTS,2010,AT3,1,0.4561
2017,NUTS,2010,AT3,1,0.5071
2019,NUTS,2010,AT3,1,0.5532
2011,NUTS,2010,AT31,2,0.3735
2013,NUTS,2010,AT31,2,0.4401
2015,NUTS,2010,AT31,2,0.4936
2017,NUTS,2010,AT31,2,0.5082
2019,NUTS,2010,AT31,2,0.6308
2011,NUTS,2010,AT32,2,0.1971
2013,NUTS,2010,AT32,2,0.2431
2015,NUTS,2010,AT32,2,0.2769
2017,NUTS,2010,AT32,2,0.3263
2019,NUTS,2010,AT32,2,0.3668
2011,NUTS,2010,AT33,2,0.4681
2013,NUTS,2010,AT33,2,0.5394
2015,NUTS,2010,AT33,2,0.5854
2017,NUTS,2010,AT33,2,0.7016
2019,NUTS,2010,AT33,2,0.6202
2011,NUTS,2010,AT34,2,0.2702
2013,NUTS,2010,AT34,2,0.2862
2015,NUTS,2010,AT34,2,0.3218
2017,NUTS,2010,AT34,2,0.3845
2019,NUTS,2010,AT34,2,0.4018
2011,NUTS,2010,BE,0,0.5768
2013,NUTS,2010,BE,0,0.5783
2015,NUTS,2010,BE,0,0.7346
2017,NUTS,2010,BE,0,0.9121
2019,NUTS,2010,BE,0,0.9501
2011,NUTS,2010,BE1,1,0.6715
2013,NUTS,2010,BE1,1,0.7431
2015,NUTS,2010,BE1,1,1.0298
2017,NUTS,2010,BE1,1,1.3942
2019,NUTS,2010,BE1,1,1.5715
2011,NUTS,2010,BE10,2,0.6715
2013,NUTS,2010,BE10,2,0.7431
2015,NUTS,2010,BE10,2,1.0298
2017,NUTS,2010,BE10,2,1.3942
2019,NUTS,2010,BE10,2,1.5715
2011,NUTS,2010,BE2,1,0.5474
2013,NUTS,2010,BE2,1,0.5681
2015,NUTS,2010,BE2,1,0.6853
2017,NUTS,2010,BE2,1,0.8258
2019,NUTS,2010,BE2,1,0.9937
2011,NUTS,2010,BE3,1,0.595
2013,NUTS,2010,BE3,1,0.5317
2015,NUTS,2010,BE3,1,0.7184
2017,NUTS,2010,BE3,1,0.8988
2019,NUTS,2010,BE3,1,0.6181
2011,NUTS,2010,BG,0,0.0857
2012,NUTS,2010,BG,0,0.0995
2013,NUTS,2010,BG,0,0.1259
2014,NUTS,2010,BG,0,0.161
2015,NUTS,2010,BG,0,0.277
2016,NUTS,2010,BG,0,0.3444
2017,NUTS,2010,BG,0,0.3366
2018,NUTS,2010,BG,0,0.3903
2019,NUTS,2010,BG,0,0.4076
2011,NUTS,2010,BG3,1,0.0525
2012,NUTS,2010,BG3,1,0.0468
2013,NUTS,2010,BG3,1,0.0585
2014,NUTS,2010,BG3,1,0.0675
2015,NUTS,2010,BG3,1,0.1744
2016,NUTS,2010,BG3,1,0.1773
2017,NUTS,2010,BG3,1,0.1799
2018,NUTS,2010,BG3,1,0.2327
2019,NUTS,2010,BG3,1,0.2319
2015,NUTS,2010,BG31,2,0.1787
2016,NUTS,2010,BG31,2,0.2357
2017,NUTS,2010,BG31,2,0.231
2018,NUTS,2010,BG31,2,0.278
2019,NUTS,2010,BG31,2,0.2378
2012,NUTS,2010,BG32,2,0.0603
2013,NUTS,2010,BG32,2,0.0883
2014,NUTS,2010,BG32,2,0.1135
2015,NUTS,2010,BG32,2,0.2312
2016,NUTS,2010,BG32,2,0.2054
2017,NUTS,2010,BG32,2,0.2489
2018,NUTS,2010,BG32,2,0.2907
2019,NUTS,2010,BG32,2,0.306
2011,NUTS,2010,BG33,2,0.0369
2012,NUTS,2010,BG33,2,0.0336
2013,NUTS,2010,BG33,2,0.0408
2015,NUTS,2010,BG33,2,0.138
2016,NUTS,2010,BG33,2,0.1281
2017,NUTS,2010,BG33,2,0.1093
2018,NUTS,2010,BG33,2,0.1816
2019,NUTS,2010,BG33,2,0.1734
2011,NUTS,2010,BG34,2,0.0491
2014,NUTS,2010,BG34,2,0.0558
2015,NUTS,2010,BG34,2,0.1618
2016,NUTS,2010,BG34,2,0.1639
2017,NUTS,2010,BG34,2,0.1619
2018,NUTS,2010,BG34,2,0.2057
2019,NUTS,2010,BG34,2,0.223
2011,NUTS,2010,BG4,1,0.1139
2012,NUTS,2010,BG4,1,0.1445
2013,NUTS,2010,BG4,1,0.182
2014,NUTS,2010,BG4,1,0.2372
2015,NUTS,2010,BG4,1,0.3588
2016,NUTS,2010,BG4,1,0.4802
2017,NUTS,2010,BG4,1,0.4588
2018,NUTS,2010,BG4,1,0.5074
2019,NUTS,2010,BG4,1,0.538
2011,NUTS,2010,BG41,2,0.1367
2012,NUTS,2010,BG41,2,0.1836
2014,NUTS,2010,BG41,2,0.3328
2015,NUTS,2010,BG41,2,0.4672
2016,NUTS,2010,BG41,2,0.6412
2017,NUTS,2010,BG41,2,0.6254
2018,NUTS,2010,BG41,2,0.69
2019,NUTS,2010,BG41,2,0.7376
2011,NUTS,2010,BG42,2,0.0751
2012,NUTS,2010,BG42,2,0.0802
2014,NUTS,2010,BG42,2,0.0809
2015,NUTS,2010,BG42,2,0.1736
2016,NUTS,2010,BG42,2,0.199
2017,NUTS,2010,BG42,2,0.1771
2018,NUTS,2010,BG42,2,0.1889
2019,NUTS,2010,BG42,2,0.1946
2012,NUTS,2010,CH,0,0.6326
2015,NUTS,2010,CH,0,0.596
2017,NUTS,2010,CH,0,0.6155
2019,NUTS,2010,CH,0,0.644
2012,NUTS,2010,CH01,2,0.5241
2015,NUTS,2010,CH01,2,0.6023
2017,NUTS,2010,CH01,2,0.4993
2019,NUTS,2010,CH01,2,0.536
2012,NUTS,2010,CH02,2,0.4094
2015,NUTS,2010,CH02,2,0.3413
2017,NUTS,2010,CH02,2,0.3081
2019,NUTS,2010,CH02,2,0.3117
2012,NUTS,2010,CH03,2,1.6723
2015,NUTS,2010,CH03,2,1.6366
2017,NUTS,2010,CH03,2,1.8489
2019,NUTS,2010,CH03,2,2.0158
2012,NUTS,2010,CH04,2,0.4889
2015,NUTS,2010,CH04,2,0.3666
2017,NUTS,2010,CH04,2,0.4194
2019,NUTS,2010,CH04,2,0.3776
2012,NUTS,2010,CH05,2,0.3393
2015,NUTS,2010,CH05,2,0.3166
2017,NUTS,2010,CH05,2,0.2596
2019,NUTS,2010,CH05,2,0.3693
2012,NUTS,2010,CH06,2,0.4884
2015,NUTS,2010,CH06,2,0.5466
2017,NUTS,2010,CH06,2,0.573
2019,NUTS,2010,CH06,2,0.5303
2012,NUTS,2010,CH07,2,0.4616
2015,NUTS,2010,CH07,2,0.1473
2017,NUTS,2010,CH07,2,0.4149
2019,NUTS,2010,CH07,2,0.2937
2011,NUTS,2010,CY,0,0.0782
2012,NUTS,2010,CY,0,0.0755
2013,NUTS,2010,CY,0,0.0784
2014,NUTS,2010,CY,0,0.0758
2015,NUTS,2010,CY,0,0.0723
2016,NUTS,2010,CY,0,0.0945
2017,NUTS,2010,CY,0,0.1109
2018,NUTS,2010,CY,0,0.1493
2019,NUTS,2010,CY,0,0.1612
2011,NUTS,2010,CZ,0,0.3163
2012,NUTS,2010,CZ,0,0.3403
2013,NUTS,2010,CZ,0,0.3683
2014,NUTS,2010,CZ,0,0.3848
2015,NUTS,2010,CZ,0,0.38
2016,NUTS,2010,CZ,0,0.3938
2017,NUTS,2010,CZ,0,0.414
2018,NUTS,2010,CZ,0,0.4259
2019,NUTS,2010,CZ,0,0.4406
2020,NUTS,2010,CZ,0,0.461
2011,NUTS,2010,CZ0,1,0.3117
2012,NUTS,2010,CZ0,1,0.3352
2013,NUTS,2010,CZ0,1,0.3621
2014,NUTS,2010,CZ0,1,0.3786
2015,NUTS,2010,CZ0,1,0.3725
2016,NUTS,2010,CZ0,1,0.3853
2017,NUTS,2010,CZ0,1,0.4043
2018,NUTS,2010,CZ0,1,0.4147
2019,NUTS,2010,CZ0,1,0.4287
2020,NUTS,2010,CZ0,1,0.4489
2011,NUTS,2010,CZ01,2,0.6128
2012,NUTS,2010,CZ01,2,0.7204
2013,NUTS,2010,CZ01,2,0.8118
2014,NUTS,2010,CZ01,2,0.8076
2015,NUTS,2010,CZ01,2,0.7816
2016,NUTS,2010,CZ01,2,0.8531
2017,NUTS,2010,CZ01,2,0.837
2018,NUTS,2010,CZ01,2,0.842
2019,NUTS,2010,CZ01,2,0.8506
2020,NUTS,2010,CZ01,2,0.9439
2011,NUTS,2010,CZ02,2,0.3557
2012,NUTS,2010,CZ02,2,0.3595
2013,NUTS,2010,CZ02,2,0.3466
2014,NUTS,2010,CZ02,2,0.3232
2015,NUTS,2010,CZ02,2,0.3264
2016,NUTS,2010,CZ02,2,0.3232
2017,NUTS,2010,CZ02,2,0.339
2018,NUTS,2010,CZ02,2,0.3586
2019,NUTS,2010,CZ02,2,0.3512
2020,NUTS,2010,CZ02,2,0.3533
2011,NUTS,2010,CZ03,2,0.1831
2012,NUTS,2010,CZ03,2,0.1958
2013,NUTS,2010,CZ03,2,0.2012
2014,NUTS,2010,CZ03,2,0.209
2015,NUTS,2010,CZ03,2,0.208
2016,NUTS,2010,CZ03,2,0.2403
2017,NUTS,2010,CZ03,2,0.2596
2018,NUTS,2010,CZ03,2,0.2896
2019,NUTS,2010,CZ03,2,0.3121
2020,NUTS,2010,CZ03,2,0.3004
2011,NUTS,2010,CZ04,2,0.1228
2012,NUTS,2010,CZ04,2,0.1409
2013,NUTS,2010,CZ04,2,0.157
2014,NUTS,2010,CZ04,2,0.1678
2015,NUTS,2010,CZ04,2,0.1853
2016,NUTS,2010,CZ04,2,0.1655
2017,NUTS,2010,CZ04,2,0.1637
2018,NUTS,2010,CZ04,2,0.1681
2019,NUTS,2010,CZ04,2,0.2028
2020,NUTS,2010,CZ04,2,0.1858
2011,NUTS,2010,CZ05,2,0.3645
2012,NUTS,2010,CZ05,2,0.3924
2013,NUTS,2010,CZ05,2,0.433
2014,NUTS,2010,CZ05,2,0.4196
2015,NUTS,2010,CZ05,2,0.4225
2016,NUTS,2010,CZ05,2,0.4052
2017,NUTS,2010,CZ05,2,0.4446
2018,NUTS,2010,CZ05,2,0.4387
2019,NUTS,2010,CZ05,2,0.4237
2020,NUTS,2010,CZ05,2,0.4252
2011,NUTS,2010,CZ06,2,0.3153
2012,NUTS,2010,CZ06,2,0.3218
2013,NUTS,2010,CZ06,2,0.3645
2014,NUTS,2010,CZ06,2,0.4858
2015,NUTS,2010,CZ06,2,0.4344
2016,NUTS,2010,CZ06,2,0.4591
2017,NUTS,2010,CZ06,2,0.4686
2018,NUTS,2010,CZ06,2,0.4761
2019,NUTS,2010,CZ06,2,0.5079
2020,NUTS,2010,CZ06,2,0.5609
2011,NUTS,2010,CZ07,2,0.2933
2012,NUTS,2010,CZ07,2,0.2921
2013,NUTS,2010,CZ07,2,0.3036
2014,NUTS,2010,CZ07,2,0.3051
2015,NUTS,2010,CZ07,2,0.3248
2016,NUTS,2010,CZ07,2,0.3194
2017,NUTS,2010,CZ07,2,0.3388
2018,NUTS,2010,CZ07,2,0.3485
2019,NUTS,2010,CZ07,2,0.3937
2020,NUTS,2010,CZ07,2,0.3941
2011,NUTS,2010,CZ08,2,0.181
2012,NUTS,2010,CZ08,2,0.1814
2013,NUTS,2010,CZ08,2,0.1934
2014,NUTS,2010,CZ08,2,0.1955
2015,NUTS,2010,CZ08,2,0.1954
2016,NUTS,2010,CZ08,2,0.2085
2017,NUTS,2010,CZ08,2,0.2636
2018,NUTS,2010,CZ08,2,0.2676
2019,NUTS,2010,CZ08,2,0.26
2020,NUTS,2010,CZ08,2,0.2638
2011,NUTS,2010,DE,0,0.4344
2013,NUTS,2010,DE,0,0.4227
2015,NUTS,2010,DE,0,0.4572
2017,NUTS,2010,DE,0,0.488
2019,NUTS,2010,DE,0,0.5228
2017,NUTS,2010,DE1,1,0.8412
2019,NUTS,2010,DE1,1,0.9031
2017,NUTS,2010,DE11,2,1.0877
2019,NUTS,2010,DE11,2,1.1609
2017,NUTS,2010,DE12,2,0.7505
2019,NUTS,2010,DE12,2,0.7854
2017,NUTS,2010,DE13,2,0.4399
2019,NUTS,2010,DE13,2,0.4783
2017,NUTS,2010,DE14,2,0.9285
2019,NUTS,2010,DE14,2,1.0264
2017,NUTS,2010,DE2,1,0.5367
2019,NUTS,2010,DE2,1,0.5936
2017,NUTS,2010,DE21,2,0.8096
2019,NUTS,2010,DE21,2,0.8905
2017,NUTS,2010,DE22,2,0.2075
2019,NUTS,2010,DE22,2,0.2519
2017,NUTS,2010,DE23,2,0.3567
2019,NUTS,2010,DE23,2,0.4505
2017,NUTS,2010,DE24,2,0.322
2019,NUTS,2010,DE24,2,0.4017
2017,NUTS,2010,DE25,2,0.567
2019,NUTS,2010,DE25,2,0.632
2017,NUTS,2010,DE26,2,0.4474
2019,NUTS,2010,DE26,2,0.464
2017,NUTS,2010,DE27,2,0.3061
2019,NUTS,2010,DE27,2,0.2939
2017,NUTS,2010,DE3,1,0.4571
2019,NUTS,2010,DE3,1,0.4856
2017,NUTS,2010,DE30,2,0.4571
2019,NUTS,2010,DE30,2,0.4856
2017,NUTS,2010,DE4,1,0.1963
2019,NUTS,2010,DE4,1,0.1951
2017,NUTS,2010,DE40,2,0.1963
2019,NUTS,2010,DE40,2,0.1951
2017,NUTS,2010,DE5,1,0.3872
2019,NUTS,2010,DE5,1,0.4432
2017,NUTS,2010,DE50,2,0.3872
2019,NUTS,2010,DE50,2,0.4432
2017,NUTS,2010,DE6,1,0.4609
2019,NUTS,2010,DE6,1,0.4701
2017,NUTS,2010,DE60,2,0.4609
2019,NUTS,2010,DE60,2,0.4701
2017,NUTS,2010,DE7,1,0.6466
2019,NUTS,2010,DE7,1,0.6627
2017,NUTS,2010,DE71,2,0.7954
2019,NUTS,2010,DE71,2,0.8292
2017,NUTS,2010,DE72,2,0.3523
2019,NUTS,2010,DE72,2,0.344
2017,NUTS,2010,DE73,2,0.3982
2019,NUTS,2010,DE73,2,0.3631
2017,NUTS,2010,DE8,1,0.1669
2019,NUTS,2010,DE8,1,0.2019
2017,NUTS,2010,DE80,2,0.1669
2019,NUTS,2010,DE80,2,0.2019
2017,NUTS,2010,DE9,1,0.3559
2019,NUTS,2010,DE9,1,0.3761
2017,NUTS,2010,DE91,2,0.9054
2019,NUTS,2010,DE91,2,0.9513
2017,NUTS,2010,DE92,2,0.3353
2019,NUTS,2010,DE92,2,0.3535
2017,NUTS,2010,DE93,2,0.1451
2019,NUTS,2010,DE93,2,0.1456
2017,NUTS,2010,DE94,2,0.1764
2019,NUTS,2010,DE94,2,0.199
2017,NUTS,2010,DEA,1,0.3515
2019,NUTS,2010,DEA,1,0.359
2017,NUTS,2010,DEA1,2,0.451
2019,NUTS,2010,DEA1,2,0.477
2017,NUTS,2010,DEA2,2,0.4007
2019,NUTS,2010,DEA2,2,0.389
2017,NUTS,2010,DEA3,2,0.1814
2019,NUTS,2010,DEA3,2,0.1907
2017,NUTS,2010,DEA4,2,0.3819
2019,NUTS,2010,DEA4,2,0.4036
2017,NUTS,2010,DEA5,2,0.2486
2019,NUTS,2010,DEA5,2,0.2522
2017,NUTS,2010,DEB,1,0.5403
2019,NUTS,2010,DEB,1,0.5931
2017,NUTS,2010,DEB1,2,0.1967
2019,NUTS,2010,DEB1,2,0.2399
2017,NUTS,2010,DEB2,2,0.1269
2019,NUTS,2010,DEB2,2,0.1313
2017,NUTS,2010,DEB3,2,0.9063
2019,NUTS,2010,DEB3,2,0.9768
2017,NUTS,2010,DEC,1,0.3101
2019,NUTS,2010,DEC,1,0.3348
2017,NUTS,2010,DEC0,2,0.3101
2019,NUTS,2010,DEC0,2,0.3348
2017,NUTS,2010,DED,1,0.3622
2019,NUTS,2010,DED,1,0.3819
2017,NUTS,2010,DED2,2,0.469
2019,NUTS,2010,DED2,2,0.4874
2017,NUTS,2010,DED4,2,0.4003
2019,NUTS,2010,DED4,2,0.4416
2017,NUTS,2010,DED5,2,0.1574
2019,NUTS,2010,DED5,2,0.1553
2017,NUTS,2010,DEE,1,0.1692
2019,NUTS,2010,DEE,1,0.1857
2017,NUTS,2010,DEE0,2,0.1692
2019,NUTS,2010,DEE0,2,0.1857
2017,NUTS,2010,DEF,1,0.21
2019,NUTS,2010,DEF,1,0.2267
2017,NUTS,2010,DEF0,2,0.21
2019,NUTS,2010,DEF0,2,0.2267
2017,NUTS,2010,DEG,1,0.2985
2019,NUTS,2010,DEG,1,0.3273
2017,NUTS,2010,DEG0,2,0.2985
2019,NUTS,2010,DEG0,2,0.3273
2011,NUTS,2010,DK,0,1.0612
2012,NUTS,2010,DK,0,0.9706
2013,NUTS,2010,DK,0,0.9434
2015,NUTS,2010,DK,0,0.9611
2017,NUTS,2010,DK,0,1.0327
2019,NUTS,2010,DK,0,1.0087
2011,NUTS,2010,DK0,1,0.9791
2013,NUTS,2010,DK0,1,1.0284
2015,NUTS,2010,DK0,1,0.9432
2017,NUTS,2010,DK0,1,1.0116
2019,NUTS,2010,DK0,1,0.9883
2011,NUTS,2010,DK01,2,2.1737
2013,NUTS,2010,DK01,2,2.3088
2015,NUTS,2010,DK01,2,2.0291
2017,NUTS,2010,DK01,2,2.2147
2019,NUTS,2010,DK01,2,2.1513
2011,NUTS,2010,DK02,2,0.3106
2013,NUTS,2010,DK02,2,0.3313
2015,NUTS,2010,DK02,2,0.2679
2017,NUTS,2010,DK02,2,0.4464
2019,NUTS,2010,DK02,2,0.3445
2011,NUTS,2010,DK03,2,0.447
2013,NUTS,2010,DK03,2,0.4394
2015,NUTS,2010,DK03,2,0.5888
2017,NUTS,2010,DK03,2,0.3709
2019,NUTS,2010,DK03,2,0.4324
2011,NUTS,2010,DK04,2,0.4544
2013,NUTS,2010,DK04,2,0.4466
2015,NUTS,2010,DK04,2,0.33
2017,NUTS,2010,DK04,2,0.3826
2019,NUTS,2010,DK04,2,0.4195
2011,NUTS,2010,DK05,2,0.1502
2013,NUTS,2010,DK05,2,0.1585
2015,NUTS,2010,DK05,2,0.2001
2017,NUTS,2010,DK05,2,0.2154
2019,NUTS,2010,DK05,2,0.2098
2011,NUTS,2010,EA19,2,0.4123
2013,NUTS,2010,EA19,2,0.4355
2015,NUTS,2010,EA19,2,0.4696
2017,NUTS,2010,EA19,2,0.5306
2019,NUTS,2010,EA19,2,0.5919
2011,NUTS,2010,EE,0,0.3353
2012,NUTS,2010,EE,0,0.2759
2013,NUTS,2010,EE,0,0.2677
2014,NUTS,2010,EE,0,0.2925
2015,NUTS,2010,EE,0,0.2434
2016,NUTS,2010,EE,0,0.2326
2017,NUTS,2010,EE,0,0.2514
2018,NUTS,2010,EE,0,0.2734
2019,NUTS,2010,EE,0,0.3437
2011,NUTS,2010,EL,0,0.1508
2013,NUTS,2010,EL,0,0.1465
2015,NUTS,2010,EL,0,0.174
2017,NUTS,2010,EL,0,0.3261
2019,NUTS,2010,EL,0,0.3325
2011,NUTS,2010,EL3,1,0.2532
2011,NUTS,2010,EL30,2,0.2532
2011,NUTS,2010,EL4,1,0.0265
2011,NUTS,2010,EL41,2,0.0
2011,NUTS,2010,EL42,2,0.0016
2011,NUTS,2010,EL43,2,0.0451
2011,NUTS,2010,EL5,1,0.1333
2011,NUTS,2010,EL51,2,0.068
2011,NUTS,2010,EL52,2,0.1814
2011,NUTS,2010,EL53,2,0.0453
2011,NUTS,2010,EL54,2,0.0473
2011,NUTS,2010,EL6,1,0.0452
2011,NUTS,2010,EL61,2,0.017
2011,NUTS,2010,EL62,2,0.0218
2011,NUTS,2010,EL63,2,0.0618
2011,NUTS,2010,EL64,2,0.0878
2011,NUTS,2010,EL65,2,0.0331
2011,NUTS,2010,ES,0,0.3603
2012,NUTS,2010,ES,0,0.3543
2013,NUTS,2010,ES,0,0.362
2014,NUTS,2010,ES,0,0.3584
2015,NUTS,2010,ES,0,0.3642
2016,NUTS,2010,ES,0,0.3683
2017,NUTS,2010,ES,0,0.3935
2018,NUTS,2010,ES,0,0.4282
2019,NUTS,2010,ES,0,0.4392
2011,NUTS,2010,ES1,1,0.2723
2012,NUTS,2010,ES1,1,0.2641
2013,NUTS,2010,ES1,1,0.2764
2014,NUTS,2010,ES1,1,0.2706
2015,NUTS,2010,ES1,1,0.2522
2016,NUTS,2010,ES1,1,0.2513
2017,NUTS,2010,ES1,1,0.2963
2018,NUTS,2010,ES1,1,0.3149
2019,NUTS,2010,ES1,1,0.3282
2011,NUTS,2010,ES11,2,0.2636
2012,NUTS,2010,ES11,2,0.2593
2013,NUTS,2010,ES11,2,0.2806
2014,NUTS,2010,ES11,2,0.2755
2015,NUTS,2010,ES11,2,0.2642
2016,NUTS,2010,ES11,2,0.2579
2017,NUTS,2010,ES11,2,0.3147
2018,NUTS,2010,ES11,2,0.3339
2019,NUTS,2010,ES11,2,0.3475
2011,NUTS,2010,ES12,2,0.3289
2012,NUTS,2010,ES12,2,0.307
2013,NUTS,2010,ES12,2,0.3076
2014,NUTS,2010,ES12,2,0.3068
2015,NUTS,2010,ES12,2,0.2536
2016,NUTS,2010,ES12,2,0.2613
2017,NUTS,2010,ES12,2,0.2824
2018,NUTS,2010,ES12,2,0.2901
2019,NUTS,2010,ES12,2,0.3187
2011,NUTS,2010,ES13,2,0.2119
2012,NUTS,2010,ES13,2,0.2119
2013,NUTS,2010,ES13,2,0.2002
2014,NUTS,2010,ES13,2,0.1825
2015,NUTS,2010,ES13,2,0.1934
2016,NUTS,2010,ES13,2,0.2033
2017,NUTS,2010,ES13,2,0.2361
2018,NUTS,2010,ES13,2,0.2672
2019,NUTS,2010,ES13,2,0.2536
2011,NUTS,2010,ES2,1,0.7619
2012,NUTS,2010,ES2,1,0.7479
2013,NUTS,2010,ES2,1,0.7394
2014,NUTS,2010,ES2,1,0.7312
2015,NUTS,2010,ES2,1,0.75
2016,NUTS,2010,ES2,1,0.74
2017,NUTS,2010,ES2,1,0.7939
2018,NUTS,2010,ES2,1,0.8377
2019,NUTS,2010,ES2,1,0.8359
2011,NUTS,2010,ES21,2,1.0313
2012,NUTS,2010,ES21,2,1.055
2013,NUTS,2010,ES21,2,1.0561
2014,NUTS,2010,ES21,2,1.0459
2015,NUTS,2010,ES21,2,1.0694
2016,NUTS,2010,ES21,2,1.0369
2017,NUTS,2010,ES21,2,1.1356
2018,NUTS,2010,ES21,2,1.1997
2019,NUTS,2010,ES21,2,1.186
2011,NUTS,2010,ES22,2,0.8224
2012,NUTS,2010,ES22,2,0.7177
2013,NUTS,2010,ES22,2,0.726
2014,NUTS,2010,ES22,2,0.6784
2015,NUTS,2010,ES22,2,0.726
2016,NUTS,2010,ES22,2,0.7577
2017,NUTS,2010,ES22,2,0.766
2018,NUTS,2010,ES22,2,0.7884
2019,NUTS,2010,ES22,2,0.8273
2011,NUTS,2010,ES23,2,0.5049
2012,NUTS,2010,ES23,2,0.5017
2013,NUTS,2010,ES23,2,0.4567
2014,NUTS,2010,ES23,2,0.5009
2015,NUTS,2010,ES23,2,0.5222
2016,NUTS,2010,ES23,2,0.4623
2017,NUTS,2010,ES23,2,0.5085
2018,NUTS,2010,ES23,2,0.4601
2019,NUTS,2010,ES23,2,0.4505
2011,NUTS,2010,ES24,2,0.332
2012,NUTS,2010,ES24,2,0.3156
2013,NUTS,2010,ES24,2,0.2933
2014,NUTS,2010,ES24,2,0.2964
2015,NUTS,2010,ES24,2,0.2892
2016,NUTS,2010,ES24,2,0.3118
2017,NUTS,2010,ES24,2,0.3155
2018,NUTS,2010,ES24,2,0.3552
2019,NUTS,2010,ES24,2,0.3525
2011,NUTS,2010,ES3,1,0.5467
2012,NUTS,2010,ES3,1,0.5431
2013,NUTS,2010,ES3,1,0.5839
2014,NUTS,2010,ES3,1,0.5755
2015,NUTS,2010,ES3,1,0.6036
2016,NUTS,2010,ES3,1,0.5973
2017,NUTS,2010,ES3,1,0.6138
2018,NUTS,2010,ES3,1,0.6501
2019,NUTS,2010,ES3,1,0.6735
2011,NUTS,2010,ES30,2,0.5467
2012,NUTS,2010,ES30,2,0.5431
2013,NUTS,2010,ES30,2,0.5839
2014,NUTS,2010,ES30,2,0.5755
2015,NUTS,2010,ES30,2,0.6036
2016,NUTS,2010,ES30,2,0.5973
2017,NUTS,2010,ES30,2,0.6138
2018,NUTS,2010,ES30,2,0.6501
2019,NUTS,2010,ES30,2,0.6735
2011,NUTS,2010,ES4,1,0.2371
2012,NUTS,2010,ES4,1,0.2259
2013,NUTS,2010,ES4,1,0.1921
2014,NUTS,2010,ES4,1,0.1919
2015,NUTS,2010,ES4,1,0.1938
2016,NUTS,2010,ES4,1,0.1953
2017,NUTS,2010,ES4,1,0.2168
2018,NUTS,2010,ES4,1,0.2393
2019,NUTS,2010,ES4,1,0.253
2011,NUTS,2010,ES41,2,0.3629
2012,NUTS,2010,ES41,2,0.3454
2013,NUTS,2010,ES41,2,0.2682
2014,NUTS,2010,ES41,2,0.2697
2015,NUTS,2010,ES41,2,0.2664
2016,NUTS,2010,ES41,2,0.2595
2017,NUTS,2010,ES41,2,0.2908
2018,NUTS,2010,ES41,2,0.3442
2019,NUTS,2010,ES41,2,0.3701
2011,NUTS,2010,ES42,2,0.1472
2012,NUTS,2010,ES42,2,0.1395
2013,NUTS,2010,ES42,2,0.1251
2014,NUTS,2010,ES42,2,0.1354
2015,NUTS,2010,ES42,2,0.1455
2016,NUTS,2010,ES42,2,0.1632
2017,NUTS,2010,ES42,2,0.1707
2018,NUTS,2010,ES42,2,0.1627
2019,NUTS,2010,ES42,2,0.1688
2011,NUTS,2010,ES43,2,0.1078
2012,NUTS,2010,ES43,2,0.1121
2013,NUTS,2010,ES43,2,0.1447
2014,NUTS,2010,ES43,2,0.1188
2015,NUTS,2010,ES43,2,0.1171
2016,NUTS,2010,ES43,2,0.1063
2017,NUTS,2010,ES43,2,0.1339
2018,NUTS,2010,ES43,2,0.1469
2019,NUTS,2010,ES43,2,0.1483
2011,NUTS,2010,ES5,1,0.3743
2012,NUTS,2010,ES5,1,0.3747
2013,NUTS,2010,ES5,1,0.391
2014,NUTS,2010,ES5,1,0.3893
2015,NUTS,2010,ES5,1,0.3934
2016,NUTS,2010,ES5,1,0.4103
2017,NUTS,2010,ES5,1,0.4354
2018,NUTS,2010,ES5,1,0.4797
2019,NUTS,2010,ES5,1,0.4931
2011,NUTS,2010,ES51,2,0.4791
2012,NUTS,2010,ES51,2,0.4933
2013,NUTS,2010,ES51,2,0.5175
2014,NUTS,2010,ES51,2,0.5077
2015,NUTS,2010,ES51,2,0.5291
2016,NUTS,2010,ES51,2,0.5459
2017,NUTS,2010,ES51,2,0.5696
2018,NUTS,2010,ES51,2,0.6286
2019,NUTS,2010,ES51,2,0.6348
2011,NUTS,2010,ES52,2,0.2853
2012,NUTS,2010,ES52,2,0.2665
2013,NUTS,2010,ES52,2,0.2755
2014,NUTS,2010,ES52,2,0.2846
2015,NUTS,2010,ES52,2,0.2679
2016,NUTS,2010,ES52,2,0.2866
2017,NUTS,2010,ES52,2,0.3161
2018,NUTS,2010,ES52,2,0.3425
2019,NUTS,2010,ES52,2,0.3689
2011,NUTS,2010,ES53,2,0.0384
2012,NUTS,2010,ES53,2,0.04
2013,NUTS,2010,ES53,2,0.0357
2014,NUTS,2010,ES53,2,0.0383
2015,NUTS,2010,ES53,2,0.039
2016,NUTS,2010,ES53,2,0.0478
2017,NUTS,2010,ES53,2,0.0516
2018,NUTS,2010,ES53,2,0.0841
2019,NUTS,2010,ES53,2,0.0836
2011,NUTS,2010,ES6,1,0.1649
2012,NUTS,2010,ES6,1,0.1628
2013,NUTS,2010,ES6,1,0.1738
2014,NUTS,2010,ES6,1,0.175
2015,NUTS,2010,ES6,1,0.1707
2016,NUTS,2010,ES6,1,0.1683
2017,NUTS,2010,ES6,1,0.1865
2018,NUTS,2010,ES6,1,0.2102
2019,NUTS,2010,ES6,1,0.2089
2011,NUTS,2010,ES61,2,0.1636
2012,NUTS,2010,ES61,2,0.1555
2013,NUTS,2010,ES61,2,0.1697
2014,NUTS,2010,ES61,2,0.1677
2015,NUTS,2010,ES61,2,0.1572
2016,NUTS,2010,ES61,2,0.153
2017,NUTS,2010,ES61,2,0.1706
2018,NUTS,2010,ES61,2,0.1887
2019,NUTS,2010,ES61,2,0.1857
2011,NUTS,2010,ES62,2,0.1866
2012,NUTS,2010,ES62,2,0.2183
2013,NUTS,2010,ES62,2,0.2136
2014,NUTS,2010,ES62,2,0.2323
2015,NUTS,2010,ES62,2,0.268
2016,NUTS,2010,ES62,2,0.2751
2017,NUTS,2010,ES62,2,0.2952
2018,NUTS,2010,ES62,2,0.3539
2019,NUTS,2010,ES62,2,0.3615
2012,NUTS,2010,ES63,2,0.0126
2015,NUTS,2010,ES63,2,0.0
2012,NUTS,2010,ES64,2,0.0144
2015,NUTS,2010,ES64,2,0.0
2011,NUTS,2010,ES7,1,0.0693
2012,NUTS,2010,ES7,1,0.058
2013,NUTS,2010,ES7,1,0.0421
2014,NUTS,2010,ES7,1,0.038
2015,NUTS,2010,ES7,1,0.0395
2016,NUTS,2010,ES7,1,0.0405
2017,NUTS,2010,ES7,1,0.0443
2018,NUTS,2010,ES7,1,0.0627
2019,NUTS,2010,ES7,1,0.0593
2011,NUTS,2010,ES70,2,0.0693
2012,NUTS,2010,ES70,2,0.058
2013,NUTS,2010,ES70,2,0.0421
2014,NUTS,2010,ES70,2,0.038
2015,NUTS,2010,ES70,2,0.0395
2016,NUTS,2010,ES70,2,0.0405
2017,NUTS,2010,ES70,2,0.0443
2018,NUTS,2010,ES70,2,0.0627
2019,NUTS,2010,ES70,2,0.0593
2011,NUTS,2010,EU27_2020,7,0.3787
2013,NUTS,2010,EU27_2020,7,0.4006
2015,NUTS,2010,EU27_2020,7,0.4319
2017,NUTS,2010,EU27_2020,7,0.5008
2019,NUTS,2010,EU27_2020,7,0.5592
2011,NUTS,2010,FI,0,0.6571
2012,NUTS,2010,FI,0,0.6447
2013,NUTS,2010,FI,0,0.6367
2014,NUTS,2010,FI,0,0.643
2015,NUTS,2010,FI,0,0.6628
2016,NUTS,2010,FI,0,0.6235
2017,NUTS,2010,FI,0,0.6069
2018,NUTS,2010,FI,0,0.6164
2019,NUTS,2010,FI,0,0.6401
2011,NUTS,2010,FR,0,0.493
2012,NUTS,2010,FR,0,0.5227
2013,NUTS,2010,FR,0,0.5369
2014,NUTS,2010,FR,0,0.5367
2016,NUTS,2010,FR,0,0.5742
2017,NUTS,2010,FR,0,0.6184
2011,NUTS,2010,FR1,1,0.9993
2012,NUTS,2010,FR1,1,1.0606
2013,NUTS,2010,FR1,1,1.0737
2011,NUTS,2010,FR10,2,0.9993
2012,NUTS,2010,FR10,2,1.0606
2013,NUTS,2010,FR10,2,1.0737
2011,NUTS,2010,FR2,1,0.291
2012,NUTS,2010,FR2,1,0.3185
2013,NUTS,2010,FR2,1,0.3138
2011,NUTS,2010,FR21,2,0.2107
2012,NUTS,2010,FR21,2,0.2498
2013,NUTS,2010,FR21,2,0.2031
2011,NUTS,2010,FR22,2,0.2686
2012,NUTS,2010,FR22,2,0.3034
2013,NUTS,2010,FR22,2,0.3383
2011,NUTS,2010,FR23,2,0.3324
2012,NUTS,2010,FR23,2,0.3712
2013,NUTS,2010,FR23,2,0.3743
2011,NUTS,2010,FR24,2,0.3663
2012,NUTS,2010,FR24,2,0.3538
2013,NUTS,2010,FR24,2,0.3758
2011,NUTS,2010,FR25,2,0.2248
2012,NUTS,2010,FR25,2,0.2754
2013,NUTS,2010,FR25,2,0.227
2011,NUTS,2010,FR26,2,0.2748
2012,NUTS,2010,FR26,2,0.3126
2013,NUTS,2010,FR26,2,0.2849
2011,NUTS,2010,FR3,1,0.2019
2012,NUTS,2010,FR3,1,0.2042
2013,NUTS,2010,FR3,1,0.2086
2011,NUTS,2010,FR30,2,0.2019
2012,NUTS,2010,FR30,2,0.2042
2013,NUTS,2010,FR30,2,0.2086
2011,NUTS,2010,FR4,1,0.3143
2012,NUTS,2010,FR4,1,0.3012
2013,NUTS,2010,FR4,1,0.316
2011,NUTS,2010,FR41,2,0.2205
2012,NUTS,2010,FR41,2,0.1677
2013,NUTS,2010,FR41,2,0.1964
2011,NUTS,2010,FR42,2,0.3776
2012,NUTS,2010,FR42,2,0.3838
2013,NUTS,2010,FR42,2,0.3904
2011,NUTS,2010,FR43,2,0.3935
2012,NUTS,2010,FR43,2,0.4264
2013,NUTS,2010,FR43,2,0.4212
2011,NUTS,2010,FR5,1,0.3115
2012,NUTS,2010,FR5,1,0.3124
2013,NUTS,2010,FR5,1,0.3337
2011,NUTS,2010,FR51,2,0.3118
2012,NUTS,2010,FR51,2,0.2966
2013,NUTS,2010,FR51,2,0.3308
2011,NUTS,2010,FR52,2,0.3944
2012,NUTS,2010,FR52,2,0.4029
2013,NUTS,2010,FR52,2,0.4042
2011,NUTS,2010,FR53,2,0.1617
2012,NUTS,2010,FR53,2,0.1838
2013,NUTS,2010,FR53,2,0.2112
2011,NUTS,2010,FR6,1,0.497
2012,NUTS,2010,FR6,1,0.5769
2013,NUTS,2010,FR6,1,0.5842
2011,NUTS,2010,FR61,2,0.3113
2012,NUTS,2010,FR61,2,0.3413
2013,NUTS,2010,FR61,2,0.3802
2011,NUTS,2010,FR62,2,0.7737
2012,NUTS,2010,FR62,2,0.9187
2013,NUTS,2010,FR62,2,0.9026
2011,NUTS,2010,FR63,2,0.1736
2012,NUTS,2010,FR63,2,0.2395
2013,NUTS,2010,FR63,2,0.2243
2011,NUTS,2010,FR7,1,0.6253
2012,NUTS,2010,FR7,1,0.6355
2013,NUTS,2010,FR7,1,0.6358
2011,NUTS,2010,FR71,2,0.6634
2012,NUTS,2010,FR71,2,0.665
2013,NUTS,2010,FR71,2,0.673
2011,NUTS,2010,FR72,2,0.4439
2012,NUTS,2010,FR72,2,0.4921
2013,NUTS,2010,FR72,2,0.4506
2011,NUTS,2010,FR8,1,0.4111
2012,NUTS,2010,FR8,1,0.4543
2013,NUTS,2010,FR8,1,0.4873
2011,NUTS,2010,FR81,2,0.3478
2012,NUTS,2010,FR81,2,0.4323
2013,NUTS,2010,FR81,2,0.4308
2011,NUTS,2010,FR82,2,0.4588
2012,NUTS,2010,FR82,2,0.4816
2013,NUTS,2010,FR82,2,0.533
2011,NUTS,2010,FR83,2,0.064
2012,NUTS,2010,FR83,2,0.008
2013,NUTS,2010,FR83,2,0.0185
2011,NUTS,2010,FRA,1,0.0187
2012,NUTS,2010,FRA,1,0.0211
2013,NUTS,2010,FRA,1,0.0209
2011,NUTS,2010,HR,0,0.1427
2012,NUTS,2010,HR,0,0.1441
2013,NUTS,2010,HR,0,0.1383
2014,NUTS,2010,HR,0,0.1427
2015,NUTS,2010,HR,0,0.1499
2016,NUTS,2010,HR,0,0.1679
2017,NUTS,2010,HR,0,0.1796
2018,NUTS,2010,HR,0,0.2324
2019,NUTS,2010,HR,0,0.2636
2020,NUTS,2010,HR,0,0.2925
2011,NUTS,2010,HR0,1,0.1392
2012,NUTS,2010,HR0,1,0.1412
2013,NUTS,2010,HR0,1,0.1363
2014,NUTS,2010,HR0,1,0.1407
2015,NUTS,2010,HR0,1,0.1479
2016,NUTS,2010,HR0,1,0.1662
2017,NUTS,2010,HR0,1,0.1776
2018,NUTS,2010,HR0,1,0.2296
2019,NUTS,2010,HR0,1,0.2597
2020,NUTS,2010,HR0,1,0.2889
2011,NUTS,2010,HR03,2,0.0317
2012,NUTS,2010,HR03,2,0.0344
2013,NUTS,2010,HR03,2,0.0408
2014,NUTS,2010,HR03,2,0.0345
2015,NUTS,2010,HR03,2,0.0364
2016,NUTS,2010,HR03,2,0.0441
2017,NUTS,2010,HR03,2,0.0465
2018,NUTS,2010,HR03,2,0.0454
2019,NUTS,2010,HR03,2,0.0583
2020,NUTS,2010,HR03,2,0.0707
2011,NUTS,2010,HR04,2,0.1882
2012,NUTS,2010,HR04,2,0.19
2013,NUTS,2010,HR04,2,0.1793
2014,NUTS,2010,HR04,2,0.1931
2015,NUTS,2010,HR04,2,0.2031
2016,NUTS,2010,HR04,2,0.224
2017,NUTS,2010,HR04,2,0.2411
2018,NUTS,2010,HR04,2,0.3186
2019,NUTS,2010,HR04,2,0.3556
2011,NUTS,2010,HU,0,0.2577
2012,NUTS,2010,HU,0,0.2831
2013,NUTS,2010,HU,0,0.3038
2014,NUTS,2010,HU,0,0.2911
2015,NUTS,2010,HU,0,0.2731
2016,NUTS,2010,HU,0,0.2561
2017,NUTS,2010,HU,0,0.3008
2018,NUTS,2010,HU,0,0.371
2019,NUTS,2010,HU,0,0.3862
2011,NUTS,2010,HU1,1,0.5554
2012,NUTS,2010,HU1,1,0.5709
2013,NUTS,2010,HU1,1,0.6315
2014,NUTS,2010,HU1,1,0.6353
2015,NUTS,2010,HU1,1,0.6316
2016,NUTS,2010,HU1,1,0.569
2017,NUTS,2010,HU1,1,0.6656
2018,NUTS,2010,HU1,1,0.83
2019,NUTS,2010,HU1,1,0.8512
2011,NUTS,2010,HU10,2,0.5554
2012,NUTS,2010,HU10,2,0.5709
2013,NUTS,2010,HU10,2,0.6315
2014,NUTS,2010,HU10,2,0.6353
2015,NUTS,2010,HU10,2,0.6316
2016,NUTS,2010,HU10,2,0.569
2017,NUTS,2010,HU11,2,0.9863
2018,NUTS,2010,HU11,2,1.2296
2019,NUTS,2010,HU11,2,1.2791
2017,NUTS,2010,HU12,2,0.1626
2018,NUTS,2010,HU12,2,0.2225
2019,NUTS,2010,HU12,2,0.2326
2011,NUTS,2010,HU2,1,0.1338
2012,NUTS,2010,HU2,1,0.1726
2013,NUTS,2010,HU2,1,0.1614
2014,NUTS,2010,HU2,1,0.1379
2015,NUTS,2010,HU2,1,0.1264
2016,NUTS,2010,HU2,1,0.1218
2017,NUTS,2010,HU2,1,0.153
2018,NUTS,2010,HU2,1,0.1854
2019,NUTS,2010,HU2,1,0.1835
2011,NUTS,2010,HU21,2,0.1302
2012,NUTS,2010,HU21,2,0.2151
2013,NUTS,2010,HU21,2,0.1721
2014,NUTS,2010,HU21,2,0.1405
2015,NUTS,2010,HU21,2,0.1509
2016,NUTS,2010,HU21,2,0.1427
2017,NUTS,2010,HU21,2,0.1556
2018,NUTS,2010,HU21,2,0.1711
2019,NUTS,2010,HU21,2,0.197
2011,NUTS,2010,HU22,2,0.143
2012,NUTS,2010,HU22,2,0.129
2013,NUTS,2010,HU22,2,0.1324
2014,NUTS,2010,HU22,2,0.123
2015,NUTS,2010,HU22,2,0.0938
2016,NUTS,2010,HU22,2,0.0858
2017,NUTS,2010,HU22,2,0.1224
2018,NUTS,2010,HU22,2,0.1577
2019,NUTS,2010,HU22,2,0.1756
2011,NUTS,2010,HU23,2,0.1276
2012,NUTS,2010,HU23,2,0.1703
2013,NUTS,2010,HU23,2,0.1822
2014,NUTS,2010,HU23,2,0.152
2015,NUTS,2010,HU23,2,0.1333
2016,NUTS,2010,HU23,2,0.1376
2017,NUTS,2010,HU23,2,0.1859
2018,NUTS,2010,HU23,2,0.2365
2019,NUTS,2010,HU23,2,0.176
2011,NUTS,2010,HU3,1,0.1509
2012,NUTS,2010,HU3,1,0.1677
2013,NUTS,2010,HU3,1,0.1858
2014,NUTS,2010,HU3,1,0.1574
2015,NUTS,2010,HU3,1,0.123
2016,NUTS,2010,HU3,1,0.1282
2017,NUTS,2010,HU3,1,0.1455
2018,NUTS,2010,HU3,1,0.1757
2019,NUTS,2010,HU3,1,0.1857
2011,NUTS,2010,HU31,2,0.1143
2012,NUTS,2010,HU31,2,0.1157
2013,NUTS,2010,HU31,2,0.1887
2014,NUTS,2010,HU31,2,0.1246
2015,NUTS,2010,HU31,2,0.0895
2016,NUTS,2010,HU31,2,0.093
2017,NUTS,2010,HU31,2,0.0943
2018,NUTS,2010,HU31,2,0.1097
2019,NUTS,2010,HU31,2,0.1243
2011,NUTS,2010,HU32,2,0.1444
2012,NUTS,2010,HU32,2,0.1774
2013,NUTS,2010,HU32,2,0.1379
2014,NUTS,2010,HU32,2,0.1337
2015,NUTS,2010,HU32,2,0.1291
2016,NUTS,2010,HU32,2,0.1325
2017,NUTS,2010,HU32,2,0.1473
2018,NUTS,2010,HU32,2,0.1796
2019,NUTS,2010,HU32,2,0.1609
2011,NUTS,2010,HU33,2,0.1907
2012,NUTS,2010,HU33,2,0.202
2013,NUTS,2010,HU33,2,0.2371
2014,NUTS,2010,HU33,2,0.2131
2015,NUTS,2010,HU33,2,0.1447
2016,NUTS,2010,HU33,2,0.1528
2017,NUTS,2010,HU33,2,0.1875
2018,NUTS,2010,HU33,2,0.2298
2019,NUTS,2010,HU33,2,0.2666
2011,NUTS,2010,IE,0,0.4648
2013,NUTS,2010,IE,0,0.5719
2015,NUTS,2010,IE,0,0.6261
2017,NUTS,2010,IE,0,0.6771
2019,NUTS,2010,IE,0,0.6894
2011,NUTS,2010,IE0,1,0.4577
2013,NUTS,2010,IE0,1,0.5625
2015,NUTS,2010,IE0,1,0.6134
2017,NUTS,2010,IE0,1,0.6631
2011,NUTS,2010,IE01,2,0.3945
2013,NUTS,2010,IE01,2,0.3978
2015,NUTS,2010,IE01,2,0.4224
2017,NUTS,2010,IE01,2,1.1214
2011,NUTS,2010,IE02,2,0.479
2013,NUTS,2010,IE02,2,0.6188
2015,NUTS,2010,IE02,2,0.6767
2017,NUTS,2010,IE02,2,0.5985
2011,NUTS,2010,IS,0,0.6256
2013,NUTS,2010,IS,0,0.9167
2015,NUTS,2010,IS,0,1.069
2016,NUTS,2010,IS,0,1.0568
2017,NUTS,2010,IS,0,1.0191
2018,NUTS,2010,IS,0,1.0078
2011,NUTS,2010,IT,0,0.3017
2012,NUTS,2010,IT,0,0.3203
2013,NUTS,2010,IT,0,0.3319
2014,NUTS,2010,IT,0,0.3458
2015,NUTS,2010,IT,0,0.3803
2016,NUTS,2010,IT,0,0.4502
2017,NUTS,2010,IT,0,0.539
2018,NUTS,2010,IT,0,0.6412
2019,NUTS,2010,IT,0,0.6955
2011,NUTS,2010,ITC,1,0.4192
2012,NUTS,2010,ITC,1,0.4401
2013,NUTS,2010,ITC,1,0.4462
2014,NUTS,2010,ITC,1,0.4719
2015,NUTS,2010,ITC,1,0.5108
2016,NUTS,2010,ITC,1,0.5876
2017,NUTS,2010,ITC,1,0.6768
2018,NUTS,2010,ITC,1,0.7909
2019,NUTS,2010,ITC,1,0.8516
2011,NUTS,2010,ITC1,2,0.3647
2012,NUTS,2010,ITC1,2,0.3996
2013,NUTS,2010,ITC1,2,0.4338
2014,NUTS,2010,ITC1,2,0.4587
2015,NUTS,2010,ITC1,2,0.5226
2016,NUTS,2010,ITC1,2,0.5715
2017,NUTS,2010,ITC1,2,0.6399
2018,NUTS,2010,ITC1,2,0.7364
2019,NUTS,2010,ITC1,2,0.7675
2011,NUTS,2010,ITC2,2,0.1579
2012,NUTS,2010,ITC2,2,0.1502
2013,NUTS,2010,ITC2,2,0.1209
2014,NUTS,2010,ITC2,2,0.1164
2015,NUTS,2010,ITC2,2,0.1418
2016,NUTS,2010,ITC2,2,0.1848
2017,NUTS,2010,ITC2,2,0.1667
2018,NUTS,2010,ITC2,2,0.2122
2019,NUTS,2010,ITC2,2,0.1577
2011,NUTS,2010,ITC3,2,0.2455
2012,NUTS,2010,ITC3,2,0.2464
2013,NUTS,2010,ITC3,2,0.2479
2014,NUTS,2010,ITC3,2,0.2439
2015,NUTS,2010,ITC3,2,0.2619
2016,NUTS,2010,ITC3,2,0.3338
2017,NUTS,2010,ITC3,2,0.3401
2018,NUTS,2010,ITC3,2,0.3755
2019,NUTS,2010,ITC3,2,0.4653
2011,NUTS,2010,ITC4,2,0.4761
2012,NUTS,2010,ITC4,2,0.4926
2013,NUTS,2010,ITC4,2,0.4858
2014,NUTS,2010,ITC4,2,0.5166
2015,NUTS,2010,ITC4,2,0.5482
2016,NUTS,2010,ITC4,2,0.6372
2017,NUTS,2010,ITC4,2,0.7481
2018,NUTS,2010,ITC4,2,0.8837
2019,NUTS,2010,ITC4,2,0.954
2011,NUTS,2010,ITF,1,0.0975
2012,NUTS,2010,ITF,1,0.111
2013,NUTS,2010,ITF,1,0.1349
2014,NUTS,2010,ITF,1,0.1376
2015,NUTS,2010,ITF,1,0.1676
2016,NUTS,2010,ITF,1,0.1793
2017,NUTS,2010,ITF,1,0.2617
2018,NUTS,2010,ITF,1,0.3583
2019,NUTS,2010,ITF,1,0.4227
2011,NUTS,2010,ITF1,2,0.1345
2012,NUTS,2010,ITF1,2,0.0947
2013,NUTS,2010,ITF1,2,0.1039
2014,NUTS,2010,ITF1,2,0.0892
2015,NUTS,2010,ITF1,2,0.0903
2016,NUTS,2010,ITF1,2,0.1496
2017,NUTS,2010,ITF1,2,0.193
2018,NUTS,2010,ITF1,2,0.272
2019,NUTS,2010,ITF1,2,0.2676
2011,NUTS,2010,ITF2,2,0.0374
2012,NUTS,2010,ITF2,2,0.0468
2013,NUTS,2010,ITF2,2,0.307
2014,NUTS,2010,ITF2,2,0.2585
2015,NUTS,2010,ITF2,2,0.3305
2016,NUTS,2010,ITF2,2,0.3218
2017,NUTS,2010,ITF2,2,0.4351
2018,NUTS,2010,ITF2,2,0.5501
2019,NUTS,2010,ITF2,2,0.586
2011,NUTS,2010,ITF3,2,0.1488
2012,NUTS,2010,ITF3,2,0.1785
2013,NUTS,2010,ITF3,2,0.1758
2014,NUTS,2010,ITF3,2,0.194
2015,NUTS,2010,ITF3,2,0.2292
2016,NUTS,2010,ITF3,2,0.2239
2017,NUTS,2010,ITF3,2,0.3109
2018,NUTS,2010,ITF3,2,0.464
2019,NUTS,2010,ITF3,2,0.5555
2011,NUTS,2010,ITF4,2,0.0689
2012,NUTS,2010,ITF4,2,0.0924
2013,NUTS,2010,ITF4,2,0.1445
2014,NUTS,2010,ITF4,2,0.1337
2015,NUTS,2010,ITF4,2,0.1648
2016,NUTS,2010,ITF4,2,0.1757
2017,NUTS,2010,ITF4,2,0.223
2018,NUTS,2010,ITF4,2,0.2813
2019,NUTS,2010,ITF4,2,0.3629
2011,NUTS,2010,ITF5,2,0.0553
2012,NUTS,2010,ITF5,2,0.0261
2013,NUTS,2010,ITF5,2,0.0235
2014,NUTS,2010,ITF5,2,0.0274
2015,NUTS,2010,ITF5,2,0.0366
2016,NUTS,2010,ITF5,2,0.0565
2017,NUTS,2010,ITF5,2,0.091
2018,NUTS,2010,ITF5,2,0.136
2019,NUTS,2010,ITF5,2,0.1171
2011,NUTS,2010,ITF6,2,0.0149
2012,NUTS,2010,ITF6,2,0.0178
2013,NUTS,2010,ITF6,2,0.0244
2014,NUTS,2010,ITF6,2,0.0391
2015,NUTS,2010,ITF6,2,0.0781
2016,NUTS,2010,ITF6,2,0.0986
2017,NUTS,2010,ITF6,2,0.2783
2018,NUTS,2010,ITF6,2,0.3166
2019,NUTS,2010,ITF6,2,0.356
2011,NUTS,2010,ITG,1,0.0856
2012,NUTS,2010,ITG,1,0.0735
2013,NUTS,2010,ITG,1,0.0712
2014,NUTS,2010,ITG,1,0.0859
2015,NUTS,2010,ITG,1,0.0702
2016,NUTS,2010,ITG,1,0.0709
2017,NUTS,2010,ITG,1,0.112
2018,NUTS,2010,ITG,1,0.1675
2019,NUTS,2010,ITG,1,0.2406
2011,NUTS,2010,ITG1,2,0.1102
2012,NUTS,2010,ITG1,2,0.0943
2013,NUTS,2010,ITG1,2,0.0892
2014,NUTS,2010,ITG1,2,0.1118
2015,NUTS,2010,ITG1,2,0.0831
2016,NUTS,2010,ITG1,2,0.0806
2017,NUTS,2010,ITG1,2,0.1297
2018,NUTS,2010,ITG1,2,0.2053
2019,NUTS,2010,ITG1,2,0.3171
2011,NUTS,2010,ITG2,2,0.0332
2012,NUTS,2010,ITG2,2,0.0288
2013,NUTS,2010,ITG2,2,0.0309
2014,NUTS,2010,ITG2,2,0.0287
2015,NUTS,2010,ITG2,2,0.0426
2016,NUTS,2010,ITG2,2,0.0492
2017,NUTS,2010,ITG2,2,0.0709
2018,NUTS,2010,ITG2,2,0.0825
2019,NUTS,2010,ITG2,2,0.0768
2011,NUTS,2010,ITH,1,0.4104
2012,NUTS,2010,ITH,1,0.4414
2013,NUTS,2010,ITH,1,0.4463
2014,NUTS,2010,ITH,1,0.4545
2015,NUTS,2010,ITH,1,0.509
2016,NUTS,2010,ITH,1,0.6286
2017,NUTS,2010,ITH,1,0.7428
2018,NUTS,2010,ITH,1,0.8394
2019,NUTS,2010,ITH,1,0.8144
2011,NUTS,2010,ITH1,2,0.138
2012,NUTS,2010,ITH1,2,0.1548
2013,NUTS,2010,ITH1,2,0.1258
2014,NUTS,2010,ITH1,2,0.1476
2015,NUTS,2010,ITH1,2,0.1577
2016,NUTS,2010,ITH1,2,0.257
2017,NUTS,2010,ITH1,2,0.2112
2018,NUTS,2010,ITH1,2,0.2547
2019,NUTS,2010,ITH1,2,0.2344
2011,NUTS,2010,ITH2,2,0.4133
2012,NUTS,2010,ITH2,2,0.4561
2013,NUTS,2010,ITH2,2,0.4703
2014,NUTS,2010,ITH2,2,0.4859
2015,NUTS,2010,ITH2,2,0.508
2016,NUTS,2010,ITH2,2,0.4082
2017,NUTS,2010,ITH2,2,0.4596
2018,NUTS,2010,ITH2,2,0.5283
2019,NUTS,2010,ITH2,2,0.5596
2011,NUTS,2010,ITH3,2,0.4327
2012,NUTS,2010,ITH3,2,0.437
2013,NUTS,2010,ITH3,2,0.4461
2014,NUTS,2010,ITH3,2,0.4236
2015,NUTS,2010,ITH3,2,0.4553
2016,NUTS,2010,ITH3,2,0.5923
2017,NUTS,2010,ITH3,2,0.7023
2018,NUTS,2010,ITH3,2,0.8069
2019,NUTS,2010,ITH3,2,0.7763
2011,NUTS,2010,ITH4,2,0.2747
2012,NUTS,2010,ITH4,2,0.276
2013,NUTS,2010,ITH4,2,0.2725
2014,NUTS,2010,ITH4,2,0.2791
2015,NUTS,2010,ITH4,2,0.2588
2016,NUTS,2010,ITH4,2,0.297
2017,NUTS,2010,ITH4,2,0.3742
2018,NUTS,2010,ITH4,2,0.4137
2019,NUTS,2010,ITH4,2,0.4376
2011,NUTS,2010,ITH5,2,0.4544
2012,NUTS,2010,ITH5,2,0.5205
2013,NUTS,2010,ITH5,2,0.526
2014,NUTS,2010,ITH5,2,0.5642
2015,NUTS,2010,ITH5,2,0.6683
2016,NUTS,2010,ITH5,2,0.8173
2017,NUTS,2010,ITH5,2,0.975
2018,NUTS,2010,ITH5,2,1.0909
2019,NUTS,2010,ITH5,2,1.0475
2011,NUTS,2010,ITI,1,0.2492
2012,NUTS,2010,ITI,1,0.2735
2013,NUTS,2010,ITI,1,0.2859
2014,NUTS,2010,ITI,1,0.2975
2015,NUTS,2010,ITI,1,0.3209
2016,NUTS,2010,ITI,1,0.3998
2017,NUTS,2010,ITI,1,0.4722
2018,NUTS,2010,ITI,1,0.5684
2019,NUTS,2010,ITI,1,0.6581
2011,NUTS,2010,ITI1,2,0.2449
2012,NUTS,2010,ITI1,2,0.2821
2013,NUTS,2010,ITI1,2,0.3112
2014,NUTS,2010,ITI1,2,0.3297
2015,NUTS,2010,ITI1,2,0.3644
2016,NUTS,2010,ITI1,2,0.4454
2017,NUTS,2010,ITI1,2,0.5676
2018,NUTS,2010,ITI1,2,0.6742
2019,NUTS,2010,ITI1,2,0.7777
2011,NUTS,2010,ITI2,2,0.1335
2012,NUTS,2010,ITI2,2,0.1832
2013,NUTS,2010,ITI2,2,0.1866
2014,NUTS,2010,ITI2,2,0.2629
2015,NUTS,2010,ITI2,2,0.2209
2016,NUTS,2010,ITI2,2,0.2926
2017,NUTS,2010,ITI2,2,0.344
2018,NUTS,2010,ITI2,2,0.4648
2019,NUTS,2010,ITI2,2,0.4961
2011,NUTS,2010,ITI3,2,0.2154
2012,NUTS,2010,ITI3,2,0.2343
2013,NUTS,2010,ITI3,2,0.2374
2014,NUTS,2010,ITI3,2,0.2895
2015,NUTS,2010,ITI3,2,0.2681
2016,NUTS,2010,ITI3,2,0.3795
2017,NUTS,2010,ITI3,2,0.5021
2018,NUTS,2010,ITI3,2,0.5634
2019,NUTS,2010,ITI3,2,0.5509
2011,NUTS,2010,ITI4,2,0.2808
2012,NUTS,2010,ITI4,2,0.2931
2013,NUTS,2010,ITI4,2,0.2978
2014,NUTS,2010,ITI4,2,0.2834
2015,NUTS,2010,ITI4,2,0.3211
2016,NUTS,2010,ITI4,2,0.3905
2017,NUTS,2010,ITI4,2,0.4195
2018,NUTS,2010,ITI4,2,0.5144
2019,NUTS,2010,ITI4,2,0.6318
2011,NUTS,2010,KR,0,0.4264
2011,NUTS,2010,LT,0,0.1448
2012,NUTS,2010,LT,0,0.1284
2013,NUTS,2010,LT,0,0.1635
2014,NUTS,2010,LT,0,0.2506
2015,NUTS,2010,LT,0,0.1756
2016,NUTS,2010,LT,0,0.1883
2017,NUTS,2010,LT,0,0.2406
2018,NUTS,2010,LT,0,0.2731
2019,NUTS,2010,LT,0,0.3298
2015,NUTS,2010,LT01,2,0.405
2016,NUTS,2010,LT01,2,0.4074
2017,NUTS,2010,LT01,2,0.4587
2018,NUTS,2010,LT01,2,0.5223
2019,NUTS,2010,LT01,2,0.6184
2015,NUTS,2010,LT02,2,0.0705
2016,NUTS,2010,LT02,2,0.0808
2017,NUTS,2010,LT02,2,0.1238
2018,NUTS,2010,LT02,2,0.1381
2019,NUTS,2010,LT02,2,0.1783
2011,NUTS,2010,LU,0,0.6534
2013,NUTS,2010,LU,0,0.3741
2015,NUTS,2010,LU,0,0.3874
2017,NUTS,2010,LU,0,0.4584
2019,NUTS,2010,LU,0,0.4379
2011,NUTS,2010,LV,0,0.1623
2012,NUTS,2010,LV,0,0.1536
2013,NUTS,2010,LV,0,0.144
2015,NUTS,2010,LV,0,0.1708
2016,NUTS,2010,LV,0,0.1468
2017,NUTS,2010,LV,0,0.1603
2018,NUTS,2010,LV,0,0.1626
2019,NUTS,2010,LV,0,0.1762
2011,NUTS,2010,ME,0,0.0764
2013,NUTS,2010,ME,0,0.0857
2014,NUTS,2010,ME,0,0.0735
2015,NUTS,2010,ME,0,0.0675
2017,NUTS,2010,ME,0,0.058
2018,NUTS,2010,ME,0,0.1033
2019,NUTS,2010,ME,0,0.1064
2011,NUTS,2010,MK,0,0.0335
2012,NUTS,2010,MK,0,0.0297
2015,NUTS,2010,MK,0,0.0772
2016,NUTS,2010,MK,0,0.0852
2017,NUTS,2010,MK,0,0.0832
2018,NUTS,2010,MK,0,0.0919
2019,NUTS,2010,MK,0,0.0992
2011,NUTS,2010,MT,0,0.3397
2012,NUTS,2010,MT,0,0.3942
2013,NUTS,2010,MT,0,0.3068
2014,NUTS,2010,MT,0,0.2795
2015,NUTS,2010,MT,0,0.2407
2016,NUTS,2010,MT,0,0.2733
2017,NUTS,2010,MT,0,0.2912
2018,NUTS,2010,MT,0,0.257
2019,NUTS,2010,MT,0,0.2771
2011,NUTS,2010,NL,0,0.5294
2012,NUTS,2010,NL,0,0.5665
2013,NUTS,2010,NL,0,0.678
2014,NUTS,2010,NL,0,0.6796
2015,NUTS,2010,NL,0,0.7047
2016,NUTS,2010,NL,0,0.7767
2017,NUTS,2010,NL,0,0.7815
2018,NUTS,2010,NL,0,0.822
2019,NUTS,2010,NL,0,0.8854
2011,NUTS,2010,NO,0,0.4974
2012,NUTS,2010,NO,0,0.5093
2013,NUTS,2010,NO,0,0.5138
2014,NUTS,2010,NO,0,0.5712
2015,NUTS,2010,NO,0,0.5936
2016,NUTS,2010,NO,0,0.6285
2017,NUTS,2010,NO,0,0.7104
2018,NUTS,2010,NO,0,0.7327
2019,NUTS,2010,NO,0,0.7213
2011,NUTS,2010,NO0,1,0.4855
2012,NUTS,2010,NO0,1,0.4963
2013,NUTS,2010,NO0,1,0.5007
2014,NUTS,2010,NO0,1,0.5559
2011,NUTS,2010,NO01,2,0.8655
2012,NUTS,2010,NO01,2,0.8449
2013,NUTS,2010,NO01,2,0.8261
2014,NUTS,2010,NO01,2,0.909
2011,NUTS,2010,NO02,2,0.1196
2012,NUTS,2010,NO02,2,0.1422
2013,NUTS,2010,NO02,2,0.1908
2014,NUTS,2010,NO02,2,0.1874
2011,NUTS,2010,NO03,2,0.3676
2012,NUTS,2010,NO03,2,0.378
2013,NUTS,2010,NO03,2,0.4126
2014,NUTS,2010,NO03,2,0.443
2011,NUTS,2010,NO04,2,0.3047
2012,NUTS,2010,NO04,2,0.3167
2013,NUTS,2010,NO04,2,0.3282
2014,NUTS,2010,NO04,2,0.3874
2011,NUTS,2010,NO05,2,0.3192
2012,NUTS,2010,NO05,2,0.3021
2013,NUTS,2010,NO05,2,0.3162
2014,NUTS,2010,NO05,2,0.4173
2011,NUTS,2010,NO06,2,0.8972
2012,NUTS,2010,NO06,2,1.0554
2013,NUTS,2010,NO06,2,0.9862
2014,NUTS,2010,NO06,2,0.9594
2011,NUTS,2010,NO07,2,0.2036
2012,NUTS,2010,NO07,2,0.2051
2013,NUTS,2010,NO07,2,0.1921
2014,NUTS,2010,NO07,2,0.2248
2011,NUTS,2010,PL,0,0.0791
2012,NUTS,2010,PL,0,0.0957
2013,NUTS,2010,PL,0,0.1131
2014,NUTS,2010,PL,0,0.1252
2015,NUTS,2010,PL,0,0.1465
2016,NUTS,2010,PL,0,0.2361
2017,NUTS,2010,PL,0,0.3401
2018,NUTS,2010,PL,0,0.3896
2019,NUTS,2010,PL,0,0.4184
2011,NUTS,2010,PL1,1,0.1704
2012,NUTS,2010,PL1,1,0.214
2013,NUTS,2010,PL1,1,0.1801
2014,NUTS,2010,PL1,1,0.1947
2015,NUTS,2010,PL1,1,0.211
2011,NUTS,2010,PL11,2,0.0518
2012,NUTS,2010,PL11,2,0.0575
2013,NUTS,2010,PL11,2,0.0699
2014,NUTS,2010,PL11,2,0.0691
2015,NUTS,2010,PL11,2,0.1007
2011,NUTS,2010,PL12,2,0.144
2012,NUTS,2010,PL12,2,0.1851
2013,NUTS,2010,PL12,2,0.2387
2014,NUTS,2010,PL12,2,0.2565
2015,NUTS,2010,PL12,2,0.2616
2011,NUTS,2010,PL2,1,0.0692
2012,NUTS,2010,PL2,1,0.0756
2013,NUTS,2010,PL2,1,0.0946
2014,NUTS,2010,PL2,1,0.1003
2015,NUTS,2010,PL2,1,0.1413
2016,NUTS,2010,PL2,1,0.2167
2017,NUTS,2010,PL2,1,0.2793
2018,NUTS,2010,PL2,1,0.3187
2019,NUTS,2010,PL2,1,0.3641
2011,NUTS,2010,PL21,2,0.0847
2012,NUTS,2010,PL21,2,0.1071
2013,NUTS,2010,PL21,2,0.1384
2014,NUTS,2010,PL21,2,0.1369
2015,NUTS,2010,PL21,2,0.2
2016,NUTS,2010,PL21,2,0.3138
2017,NUTS,2010,PL21,2,0.4058
2018,NUTS,2010,PL21,2,0.4278
2019,NUTS,2010,PL21,2,0.5042
2011,NUTS,2010,PL22,2,0.0583
2012,NUTS,2010,PL22,2,0.0536
2013,NUTS,2010,PL22,2,0.0641
2014,NUTS,2010,PL22,2,0.0743
2015,NUTS,2010,PL22,2,0.0993
2016,NUTS,2010,PL22,2,0.1455
2017,NUTS,2010,PL22,2,0.185
2018,NUTS,2010,PL22,2,0.2361
2019,NUTS,2010,PL22,2,0.2572
2011,NUTS,2010,PL3,1,0.0822
2012,NUTS,2010,PL3,1,0.0981
2013,NUTS,2010,PL3,1,0.1014
2014,NUTS,2010,PL3,1,0.0997
2015,NUTS,2010,PL3,1,0.1124
2011,NUTS,2010,PL31,2,0.0258
2012,NUTS,2010,PL31,2,0.0562
2013,NUTS,2010,PL31,2,0.0432
2014,NUTS,2010,PL31,2,0.0363
2015,NUTS,2010,PL31,2,0.057
2011,NUTS,2010,PL32,2,0.2178
2012,NUTS,2010,PL32,2,0.2347
2013,NUTS,2010,PL32,2,0.2534
2014,NUTS,2010,PL32,2,0.269
2015,NUTS,2010,PL32,2,0.2758
2011,NUTS,2010,PL33,2,0.0208
2012,NUTS,2010,PL33,2,0.0281
2013,NUTS,2010,PL33,2,0.0301
2014,NUTS,2010,PL33,2,0.0268
2015,NUTS,2010,PL33,2,0.034
2011,NUTS,2010,PL34,2,0.0332
2012,NUTS,2010,PL34,2,0.0243
2013,NUTS,2010,PL34,2,0.0367
2014,NUTS,2010,PL34,2,0.0383
2015,NUTS,2010,PL34,2,0.0497
2011,NUTS,2010,PL4,1,0.0342
2012,NUTS,2010,PL4,1,0.0575
2013,NUTS,2010,PL4,1,0.056
2014,NUTS,2010,PL4,1,0.0717
2015,NUTS,2010,PL4,1,0.1041
2016,NUTS,2010,PL4,1,0.0975
2017,NUTS,2010,PL4,1,0.1446
2018,NUTS,2010,PL4,1,0.1758
2019,NUTS,2010,PL4,1,0.2007
2011,NUTS,2010,PL41,2,0.0525
2012,NUTS,2010,PL41,2,0.0849
2013,NUTS,2010,PL41,2,0.0842
2014,NUTS,2010,PL41,2,0.109
2015,NUTS,2010,PL41,2,0.156
2016,NUTS,2010,PL41,2,0.1443
2017,NUTS,2010,PL41,2,0.1895
2018,NUTS,2010,PL41,2,0.2236
2019,NUTS,2010,PL41,2,0.2591
2011,NUTS,2010,PL42,2,0.0092
2012,NUTS,2010,PL42,2,0.0255
2013,NUTS,2010,PL42,2,0.0198
2014,NUTS,2010,PL42,2,0.0239
2015,NUTS,2010,PL42,2,0.0377
2017,NUTS,2010,PL42,2,0.0729
2018,NUTS,2010,PL42,2,0.0927
2019,NUTS,2010,PL42,2,0.0955
2011,NUTS,2010,PL43,2,0.0097
2012,NUTS,2010,PL43,2,0.012
2013,NUTS,2010,PL43,2,0.014
2014,NUTS,2010,PL43,2,0.0199
2015,NUTS,2010,PL43,2,0.0349
2017,NUTS,2010,PL43,2,0.0984
2018,NUTS,2010,PL43,2,0.1364
2019,NUTS,2010,PL43,2,0.1535
2011,NUTS,2010,PL5,1,0.07
2012,NUTS,2010,PL5,1,0.0877
2013,NUTS,2010,PL5,1,0.1129
2014,NUTS,2010,PL5,1,0.1408
2015,NUTS,2010,PL5,1,0.1474
2016,NUTS,2010,PL5,1,0.1944
2017,NUTS,2010,PL5,1,0.2633
2018,NUTS,2010,PL5,1,0.3137
2019,NUTS,2010,PL5,1,0.3494
2012,NUTS,2010,PL51,2,0.1015
2013,NUTS,2010,PL51,2,0.131
2014,NUTS,2010,PL51,2,0.1684
2015,NUTS,2010,PL51,2,0.1722
2016,NUTS,2010,PL51,2,0.2047
2017,NUTS,2010,PL51,2,0.2872
2018,NUTS,2010,PL51,2,0.3505
2019,NUTS,2010,PL51,2,0.3949
2012,NUTS,2010,PL52,2,0.0437
2013,NUTS,2010,PL52,2,0.0552
2014,NUTS,2010,PL52,2,0.057
2015,NUTS,2010,PL52,2,0.0755
2016,NUTS,2010,PL52,2,0.1606
2017,NUTS,2010,PL52,2,0.1851
2018,NUTS,2010,PL52,2,0.1959
2019,NUTS,2010,PL52,2,0.1935
2011,NUTS,2010,PL6,1,0.0643
2012,NUTS,2010,PL6,1,0.0658
2013,NUTS,2010,PL6,1,0.0745
2014,NUTS,2010,PL6,1,0.0857
2015,NUTS,2010,PL6,1,0.0969
2016,NUTS,2010,PL6,1,0.1498
2017,NUTS,2010,PL6,1,0.2076
2018,NUTS,2010,PL6,1,0.2538
2019,NUTS,2010,PL6,1,0.2675
2011,NUTS,2010,PL61,2,0.0345
2012,NUTS,2010,PL61,2,0.0368
2013,NUTS,2010,PL61,2,0.0344
2014,NUTS,2010,PL61,2,0.0398
2015,NUTS,2010,PL61,2,0.0525
2016,NUTS,2010,PL61,2,0.0845
2017,NUTS,2010,PL61,2,0.2162
2018,NUTS,2010,PL61,2,0.2102
2019,NUTS,2010,PL61,2,0.1682
2011,NUTS,2010,PL62,2,0.022
2012,NUTS,2010,PL62,2,0.0249
2013,NUTS,2010,PL62,2,0.0293
2015,NUTS,2010,PL62,2,0.04
2016,NUTS,2010,PL62,2,0.0581
2017,NUTS,2010,PL62,2,0.0692
2018,NUTS,2010,PL62,2,0.1133
2019,NUTS,2010,PL62,2,0.1375
2011,NUTS,2010,PL63,2,0.1211
2012,NUTS,2010,PL63,2,0.1171
2013,NUTS,2010,PL63,2,0.1367
2015,NUTS,2010,PL63,2,0.1686
2016,NUTS,2010,PL63,2,0.2583
2017,NUTS,2010,PL63,2,0.2775
2018,NUTS,2010,PL63,2,0.3705
2019,NUTS,2010,PL63,2,0.4214
2016,NUTS,2010,PL7,1,0.1646
2017,NUTS,2010,PL7,1,0.2075
2018,NUTS,2010,PL7,1,0.2395
2019,NUTS,2010,PL7,1,0.2504
2017,NUTS,2010,PL71,2,0.2795
2018,NUTS,2010,PL71,2,0.3151
2019,NUTS,2010,PL71,2,0.3273
2017,NUTS,2010,PL72,2,0.0506
2018,NUTS,2010,PL72,2,0.0691
2019,NUTS,2010,PL72,2,0.0837
2016,NUTS,2010,PL8,1,0.1556
2017,NUTS,2010,PL8,1,0.1541
2018,NUTS,2010,PL8,1,0.1831
2019,NUTS,2010,PL8,1,0.2065
2016,NUTS,2010,PL81,2,0.0802
2017,NUTS,2010,PL81,2,0.1048
2018,NUTS,2010,PL81,2,0.1236
2019,NUTS,2010,PL81,2,0.1365
2016,NUTS,2010,PL82,2,0.2825
2017,NUTS,2010,PL82,2,0.242
2018,NUTS,2010,PL82,2,0.283
2019,NUTS,2010,PL82,2,0.3243
2016,NUTS,2010,PL84,2,0.0705
2017,NUTS,2010,PL84,2,0.0846
2018,NUTS,2010,PL84,2,0.1179
2019,NUTS,2010,PL84,2,0.1305
2016,NUTS,2010,PL9,1,0.5884
2017,NUTS,2010,PL9,1,0.9837
2018,NUTS,2010,PL9,1,1.0832
2019,NUTS,2010,PL9,1,1.1042
2016,NUTS,2010,PL91,2,0.9753
2017,NUTS,2010,PL91,2,1.6357
2018,NUTS,2010,PL91,2,1.6954
2019,NUTS,2010,PL91,2,1.7063
2016,NUTS,2010,PL92,2,0.061
2017,NUTS,2010,PL92,2,0.088
2018,NUTS,2010,PL92,2,0.1715
2019,NUTS,2010,PL92,2,0.1298
2011,NUTS,2010,PT,0,0.377
2012,NUTS,2010,PT,0,0.4182
2013,NUTS,2010,PT,0,0.4547
2014,NUTS,2010,PT,0,0.5057
2015,NUTS,2010,PT,0,0.6101
2016,NUTS,2010,PT,0,0.5009
2017,NUTS,2010,PT,0,0.556
2018,NUTS,2010,PT,0,0.5967
2019,NUTS,2010,PT,0,0.6647
2020,NUTS,2010,PT,0,0.7998
2011,NUTS,2010,PT1,1,0.3654
2012,NUTS,2010,PT1,1,0.4043
2013,NUTS,2010,PT1,1,0.4449
2014,NUTS,2010,PT1,1,0.5009
2015,NUTS,2010,PT1,1,0.607
2016,NUTS,2010,PT1,1,0.4991
2017,NUTS,2010,PT1,1,0.5541
2018,NUTS,2010,PT1,1,0.5934
2019,NUTS,2010,PT1,1,0.6598
2020,NUTS,2010,PT1,1,0.7984
2011,NUTS,2010,PT11,2,0.3868
2012,NUTS,2010,PT11,2,0.4684
2013,NUTS,2010,PT11,2,0.5387
2014,NUTS,2010,PT11,2,0.6471
2015,NUTS,2010,PT11,2,0.9346
2016,NUTS,2010,PT11,2,0.4973
2017,NUTS,2010,PT11,2,0.5536
2018,NUTS,2010,PT11,2,0.5974
2019,NUTS,2010,PT11,2,0.6456
2020,NUTS,2010,PT11,2,0.8228
2011,NUTS,2010,PT15,2,0.0647
2012,NUTS,2010,PT15,2,0.0578
2013,NUTS,2010,PT15,2,0.059
2014,NUTS,2010,PT15,2,0.0779
2015,NUTS,2010,PT15,2,0.1084
2016,NUTS,2010,PT15,2,0.0931
2017,NUTS,2010,PT15,2,0.0707
2018,NUTS,2010,PT15,2,0.0786
2019,NUTS,2010,PT15,2,0.1164
2020,NUTS,2010,PT15,2,0.1389
2011,NUTS,2010,PT16,2,0.2777
2012,NUTS,2010,PT16,2,0.2441
2013,NUTS,2010,PT16,2,0.2764
2014,NUTS,2010,PT16,2,0.3163
2015,NUTS,2010,PT16,2,0.3502
2016,NUTS,2010,PT16,2,0.4192
2017,NUTS,2010,PT16,2,0.488
2018,NUTS,2010,PT16,2,0.5291
2019,NUTS,2010,PT16,2,0.6359
2020,NUTS,2010,PT16,2,0.704
2011,NUTS,2010,PT17,2,0.5106
2012,NUTS,2010,PT17,2,0.5714
2013,NUTS,2010,PT17,2,0.5923
2014,NUTS,2010,PT17,2,0.5997
2015,NUTS,2010,PT17,2,0.5713
2016,NUTS,2010,PT17,2,0.6787
2017,NUTS,2010,PT17,2,0.7384
2018,NUTS,2010,PT17,2,0.7544
2019,NUTS,2010,PT17,2,0.8154
2020,NUTS,2010,PT17,2,0.9834
2011,NUTS,2010,PT18,2,0.1424
2012,NUTS,2010,PT18,2,0.1361
2013,NUTS,2010,PT18,2,0.1604
2014,NUTS,2010,PT18,2,0.2132
2015,NUTS,2010,PT18,2,0.2268
2016,NUTS,2010,PT18,2,0.2716
2017,NUTS,2010,PT18,2,0.3113
2018,NUTS,2010,PT18,2,0.4373
2019,NUTS,2010,PT18,2,0.4963
2020,NUTS,2010,PT18,2,0.6037
2011,NUTS,2010,PT2,1,0.0352
2012,NUTS,2010,PT2,1,0.0594
2013,NUTS,2010,PT2,1,0.0288
2014,NUTS,2010,PT2,1,0.0276
2015,NUTS,2010,PT2,1,0.0293
2016,NUTS,2010,PT2,1,0.0652
2017,NUTS,2010,PT2,1,0.0745
2018,NUTS,2010,PT2,1,0.0755
2019,NUTS,2010,PT2,1,0.0662
2020,NUTS,2010,PT2,1,0.0754
2011,NUTS,2010,PT20,2,0.0352
2012,NUTS,2010,PT20,2,0.0594
2013,NUTS,2010,PT20,2,0.0288
2014,NUTS,2010,PT20,2,0.0276
2015,NUTS,2010,PT20,2,0.0293
2016,NUTS,2010,PT20,2,0.0652
2017,NUTS,2010,PT20,2,0.0745
2018,NUTS,2010,PT20,2,0.0755
2019,NUTS,2010,PT20,2,0.0662
2020,NUTS,2010,PT20,2,0.0754
2011,NUTS,2010,PT3,1,0.0435
2012,NUTS,2010,PT3,1,0.0395
2013,NUTS,2010,PT3,1,0.0459
2014,NUTS,2010,PT3,1,0.046
2015,NUTS,2010,PT3,1,0.0487
2016,NUTS,2010,PT3,1,0.0571
2017,NUTS,2010,PT3,1,0.0888
2018,NUTS,2010,PT3,1,0.145
2019,NUTS,2010,PT3,1,0.178
2020,NUTS,2010,PT3,1,0.1672
2011,NUTS,2010,PT30,2,0.0435
2012,NUTS,2010,PT30,2,0.0395
2013,NUTS,2010,PT30,2,0.0459
2014,NUTS,2010,PT30,2,0.046
2015,NUTS,2010,PT30,2,0.0487
2016,NUTS,2010,PT30,2,0.0571
2017,NUTS,2010,PT30,2,0.0888
2018,NUTS,2010,PT30,2,0.145
2019,NUTS,2010,PT30,2,0.178
2020,NUTS,2010,PT30,2,0.1672
2011,NUTS,2010,RO,0,0.141
2012,NUTS,2010,RO,0,0.1433
2013,NUTS,2010,RO,0,0.1388
2014,NUTS,2010,RO,0,0.1365
2015,NUTS,2010,RO,0,0.1208
2016,NUTS,2010,RO,0,0.1247
2017,NUTS,2010,RO,0,0.1266
2018,NUTS,2010,RO,0,0.1229
2019,NUTS,2010,RO,0,0.1232
2011,NUTS,2010,RO1,1,0.0727
2012,NUTS,2010,RO1,1,0.0761
2013,NUTS,2010,RO1,1,0.0515
2014,NUTS,2010,RO1,1,0.1033
2015,NUTS,2010,RO1,1,0.0829
2016,NUTS,2010,RO1,1,0.0914
2017,NUTS,2010,RO1,1,0.0874
2018,NUTS,2010,RO1,1,0.0978
2019,NUTS,2010,RO1,1,0.1006
2011,NUTS,2010,RO11,2,0.0668
2012,NUTS,2010,RO11,2,0.0798
2013,NUTS,2010,RO11,2,0.0459
2014,NUTS,2010,RO11,2,0.058
2015,NUTS,2010,RO11,2,0.0378
2016,NUTS,2010,RO11,2,0.0342
2017,NUTS,2010,RO11,2,0.0307
2018,NUTS,2010,RO11,2,0.0291
2019,NUTS,2010,RO11,2,0.0262
2011,NUTS,2010,RO12,2,0.0804
2012,NUTS,2010,RO12,2,0.0713
2013,NUTS,2010,RO12,2,0.0588
2014,NUTS,2010,RO12,2,0.163
2015,NUTS,2010,RO12,2,0.1415
2016,NUTS,2010,RO12,2,0.1649
2017,NUTS,2010,RO12,2,0.1611
2018,NUTS,2010,RO12,2,0.1938
2019,NUTS,2010,RO12,2,0.1989
2011,NUTS,2010,RO2,1,0.0131
2012,NUTS,2010,RO2,1,0.0333
2013,NUTS,2010,RO2,1,0.0448
2014,NUTS,2010,RO2,1,0.0268
2015,NUTS,2010,RO2,1,0.023
2016,NUTS,2010,RO2,1,0.0269
2017,NUTS,2010,RO2,1,0.0236
2018,NUTS,2010,RO2,1,0.0224
2019,NUTS,2010,RO2,1,0.027
2011,NUTS,2010,RO21,2,0.0174
2012,NUTS,2010,RO21,2,0.0364
2013,NUTS,2010,RO21,2,0.0635
2014,NUTS,2010,RO21,2,0.0316
2015,NUTS,2010,RO21,2,0.0286
2016,NUTS,2010,RO21,2,0.0295
2017,NUTS,2010,RO21,2,0.0305
2018,NUTS,2010,RO21,2,0.0302
2019,NUTS,2010,RO21,2,0.0386
2011,NUTS,2010,RO22,2,0.0064
2012,NUTS,2010,RO22,2,0.0282
2013,NUTS,2010,RO22,2,0.0128
2014,NUTS,2010,RO22,2,0.0183
2015,NUTS,2010,RO22,2,0.013
2016,NUTS,2010,RO22,2,0.0222
2017,NUTS,2010,RO22,2,0.0113
2018,NUTS,2010,RO22,2,0.0085
2019,NUTS,2010,RO22,2,0.0064
2011,NUTS,2010,RO3,1,0.3303
2012,NUTS,2010,RO3,1,0.3059
2013,NUTS,2010,RO3,1,0.2989
2014,NUTS,2010,RO3,1,0.2714
2015,NUTS,2010,RO3,1,0.2384
2016,NUTS,2010,RO3,1,0.2398
2017,NUTS,2010,RO3,1,0.2511
2018,NUTS,2010,RO3,1,0.2269
2019,NUTS,2010,RO3,1,0.2225
2011,NUTS,2010,RO31,2,0.0473
2012,NUTS,2010,RO31,2,0.0976
2013,NUTS,2010,RO31,2,0.1841
2014,NUTS,2010,RO31,2,0.1432
2015,NUTS,2010,RO31,2,0.1012
2016,NUTS,2010,RO31,2,0.0955
2017,NUTS,2010,RO31,2,0.0719
2018,NUTS,2010,RO31,2,0.0921
2019,NUTS,2010,RO31,2,0.1015
2011,NUTS,2010,RO32,2,0.6451
2012,NUTS,2010,RO32,2,0.5446
2013,NUTS,2010,RO32,2,0.4329
2014,NUTS,2010,RO32,2,0.4199
2015,NUTS,2010,RO32,2,0.3904
2016,NUTS,2010,RO32,2,0.3885
2017,NUTS,2010,RO32,2,0.4383
2018,NUTS,2010,RO32,2,0.3646
2019,NUTS,2010,RO32,2,0.3416
2011,NUTS,2010,RO4,1,0.0133
2012,NUTS,2010,RO4,1,0.0176
2013,NUTS,2010,RO4,1,0.0172
2014,NUTS,2010,RO4,1,0.0158
2015,NUTS,2010,RO4,1,0.0464
2016,NUTS,2010,RO4,1,0.0497
2017,NUTS,2010,RO4,1,0.0485
2018,NUTS,2010,RO4,1,0.0586
2019,NUTS,2010,RO4,1,0.0624
2011,NUTS,2010,RO41,2,0.0154
2012,NUTS,2010,RO41,2,0.017
2013,NUTS,2010,RO41,2,0.0065
2014,NUTS,2010,RO41,2,0.0114
2015,NUTS,2010,RO41,2,0.0164
2016,NUTS,2010,RO41,2,0.0118
2017,NUTS,2010,RO41,2,0.0148
2018,NUTS,2010,RO41,2,0.0155
2019,NUTS,2010,RO41,2,0.0117
2011,NUTS,2010,RO42,2,0.0104
2012,NUTS,2010,RO42,2,0.0181
2013,NUTS,2010,RO42,2,0.0303
2014,NUTS,2010,RO42,2,0.0216
2015,NUTS,2010,RO42,2,0.0821
2016,NUTS,2010,RO42,2,0.095
2017,NUTS,2010,RO42,2,0.0901
2018,NUTS,2010,RO42,2,0.1125
2019,NUTS,2010,RO42,2,0.1223
2011,NUTS,2010,RS,0,0.0137
2012,NUTS,2010,RS,0,0.0226
2013,NUTS,2010,RS,0,0.038
2014,NUTS,2010,RS,0,0.0821
2015,NUTS,2010,RS,0,0.0874
2016,NUTS,2010,RS,0,0.0935
2017,NUTS,2010,RS,0,0.0851
2018,NUTS,2010,RS,0,0.0821
2019,NUTS,2010,RS,0,0.0871
2020,NUTS,2010,RS,0,0.0926
2018,NUTS,2010,RS1,1,0.1373
2019,NUTS,2010,RS1,1,0.1408
2020,NUTS,2010,RS1,1,0.1508
2018,NUTS,2010,RS11,2,0.1922
2019,NUTS,2010,RS11,2,0.1919
2020,NUTS,2010,RS11,2,0.2189
2018,NUTS,2010,RS12,2,0.0785
2019,NUTS,2010,RS12,2,0.0866
2020,NUTS,2010,RS12,2,0.0787
2018,NUTS,2010,RS2,1,0.0119
2019,NUTS,2010,RS2,1,0.0161
2020,NUTS,2010,RS2,1,0.0157
2018,NUTS,2010,RS21,2,0.0059
2019,NUTS,2010,RS21,2,0.0092
2020,NUTS,2010,RS21,2,0.0127
2018,NUTS,2010,RS22,2,0.0203
2019,NUTS,2010,RS22,2,0.0258
2020,NUTS,2010,RS22,2,0.0199
2011,NUTS,2010,SE,0,0.6963
2013,NUTS,2010,SE,0,0.6957
2015,NUTS,2010,SE,0,0.7185
2017,NUTS,2010,SE,0,0.7927
2019,NUTS,2010,SE,0,0.7885
2011,NUTS,2010,SI,0,0.7407
2012,NUTS,2010,SI,0,0.7179
2013,NUTS,2010,SI,0,0.7652
2014,NUTS,2010,SI,0,0.7532
2015,NUTS,2010,SI,0,0.7121
2016,NUTS,2010,SI,0,0.7143
2017,NUTS,2010,SI,0,0.7581
2018,NUTS,2010,SI,0,0.842
2019,NUTS,2010,SI,0,0.912
2011,NUTS,2010,SI0,1,0.7196
2012,NUTS,2010,SI0,1,0.7014
2013,NUTS,2010,SI0,1,0.7476
2014,NUTS,2010,SI0,1,0.7311
2015,NUTS,2010,SI0,1,0.6965
2016,NUTS,2010,SI0,1,0.7009
2017,NUTS,2010,SI0,1,0.7438
2018,NUTS,2010,SI0,1,0.8231
2019,NUTS,2010,SI0,1,0.8968
2013,NUTS,2010,SI03,2,0.5994
2014,NUTS,2010,SI03,2,0.6016
2015,NUTS,2010,SI03,2,0.5618
2016,NUTS,2010,SI03,2,0.5841
2017,NUTS,2010,SI03,2,0.6126
2018,NUTS,2010,SI03,2,0.6913
2019,NUTS,2010,SI03,2,0.7799
2013,NUTS,2010,SI04,2,0.9094
2014,NUTS,2010,SI04,2,0.8739
2015,NUTS,2010,SI04,2,0.8425
2016,NUTS,2010,SI04,2,0.8259
2017,NUTS,2010,SI04,2,0.8846
2018,NUTS,2010,SI04,2,0.9676
2019,NUTS,2010,SI04,2,1.0219
2011,NUTS,2010,SK,0,0.0843
2012,NUTS,2010,SK,0,0.0913
2013,NUTS,2010,SK,0,0.0837
2014,NUTS,2010,SK,0,0.0892
2015,NUTS,2010,SK,0,0.0919
2016,NUTS,2010,SK,0,0.1056
2017,NUTS,2010,SK,0,0.1122
2018,NUTS,2010,SK,0,0.1294
2019,NUTS,2010,SK,0,0.1554
2020,NUTS,2010,SK,0,0.1724
2011,NUTS,2010,SK01,2,0.2399
2012,NUTS,2010,SK01,2,0.278
2013,NUTS,2010,SK01,2,0.2975
2014,NUTS,2010,SK01,2,0.2072
2015,NUTS,2010,SK01,2,0.1958
2016,NUTS,2010,SK01,2,0.326
2017,NUTS,2010,SK01,2,0.296
2018,NUTS,2010,SK01,2,0.3492
2019,NUTS,2010,SK01,2,0.4129
2020,NUTS,2010,SK01,2,0.505
2011,NUTS,2010,SK02,2,0.0832
2012,NUTS,2010,SK02,2,0.0911
2013,NUTS,2010,SK02,2,0.0622
2014,NUTS,2010,SK02,2,0.108
2015,NUTS,2010,SK02,2,0.1196
2016,NUTS,2010,SK02,2,0.0777
2017,NUTS,2010,SK02,2,0.1402
2018,NUTS,2010,SK02,2,0.1439
2019,NUTS,2010,SK02,2,0.1572
2020,NUTS,2010,SK02,2,0.1595
2011,NUTS,2010,SK03,2,0.072
2012,NUTS,2010,SK03,2,0.069
2013,NUTS,2010,SK03,2,0.0719
2014,NUTS,2010,SK03,2,0.0732
2015,NUTS,2010,SK03,2,0.0755
2016,NUTS,2010,SK03,2,0.1084
2017,NUTS,2010,SK03,2,0.0709
2018,NUTS,2010,SK03,2,0.0955
2019,NUTS,2010,SK03,2,0.1505
2020,NUTS,2010,SK03,2,0.1364
2011,NUTS,2010,SK04,2,0.041
2012,NUTS,2010,SK04,2,0.0419
2013,NUTS,2010,SK04,2,0.0384
2014,NUTS,2010,SK04,2,0.0456
2015,NUTS,2010,SK04,2,0.0444
2016,NUTS,2010,SK04,2,0.0511
2017,NUTS,2010,SK04,2,0.045
2018,NUTS,2010,SK04,2,0.0603
2019,NUTS,2010,SK04,2,0.0603
2020,NUTS,2010,SK04,2,0.091
2011,NUTS,2010,TR,0,0.1558
2012,NUTS,2010,TR,0,0.169
2013,NUTS,2010,TR,0,0.1859
2014,NUTS,2010,TR,0,0.1973
2015,NUTS,2010,TR,0,0.2034
2016,NUTS,2010,TR,0,0.2132
2017,NUTS,2010,TR,0,0.2547
2018,NUTS,2010,TR,0,0.2961
2019,NUTS,2010,TR,0,0.3187
2020,NUTS,2010,TR,0,0.3941
2011,NUTS,2010,UK,0,0.3144
2012,NUTS,2010,UK,0,0.317
2013,NUTS,2010,UK,0,0.3851
2014,NUTS,2010,UK,0,0.4082
2015,NUTS,2010,UK,0,0.4474
2016,NUTS,2010,UK,0,0.4761
2017,NUTS,2010,UK,0,0.5297
2018,NUTS,2010,UK,0,0.5652
2011,NUTS,2010,UKC,1,0.1711
2013,NUTS,2010,UKC,1,0.2589
2015,NUTS,2010,UKC,1,0.2526
2017,NUTS,2010,UKC,1,0.3198
2011,NUTS,2010,UKC1,2,0.1495
2013,NUTS,2010,UKC1,2,0.3097
2015,NUTS,2010,UKC1,2,0.2115
2017,NUTS,2010,UKC1,2,0.2479
2011,NUTS,2010,UKC2,2,0.1888
2013,NUTS,2010,UKC2,2,0.2187
2015,NUTS,2010,UKC2,2,0.2854
2017,NUTS,2010,UKC2,2,0.3774
2011,NUTS,2010,UKD,1,0.271
2013,NUTS,2010,UKD,1,0.2942
2015,NUTS,2010,UKD,1,0.3695
2017,NUTS,2010,UKD,1,0.4063
2011,NUTS,2010,UKD1,2,0.3577
2013,NUTS,2010,UKD1,2,0.2846
2015,NUTS,2010,UKD1,2,0.5128
2017,NUTS,2010,UKD1,2,0.5603
2011,NUTS,2010,UKD3,2,0.1751
2013,NUTS,2010,UKD3,2,0.1887
2015,NUTS,2010,UKD3,2,0.2627
2017,NUTS,2010,UKD3,2,0.3031
2011,NUTS,2010,UKD4,2,0.2444
2013,NUTS,2010,UKD4,2,0.2917
2015,NUTS,2010,UKD4,2,0.3161
2017,NUTS,2010,UKD4,2,0.3414
2011,NUTS,2010,UKD6,2,0.7159
2013,NUTS,2010,UKD6,2,0.7676
2015,NUTS,2010,UKD6,2,0.8744
2017,NUTS,2010,UKD6,2,0.7822
2011,NUTS,2010,UKD7,2,0.1648
2013,NUTS,2010,UKD7,2,0.1974
2015,NUTS,2010,UKD7,2,0.2594
2017,NUTS,2010,UKD7,2,0.3838
2011,NUTS,2010,UKE,1,0.2308
2013,NUTS,2010,UKE,1,0.2931
2015,NUTS,2010,UKE,1,0.3268
2017,NUTS,2010,UKE,1,0.436
2013,NUTS,2010,UKE1,2,0.2677
2015,NUTS,2010,UKE1,2,0.3006
2017,NUTS,2010,UKE1,2,0.4035
2011,NUTS,2010,UKE2,2,0.6371
2013,NUTS,2010,UKE2,2,0.4456
2015,NUTS,2010,UKE2,2,0.5229
2017,NUTS,2010,UKE2,2,0.5862
2011,NUTS,2010,UKE3,2,0.1658
2013,NUTS,2010,UKE3,2,0.1833
2015,NUTS,2010,UKE3,2,0.2192
2017,NUTS,2010,UKE3,2,0.3353
2011,NUTS,2010,UKE4,2,0.2236
2013,NUTS,2010,UKE4,2,0.3169
2015,NUTS,2010,UKE4,2,0.3269
2017,NUTS,2010,UKE4,2,0.4496
2011,NUTS,2010,UKF,1,0.2926
2013,NUTS,2010,UKF,1,0.3613
2015,NUTS,2010,UKF,1,0.3855
2017,NUTS,2010,UKF,1,0.462
2011,NUTS,2010,UKF1,2,0.435
2013,NUTS,2010,UKF1,2,0.5567
2015,NUTS,2010,UKF1,2,0.5712
2017,NUTS,2010,UKF1,2,0.704
2011,NUTS,2010,UKF2,2,0.2077
2013,NUTS,2010,UKF2,2,0.2334
2015,NUTS,2010,UKF2,2,0.2557
2017,NUTS,2010,UKF2,2,0.3036
2011,NUTS,2010,UKF3,2,0.0881
2013,NUTS,2010,UKF3,2,0.0991
2015,NUTS,2010,UKF3,2,0.1242
2017,NUTS,2010,UKF3,2,0.1488
2011,NUTS,2010,UKG,1,0.1868
2013,NUTS,2010,UKG,1,0.2408
2015,NUTS,2010,UKG,1,0.3284
2017,NUTS,2010,UKG,1,0.4093
2011,NUTS,2010,UKG1,2,0.3691
2013,NUTS,2010,UKG1,2,0.4709
2015,NUTS,2010,UKG1,2,0.6389
2017,NUTS,2010,UKG1,2,0.9069
2011,NUTS,2010,UKG2,2,0.1088
2013,NUTS,2010,UKG2,2,0.1179
2015,NUTS,2010,UKG2,2,0.1534
2017,NUTS,2010,UKG2,2,0.1853
2011,NUTS,2010,UKG3,2,0.1368
2013,NUTS,2010,UKG3,2,0.1956
2015,NUTS,2010,UKG3,2,0.2706
2017,NUTS,2010,UKG3,2,0.2932
2011,NUTS,2010,UKH,1,0.6838
2013,NUTS,2010,UKH,1,0.6969
2015,NUTS,2010,UKH,1,0.7709
2017,NUTS,2010,UKH,1,0.8732
2011,NUTS,2010,UKH1,2,0.8077
2013,NUTS,2010,UKH1,2,0.8214
2015,NUTS,2010,UKH1,2,0.9679
2017,NUTS,2010,UKH1,2,1.175
2011,NUTS,2010,UKH2,2,0.6462
2013,NUTS,2010,UKH2,2,0.8061
2015,NUTS,2010,UKH2,2,0.8192
2017,NUTS,2010,UKH2,2,0.9045
2011,NUTS,2010,UKH3,2,0.547
2013,NUTS,2010,UKH3,2,0.4085
2015,NUTS,2010,UKH3,2,0.44
2017,NUTS,2010,UKH3,2,0.4365
2011,NUTS,2010,UKI,1,0.1872
2013,NUTS,2010,UKI,1,0.2762
2015,NUTS,2010,UKI,1,0.3812
2017,NUTS,2010,UKI,1,0.508
2011,NUTS,2010,UKI3,2,0.6733
2013,NUTS,2010,UKI3,2,0.9102
2015,NUTS,2010,UKI3,2,1.2334
2017,NUTS,2010,UKI3,2,1.8925
2011,NUTS,2010,UKI4,2,0.1133
2013,NUTS,2010,UKI4,2,0.1953
2015,NUTS,2010,UKI4,2,0.2543
2017,NUTS,2010,UKI4,2,0.3132
2011,NUTS,2010,UKI5,2,0.0436
2013,NUTS,2010,UKI5,2,0.0598
2015,NUTS,2010,UKI5,2,0.0713
2017,NUTS,2010,UKI5,2,0.0682
2011,NUTS,2010,UKI6,2,0.1296
2013,NUTS,2010,UKI6,2,0.0922
2015,NUTS,2010,UKI6,2,0.1158
2017,NUTS,2010,UKI6,2,0.1583
2011,NUTS,2010,UKI7,2,0.1782
2013,NUTS,2010,UKI7,2,0.3097
2015,NUTS,2010,UKI7,2,0.4872
2017,NUTS,2010,UKI7,2,0.6114
2011,NUTS,2010,UKJ,1,0.5214
2013,NUTS,2010,UKJ,1,0.6696
2015,NUTS,2010,UKJ,1,0.7159
2017,NUTS,2010,UKJ,1,0.7291
2011,NUTS,2010,UKJ1,2,0.822
2013,NUTS,2010,UKJ1,2,1.2109
2015,NUTS,2010,UKJ1,2,1.261
2017,NUTS,2010,UKJ1,2,1.3654
2011,NUTS,2010,UKJ2,2,0.3565
2013,NUTS,2010,UKJ2,2,0.4589
2015,NUTS,2010,UKJ2,2,0.5111
2017,NUTS,2010,UKJ2,2,0.5271
2011,NUTS,2010,UKJ3,2,0.57
2013,NUTS,2010,UKJ3,2,0.6865
2015,NUTS,2010,UKJ3,2,0.7035
2017,NUTS,2010,UKJ3,2,0.6314
2011,NUTS,2010,UKJ4,2,0.3156
2013,NUTS,2010,UKJ4,2,0.2553
2015,NUTS,2010,UKJ4,2,0.284
2017,NUTS,2010,UKJ4,2,0.2935
2011,NUTS,2010,UKK,1,0.2155
2013,NUTS,2010,UKK,1,0.2743
2015,NUTS,2010,UKK,1,0.3184
2017,NUTS,2010,UKK,1,0.3778
2011,NUTS,2010,UKK1,2,0.3633
2013,NUTS,2010,UKK1,2,0.4718
2015,NUTS,2010,UKK1,2,0.4952
2017,NUTS,2010,UKK1,2,0.5818
2011,NUTS,2010,UKK2,2,0.1385
2013,NUTS,2010,UKK2,2,0.1626
2015,NUTS,2010,UKK2,2,0.2242
2017,NUTS,2010,UKK2,2,0.2559
2011,NUTS,2010,UKK3,2,0.0587
2013,NUTS,2010,UKK3,2,0.0621
2015,NUTS,2010,UKK3,2,0.0994
2017,NUTS,2010,UKK3,2,0.1354
2011,NUTS,2010,UKK4,2,0.0534
2013,NUTS,2010,UKK4,2,0.07
2015,NUTS,2010,UKK4,2,0.1404
2017,NUTS,2010,UKK4,2,0.1805
2011,NUTS,2010,UKL,1,0.1959
2013,NUTS,2010,UKL,1,0.1837
2015,NUTS,2010,UKL,1,0.2281
2017,NUTS,2010,UKL,1,0.3507
2011,NUTS,2010,UKL1,2,0.1021
2013,NUTS,2010,UKL1,2,0.0782
2015,NUTS,2010,UKL1,2,0.1944
2017,NUTS,2010,UKL1,2,0.3057
2011,NUTS,2010,UKL2,2,0.348
2013,NUTS,2010,UKL2,2,0.349
2015,NUTS,2010,UKL2,2,0.2848
2017,NUTS,2010,UKL2,2,0.4196
2011,NUTS,2010,UKM,1,0.194
2013,NUTS,2010,UKM,1,0.2836
2015,NUTS,2010,UKM,1,0.3084
2017,NUTS,2010,UKM,1,0.4413
2013,NUTS,2010,UKM2,2,0.0874
2015,NUTS,2010,UKM2,2,0.4361
2017,NUTS,2010,UKM2,2,0.6011
2013,NUTS,2010,UKM3,2,0.3445
2015,NUTS,2010,UKM3,2,0.2321
2017,NUTS,2010,UKM3,2,0.3057
2013,NUTS,2010,UKM5,2,1.0809
2015,NUTS,2010,UKM5,2,0.4035
2017,NUTS,2010,UKM5,2,0.7037
2013,NUTS,2010,UKM6,2,0.1184
2015,NUTS,2010,UKM6,2,0.1074
2017,NUTS,2010,UKM6,2,0.1679
2011,NUTS,2010,UKN,1,0.2807
2013,NUTS,2010,UKN,1,0.3322
2015,NUTS,2010,UKN,1,0.4675
2017,NUTS,2010,UKN,1,0.501
2011,NUTS,2010,UKN0,2,0.2807
2013,NUTS,2010,UKN0,2,0.3322
2015,NUTS,2010,UKN0,2,0.4675
2017,NUTS,2010,UKN0,2,0.501
