year,region_type,region_year_spec,region_id,region_level,rd_p_persreg_pc_act_hc_pnp_rse_f
1998,NUTS,2010,AT,0,0.0043
2002,NUTS,2010,AT,0,0.0084
2004,NUTS,2010,AT,0,0.0089
2006,NUTS,2010,AT,0,0.008
2007,NUTS,2010,AT,0,0.0058
2009,NUTS,2010,AT,0,0.0101
2011,NUTS,2010,AT,0,0.0118
2013,NUTS,2010,AT,0,0.0118
2015,NUTS,2010,AT,0,0.0149
2017,NUTS,2010,AT,0,0.015
2019,NUTS,2010,AT,0,0.0193
2007,NUTS,2010,AT1,1,0.0111
2009,NUTS,2010,AT1,1,0.0223
2011,NUTS,2010,AT1,1,0.0241
2013,NUTS,2010,AT1,1,0.0238
2015,NUTS,2010,AT1,1,0.031
2017,NUTS,2010,AT1,1,0.0299
2019,NUTS,2010,AT1,1,0.0385
2007,NUTS,2010,AT11,2,0.0
2009,NUTS,2010,AT11,2,0.0
2011,NUTS,2010,AT11,2,0.0
2013,NUTS,2010,AT11,2,0.0
2015,NUTS,2010,AT11,2,0.0
2017,NUTS,2010,AT11,2,0.0
2002,NUTS,2010,AT12,2,0.003
2004,NUTS,2010,AT12,2,0.0033
2006,NUTS,2010,AT12,2,0.0026
2007,NUTS,2010,AT12,2,0.0028
2009,NUTS,2010,AT12,2,0.0148
2011,NUTS,2010,AT12,2,0.0178
2013,NUTS,2010,AT12,2,0.0193
2015,NUTS,2010,AT12,2,0.0204
2017,NUTS,2010,AT12,2,0.0229
2002,NUTS,2010,AT13,2,0.0232
2004,NUTS,2010,AT13,2,0.0291
2006,NUTS,2010,AT13,2,0.0281
2007,NUTS,2010,AT13,2,0.0207
2009,NUTS,2010,AT13,2,0.033
2011,NUTS,2010,AT13,2,0.0337
2013,NUTS,2010,AT13,2,0.0316
2015,NUTS,2010,AT13,2,0.0455
2017,NUTS,2010,AT13,2,0.0407
2019,NUTS,2010,AT13,2,0.0545
2006,NUTS,2010,AT2,1,0.0045
2019,NUTS,2010,AT2,1,0.0038
2006,NUTS,2010,AT21,2,0.0
2011,NUTS,2010,AT21,2,0.004
2002,NUTS,2010,AT22,2,0.009
2004,NUTS,2010,AT22,2,0.0087
2006,NUTS,2010,AT22,2,0.0064
2009,NUTS,2010,AT22,2,0.0
2002,NUTS,2010,AT3,1,0.0038
2004,NUTS,2010,AT3,1,0.003
2007,NUTS,2010,AT3,1,0.0023
2019,NUTS,2010,AT3,1,0.0048
2002,NUTS,2010,AT31,2,0.002
2004,NUTS,2010,AT31,2,0.001
2006,NUTS,2010,AT31,2,0.0032
2009,NUTS,2010,AT31,2,0.0009
2011,NUTS,2010,AT31,2,0.0035
2013,NUTS,2010,AT31,2,0.0055
2015,NUTS,2010,AT31,2,0.0009
2017,NUTS,2010,AT31,2,0.0014
2019,NUTS,2010,AT31,2,0.0033
2006,NUTS,2010,AT32,2,0.0
2009,NUTS,2010,AT32,2,0.0
2015,NUTS,2010,AT32,2,0.0127
2017,NUTS,2010,AT32,2,0.0197
2019,NUTS,2010,AT32,2,0.0178
2002,NUTS,2010,AT33,2,0.0097
2004,NUTS,2010,AT33,2,0.0101
2006,NUTS,2010,AT33,2,0.0026
2013,NUTS,2010,AT33,2,0.0011
2019,NUTS,2010,AT33,2,0.0005
2007,NUTS,2010,AT34,2,0.0
2009,NUTS,2010,AT34,2,0.0
2011,NUTS,2010,AT34,2,0.0
2013,NUTS,2010,AT34,2,0.0
2019,NUTS,2010,AT34,2,0.0
2002,NUTS,2010,BE,0,0.006
2003,NUTS,2010,BE,0,0.0059
2004,NUTS,2010,BE,0,0.0058
2005,NUTS,2010,BE,0,0.0053
2006,NUTS,2010,BE,0,0.0056
2007,NUTS,2010,BE,0,0.0057
2008,NUTS,2010,BE,0,0.0057
2009,NUTS,2010,BE,0,0.0055
2010,NUTS,2010,BE,0,0.0057
2011,NUTS,2010,BE,0,0.0051
2012,NUTS,2010,BE,0,0.0042
2013,NUTS,2010,BE,0,0.0042
2014,NUTS,2010,BE,0,0.005
2015,NUTS,2010,BE,0,0.0076
2016,NUTS,2010,BE,0,0.0121
2017,NUTS,2010,BE,0,0.0125
2018,NUTS,2010,BE,0,0.0256
2019,NUTS,2010,BE,0,0.0268
2002,NUTS,2010,BE1,1,0.0202
2003,NUTS,2010,BE1,1,0.0202
2004,NUTS,2010,BE1,1,0.0175
2005,NUTS,2010,BE1,1,0.0153
2006,NUTS,2010,BE1,1,0.0203
2007,NUTS,2010,BE1,1,0.0211
2008,NUTS,2010,BE1,1,0.0206
2009,NUTS,2010,BE1,1,0.02
2010,NUTS,2010,BE1,1,0.0184
2011,NUTS,2010,BE1,1,0.0163
2012,NUTS,2010,BE1,1,0.0303
2013,NUTS,2010,BE1,1,0.0287
2014,NUTS,2010,BE1,1,0.0327
2015,NUTS,2010,BE1,1,0.0477
2016,NUTS,2010,BE1,1,0.0518
2017,NUTS,2010,BE1,1,0.0577
2018,NUTS,2010,BE1,1,0.1869
2019,NUTS,2010,BE1,1,0.1886
2002,NUTS,2010,BE10,2,0.0202
2003,NUTS,2010,BE10,2,0.0202
2004,NUTS,2010,BE10,2,0.0175
2005,NUTS,2010,BE10,2,0.0153
2006,NUTS,2010,BE10,2,0.0203
2007,NUTS,2010,BE10,2,0.0211
2008,NUTS,2010,BE10,2,0.0206
2009,NUTS,2010,BE10,2,0.02
2010,NUTS,2010,BE10,2,0.0184
2011,NUTS,2010,BE10,2,0.0163
2012,NUTS,2010,BE10,2,0.0303
2013,NUTS,2010,BE10,2,0.0287
2014,NUTS,2010,BE10,2,0.0327
2015,NUTS,2010,BE10,2,0.0477
2016,NUTS,2010,BE10,2,0.0518
2017,NUTS,2010,BE10,2,0.0577
2018,NUTS,2010,BE10,2,0.1869
2019,NUTS,2010,BE10,2,0.1886
2002,NUTS,2010,BE2,1,0.0069
2003,NUTS,2010,BE2,1,0.0067
2004,NUTS,2010,BE2,1,0.0069
2005,NUTS,2010,BE2,1,0.0063
2006,NUTS,2010,BE2,1,0.0062
2007,NUTS,2010,BE2,1,0.006
2008,NUTS,2010,BE2,1,0.0062
2009,NUTS,2010,BE2,1,0.0059
2010,NUTS,2010,BE2,1,0.0063
2011,NUTS,2010,BE2,1,0.0058
2012,NUTS,2010,BE2,1,0.0019
2013,NUTS,2010,BE2,1,0.0021
2014,NUTS,2010,BE2,1,0.0026
2015,NUTS,2010,BE2,1,0.0043
2016,NUTS,2010,BE2,1,0.0104
2017,NUTS,2010,BE2,1,0.0101
2018,NUTS,2010,BE2,1,0.0095
2019,NUTS,2010,BE2,1,0.0115
2002,NUTS,2010,BE3,1,0.0
2003,NUTS,2010,BE3,1,0.0
2004,NUTS,2010,BE3,1,0.0
2005,NUTS,2010,BE3,1,0.0
2006,NUTS,2010,BE3,1,0.0
2007,NUTS,2010,BE3,1,0.0
2008,NUTS,2010,BE3,1,0.0
2009,NUTS,2010,BE3,1,0.0
2010,NUTS,2010,BE3,1,0.0
2011,NUTS,2010,BE3,1,0.0
2014,NUTS,2010,BE3,1,0.0003
2015,NUTS,2010,BE3,1,0.0003
2016,NUTS,2010,BE3,1,0.0014
2017,NUTS,2010,BE3,1,0.0014
2018,NUTS,2010,BE3,1,0.0014
2019,NUTS,2010,BE3,1,0.0014
2000,NUTS,2010,BG,0,0.001
2001,NUTS,2010,BG,0,0.003
2002,NUTS,2010,BG,0,0.0009
2003,NUTS,2010,BG,0,0.0022
2004,NUTS,2010,BG,0,0.0018
2005,NUTS,2010,BG,0,0.0068
2006,NUTS,2010,BG,0,0.0039
2007,NUTS,2010,BG,0,0.0042
2008,NUTS,2010,BG,0,0.0033
2009,NUTS,2010,BG,0,0.0021
2010,NUTS,2010,BG,0,0.0032
2011,NUTS,2010,BG,0,0.0033
2012,NUTS,2010,BG,0,0.0051
2013,NUTS,2010,BG,0,0.0041
2014,NUTS,2010,BG,0,0.0042
2015,NUTS,2010,BG,0,0.0045
2016,NUTS,2010,BG,0,0.0015
2017,NUTS,2010,BG,0,0.0047
2018,NUTS,2010,BG,0,0.0043
2019,NUTS,2010,BG,0,0.0051
2003,NUTS,2010,BG3,1,0.0
2004,NUTS,2010,BG3,1,0.0005
2005,NUTS,2010,BG3,1,0.0
2006,NUTS,2010,BG3,1,0.0
2007,NUTS,2010,BG3,1,0.0
2010,NUTS,2010,BG3,1,0.0
2017,NUTS,2010,BG3,1,0.001
2003,NUTS,2010,BG31,2,0.0
2004,NUTS,2010,BG31,2,0.0024
2005,NUTS,2010,BG31,2,0.0
2006,NUTS,2010,BG31,2,0.0
2007,NUTS,2010,BG31,2,0.0
2008,NUTS,2010,BG31,2,0.0
2009,NUTS,2010,BG31,2,0.0
2010,NUTS,2010,BG31,2,0.0
2011,NUTS,2010,BG31,2,0.0
2012,NUTS,2010,BG31,2,0.0
2013,NUTS,2010,BG31,2,0.0
2014,NUTS,2010,BG31,2,0.0
2017,NUTS,2010,BG31,2,0.0
2003,NUTS,2010,BG32,2,0.0
2004,NUTS,2010,BG32,2,0.0
2005,NUTS,2010,BG32,2,0.0
2006,NUTS,2010,BG32,2,0.0
2007,NUTS,2010,BG32,2,0.0
2008,NUTS,2010,BG32,2,0.0
2009,NUTS,2010,BG32,2,0.0
2010,NUTS,2010,BG32,2,0.0
2011,NUTS,2010,BG32,2,0.0
2012,NUTS,2010,BG32,2,0.0
2013,NUTS,2010,BG32,2,0.0
2014,NUTS,2010,BG32,2,0.0
2015,NUTS,2010,BG32,2,0.0
2016,NUTS,2010,BG32,2,0.0
2017,NUTS,2010,BG32,2,0.0
2018,NUTS,2010,BG32,2,0.0
2019,NUTS,2010,BG32,2,0.0
2003,NUTS,2010,BG33,2,0.0
2004,NUTS,2010,BG33,2,0.0
2005,NUTS,2010,BG33,2,0.0
2006,NUTS,2010,BG33,2,0.0
2007,NUTS,2010,BG33,2,0.0
2008,NUTS,2010,BG33,2,0.0
2009,NUTS,2010,BG33,2,0.0
2010,NUTS,2010,BG33,2,0.0
2011,NUTS,2010,BG33,2,0.0
2012,NUTS,2010,BG33,2,0.0
2016,NUTS,2010,BG33,2,0.0
2003,NUTS,2010,BG34,2,0.0
2004,NUTS,2010,BG34,2,0.0
2005,NUTS,2010,BG34,2,0.0
2006,NUTS,2010,BG34,2,0.0
2007,NUTS,2010,BG34,2,0.0
2010,NUTS,2010,BG34,2,0.0
2013,NUTS,2010,BG34,2,0.0
2016,NUTS,2010,BG34,2,0.0
2003,NUTS,2010,BG4,1,0.0043
2004,NUTS,2010,BG4,1,0.0029
2005,NUTS,2010,BG4,1,0.0133
2006,NUTS,2010,BG4,1,0.0076
2007,NUTS,2010,BG4,1,0.0082
2010,NUTS,2010,BG4,1,0.006
2017,NUTS,2010,BG4,1,0.0077
2000,NUTS,2010,BG41,2,0.0035
2003,NUTS,2010,BG41,2,0.0071
2005,NUTS,2010,BG41,2,0.0185
2009,NUTS,2010,BG41,2,0.0057
2011,NUTS,2010,BG41,2,0.009
2013,NUTS,2010,BG41,2,0.0116
2015,NUTS,2010,BG41,2,0.0123
2016,NUTS,2010,BG41,2,0.0025
2018,NUTS,2010,BG41,2,0.0078
2019,NUTS,2010,BG41,2,0.011
2003,NUTS,2010,BG42,2,0.0
2005,NUTS,2010,BG42,2,0.0052
2014,NUTS,2010,BG42,2,0.0
1998,NUTS,2010,CY,0,0.0099
1999,NUTS,2010,CY,0,0.0098
2000,NUTS,2010,CY,0,0.0107
2001,NUTS,2010,CY,0,0.0122
2002,NUTS,2010,CY,0,0.0139
2003,NUTS,2010,CY,0,0.014
2004,NUTS,2010,CY,0,0.0104
2005,NUTS,2010,CY,0,0.0157
2006,NUTS,2010,CY,0,0.0189
2007,NUTS,2010,CY,0,0.0178
2008,NUTS,2010,CY,0,0.0188
2009,NUTS,2010,CY,0,0.0227
2010,NUTS,2010,CY,0,0.0209
2011,NUTS,2010,CY,0,0.0183
2012,NUTS,2010,CY,0,0.0196
2013,NUTS,2010,CY,0,0.0176
2014,NUTS,2010,CY,0,0.0208
2015,NUTS,2010,CY,0,0.0198
2016,NUTS,2010,CY,0,0.0166
2017,NUTS,2010,CY,0,0.0213
2018,NUTS,2010,CY,0,0.0217
2019,NUTS,2010,CY,0,0.034
1999,NUTS,2010,CZ,0,0.0006
2000,NUTS,2010,CZ,0,0.0051
2001,NUTS,2010,CZ,0,0.0015
2002,NUTS,2010,CZ,0,0.0015
2003,NUTS,2010,CZ,0,0.0026
2004,NUTS,2010,CZ,0,0.0011
2005,NUTS,2010,CZ,0,0.0017
2006,NUTS,2010,CZ,0,0.0013
2007,NUTS,2010,CZ,0,0.0013
2008,NUTS,2010,CZ,0,0.0016
2009,NUTS,2010,CZ,0,0.0032
2010,NUTS,2010,CZ,0,0.0036
2011,NUTS,2010,CZ,0,0.0035
2012,NUTS,2010,CZ,0,0.0034
2013,NUTS,2010,CZ,0,0.0033
2014,NUTS,2010,CZ,0,0.0044
2015,NUTS,2010,CZ,0,0.004
2016,NUTS,2010,CZ,0,0.0035
2017,NUTS,2010,CZ,0,0.0038
2018,NUTS,2010,CZ,0,0.0032
2019,NUTS,2010,CZ,0,0.0049
2020,NUTS,2010,CZ,0,0.0048
1999,NUTS,2010,CZ0,1,0.0006
2000,NUTS,2010,CZ0,1,0.0051
2001,NUTS,2010,CZ0,1,0.0015
2002,NUTS,2010,CZ0,1,0.0015
2003,NUTS,2010,CZ0,1,0.0026
2004,NUTS,2010,CZ0,1,0.001
2005,NUTS,2010,CZ0,1,0.0017
2006,NUTS,2010,CZ0,1,0.0013
2007,NUTS,2010,CZ0,1,0.0013
2008,NUTS,2010,CZ0,1,0.0016
2009,NUTS,2010,CZ0,1,0.0032
2010,NUTS,2010,CZ0,1,0.0036
2011,NUTS,2010,CZ0,1,0.0035
2012,NUTS,2010,CZ0,1,0.0034
2013,NUTS,2010,CZ0,1,0.0032
2014,NUTS,2010,CZ0,1,0.0043
2015,NUTS,2010,CZ0,1,0.0039
2016,NUTS,2010,CZ0,1,0.0034
2017,NUTS,2010,CZ0,1,0.0037
2018,NUTS,2010,CZ0,1,0.0031
2019,NUTS,2010,CZ0,1,0.0047
2020,NUTS,2010,CZ0,1,0.0046
2001,NUTS,2010,CZ01,2,0.0087
2002,NUTS,2010,CZ01,2,0.0041
2003,NUTS,2010,CZ01,2,0.0084
2004,NUTS,2010,CZ01,2,0.0042
2005,NUTS,2010,CZ01,2,0.0102
2006,NUTS,2010,CZ01,2,0.0074
2007,NUTS,2010,CZ01,2,0.0059
2008,NUTS,2010,CZ01,2,0.0071
2009,NUTS,2010,CZ01,2,0.0165
2010,NUTS,2010,CZ01,2,0.0197
2011,NUTS,2010,CZ01,2,0.0196
2012,NUTS,2010,CZ01,2,0.0179
2013,NUTS,2010,CZ01,2,0.0178
2014,NUTS,2010,CZ01,2,0.0194
2015,NUTS,2010,CZ01,2,0.0167
2016,NUTS,2010,CZ01,2,0.017
2017,NUTS,2010,CZ01,2,0.0155
2018,NUTS,2010,CZ01,2,0.0126
2019,NUTS,2010,CZ01,2,0.0174
2020,NUTS,2010,CZ01,2,0.0199
2001,NUTS,2010,CZ02,2,0.0
2002,NUTS,2010,CZ02,2,0.0004
2003,NUTS,2010,CZ02,2,0.0008
2004,NUTS,2010,CZ02,2,0.0
2005,NUTS,2010,CZ02,2,0.0
2006,NUTS,2010,CZ02,2,0.0
2007,NUTS,2010,CZ02,2,0.0004
2008,NUTS,2010,CZ02,2,0.0004
2009,NUTS,2010,CZ02,2,0.0002
2010,NUTS,2010,CZ02,2,0.0
2011,NUTS,2010,CZ02,2,0.0007
2012,NUTS,2010,CZ02,2,0.0007
2013,NUTS,2010,CZ02,2,0.0017
2014,NUTS,2010,CZ02,2,0.0034
2015,NUTS,2010,CZ02,2,0.0027
2016,NUTS,2010,CZ02,2,0.0003
2017,NUTS,2010,CZ02,2,0.0
2018,NUTS,2010,CZ02,2,0.0003
2019,NUTS,2010,CZ02,2,0.0003
2020,NUTS,2010,CZ02,2,0.001
2001,NUTS,2010,CZ03,2,0.0019
2002,NUTS,2010,CZ03,2,0.0015
2003,NUTS,2010,CZ03,2,0.0035
2004,NUTS,2010,CZ03,2,0.0031
2005,NUTS,2010,CZ03,2,0.0024
2006,NUTS,2010,CZ03,2,0.0022
2007,NUTS,2010,CZ03,2,0.0008
2008,NUTS,2010,CZ03,2,0.0011
2009,NUTS,2010,CZ03,2,0.0053
2010,NUTS,2010,CZ03,2,0.0042
2011,NUTS,2010,CZ03,2,0.003
2012,NUTS,2010,CZ03,2,0.0038
2013,NUTS,2010,CZ03,2,0.0026
2014,NUTS,2010,CZ03,2,0.0052
2015,NUTS,2010,CZ03,2,0.0078
2016,NUTS,2010,CZ03,2,0.0063
2017,NUTS,2010,CZ03,2,0.0088
2018,NUTS,2010,CZ03,2,0.0092
2019,NUTS,2010,CZ03,2,0.0074
2020,NUTS,2010,CZ03,2,0.0074
2001,NUTS,2010,CZ04,2,0.0004
2002,NUTS,2010,CZ04,2,0.0012
2003,NUTS,2010,CZ04,2,0.0012
2004,NUTS,2010,CZ04,2,0.0004
2005,NUTS,2010,CZ04,2,0.0
2006,NUTS,2010,CZ04,2,0.0
2007,NUTS,2010,CZ04,2,0.0
2008,NUTS,2010,CZ04,2,0.0
2009,NUTS,2010,CZ04,2,0.0
2010,NUTS,2010,CZ04,2,0.0
2011,NUTS,2010,CZ04,2,0.0
2012,NUTS,2010,CZ04,2,0.0
2013,NUTS,2010,CZ04,2,0.0
2014,NUTS,2010,CZ04,2,0.0
2015,NUTS,2010,CZ04,2,0.0
2016,NUTS,2010,CZ04,2,0.0
2017,NUTS,2010,CZ04,2,0.0
2018,NUTS,2010,CZ04,2,0.0004
2019,NUTS,2010,CZ04,2,0.0004
2020,NUTS,2010,CZ04,2,0.0004
2001,NUTS,2010,CZ05,2,0.0
2002,NUTS,2010,CZ05,2,0.0003
2003,NUTS,2010,CZ05,2,0.0015
2004,NUTS,2010,CZ05,2,0.0003
2005,NUTS,2010,CZ05,2,0.0001
2006,NUTS,2010,CZ05,2,0.0
2007,NUTS,2010,CZ05,2,0.0003
2008,NUTS,2010,CZ05,2,0.0
2009,NUTS,2010,CZ05,2,0.0012
2010,NUTS,2010,CZ05,2,0.0
2011,NUTS,2010,CZ05,2,0.0
2012,NUTS,2010,CZ05,2,0.0001
2013,NUTS,2010,CZ05,2,0.0
2014,NUTS,2010,CZ05,2,0.0
2015,NUTS,2010,CZ05,2,0.0
2016,NUTS,2010,CZ05,2,0.0
2017,NUTS,2010,CZ05,2,0.0024
2019,NUTS,2010,CZ05,2,0.0015
2020,NUTS,2010,CZ05,2,0.0024
2001,NUTS,2010,CZ06,2,0.0003
2002,NUTS,2010,CZ06,2,0.0017
2003,NUTS,2010,CZ06,2,0.002
2004,NUTS,2010,CZ06,2,0.0004
2005,NUTS,2010,CZ06,2,0.0003
2006,NUTS,2010,CZ06,2,0.0003
2007,NUTS,2010,CZ06,2,0.0008
2008,NUTS,2010,CZ06,2,0.0017
2009,NUTS,2010,CZ06,2,0.0014
2010,NUTS,2010,CZ06,2,0.0026
2011,NUTS,2010,CZ06,2,0.0023
2012,NUTS,2010,CZ06,2,0.0022
2013,NUTS,2010,CZ06,2,0.002
2014,NUTS,2010,CZ06,2,0.0027
2015,NUTS,2010,CZ06,2,0.0019
2016,NUTS,2010,CZ06,2,0.0003
2017,NUTS,2010,CZ06,2,0.0005
2018,NUTS,2010,CZ06,2,0.0008
2019,NUTS,2010,CZ06,2,0.0016
2020,NUTS,2010,CZ06,2,0.0011
2001,NUTS,2010,CZ07,2,0.0
2002,NUTS,2010,CZ07,2,0.0
2003,NUTS,2010,CZ07,2,0.0007
2004,NUTS,2010,CZ07,2,0.0
2005,NUTS,2010,CZ07,2,0.0004
2006,NUTS,2010,CZ07,2,0.0004
2007,NUTS,2010,CZ07,2,0.0015
2008,NUTS,2010,CZ07,2,0.0016
2009,NUTS,2010,CZ07,2,0.0
2010,NUTS,2010,CZ07,2,0.0012
2011,NUTS,2010,CZ07,2,0.0015
2012,NUTS,2010,CZ07,2,0.0015
2013,NUTS,2010,CZ07,2,0.0011
2014,NUTS,2010,CZ07,2,0.0011
2015,NUTS,2010,CZ07,2,0.0008
2016,NUTS,2010,CZ07,2,0.0008
2017,NUTS,2010,CZ07,2,0.0007
2018,NUTS,2010,CZ07,2,0.0
2019,NUTS,2010,CZ07,2,0.0019
2020,NUTS,2010,CZ07,2,0.0008
2001,NUTS,2010,CZ08,2,0.0007
2002,NUTS,2010,CZ08,2,0.0022
2003,NUTS,2010,CZ08,2,0.0022
2004,NUTS,2010,CZ08,2,0.0
2005,NUTS,2010,CZ08,2,0.0
2006,NUTS,2010,CZ08,2,0.0
2007,NUTS,2010,CZ08,2,0.0
2008,NUTS,2010,CZ08,2,0.0
2009,NUTS,2010,CZ08,2,0.0
2010,NUTS,2010,CZ08,2,0.0
2011,NUTS,2010,CZ08,2,0.0
2012,NUTS,2010,CZ08,2,0.0001
2013,NUTS,2010,CZ08,2,0.0
2014,NUTS,2010,CZ08,2,0.0019
2015,NUTS,2010,CZ08,2,0.0015
2016,NUTS,2010,CZ08,2,0.0029
2017,NUTS,2010,CZ08,2,0.0015
2018,NUTS,2010,CZ08,2,0.0018
2019,NUTS,2010,CZ08,2,0.0069
2020,NUTS,2010,CZ08,2,0.0027
1999,NUTS,2010,DK,0,0.0098
2000,NUTS,2010,DK,0,0.0074
2001,NUTS,2010,DK,0,0.0064
2002,NUTS,2010,DK,0,0.0062
2003,NUTS,2010,DK,0,0.0055
2004,NUTS,2010,DK,0,0.0065
2005,NUTS,2010,DK,0,0.0103
2006,NUTS,2010,DK,0,0.0139
2007,NUTS,2010,DK,0,0.0142
2009,NUTS,2010,DK,0,0.0089
2010,NUTS,2010,DK,0,0.0121
2011,NUTS,2010,DK,0,0.0112
2012,NUTS,2010,DK,0,0.0131
2013,NUTS,2010,DK,0,0.0112
2014,NUTS,2010,DK,0,0.012
2015,NUTS,2010,DK,0,0.0122
2016,NUTS,2010,DK,0,0.0134
2017,NUTS,2010,DK,0,0.0107
2018,NUTS,2010,DK,0,0.0092
2019,NUTS,2010,DK,0,0.0128
1999,NUTS,2010,DK0,1,0.0098
2000,NUTS,2010,DK0,1,0.0074
2001,NUTS,2010,DK0,1,0.0064
2002,NUTS,2010,DK0,1,0.0061
2003,NUTS,2010,DK0,1,0.0054
2007,NUTS,2010,DK0,1,0.0074
2009,NUTS,2010,DK0,1,0.0085
2010,NUTS,2010,DK0,1,0.0119
2011,NUTS,2010,DK0,1,0.011
2012,NUTS,2010,DK0,1,0.0128
2013,NUTS,2010,DK0,1,0.011
2014,NUTS,2010,DK0,1,0.0118
2015,NUTS,2010,DK0,1,0.012
2016,NUTS,2010,DK0,1,0.0131
2017,NUTS,2010,DK0,1,0.0105
2018,NUTS,2010,DK0,1,0.009
2019,NUTS,2010,DK0,1,0.0126
2007,NUTS,2010,DK01,2,0.0201
2009,NUTS,2010,DK01,2,0.0294
2010,NUTS,2010,DK01,2,0.0339
2011,NUTS,2010,DK01,2,0.031
2012,NUTS,2010,DK01,2,0.035
2013,NUTS,2010,DK01,2,0.0318
2014,NUTS,2010,DK01,2,0.0335
2015,NUTS,2010,DK01,2,0.0323
2016,NUTS,2010,DK01,2,0.0339
2017,NUTS,2010,DK01,2,0.0279
2019,NUTS,2010,DK01,2,0.0351
2007,NUTS,2010,DK02,2,0.001
2009,NUTS,2010,DK02,2,0.0
2010,NUTS,2010,DK02,2,0.0073
2011,NUTS,2010,DK02,2,0.0048
2012,NUTS,2010,DK02,2,0.0048
2013,NUTS,2010,DK02,2,0.0
2014,NUTS,2010,DK02,2,0.0
2015,NUTS,2010,DK02,2,0.0038
2016,NUTS,2010,DK02,2,0.0048
2017,NUTS,2010,DK02,2,0.0037
2019,NUTS,2010,DK02,2,0.0037
2007,NUTS,2010,DK03,2,0.0
2009,NUTS,2010,DK03,2,0.0
2010,NUTS,2010,DK03,2,0.0
2011,NUTS,2010,DK03,2,0.0
2012,NUTS,2010,DK03,2,0.0015
2013,NUTS,2010,DK03,2,0.0015
2014,NUTS,2010,DK03,2,0.0019
2015,NUTS,2010,DK03,2,0.0018
2016,NUTS,2010,DK03,2,0.0029
2017,NUTS,2010,DK03,2,0.0014
2007,NUTS,2010,DK04,2,0.0042
2009,NUTS,2010,DK04,2,0.0
2010,NUTS,2010,DK04,2,0.0
2011,NUTS,2010,DK04,2,0.0
2012,NUTS,2010,DK04,2,0.0
2013,NUTS,2010,DK04,2,0.0
2014,NUTS,2010,DK04,2,0.0
2015,NUTS,2010,DK04,2,0.0
2016,NUTS,2010,DK04,2,0.0
2017,NUTS,2010,DK04,2,0.0
2007,NUTS,2010,DK05,2,0.0
2010,NUTS,2010,DK05,2,0.0
2011,NUTS,2010,DK05,2,0.0
2012,NUTS,2010,DK05,2,0.0
2013,NUTS,2010,DK05,2,0.0
2014,NUTS,2010,DK05,2,0.0
2015,NUTS,2010,DK05,2,0.0
2016,NUTS,2010,DK05,2,0.0
2017,NUTS,2010,DK05,2,0.003
2000,NUTS,2010,EA19,2,0.0077
2001,NUTS,2010,EA19,2,0.008
2002,NUTS,2010,EA19,2,0.0096
2003,NUTS,2010,EA19,2,0.0094
2004,NUTS,2010,EA19,2,0.0097
2005,NUTS,2010,EA19,2,0.0104
2006,NUTS,2010,EA19,2,0.0118
2007,NUTS,2010,EA19,2,0.0116
2008,NUTS,2010,EA19,2,0.012
2009,NUTS,2010,EA19,2,0.0119
2010,NUTS,2010,EA19,2,0.012
2011,NUTS,2010,EA19,2,0.0127
2012,NUTS,2010,EA19,2,0.0124
2013,NUTS,2010,EA19,2,0.0088
2014,NUTS,2010,EA19,2,0.0093
2015,NUTS,2010,EA19,2,0.0097
2016,NUTS,2010,EA19,2,0.0106
2017,NUTS,2010,EA19,2,0.0103
2019,NUTS,2010,EA19,2,0.0122
1997,NUTS,2010,EE,0,0.0022
1998,NUTS,2010,EE,0,0.0016
1999,NUTS,2010,EE,0,0.0022
2000,NUTS,2010,EE,0,0.0068
2001,NUTS,2010,EE,0,0.0078
2002,NUTS,2010,EE,0,0.0089
2003,NUTS,2010,EE,0,0.0123
2004,NUTS,2010,EE,0,0.016
2005,NUTS,2010,EE,0,0.0143
2006,NUTS,2010,EE,0,0.022
2007,NUTS,2010,EE,0,0.0215
2008,NUTS,2010,EE,0,0.0193
2009,NUTS,2010,EE,0,0.0248
2010,NUTS,2010,EE,0,0.016
2011,NUTS,2010,EE,0,0.0167
2012,NUTS,2010,EE,0,0.0216
2013,NUTS,2010,EE,0,0.0185
2014,NUTS,2010,EE,0,0.0192
2015,NUTS,2010,EE,0,0.0191
2016,NUTS,2010,EE,0,0.0194
2017,NUTS,2010,EE,0,0.0185
2018,NUTS,2010,EE,0,0.022
2019,NUTS,2010,EE,0,0.0198
1999,NUTS,2010,EL,0,0.0021
2001,NUTS,2010,EL,0,0.0025
2003,NUTS,2010,EL,0,0.0039
2005,NUTS,2010,EL,0,0.0036
2011,NUTS,2010,EL,0,0.0093
2013,NUTS,2010,EL,0,0.0107
2015,NUTS,2010,EL,0,0.01
2017,NUTS,2010,EL,0,0.0123
2019,NUTS,2010,EL,0,0.0121
2001,NUTS,2010,EL3,1,0.0032
2003,NUTS,2010,EL3,1,0.0081
2005,NUTS,2010,EL3,1,0.0072
2011,NUTS,2010,EL3,1,0.0201
2001,NUTS,2010,EL30,2,0.0032
2003,NUTS,2010,EL30,2,0.0081
2005,NUTS,2010,EL30,2,0.0072
2011,NUTS,2010,EL30,2,0.0201
2011,NUTS,2010,EL4,1,0.0022
2011,NUTS,2010,EL41,2,0.0032
2011,NUTS,2010,EL42,2,0.0063
2011,NUTS,2010,EL43,2,0.0
2011,NUTS,2010,EL5,1,0.0035
2011,NUTS,2010,EL51,2,0.0
2001,NUTS,2010,EL52,2,0.0064
2003,NUTS,2010,EL52,2,0.0042
2005,NUTS,2010,EL52,2,0.0041
2011,NUTS,2010,EL52,2,0.0046
2011,NUTS,2010,EL53,2,0.0059
2011,NUTS,2010,EL54,2,0.0016
2011,NUTS,2010,EL6,1,0.0006
2011,NUTS,2010,EL61,2,0.0
2011,NUTS,2010,EL62,2,0.0
2011,NUTS,2010,EL63,2,0.0
2011,NUTS,2010,EL64,2,0.002
2001,NUTS,2010,EL65,2,0.0021
2003,NUTS,2010,EL65,2,0.001
2011,NUTS,2010,EL65,2,0.0009
1997,NUTS,2010,ES,0,0.0065
1999,NUTS,2010,ES,0,0.0057
2000,NUTS,2010,ES,0,0.01
2001,NUTS,2010,ES,0,0.011
2002,NUTS,2010,ES,0,0.003
2003,NUTS,2010,ES,0,0.0027
2004,NUTS,2010,ES,0,0.0021
2005,NUTS,2010,ES,0,0.0022
2006,NUTS,2010,ES,0,0.0033
2007,NUTS,2010,ES,0,0.0031
2008,NUTS,2010,ES,0,0.0029
2009,NUTS,2010,ES,0,0.0035
2010,NUTS,2010,ES,0,0.0031
2011,NUTS,2010,ES,0,0.0023
2012,NUTS,2010,ES,0,0.0023
2013,NUTS,2010,ES,0,0.0021
2014,NUTS,2010,ES,0,0.0023
2015,NUTS,2010,ES,0,0.0024
2016,NUTS,2010,ES,0,0.0029
2017,NUTS,2010,ES,0,0.0027
2018,NUTS,2010,ES,0,0.0023
2019,NUTS,2010,ES,0,0.002
2002,NUTS,2010,ES1,1,0.0036
2003,NUTS,2010,ES1,1,0.0001
2004,NUTS,2010,ES1,1,0.0007
2005,NUTS,2010,ES1,1,0.0007
2006,NUTS,2010,ES1,1,0.0088
2007,NUTS,2010,ES1,1,0.004
2008,NUTS,2010,ES1,1,0.0029
2009,NUTS,2010,ES1,1,0.0029
2010,NUTS,2010,ES1,1,0.0022
2011,NUTS,2010,ES1,1,0.0029
2012,NUTS,2010,ES1,1,0.0023
2013,NUTS,2010,ES1,1,0.0017
2015,NUTS,2010,ES1,1,0.0021
2016,NUTS,2010,ES1,1,0.0034
2017,NUTS,2010,ES1,1,0.0037
2018,NUTS,2010,ES1,1,0.0051
2002,NUTS,2010,ES11,2,0.0004
2003,NUTS,2010,ES11,2,0.0
2004,NUTS,2010,ES11,2,0.0005
2005,NUTS,2010,ES11,2,0.0005
2006,NUTS,2010,ES11,2,0.0007
2007,NUTS,2010,ES11,2,0.001
2008,NUTS,2010,ES11,2,0.0003
2009,NUTS,2010,ES11,2,0.002
2010,NUTS,2010,ES11,2,0.0005
2014,NUTS,2010,ES11,2,0.001
2015,NUTS,2010,ES11,2,0.0012
2016,NUTS,2010,ES11,2,0.004
2017,NUTS,2010,ES11,2,0.0048
2018,NUTS,2010,ES11,2,0.0043
2019,NUTS,2010,ES11,2,0.0043
2002,NUTS,2010,ES12,2,0.0006
2003,NUTS,2010,ES12,2,0.0006
2004,NUTS,2010,ES12,2,0.0
2005,NUTS,2010,ES12,2,0.0
2006,NUTS,2010,ES12,2,0.0025
2007,NUTS,2010,ES12,2,0.0
2008,NUTS,2010,ES12,2,0.0004
2009,NUTS,2010,ES12,2,0.0009
2010,NUTS,2010,ES12,2,0.0013
2012,NUTS,2010,ES12,2,0.0013
2013,NUTS,2010,ES12,2,0.0004
2014,NUTS,2010,ES12,2,0.0004
2015,NUTS,2010,ES12,2,0.0009
2016,NUTS,2010,ES12,2,0.0004
2017,NUTS,2010,ES12,2,0.0005
2018,NUTS,2010,ES12,2,0.0005
2019,NUTS,2010,ES12,2,0.0
2002,NUTS,2010,ES13,2,0.0267
2003,NUTS,2010,ES13,2,0.0
2004,NUTS,2010,ES13,2,0.003
2005,NUTS,2010,ES13,2,0.0028
2006,NUTS,2010,ES13,2,0.0603
2007,NUTS,2010,ES13,2,0.0252
2008,NUTS,2010,ES13,2,0.0195
2009,NUTS,2010,ES13,2,0.011
2010,NUTS,2010,ES13,2,0.012
2011,NUTS,2010,ES13,2,0.019
2015,NUTS,2010,ES13,2,0.0086
2016,NUTS,2010,ES13,2,0.0055
2017,NUTS,2010,ES13,2,0.0039
2018,NUTS,2010,ES13,2,0.0168
2002,NUTS,2010,ES2,1,0.0059
2003,NUTS,2010,ES2,1,0.0001
2004,NUTS,2010,ES2,1,0.0023
2005,NUTS,2010,ES2,1,0.0015
2006,NUTS,2010,ES2,1,0.0015
2007,NUTS,2010,ES2,1,0.0045
2008,NUTS,2010,ES2,1,0.0043
2009,NUTS,2010,ES2,1,0.0058
2010,NUTS,2010,ES2,1,0.0072
2011,NUTS,2010,ES2,1,0.0023
2013,NUTS,2010,ES2,1,0.0032
2015,NUTS,2010,ES2,1,0.0026
2019,NUTS,2010,ES2,1,0.0013
2002,NUTS,2010,ES21,2,0.0111
2003,NUTS,2010,ES21,2,0.0
2004,NUTS,2010,ES21,2,0.0016
2005,NUTS,2010,ES21,2,0.0009
2006,NUTS,2010,ES21,2,0.0015
2007,NUTS,2010,ES21,2,0.0015
2008,NUTS,2010,ES21,2,0.0004
2009,NUTS,2010,ES21,2,0.0021
2010,NUTS,2010,ES21,2,0.0033
2011,NUTS,2010,ES21,2,0.0026
2012,NUTS,2010,ES21,2,0.0038
2013,NUTS,2010,ES21,2,0.0035
2014,NUTS,2010,ES21,2,0.0029
2015,NUTS,2010,ES21,2,0.0033
2016,NUTS,2010,ES21,2,0.0045
2017,NUTS,2010,ES21,2,0.0037
2018,NUTS,2010,ES21,2,0.002
2019,NUTS,2010,ES21,2,0.0026
2002,NUTS,2010,ES22,2,0.0
2003,NUTS,2010,ES22,2,0.0
2004,NUTS,2010,ES22,2,0.0045
2005,NUTS,2010,ES22,2,0.0008
2006,NUTS,2010,ES22,2,0.0008
2007,NUTS,2010,ES22,2,0.0
2008,NUTS,2010,ES22,2,0.0
2009,NUTS,2010,ES22,2,0.0015
2010,NUTS,2010,ES22,2,0.0014
2011,NUTS,2010,ES22,2,0.0021
2015,NUTS,2010,ES22,2,0.0021
2002,NUTS,2010,ES23,2,0.0
2003,NUTS,2010,ES23,2,0.0
2004,NUTS,2010,ES23,2,0.0
2005,NUTS,2010,ES23,2,0.0033
2006,NUTS,2010,ES23,2,0.0
2007,NUTS,2010,ES23,2,0.0476
2008,NUTS,2010,ES23,2,0.0537
2009,NUTS,2010,ES23,2,0.0584
2010,NUTS,2010,ES23,2,0.0567
2011,NUTS,2010,ES23,2,0.0028
2012,NUTS,2010,ES23,2,0.0056
2014,NUTS,2010,ES23,2,0.0014
2015,NUTS,2010,ES23,2,0.0
2016,NUTS,2010,ES23,2,0.0
2017,NUTS,2010,ES23,2,0.0
2018,NUTS,2010,ES23,2,0.0014
2002,NUTS,2010,ES24,2,0.0
2003,NUTS,2010,ES24,2,0.0005
2004,NUTS,2010,ES24,2,0.003
2005,NUTS,2010,ES24,2,0.0024
2006,NUTS,2010,ES24,2,0.0023
2007,NUTS,2010,ES24,2,0.0018
2008,NUTS,2010,ES24,2,0.0014
2009,NUTS,2010,ES24,2,0.0017
2010,NUTS,2010,ES24,2,0.0048
2011,NUTS,2010,ES24,2,0.0017
2012,NUTS,2010,ES24,2,0.002
2013,NUTS,2010,ES24,2,0.0017
2014,NUTS,2010,ES24,2,0.002
2015,NUTS,2010,ES24,2,0.0024
2016,NUTS,2010,ES24,2,0.0013
2017,NUTS,2010,ES24,2,0.0014
2018,NUTS,2010,ES24,2,0.001
2002,NUTS,2010,ES3,1,0.0074
2003,NUTS,2010,ES3,1,0.009
2004,NUTS,2010,ES3,1,0.0054
2005,NUTS,2010,ES3,1,0.0064
2006,NUTS,2010,ES3,1,0.0078
2007,NUTS,2010,ES3,1,0.0079
2008,NUTS,2010,ES3,1,0.009
2009,NUTS,2010,ES3,1,0.0087
2010,NUTS,2010,ES3,1,0.0058
2011,NUTS,2010,ES3,1,0.0031
2012,NUTS,2010,ES3,1,0.0038
2013,NUTS,2010,ES3,1,0.0037
2014,NUTS,2010,ES3,1,0.0035
2015,NUTS,2010,ES3,1,0.0043
2016,NUTS,2010,ES3,1,0.0039
2017,NUTS,2010,ES3,1,0.0048
2018,NUTS,2010,ES3,1,0.0042
2019,NUTS,2010,ES3,1,0.0042
2002,NUTS,2010,ES30,2,0.0074
2003,NUTS,2010,ES30,2,0.009
2004,NUTS,2010,ES30,2,0.0054
2005,NUTS,2010,ES30,2,0.0064
2006,NUTS,2010,ES30,2,0.0078
2007,NUTS,2010,ES30,2,0.0079
2008,NUTS,2010,ES30,2,0.009
2009,NUTS,2010,ES30,2,0.0087
2010,NUTS,2010,ES30,2,0.0058
2011,NUTS,2010,ES30,2,0.0031
2012,NUTS,2010,ES30,2,0.0038
2013,NUTS,2010,ES30,2,0.0037
2014,NUTS,2010,ES30,2,0.0035
2015,NUTS,2010,ES30,2,0.0043
2016,NUTS,2010,ES30,2,0.0039
2017,NUTS,2010,ES30,2,0.0048
2018,NUTS,2010,ES30,2,0.0042
2019,NUTS,2010,ES30,2,0.0042
2002,NUTS,2010,ES4,1,0.0004
2003,NUTS,2010,ES4,1,0.001
2004,NUTS,2010,ES4,1,0.0001
2005,NUTS,2010,ES4,1,0.0003
2006,NUTS,2010,ES4,1,0.0002
2007,NUTS,2010,ES4,1,0.0009
2008,NUTS,2010,ES4,1,0.0009
2009,NUTS,2010,ES4,1,0.0018
2010,NUTS,2010,ES4,1,0.0023
2011,NUTS,2010,ES4,1,0.0021
2013,NUTS,2010,ES4,1,0.0009
2014,NUTS,2010,ES4,1,0.0009
2015,NUTS,2010,ES4,1,0.0014
2016,NUTS,2010,ES4,1,0.0012
2018,NUTS,2010,ES4,1,0.001
2019,NUTS,2010,ES4,1,0.0009
2002,NUTS,2010,ES41,2,0.0005
2003,NUTS,2010,ES41,2,0.0022
2004,NUTS,2010,ES41,2,0.0
2005,NUTS,2010,ES41,2,0.0002
2006,NUTS,2010,ES41,2,0.0002
2007,NUTS,2010,ES41,2,0.0
2008,NUTS,2010,ES41,2,0.0002
2009,NUTS,2010,ES41,2,0.0008
2010,NUTS,2010,ES41,2,0.0021
2012,NUTS,2010,ES41,2,0.0013
2013,NUTS,2010,ES41,2,0.0008
2014,NUTS,2010,ES41,2,0.0008
2015,NUTS,2010,ES41,2,0.0014
2017,NUTS,2010,ES41,2,0.0014
2018,NUTS,2010,ES41,2,0.0014
2019,NUTS,2010,ES41,2,0.0012
2002,NUTS,2010,ES42,2,0.0004
2003,NUTS,2010,ES42,2,0.0
2004,NUTS,2010,ES42,2,0.0
2005,NUTS,2010,ES42,2,0.0003
2006,NUTS,2010,ES42,2,0.0
2007,NUTS,2010,ES42,2,0.0003
2008,NUTS,2010,ES42,2,0.0018
2009,NUTS,2010,ES42,2,0.003
2010,NUTS,2010,ES42,2,0.002
2013,NUTS,2010,ES42,2,0.0005
2014,NUTS,2010,ES42,2,0.0005
2015,NUTS,2010,ES42,2,0.0009
2017,NUTS,2010,ES42,2,0.0002
2002,NUTS,2010,ES43,2,0.0
2003,NUTS,2010,ES43,2,0.0
2004,NUTS,2010,ES43,2,0.0006
2005,NUTS,2010,ES43,2,0.0006
2006,NUTS,2010,ES43,2,0.0006
2007,NUTS,2010,ES43,2,0.0042
2008,NUTS,2010,ES43,2,0.001
2009,NUTS,2010,ES43,2,0.002
2010,NUTS,2010,ES43,2,0.0034
2011,NUTS,2010,ES43,2,0.0019
2013,NUTS,2010,ES43,2,0.0022
2014,NUTS,2010,ES43,2,0.0018
2015,NUTS,2010,ES43,2,0.0023
2016,NUTS,2010,ES43,2,0.0027
2002,NUTS,2010,ES5,1,0.0028
2003,NUTS,2010,ES5,1,0.0037
2004,NUTS,2010,ES5,1,0.003
2005,NUTS,2010,ES5,1,0.0027
2006,NUTS,2010,ES5,1,0.003
2007,NUTS,2010,ES5,1,0.0025
2008,NUTS,2010,ES5,1,0.0017
2009,NUTS,2010,ES5,1,0.0027
2010,NUTS,2010,ES5,1,0.0027
2011,NUTS,2010,ES5,1,0.0026
2012,NUTS,2010,ES5,1,0.0026
2013,NUTS,2010,ES5,1,0.0024
2014,NUTS,2010,ES5,1,0.0032
2015,NUTS,2010,ES5,1,0.003
2016,NUTS,2010,ES5,1,0.0043
2017,NUTS,2010,ES5,1,0.0031
2018,NUTS,2010,ES5,1,0.0025
2002,NUTS,2010,ES51,2,0.0044
2003,NUTS,2010,ES51,2,0.0056
2004,NUTS,2010,ES51,2,0.0041
2005,NUTS,2010,ES51,2,0.0038
2006,NUTS,2010,ES51,2,0.0042
2007,NUTS,2010,ES51,2,0.0042
2008,NUTS,2010,ES51,2,0.0027
2009,NUTS,2010,ES51,2,0.0038
2010,NUTS,2010,ES51,2,0.0038
2011,NUTS,2010,ES51,2,0.0033
2012,NUTS,2010,ES51,2,0.0033
2013,NUTS,2010,ES51,2,0.0033
2014,NUTS,2010,ES51,2,0.0044
2015,NUTS,2010,ES51,2,0.0044
2016,NUTS,2010,ES51,2,0.0067
2017,NUTS,2010,ES51,2,0.0045
2018,NUTS,2010,ES51,2,0.0041
2019,NUTS,2010,ES51,2,0.0037
2002,NUTS,2010,ES52,2,0.0006
2003,NUTS,2010,ES52,2,0.0012
2004,NUTS,2010,ES52,2,0.0013
2005,NUTS,2010,ES52,2,0.0012
2006,NUTS,2010,ES52,2,0.0014
2007,NUTS,2010,ES52,2,0.0003
2008,NUTS,2010,ES52,2,0.0001
2009,NUTS,2010,ES52,2,0.001
2010,NUTS,2010,ES52,2,0.0008
2011,NUTS,2010,ES52,2,0.0014
2012,NUTS,2010,ES52,2,0.0015
2013,NUTS,2010,ES52,2,0.0013
2014,NUTS,2010,ES52,2,0.0016
2015,NUTS,2010,ES52,2,0.0013
2016,NUTS,2010,ES52,2,0.0014
2017,NUTS,2010,ES52,2,0.0013
2018,NUTS,2010,ES52,2,0.0005
2019,NUTS,2010,ES52,2,0.0004
2002,NUTS,2010,ES53,2,0.0011
2003,NUTS,2010,ES53,2,0.0015
2004,NUTS,2010,ES53,2,0.0019
2005,NUTS,2010,ES53,2,0.0009
2006,NUTS,2010,ES53,2,0.0009
2007,NUTS,2010,ES53,2,0.0004
2008,NUTS,2010,ES53,2,0.0016
2009,NUTS,2010,ES53,2,0.0031
2010,NUTS,2010,ES53,2,0.003
2011,NUTS,2010,ES53,2,0.0022
2012,NUTS,2010,ES53,2,0.0021
2013,NUTS,2010,ES53,2,0.0014
2014,NUTS,2010,ES53,2,0.0014
2015,NUTS,2010,ES53,2,0.001
2016,NUTS,2010,ES53,2,0.001
2017,NUTS,2010,ES53,2,0.0014
2018,NUTS,2010,ES53,2,0.0007
2002,NUTS,2010,ES6,1,0.0001
2003,NUTS,2010,ES6,1,0.0004
2004,NUTS,2010,ES6,1,0.0003
2005,NUTS,2010,ES6,1,0.0006
2006,NUTS,2010,ES6,1,0.0006
2007,NUTS,2010,ES6,1,0.0005
2008,NUTS,2010,ES6,1,0.0009
2009,NUTS,2010,ES6,1,0.0012
2010,NUTS,2010,ES6,1,0.0011
2011,NUTS,2010,ES6,1,0.0013
2012,NUTS,2010,ES6,1,0.0011
2013,NUTS,2010,ES6,1,0.0011
2014,NUTS,2010,ES6,1,0.0012
2015,NUTS,2010,ES6,1,0.0009
2016,NUTS,2010,ES6,1,0.0013
2017,NUTS,2010,ES6,1,0.0013
2018,NUTS,2010,ES6,1,0.0005
2019,NUTS,2010,ES6,1,0.0004
2002,NUTS,2010,ES61,2,0.0002
2003,NUTS,2010,ES61,2,0.0005
2004,NUTS,2010,ES61,2,0.0004
2005,NUTS,2010,ES61,2,0.0007
2006,NUTS,2010,ES61,2,0.0006
2007,NUTS,2010,ES61,2,0.0006
2008,NUTS,2010,ES61,2,0.0008
2009,NUTS,2010,ES61,2,0.0011
2010,NUTS,2010,ES61,2,0.0012
2011,NUTS,2010,ES61,2,0.0013
2012,NUTS,2010,ES61,2,0.0009
2013,NUTS,2010,ES61,2,0.0012
2014,NUTS,2010,ES61,2,0.0013
2015,NUTS,2010,ES61,2,0.0008
2016,NUTS,2010,ES61,2,0.0012
2017,NUTS,2010,ES61,2,0.0012
2018,NUTS,2010,ES61,2,0.0006
2019,NUTS,2010,ES61,2,0.0004
2002,NUTS,2010,ES62,2,0.0
2003,NUTS,2010,ES62,2,0.0
2004,NUTS,2010,ES62,2,0.0
2005,NUTS,2010,ES62,2,0.0004
2006,NUTS,2010,ES62,2,0.0004
2007,NUTS,2010,ES62,2,0.0
2008,NUTS,2010,ES62,2,0.002
2009,NUTS,2010,ES62,2,0.0017
2010,NUTS,2010,ES62,2,0.001
2012,NUTS,2010,ES62,2,0.0016
2013,NUTS,2010,ES62,2,0.0006
2014,NUTS,2010,ES62,2,0.0009
2015,NUTS,2010,ES62,2,0.0016
2016,NUTS,2010,ES62,2,0.002
2018,NUTS,2010,ES62,2,0.0003
2019,NUTS,2010,ES62,2,0.0003
2002,NUTS,2010,ES63,2,0.0
2003,NUTS,2010,ES63,2,0.0
2004,NUTS,2010,ES63,2,0.0
2005,NUTS,2010,ES63,2,0.0
2006,NUTS,2010,ES63,2,0.0
2007,NUTS,2010,ES63,2,0.0
2008,NUTS,2010,ES63,2,0.0
2009,NUTS,2010,ES63,2,0.0
2010,NUTS,2010,ES63,2,0.0
2015,NUTS,2010,ES63,2,0.0
2002,NUTS,2010,ES64,2,0.0
2003,NUTS,2010,ES64,2,0.0
2004,NUTS,2010,ES64,2,0.0
2005,NUTS,2010,ES64,2,0.0
2006,NUTS,2010,ES64,2,0.0
2007,NUTS,2010,ES64,2,0.0
2008,NUTS,2010,ES64,2,0.0
2009,NUTS,2010,ES64,2,0.0
2010,NUTS,2010,ES64,2,0.0
2015,NUTS,2010,ES64,2,0.0
2002,NUTS,2010,ES7,1,0.0
2003,NUTS,2010,ES7,1,0.0
2004,NUTS,2010,ES7,1,0.0003
2005,NUTS,2010,ES7,1,0.0003
2006,NUTS,2010,ES7,1,0.0002
2007,NUTS,2010,ES7,1,0.0002
2008,NUTS,2010,ES7,1,0.0002
2009,NUTS,2010,ES7,1,0.0002
2010,NUTS,2010,ES7,1,0.0002
2011,NUTS,2010,ES7,1,0.0004
2012,NUTS,2010,ES7,1,0.0006
2013,NUTS,2010,ES7,1,0.0006
2014,NUTS,2010,ES7,1,0.0008
2015,NUTS,2010,ES7,1,0.0008
2016,NUTS,2010,ES7,1,0.0008
2017,NUTS,2010,ES7,1,0.0008
2018,NUTS,2010,ES7,1,0.0004
2002,NUTS,2010,ES70,2,0.0
2003,NUTS,2010,ES70,2,0.0
2004,NUTS,2010,ES70,2,0.0003
2005,NUTS,2010,ES70,2,0.0003
2006,NUTS,2010,ES70,2,0.0002
2007,NUTS,2010,ES70,2,0.0002
2008,NUTS,2010,ES70,2,0.0002
2009,NUTS,2010,ES70,2,0.0002
2010,NUTS,2010,ES70,2,0.0002
2011,NUTS,2010,ES70,2,0.0004
2012,NUTS,2010,ES70,2,0.0006
2013,NUTS,2010,ES70,2,0.0006
2014,NUTS,2010,ES70,2,0.0008
2015,NUTS,2010,ES70,2,0.0008
2016,NUTS,2010,ES70,2,0.0008
2017,NUTS,2010,ES70,2,0.0008
2018,NUTS,2010,ES70,2,0.0004
2000,NUTS,2010,EU27_2020,7,0.006
2001,NUTS,2010,EU27_2020,7,0.0062
2002,NUTS,2010,EU27_2020,7,0.0074
2003,NUTS,2010,EU27_2020,7,0.0075
2004,NUTS,2010,EU27_2020,7,0.0078
2005,NUTS,2010,EU27_2020,7,0.0085
2006,NUTS,2010,EU27_2020,7,0.0095
2007,NUTS,2010,EU27_2020,7,0.0093
2008,NUTS,2010,EU27_2020,7,0.0095
2009,NUTS,2010,EU27_2020,7,0.0095
2010,NUTS,2010,EU27_2020,7,0.0097
2011,NUTS,2010,EU27_2020,7,0.0103
2012,NUTS,2010,EU27_2020,7,0.0103
2013,NUTS,2010,EU27_2020,7,0.0074
2014,NUTS,2010,EU27_2020,7,0.008
2015,NUTS,2010,EU27_2020,7,0.0082
2016,NUTS,2010,EU27_2020,7,0.0092
2017,NUTS,2010,EU27_2020,7,0.0091
2019,NUTS,2010,EU27_2020,7,0.0108
2004,NUTS,2010,FI,0,0.0225
2005,NUTS,2010,FI,0,0.0218
2006,NUTS,2010,FI,0,0.0228
2007,NUTS,2010,FI,0,0.0221
2008,NUTS,2010,FI,0,0.023
2009,NUTS,2010,FI,0,0.0254
2010,NUTS,2010,FI,0,0.0287
2011,NUTS,2010,FI,0,0.0305
2012,NUTS,2010,FI,0,0.0292
2013,NUTS,2010,FI,0,0.0291
2014,NUTS,2010,FI,0,0.0321
2015,NUTS,2010,FI,0,0.0321
2016,NUTS,2010,FI,0,0.032
2017,NUTS,2010,FI,0,0.0315
2018,NUTS,2010,FI,0,0.0343
2019,NUTS,2010,FI,0,0.0333
2003,NUTS,2010,FR,0,0.0124
2004,NUTS,2010,FR,0,0.013
2005,NUTS,2010,FR,0,0.0134
2006,NUTS,2010,FR,0,0.0138
2007,NUTS,2010,FR,0,0.0126
2008,NUTS,2010,FR,0,0.013
2009,NUTS,2010,FR,0,0.0121
2010,NUTS,2010,FR,0,0.0085
2011,NUTS,2010,FR,0,0.0109
2012,NUTS,2010,FR,0,0.0119
2013,NUTS,2010,FR,0,0.0124
2014,NUTS,2010,FR,0,0.0134
2016,NUTS,2010,FR,0,0.0168
2017,NUTS,2010,FR,0,0.0168
2005,NUTS,2010,HR,0,0.0004
2006,NUTS,2010,HR,0,0.0001
2007,NUTS,2010,HR,0,0.0
2008,NUTS,2010,HR,0,0.0002
2009,NUTS,2010,HR,0,0.0003
2010,NUTS,2010,HR,0,0.0004
2011,NUTS,2010,HR,0,0.0006
2005,NUTS,2010,HR0,1,0.0004
2006,NUTS,2010,HR0,1,0.0001
2007,NUTS,2010,HR0,1,0.0
2008,NUTS,2010,HR0,1,0.0002
2009,NUTS,2010,HR0,1,0.0003
2010,NUTS,2010,HR0,1,0.0003
2011,NUTS,2010,HR0,1,0.0006
2008,NUTS,2010,HR03,2,0.0007
2009,NUTS,2010,HR03,2,0.0011
2010,NUTS,2010,HR03,2,0.0011
2011,NUTS,2010,HR03,2,0.0019
2008,NUTS,2010,HR04,2,0.0
2009,NUTS,2010,HR04,2,0.0
2010,NUTS,2010,HR04,2,0.0
2011,NUTS,2010,HR04,2,0.0
2012,NUTS,2010,HR04,2,0.0
2013,NUTS,2010,HR04,2,0.0
2014,NUTS,2010,HR04,2,0.0
2003,NUTS,2010,IS,0,0.0918
2005,NUTS,2010,IS,0,0.064
2006,NUTS,2010,IS,0,0.07
2007,NUTS,2010,IS,0,0.0633
2008,NUTS,2010,IS,0,0.0653
2009,NUTS,2010,IS,0,0.0568
2011,NUTS,2010,IS,0,0.0439
2016,NUTS,2010,IS,0,0.0
2017,NUTS,2010,IS,0,0.0
2018,NUTS,2010,IS,0,0.0
2002,NUTS,2010,IT,0,0.0143
2003,NUTS,2010,IT,0,0.0162
2004,NUTS,2010,IT,0,0.018
2005,NUTS,2010,IT,0,0.0248
2006,NUTS,2010,IT,0,0.0296
2007,NUTS,2010,IT,0,0.0284
2008,NUTS,2010,IT,0,0.0282
2009,NUTS,2010,IT,0,0.0279
2010,NUTS,2010,IT,0,0.0285
2011,NUTS,2010,IT,0,0.0269
2012,NUTS,2010,IT,0,0.0266
2013,NUTS,2010,IT,0,0.029
2014,NUTS,2010,IT,0,0.0302
2015,NUTS,2010,IT,0,0.0329
2016,NUTS,2010,IT,0,0.0325
2017,NUTS,2010,IT,0,0.0296
2018,NUTS,2010,IT,0,0.03
2019,NUTS,2010,IT,0,0.0361
2003,NUTS,2010,ITC,1,0.0334
2004,NUTS,2010,ITC,1,0.0333
2005,NUTS,2010,ITC,1,0.0338
2007,NUTS,2010,ITC,1,0.0427
2008,NUTS,2010,ITC,1,0.0423
2009,NUTS,2010,ITC,1,0.0447
2010,NUTS,2010,ITC,1,0.0483
2011,NUTS,2010,ITC,1,0.0459
2012,NUTS,2010,ITC,1,0.0463
2013,NUTS,2010,ITC,1,0.0515
2014,NUTS,2010,ITC,1,0.0462
2015,NUTS,2010,ITC,1,0.0501
2016,NUTS,2010,ITC,1,0.0527
2017,NUTS,2010,ITC,1,0.0396
2018,NUTS,2010,ITC,1,0.0425
2019,NUTS,2010,ITC,1,0.046
2003,NUTS,2010,ITC1,2,0.015
2004,NUTS,2010,ITC1,2,0.0252
2005,NUTS,2010,ITC1,2,0.0296
2007,NUTS,2010,ITC1,2,0.019
2008,NUTS,2010,ITC1,2,0.0177
2009,NUTS,2010,ITC1,2,0.0227
2010,NUTS,2010,ITC1,2,0.0299
2011,NUTS,2010,ITC1,2,0.0276
2012,NUTS,2010,ITC1,2,0.0378
2013,NUTS,2010,ITC1,2,0.0449
2014,NUTS,2010,ITC1,2,0.0395
2015,NUTS,2010,ITC1,2,0.0405
2016,NUTS,2010,ITC1,2,0.0372
2017,NUTS,2010,ITC1,2,0.0336
2018,NUTS,2010,ITC1,2,0.0365
2019,NUTS,2010,ITC1,2,0.0398
2003,NUTS,2010,ITC2,2,0.016
2004,NUTS,2010,ITC2,2,0.061
2005,NUTS,2010,ITC2,2,0.0367
2007,NUTS,2010,ITC2,2,0.0553
2008,NUTS,2010,ITC2,2,0.0273
2009,NUTS,2010,ITC2,2,0.0349
2010,NUTS,2010,ITC2,2,0.0456
2011,NUTS,2010,ITC2,2,0.0301
2012,NUTS,2010,ITC2,2,0.0403
2013,NUTS,2010,ITC2,2,0.0586
2014,NUTS,2010,ITC2,2,0.0327
2015,NUTS,2010,ITC2,2,0.04
2016,NUTS,2010,ITC2,2,0.029
2017,NUTS,2010,ITC2,2,0.029
2018,NUTS,2010,ITC2,2,0.0432
2019,NUTS,2010,ITC2,2,0.0573
2003,NUTS,2010,ITC3,2,0.0099
2004,NUTS,2010,ITC3,2,0.0108
2005,NUTS,2010,ITC3,2,0.0121
2007,NUTS,2010,ITC3,2,0.0237
2008,NUTS,2010,ITC3,2,0.0264
2009,NUTS,2010,ITC3,2,0.0156
2010,NUTS,2010,ITC3,2,0.0166
2011,NUTS,2010,ITC3,2,0.0227
2012,NUTS,2010,ITC3,2,0.0286
2013,NUTS,2010,ITC3,2,0.0284
2014,NUTS,2010,ITC3,2,0.0218
2015,NUTS,2010,ITC3,2,0.029
2016,NUTS,2010,ITC3,2,0.0237
2017,NUTS,2010,ITC3,2,0.0205
2018,NUTS,2010,ITC3,2,0.0216
2019,NUTS,2010,ITC3,2,0.0501
2003,NUTS,2010,ITC4,2,0.0462
2004,NUTS,2010,ITC4,2,0.04
2005,NUTS,2010,ITC4,2,0.039
2007,NUTS,2010,ITC4,2,0.0562
2008,NUTS,2010,ITC4,2,0.0563
2009,NUTS,2010,ITC4,2,0.0593
2010,NUTS,2010,ITC4,2,0.0617
2011,NUTS,2010,ITC4,2,0.0584
2012,NUTS,2010,ITC4,2,0.0531
2013,NUTS,2010,ITC4,2,0.0578
2014,NUTS,2010,ITC4,2,0.053
2015,NUTS,2010,ITC4,2,0.0576
2016,NUTS,2010,ITC4,2,0.0642
2017,NUTS,2010,ITC4,2,0.0451
2018,NUTS,2010,ITC4,2,0.0481
2019,NUTS,2010,ITC4,2,0.0479
2003,NUTS,2010,ITF,1,0.006
2004,NUTS,2010,ITF,1,0.0075
2005,NUTS,2010,ITF,1,0.0116
2007,NUTS,2010,ITF,1,0.012
2008,NUTS,2010,ITF,1,0.0137
2009,NUTS,2010,ITF,1,0.0129
2010,NUTS,2010,ITF,1,0.0089
2011,NUTS,2010,ITF,1,0.0118
2012,NUTS,2010,ITF,1,0.0088
2013,NUTS,2010,ITF,1,0.0092
2014,NUTS,2010,ITF,1,0.0129
2017,NUTS,2010,ITF,1,0.0105
2018,NUTS,2010,ITF,1,0.0116
2019,NUTS,2010,ITF,1,0.0116
2003,NUTS,2010,ITF1,2,0.002
2004,NUTS,2010,ITF1,2,0.0024
2005,NUTS,2010,ITF1,2,0.0028
2007,NUTS,2010,ITF1,2,0.0038
2008,NUTS,2010,ITF1,2,0.0036
2009,NUTS,2010,ITF1,2,0.0
2010,NUTS,2010,ITF1,2,0.0005
2011,NUTS,2010,ITF1,2,0.0022
2012,NUTS,2010,ITF1,2,0.0026
2013,NUTS,2010,ITF1,2,0.0059
2014,NUTS,2010,ITF1,2,0.0022
2015,NUTS,2010,ITF1,2,0.0027
2016,NUTS,2010,ITF1,2,0.0061
2017,NUTS,2010,ITF1,2,0.0078
2018,NUTS,2010,ITF1,2,0.0061
2019,NUTS,2010,ITF1,2,0.0086
2003,NUTS,2010,ITF2,2,0.0373
2004,NUTS,2010,ITF2,2,0.0
2005,NUTS,2010,ITF2,2,0.0365
2007,NUTS,2010,ITF2,2,0.0064
2008,NUTS,2010,ITF2,2,0.0
2009,NUTS,2010,ITF2,2,0.0042
2017,NUTS,2010,ITF2,2,0.004
2018,NUTS,2010,ITF2,2,0.0082
2019,NUTS,2010,ITF2,2,0.002
2003,NUTS,2010,ITF3,2,0.0071
2004,NUTS,2010,ITF3,2,0.0096
2005,NUTS,2010,ITF3,2,0.0116
2007,NUTS,2010,ITF3,2,0.0141
2008,NUTS,2010,ITF3,2,0.018
2009,NUTS,2010,ITF3,2,0.0165
2010,NUTS,2010,ITF3,2,0.0144
2011,NUTS,2010,ITF3,2,0.0142
2012,NUTS,2010,ITF3,2,0.0114
2013,NUTS,2010,ITF3,2,0.0128
2014,NUTS,2010,ITF3,2,0.0193
2015,NUTS,2010,ITF3,2,0.0218
2016,NUTS,2010,ITF3,2,0.0157
2017,NUTS,2010,ITF3,2,0.0132
2018,NUTS,2010,ITF3,2,0.0127
2019,NUTS,2010,ITF3,2,0.0121
2003,NUTS,2010,ITF4,2,0.0067
2004,NUTS,2010,ITF4,2,0.01
2005,NUTS,2010,ITF4,2,0.0209
2007,NUTS,2010,ITF4,2,0.0211
2008,NUTS,2010,ITF4,2,0.0228
2009,NUTS,2010,ITF4,2,0.0225
2010,NUTS,2010,ITF4,2,0.0119
2011,NUTS,2010,ITF4,2,0.0192
2012,NUTS,2010,ITF4,2,0.0132
2013,NUTS,2010,ITF4,2,0.0113
2014,NUTS,2010,ITF4,2,0.0176
2015,NUTS,2010,ITF4,2,0.0164
2016,NUTS,2010,ITF4,2,0.0182
2017,NUTS,2010,ITF4,2,0.0143
2018,NUTS,2010,ITF4,2,0.0193
2019,NUTS,2010,ITF4,2,0.0197
2003,NUTS,2010,ITF5,2,0.0037
2004,NUTS,2010,ITF5,2,0.0075
2005,NUTS,2010,ITF5,2,0.0024
2007,NUTS,2010,ITF5,2,0.0
2008,NUTS,2010,ITF5,2,0.0
2009,NUTS,2010,ITF5,2,0.0025
2012,NUTS,2010,ITF5,2,0.005
2013,NUTS,2010,ITF5,2,0.0049
2015,NUTS,2010,ITF5,2,0.0024
2017,NUTS,2010,ITF5,2,0.0036
2018,NUTS,2010,ITF5,2,0.0025
2019,NUTS,2010,ITF5,2,0.0037
2003,NUTS,2010,ITF6,2,0.0004
2004,NUTS,2010,ITF6,2,0.0016
2005,NUTS,2010,ITF6,2,0.0008
2007,NUTS,2010,ITF6,2,0.0004
2008,NUTS,2010,ITF6,2,0.0004
2009,NUTS,2010,ITF6,2,0.0
2010,NUTS,2010,ITF6,2,0.0004
2011,NUTS,2010,ITF6,2,0.0045
2015,NUTS,2010,ITF6,2,0.0028
2016,NUTS,2010,ITF6,2,0.0046
2017,NUTS,2010,ITF6,2,0.0
2018,NUTS,2010,ITF6,2,0.0011
2019,NUTS,2010,ITF6,2,0.0004
2003,NUTS,2010,ITG,1,0.0023
2004,NUTS,2010,ITG,1,0.0045
2005,NUTS,2010,ITG,1,0.0075
2007,NUTS,2010,ITG,1,0.0088
2008,NUTS,2010,ITG,1,0.0106
2009,NUTS,2010,ITG,1,0.0121
2010,NUTS,2010,ITG,1,0.0167
2011,NUTS,2010,ITG,1,0.0123
2012,NUTS,2010,ITG,1,0.0125
2013,NUTS,2010,ITG,1,0.0111
2014,NUTS,2010,ITG,1,0.0113
2015,NUTS,2010,ITG,1,0.012
2016,NUTS,2010,ITG,1,0.0127
2017,NUTS,2010,ITG,1,0.0124
2018,NUTS,2010,ITG,1,0.0099
2019,NUTS,2010,ITG,1,0.0105
2003,NUTS,2010,ITG1,2,0.0024
2004,NUTS,2010,ITG1,2,0.0059
2005,NUTS,2010,ITG1,2,0.0101
2007,NUTS,2010,ITG1,2,0.0126
2008,NUTS,2010,ITG1,2,0.0155
2009,NUTS,2010,ITG1,2,0.0164
2010,NUTS,2010,ITG1,2,0.0239
2011,NUTS,2010,ITG1,2,0.017
2012,NUTS,2010,ITG1,2,0.0176
2013,NUTS,2010,ITG1,2,0.0153
2014,NUTS,2010,ITG1,2,0.0154
2015,NUTS,2010,ITG1,2,0.0162
2016,NUTS,2010,ITG1,2,0.0163
2017,NUTS,2010,ITG1,2,0.0162
2018,NUTS,2010,ITG1,2,0.013
2019,NUTS,2010,ITG1,2,0.0137
2003,NUTS,2010,ITG2,2,0.002
2004,NUTS,2010,ITG2,2,0.0015
2005,NUTS,2010,ITG2,2,0.0016
2007,NUTS,2010,ITG2,2,0.0
2008,NUTS,2010,ITG2,2,0.0
2009,NUTS,2010,ITG2,2,0.0026
2010,NUTS,2010,ITG2,2,0.0014
2011,NUTS,2010,ITG2,2,0.0025
2012,NUTS,2010,ITG2,2,0.0014
2013,NUTS,2010,ITG2,2,0.0019
2014,NUTS,2010,ITG2,2,0.0022
2015,NUTS,2010,ITG2,2,0.0031
2016,NUTS,2010,ITG2,2,0.0046
2017,NUTS,2010,ITG2,2,0.0036
2018,NUTS,2010,ITG2,2,0.0031
2019,NUTS,2010,ITG2,2,0.0037
2003,NUTS,2010,ITH,1,0.0108
2004,NUTS,2010,ITH,1,0.0169
2005,NUTS,2010,ITH,1,0.0173
2007,NUTS,2010,ITH,1,0.0228
2008,NUTS,2010,ITH,1,0.0195
2009,NUTS,2010,ITH,1,0.0204
2010,NUTS,2010,ITH,1,0.0128
2011,NUTS,2010,ITH,1,0.0087
2012,NUTS,2010,ITH,1,0.01
2013,NUTS,2010,ITH,1,0.0116
2014,NUTS,2010,ITH,1,0.0193
2015,NUTS,2010,ITH,1,0.0213
2016,NUTS,2010,ITH,1,0.0199
2017,NUTS,2010,ITH,1,0.0202
2018,NUTS,2010,ITH,1,0.02
2019,NUTS,2010,ITH,1,0.025
2003,NUTS,2010,ITH1,2,0.0436
2004,NUTS,2010,ITH1,2,0.0665
2005,NUTS,2010,ITH1,2,0.057
2007,NUTS,2010,ITH1,2,0.113
2008,NUTS,2010,ITH1,2,0.0552
2009,NUTS,2010,ITH1,2,0.0731
2010,NUTS,2010,ITH1,2,0.0
2011,NUTS,2010,ITH1,2,0.0009
2012,NUTS,2010,ITH1,2,0.0018
2013,NUTS,2010,ITH1,2,0.0009
2014,NUTS,2010,ITH1,2,0.1511
2015,NUTS,2010,ITH1,2,0.1507
2016,NUTS,2010,ITH1,2,0.1234
2017,NUTS,2010,ITH1,2,0.1612
2018,NUTS,2010,ITH1,2,0.1311
2019,NUTS,2010,ITH1,2,0.1484
2003,NUTS,2010,ITH2,2,0.0211
2004,NUTS,2010,ITH2,2,0.0085
2005,NUTS,2010,ITH2,2,0.0342
2007,NUTS,2010,ITH2,2,0.0465
2008,NUTS,2010,ITH2,2,0.0628
2009,NUTS,2010,ITH2,2,0.0913
2010,NUTS,2010,ITH2,2,0.0665
2011,NUTS,2010,ITH2,2,0.0434
2012,NUTS,2010,ITH2,2,0.0411
2013,NUTS,2010,ITH2,2,0.038
2014,NUTS,2010,ITH2,2,0.039
2015,NUTS,2010,ITH2,2,0.033
2016,NUTS,2010,ITH2,2,0.0336
2017,NUTS,2010,ITH2,2,0.0289
2018,NUTS,2010,ITH2,2,0.0257
2019,NUTS,2010,ITH2,2,0.0235
2003,NUTS,2010,ITH3,2,0.0137
2004,NUTS,2010,ITH3,2,0.0208
2005,NUTS,2010,ITH3,2,0.0208
2007,NUTS,2010,ITH3,2,0.0241
2008,NUTS,2010,ITH3,2,0.018
2009,NUTS,2010,ITH3,2,0.0213
2010,NUTS,2010,ITH3,2,0.0168
2011,NUTS,2010,ITH3,2,0.0107
2012,NUTS,2010,ITH3,2,0.0108
2013,NUTS,2010,ITH3,2,0.0131
2014,NUTS,2010,ITH3,2,0.0131
2015,NUTS,2010,ITH3,2,0.0166
2016,NUTS,2010,ITH3,2,0.0162
2017,NUTS,2010,ITH3,2,0.0134
2018,NUTS,2010,ITH3,2,0.0151
2019,NUTS,2010,ITH3,2,0.0283
2003,NUTS,2010,ITH4,2,0.0054
2004,NUTS,2010,ITH4,2,0.0085
2005,NUTS,2010,ITH4,2,0.0098
2007,NUTS,2010,ITH4,2,0.0144
2008,NUTS,2010,ITH4,2,0.0189
2009,NUTS,2010,ITH4,2,0.0158
2010,NUTS,2010,ITH4,2,0.0202
2011,NUTS,2010,ITH4,2,0.0135
2012,NUTS,2010,ITH4,2,0.0197
2013,NUTS,2010,ITH4,2,0.0206
2014,NUTS,2010,ITH4,2,0.0229
2015,NUTS,2010,ITH4,2,0.0268
2016,NUTS,2010,ITH4,2,0.0196
2017,NUTS,2010,ITH4,2,0.0211
2018,NUTS,2010,ITH4,2,0.0228
2019,NUTS,2010,ITH4,2,0.0203
2005,NUTS,2010,ITH5,2,0.0093
2007,NUTS,2010,ITH5,2,0.0108
2008,NUTS,2010,ITH5,2,0.0122
2009,NUTS,2010,ITH5,2,0.0065
2010,NUTS,2010,ITH5,2,0.0023
2011,NUTS,2010,ITH5,2,0.0026
2012,NUTS,2010,ITH5,2,0.0042
2013,NUTS,2010,ITH5,2,0.0062
2014,NUTS,2010,ITH5,2,0.0065
2015,NUTS,2010,ITH5,2,0.0077
2016,NUTS,2010,ITH5,2,0.0094
2017,NUTS,2010,ITH5,2,0.0087
2018,NUTS,2010,ITH5,2,0.0097
2019,NUTS,2010,ITH5,2,0.0075
2003,NUTS,2010,ITI,1,0.0107
2004,NUTS,2010,ITI,1,0.0123
2005,NUTS,2010,ITI,1,0.0371
2007,NUTS,2010,ITI,1,0.034
2008,NUTS,2010,ITI,1,0.0348
2009,NUTS,2010,ITI,1,0.0284
2010,NUTS,2010,ITI,1,0.0349
2011,NUTS,2010,ITI,1,0.0348
2012,NUTS,2010,ITI,1,0.0343
2013,NUTS,2010,ITI,1,0.0353
2014,NUTS,2010,ITI,1,0.0368
2017,NUTS,2010,ITI,1,0.0435
2018,NUTS,2010,ITI,1,0.0417
2019,NUTS,2010,ITI,1,0.0578
2003,NUTS,2010,ITI1,2,0.0041
2004,NUTS,2010,ITI1,2,0.0042
2005,NUTS,2010,ITI1,2,0.0169
2007,NUTS,2010,ITI1,2,0.0155
2008,NUTS,2010,ITI1,2,0.0157
2009,NUTS,2010,ITI1,2,0.0179
2010,NUTS,2010,ITI1,2,0.0171
2011,NUTS,2010,ITI1,2,0.017
2012,NUTS,2010,ITI1,2,0.0199
2013,NUTS,2010,ITI1,2,0.0201
2014,NUTS,2010,ITI1,2,0.0216
2015,NUTS,2010,ITI1,2,0.0288
2016,NUTS,2010,ITI1,2,0.0293
2017,NUTS,2010,ITI1,2,0.0247
2018,NUTS,2010,ITI1,2,0.0257
2019,NUTS,2010,ITI1,2,0.0283
2003,NUTS,2010,ITI2,2,0.0027
2004,NUTS,2010,ITI2,2,0.0
2005,NUTS,2010,ITI2,2,0.0162
2007,NUTS,2010,ITI2,2,0.0024
2008,NUTS,2010,ITI2,2,0.0023
2009,NUTS,2010,ITI2,2,0.0024
2010,NUTS,2010,ITI2,2,0.0024
2011,NUTS,2010,ITI2,2,0.0018
2012,NUTS,2010,ITI2,2,0.0012
2013,NUTS,2010,ITI2,2,0.0011
2014,NUTS,2010,ITI2,2,0.0011
2017,NUTS,2010,ITI2,2,0.0017
2018,NUTS,2010,ITI2,2,0.0029
2019,NUTS,2010,ITI2,2,0.0028
2005,NUTS,2010,ITI3,2,0.0025
2007,NUTS,2010,ITI3,2,0.0
2008,NUTS,2010,ITI3,2,0.0003
2009,NUTS,2010,ITI3,2,0.0003
2010,NUTS,2010,ITI3,2,0.001
2011,NUTS,2010,ITI3,2,0.0007
2012,NUTS,2010,ITI3,2,0.0006
2013,NUTS,2010,ITI3,2,0.0007
2014,NUTS,2010,ITI3,2,0.0016
2015,NUTS,2010,ITI3,2,0.0007
2016,NUTS,2010,ITI3,2,0.0013
2017,NUTS,2010,ITI3,2,0.0052
2018,NUTS,2010,ITI3,2,0.0046
2019,NUTS,2010,ITI3,2,0.0045
2003,NUTS,2010,ITI4,2,0.019
2004,NUTS,2010,ITI4,2,0.0231
2005,NUTS,2010,ITI4,2,0.0648
2007,NUTS,2010,ITI4,2,0.0635
2008,NUTS,2010,ITI4,2,0.0643
2009,NUTS,2010,ITI4,2,0.0485
2010,NUTS,2010,ITI4,2,0.0622
2011,NUTS,2010,ITI4,2,0.0625
2012,NUTS,2010,ITI4,2,0.0589
2013,NUTS,2010,ITI4,2,0.0606
2014,NUTS,2010,ITI4,2,0.0618
2015,NUTS,2010,ITI4,2,0.0644
2016,NUTS,2010,ITI4,2,0.0579
2017,NUTS,2010,ITI4,2,0.0725
2018,NUTS,2010,ITI4,2,0.0678
2019,NUTS,2010,ITI4,2,0.1004
1997,NUTS,2010,KR,0,0.005
1998,NUTS,2010,KR,0,0.0035
1999,NUTS,2010,KR,0,0.005
2000,NUTS,2010,KR,0,0.0015
2001,NUTS,2010,KR,0,0.0018
2002,NUTS,2010,KR,0,0.0023
2003,NUTS,2010,KR,0,0.0022
2004,NUTS,2010,KR,0,0.0021
2005,NUTS,2010,KR,0,0.005
2006,NUTS,2010,KR,0,0.0067
2007,NUTS,2010,KR,0,0.0077
2008,NUTS,2010,KR,0,0.0122
2009,NUTS,2010,KR,0,0.0113
2010,NUTS,2010,KR,0,0.0139
2011,NUTS,2010,KR,0,0.0161
2001,NUTS,2010,LV,0,0.0002
2002,NUTS,2010,LV,0,0.0004
2011,NUTS,2010,ME,0,0.0047
2013,NUTS,2010,ME,0,0.0143
2014,NUTS,2010,ME,0,0.0128
2015,NUTS,2010,ME,0,0.03
2017,NUTS,2010,ME,0,0.0143
2018,NUTS,2010,ME,0,0.0165
2019,NUTS,2010,ME,0,0.0128
2015,NUTS,2010,MK,0,0.0024
2016,NUTS,2010,MK,0,0.0107
2017,NUTS,2010,MK,0,0.0111
2018,NUTS,2010,MK,0,0.0086
2019,NUTS,2010,MK,0,0.0064
2002,NUTS,2010,MT,0,0.0
2003,NUTS,2010,MT,0,0.0
2004,NUTS,2010,MT,0,0.0
2005,NUTS,2010,MT,0,0.0
2006,NUTS,2010,MT,0,0.0
2007,NUTS,2010,MT,0,0.0
2008,NUTS,2010,MT,0,0.0
2009,NUTS,2010,MT,0,0.0
2001,NUTS,2010,NL,0,0.0024
2013,NUTS,2010,NL,0,0.0
2014,NUTS,2010,NL,0,0.0
2015,NUTS,2010,NL,0,0.0
2016,NUTS,2010,NL,0,0.0
2017,NUTS,2010,NL,0,0.0
2018,NUTS,2010,NL,0,0.0
2019,NUTS,2010,NL,0,0.0
2003,NUTS,2010,NL3,1,0.0005
2003,NUTS,2010,NL32,2,0.0013
2000,NUTS,2010,PL,0,0.0001
2003,NUTS,2010,PL,0,0.0004
2004,NUTS,2010,PL,0,0.0004
2005,NUTS,2010,PL,0,0.0007
2006,NUTS,2010,PL,0,0.0008
2007,NUTS,2010,PL,0,0.0004
2008,NUTS,2010,PL,0,0.0002
2009,NUTS,2010,PL,0,0.0001
2010,NUTS,2010,PL,0,0.0004
2011,NUTS,2010,PL,0,0.0005
2012,NUTS,2010,PL,0,0.001
2013,NUTS,2010,PL,0,0.0009
2014,NUTS,2010,PL,0,0.0011
2015,NUTS,2010,PL,0,0.001
2016,NUTS,2010,PL,0,0.0049
2017,NUTS,2010,PL,0,0.0104
2018,NUTS,2010,PL,0,0.0106
2019,NUTS,2010,PL,0,0.0107
2000,NUTS,2010,PL1,1,0.0
2003,NUTS,2010,PL1,1,0.0025
2004,NUTS,2010,PL1,1,0.0018
2005,NUTS,2010,PL1,1,0.0026
2006,NUTS,2010,PL1,1,0.0029
2007,NUTS,2010,PL1,1,0.001
2008,NUTS,2010,PL1,1,0.0005
2009,NUTS,2010,PL1,1,0.0003
2011,NUTS,2010,PL1,1,0.0017
2012,NUTS,2010,PL1,1,0.0034
2013,NUTS,2010,PL1,1,0.0021
2014,NUTS,2010,PL1,1,0.0019
2015,NUTS,2010,PL1,1,0.002
2003,NUTS,2010,PL11,2,0.0002
2004,NUTS,2010,PL11,2,0.0002
2005,NUTS,2010,PL11,2,0.0016
2007,NUTS,2010,PL11,2,0.0
2008,NUTS,2010,PL11,2,0.0
2009,NUTS,2010,PL11,2,0.0006
2012,NUTS,2010,PL11,2,0.0016
2000,NUTS,2010,PL12,2,0.0
2003,NUTS,2010,PL12,2,0.0024
2004,NUTS,2010,PL12,2,0.0017
2005,NUTS,2010,PL12,2,0.0017
2007,NUTS,2010,PL12,2,0.001
2008,NUTS,2010,PL12,2,0.0005
2009,NUTS,2010,PL12,2,0.0
2010,NUTS,2010,PL12,2,0.0008
2012,NUTS,2010,PL12,2,0.0025
2000,NUTS,2010,PL2,1,0.0
2003,NUTS,2010,PL2,1,0.0001
2004,NUTS,2010,PL2,1,0.0
2005,NUTS,2010,PL2,1,0.0002
2006,NUTS,2010,PL2,1,0.0006
2007,NUTS,2010,PL2,1,0.0002
2008,NUTS,2010,PL2,1,0.0007
2009,NUTS,2010,PL2,1,0.0002
2011,NUTS,2010,PL2,1,0.0005
2013,NUTS,2010,PL2,1,0.0012
2014,NUTS,2010,PL2,1,0.0011
2015,NUTS,2010,PL2,1,0.0005
2016,NUTS,2010,PL2,1,0.0052
2017,NUTS,2010,PL2,1,0.0085
2018,NUTS,2010,PL2,1,0.0081
2019,NUTS,2010,PL2,1,0.0073
2000,NUTS,2010,PL21,2,0.0
2003,NUTS,2010,PL21,2,0.0001
2004,NUTS,2010,PL21,2,0.0
2005,NUTS,2010,PL21,2,0.0
2008,NUTS,2010,PL21,2,0.0005
2009,NUTS,2010,PL21,2,0.0005
2011,NUTS,2010,PL21,2,0.0012
2015,NUTS,2010,PL21,2,0.0011
2017,NUTS,2010,PL21,2,0.0115
2018,NUTS,2010,PL21,2,0.0082
2019,NUTS,2010,PL21,2,0.0122
2000,NUTS,2010,PL22,2,0.0
2003,NUTS,2010,PL22,2,0.0001
2004,NUTS,2010,PL22,2,0.0
2005,NUTS,2010,PL22,2,0.0004
2008,NUTS,2010,PL22,2,0.0009
2009,NUTS,2010,PL22,2,0.0
2010,NUTS,2010,PL22,2,0.0
2011,NUTS,2010,PL22,2,0.0
2012,NUTS,2010,PL22,2,0.0
2015,NUTS,2010,PL22,2,0.0
2017,NUTS,2010,PL22,2,0.0062
2018,NUTS,2010,PL22,2,0.008
2019,NUTS,2010,PL22,2,0.0036
2000,NUTS,2010,PL3,1,0.0
2004,NUTS,2010,PL3,1,0.0
2005,NUTS,2010,PL3,1,0.0001
2006,NUTS,2010,PL3,1,0.0001
2009,NUTS,2010,PL3,1,0.0
2005,NUTS,2010,PL31,2,0.0
2006,NUTS,2010,PL31,2,0.0
2007,NUTS,2010,PL31,2,0.0
2009,NUTS,2010,PL31,2,0.0
2011,NUTS,2010,PL31,2,0.0
2012,NUTS,2010,PL31,2,0.0
2013,NUTS,2010,PL31,2,0.0
2014,NUTS,2010,PL31,2,0.0
2015,NUTS,2010,PL31,2,0.0
2004,NUTS,2010,PL32,2,0.0
2005,NUTS,2010,PL32,2,0.0002
2005,NUTS,2010,PL33,2,0.0
2007,NUTS,2010,PL33,2,0.0
2010,NUTS,2010,PL33,2,0.0
2015,NUTS,2010,PL33,2,0.0
2005,NUTS,2010,PL34,2,0.0
2006,NUTS,2010,PL34,2,0.0
2007,NUTS,2010,PL34,2,0.0
2013,NUTS,2010,PL34,2,0.0
2000,NUTS,2010,PL4,1,0.0
2003,NUTS,2010,PL4,1,0.0001
2004,NUTS,2010,PL4,1,0.0001
2005,NUTS,2010,PL4,1,0.0003
2006,NUTS,2010,PL4,1,0.001
2007,NUTS,2010,PL4,1,0.0004
2009,NUTS,2010,PL4,1,0.0001
2013,NUTS,2010,PL4,1,0.0003
2016,NUTS,2010,PL4,1,0.0024
2017,NUTS,2010,PL4,1,0.0052
2018,NUTS,2010,PL4,1,0.0024
2000,NUTS,2010,PL41,2,0.0
2005,NUTS,2010,PL41,2,0.0006
2006,NUTS,2010,PL41,2,0.0018
2007,NUTS,2010,PL41,2,0.0006
2009,NUTS,2010,PL41,2,0.0
2010,NUTS,2010,PL41,2,0.0
2011,NUTS,2010,PL41,2,0.0
2017,NUTS,2010,PL41,2,0.008
2018,NUTS,2010,PL41,2,0.0037
2019,NUTS,2010,PL41,2,0.0043
2005,NUTS,2010,PL42,2,0.0
2006,NUTS,2010,PL42,2,0.0
2007,NUTS,2010,PL42,2,0.0
2014,NUTS,2010,PL42,2,0.0018
2018,NUTS,2010,PL42,2,0.0009
2003,NUTS,2010,PL43,2,0.0005
2004,NUTS,2010,PL43,2,0.0004
2005,NUTS,2010,PL43,2,0.0
2006,NUTS,2010,PL43,2,0.0
2007,NUTS,2010,PL43,2,0.0
2010,NUTS,2010,PL43,2,0.0
2015,NUTS,2010,PL43,2,0.0
2018,NUTS,2010,PL43,2,0.0
2019,NUTS,2010,PL43,2,0.0
2005,NUTS,2010,PL5,1,0.0
2006,NUTS,2010,PL5,1,0.0
2007,NUTS,2010,PL5,1,0.0
2014,NUTS,2010,PL5,1,0.0004
2016,NUTS,2010,PL5,1,0.003
2017,NUTS,2010,PL5,1,0.0023
2018,NUTS,2010,PL5,1,0.0078
2005,NUTS,2010,PL51,2,0.0
2006,NUTS,2010,PL51,2,0.0
2007,NUTS,2010,PL51,2,0.0
2009,NUTS,2010,PL51,2,0.0
2015,NUTS,2010,PL51,2,0.0011
2019,NUTS,2010,PL51,2,0.0106
2005,NUTS,2010,PL52,2,0.0
2006,NUTS,2010,PL52,2,0.0
2007,NUTS,2010,PL52,2,0.0
2010,NUTS,2010,PL52,2,0.0
2000,NUTS,2010,PL6,1,0.0007
2004,NUTS,2010,PL6,1,0.0007
2005,NUTS,2010,PL6,1,0.0016
2006,NUTS,2010,PL6,1,0.0008
2010,NUTS,2010,PL6,1,0.001
2011,NUTS,2010,PL6,1,0.0
2014,NUTS,2010,PL6,1,0.0
2015,NUTS,2010,PL6,1,0.0
2016,NUTS,2010,PL6,1,0.0009
2017,NUTS,2010,PL6,1,0.011
2018,NUTS,2010,PL6,1,0.0071
2019,NUTS,2010,PL6,1,0.0071
2005,NUTS,2010,PL61,2,0.0
2006,NUTS,2010,PL61,2,0.0
2007,NUTS,2010,PL61,2,0.0
2010,NUTS,2010,PL61,2,0.0
2011,NUTS,2010,PL61,2,0.0
2012,NUTS,2010,PL61,2,0.0
2013,NUTS,2010,PL61,2,0.0
2014,NUTS,2010,PL61,2,0.0
2015,NUTS,2010,PL61,2,0.0
2005,NUTS,2010,PL62,2,0.0
2006,NUTS,2010,PL62,2,0.0
2007,NUTS,2010,PL62,2,0.0
2015,NUTS,2010,PL62,2,0.0
2000,NUTS,2010,PL63,2,0.0022
2004,NUTS,2010,PL63,2,0.0022
2005,NUTS,2010,PL63,2,0.0045
2011,NUTS,2010,PL63,2,0.0
2013,NUTS,2010,PL63,2,0.0
2014,NUTS,2010,PL63,2,0.0
2015,NUTS,2010,PL63,2,0.0
2018,NUTS,2010,PL63,2,0.0074
2019,NUTS,2010,PL63,2,0.0066
2016,NUTS,2010,PL7,1,0.0027
2017,NUTS,2010,PL7,1,0.003
2018,NUTS,2010,PL7,1,0.0175
2019,NUTS,2010,PL7,1,0.0223
2016,NUTS,2010,PL71,2,0.0039
2016,NUTS,2010,PL8,1,0.0012
2017,NUTS,2010,PL8,1,0.0011
2018,NUTS,2010,PL8,1,0.0057
2019,NUTS,2010,PL8,1,0.0027
2019,NUTS,2010,PL81,2,0.0012
2016,NUTS,2010,PL9,1,0.0157
2017,NUTS,2010,PL9,1,0.0341
2018,NUTS,2010,PL9,1,0.0251
2019,NUTS,2010,PL9,1,0.025
2018,NUTS,2010,PL91,2,0.042
2019,NUTS,2010,PL91,2,0.0405
2018,NUTS,2010,PL92,2,0.0
2019,NUTS,2010,PL92,2,0.0
1997,NUTS,2010,PT,0,0.0551
1998,NUTS,2010,PT,0,0.0563
1999,NUTS,2010,PT,0,0.0588
2000,NUTS,2010,PT,0,0.0637
2001,NUTS,2010,PT,0,0.0687
2002,NUTS,2010,PT,0,0.0773
2003,NUTS,2010,PT,0,0.0857
2004,NUTS,2010,PT,0,0.0829
2005,NUTS,2010,PT,0,0.0796
2006,NUTS,2010,PT,0,0.0915
2007,NUTS,2010,PT,0,0.1032
2008,NUTS,2010,PT,0,0.1103
2009,NUTS,2010,PT,0,0.1148
2010,NUTS,2010,PT,0,0.1325
2011,NUTS,2010,PT,0,0.146
2012,NUTS,2010,PT,0,0.1355
2013,NUTS,2010,PT,0,0.014
2014,NUTS,2010,PT,0,0.0142
2015,NUTS,2010,PT,0,0.0119
2016,NUTS,2010,PT,0,0.0124
2017,NUTS,2010,PT,0,0.0127
2018,NUTS,2010,PT,0,0.014
2019,NUTS,2010,PT,0,0.0145
2020,NUTS,2010,PT,0,0.0217
2000,NUTS,2010,PT1,1,0.0617
2001,NUTS,2010,PT1,1,0.0661
2002,NUTS,2010,PT1,1,0.0749
2003,NUTS,2010,PT1,1,0.083
2004,NUTS,2010,PT1,1,0.0805
2005,NUTS,2010,PT1,1,0.0757
2006,NUTS,2010,PT1,1,0.0878
2007,NUTS,2010,PT1,1,0.0994
2008,NUTS,2010,PT1,1,0.1068
2009,NUTS,2010,PT1,1,0.1057
2010,NUTS,2010,PT1,1,0.1229
2011,NUTS,2010,PT1,1,0.1397
2012,NUTS,2010,PT1,1,0.1297
2013,NUTS,2010,PT1,1,0.0136
2014,NUTS,2010,PT1,1,0.0139
2015,NUTS,2010,PT1,1,0.0117
2016,NUTS,2010,PT1,1,0.0123
2017,NUTS,2010,PT1,1,0.0125
2018,NUTS,2010,PT1,1,0.0138
2019,NUTS,2010,PT1,1,0.0146
2020,NUTS,2010,PT1,1,0.0216
2000,NUTS,2010,PT11,2,0.0623
2001,NUTS,2010,PT11,2,0.0657
2002,NUTS,2010,PT11,2,0.0728
2003,NUTS,2010,PT11,2,0.0784
2004,NUTS,2010,PT11,2,0.0733
2005,NUTS,2010,PT11,2,0.0655
2006,NUTS,2010,PT11,2,0.0805
2007,NUTS,2010,PT11,2,0.0961
2008,NUTS,2010,PT11,2,0.0978
2009,NUTS,2010,PT11,2,0.0997
2010,NUTS,2010,PT11,2,0.1087
2011,NUTS,2010,PT11,2,0.1268
2012,NUTS,2010,PT11,2,0.1285
2013,NUTS,2010,PT11,2,0.0018
2014,NUTS,2010,PT11,2,0.0017
2015,NUTS,2010,PT11,2,0.0018
2016,NUTS,2010,PT11,2,0.0024
2017,NUTS,2010,PT11,2,0.0029
2018,NUTS,2010,PT11,2,0.0027
2019,NUTS,2010,PT11,2,0.0044
2020,NUTS,2010,PT11,2,0.0113
2000,NUTS,2010,PT15,2,0.0085
2001,NUTS,2010,PT15,2,0.0096
2002,NUTS,2010,PT15,2,0.0101
2003,NUTS,2010,PT15,2,0.0098
2004,NUTS,2010,PT15,2,0.005
2005,NUTS,2010,PT15,2,0.0
2006,NUTS,2010,PT15,2,0.0
2007,NUTS,2010,PT15,2,0.0
2008,NUTS,2010,PT15,2,0.0
2009,NUTS,2010,PT15,2,0.0
2010,NUTS,2010,PT15,2,0.0
2011,NUTS,2010,PT15,2,0.0027
2012,NUTS,2010,PT15,2,0.0
2013,NUTS,2010,PT15,2,0.0
2014,NUTS,2010,PT15,2,0.0
2015,NUTS,2010,PT15,2,0.0
2016,NUTS,2010,PT15,2,0.0
2017,NUTS,2010,PT15,2,0.0
2018,NUTS,2010,PT15,2,0.0
2019,NUTS,2010,PT15,2,0.0
2020,NUTS,2010,PT15,2,0.0055
2000,NUTS,2010,PT16,2,0.049
2001,NUTS,2010,PT16,2,0.0605
2002,NUTS,2010,PT16,2,0.0645
2003,NUTS,2010,PT16,2,0.0682
2004,NUTS,2010,PT16,2,0.0633
2005,NUTS,2010,PT16,2,0.0572
2006,NUTS,2010,PT16,2,0.0636
2007,NUTS,2010,PT16,2,0.0692
2008,NUTS,2010,PT16,2,0.0722
2009,NUTS,2010,PT16,2,0.0673
2010,NUTS,2010,PT16,2,0.0883
2011,NUTS,2010,PT16,2,0.1152
2012,NUTS,2010,PT16,2,0.1091
2013,NUTS,2010,PT16,2,0.0019
2014,NUTS,2010,PT16,2,0.002
2015,NUTS,2010,PT16,2,0.002
2016,NUTS,2010,PT16,2,0.0018
2017,NUTS,2010,PT16,2,0.0024
2018,NUTS,2010,PT16,2,0.0032
2019,NUTS,2010,PT16,2,0.0039
2020,NUTS,2010,PT16,2,0.0138
2000,NUTS,2010,PT17,2,0.0887
2001,NUTS,2010,PT17,2,0.0855
2002,NUTS,2010,PT17,2,0.1097
2003,NUTS,2010,PT17,2,0.1326
2004,NUTS,2010,PT17,2,0.1356
2005,NUTS,2010,PT17,2,0.1351
2006,NUTS,2010,PT17,2,0.1532
2007,NUTS,2010,PT17,2,0.1667
2008,NUTS,2010,PT17,2,0.1868
2009,NUTS,2010,PT17,2,0.1876
2010,NUTS,2010,PT17,2,0.222
2011,NUTS,2010,PT17,2,0.2313
2012,NUTS,2010,PT17,2,0.1995
2013,NUTS,2010,PT17,2,0.0437
2014,NUTS,2010,PT17,2,0.0443
2015,NUTS,2010,PT17,2,0.0362
2016,NUTS,2010,PT17,2,0.037
2017,NUTS,2010,PT17,2,0.037
2018,NUTS,2010,PT17,2,0.0412
2019,NUTS,2010,PT17,2,0.0407
2020,NUTS,2010,PT17,2,0.0457
2000,NUTS,2010,PT18,2,0.021
2001,NUTS,2010,PT18,2,0.0362
2002,NUTS,2010,PT18,2,0.019
2003,NUTS,2010,PT18,2,0.0049
2004,NUTS,2010,PT18,2,0.0055
2005,NUTS,2010,PT18,2,0.006
2006,NUTS,2010,PT18,2,0.0097
2007,NUTS,2010,PT18,2,0.0137
2008,NUTS,2010,PT18,2,0.0139
2009,NUTS,2010,PT18,2,0.0084
2010,NUTS,2010,PT18,2,0.0
2011,NUTS,2010,PT18,2,0.0
2012,NUTS,2010,PT18,2,0.0
2013,NUTS,2010,PT18,2,0.0
2014,NUTS,2010,PT18,2,0.0
2015,NUTS,2010,PT18,2,0.0
2016,NUTS,2010,PT18,2,0.0006
2017,NUTS,2010,PT18,2,0.0006
2018,NUTS,2010,PT18,2,0.0006
2019,NUTS,2010,PT18,2,0.0006
2020,NUTS,2010,PT18,2,0.0093
2000,NUTS,2010,PT2,1,0.0491
2001,NUTS,2010,PT2,1,0.0479
2002,NUTS,2010,PT2,1,0.0451
2003,NUTS,2010,PT2,1,0.042
2004,NUTS,2010,PT2,1,0.0955
2005,NUTS,2010,PT2,1,0.1466
2006,NUTS,2010,PT2,1,0.123
2007,NUTS,2010,PT2,1,0.1007
2008,NUTS,2010,PT2,1,0.0943
2009,NUTS,2010,PT2,1,0.0953
2010,NUTS,2010,PT2,1,0.1058
2011,NUTS,2010,PT2,1,0.084
2012,NUTS,2010,PT2,1,0.0733
2013,NUTS,2010,PT2,1,0.0
2014,NUTS,2010,PT2,1,0.0
2015,NUTS,2010,PT2,1,0.0
2016,NUTS,2010,PT2,1,0.0
2017,NUTS,2010,PT2,1,0.0
2018,NUTS,2010,PT2,1,0.0
2019,NUTS,2010,PT2,1,0.0
2020,NUTS,2010,PT2,1,0.009
2000,NUTS,2010,PT20,2,0.0491
2001,NUTS,2010,PT20,2,0.0479
2002,NUTS,2010,PT20,2,0.0451
2003,NUTS,2010,PT20,2,0.042
2004,NUTS,2010,PT20,2,0.0955
2005,NUTS,2010,PT20,2,0.1466
2006,NUTS,2010,PT20,2,0.123
2007,NUTS,2010,PT20,2,0.1007
2008,NUTS,2010,PT20,2,0.0943
2009,NUTS,2010,PT20,2,0.0953
2010,NUTS,2010,PT20,2,0.1058
2011,NUTS,2010,PT20,2,0.084
2012,NUTS,2010,PT20,2,0.0733
2013,NUTS,2010,PT20,2,0.0
2014,NUTS,2010,PT20,2,0.0
2015,NUTS,2010,PT20,2,0.0
2016,NUTS,2010,PT20,2,0.0
2017,NUTS,2010,PT20,2,0.0
2018,NUTS,2010,PT20,2,0.0
2019,NUTS,2010,PT20,2,0.0
2020,NUTS,2010,PT20,2,0.009
2000,NUTS,2010,PT3,1,0.0256
2001,NUTS,2010,PT3,1,0.0282
2002,NUTS,2010,PT3,1,0.0129
2004,NUTS,2010,PT3,1,0.0027
2005,NUTS,2010,PT3,1,0.0051
2006,NUTS,2010,PT3,1,0.005
2007,NUTS,2010,PT3,1,0.0049
2008,NUTS,2010,PT3,1,0.0048
2009,NUTS,2010,PT3,1,0.0046
2010,NUTS,2010,PT3,1,0.0075
2011,NUTS,2010,PT3,1,0.03
2012,NUTS,2010,PT3,1,0.0182
2013,NUTS,2010,PT3,1,0.0031
2014,NUTS,2010,PT3,1,0.0077
2015,NUTS,2010,PT3,1,0.0061
2016,NUTS,2010,PT3,1,0.0062
2017,NUTS,2010,PT3,1,0.0077
2018,NUTS,2010,PT3,1,0.0074
2019,NUTS,2010,PT3,1,0.0
2020,NUTS,2010,PT3,1,0.0015
2000,NUTS,2010,PT30,2,0.0256
2001,NUTS,2010,PT30,2,0.0282
2002,NUTS,2010,PT30,2,0.0129
2004,NUTS,2010,PT30,2,0.0027
2005,NUTS,2010,PT30,2,0.0051
2006,NUTS,2010,PT30,2,0.005
2007,NUTS,2010,PT30,2,0.0049
2008,NUTS,2010,PT30,2,0.0048
2009,NUTS,2010,PT30,2,0.0046
2010,NUTS,2010,PT30,2,0.0075
2011,NUTS,2010,PT30,2,0.03
2012,NUTS,2010,PT30,2,0.0182
2013,NUTS,2010,PT30,2,0.0031
2014,NUTS,2010,PT30,2,0.0077
2015,NUTS,2010,PT30,2,0.0061
2016,NUTS,2010,PT30,2,0.0062
2017,NUTS,2010,PT30,2,0.0077
2018,NUTS,2010,PT30,2,0.0074
2019,NUTS,2010,PT30,2,0.0
2020,NUTS,2010,PT30,2,0.0015
2003,NUTS,2010,RO,0,0.001
2004,NUTS,2010,RO,0,0.0026
2005,NUTS,2010,RO,0,0.0028
2006,NUTS,2010,RO,0,0.0013
2007,NUTS,2010,RO,0,0.0017
2008,NUTS,2010,RO,0,0.0012
2009,NUTS,2010,RO,0,0.0016
2010,NUTS,2010,RO,0,0.0022
2011,NUTS,2010,RO,0,0.0022
2012,NUTS,2010,RO,0,0.0026
2013,NUTS,2010,RO,0,0.0014
2014,NUTS,2010,RO,0,0.0017
2015,NUTS,2010,RO,0,0.0035
2016,NUTS,2010,RO,0,0.0038
2017,NUTS,2010,RO,0,0.0012
2018,NUTS,2010,RO,0,0.0019
2019,NUTS,2010,RO,0,0.0026
2004,NUTS,2010,RO1,1,0.0003
2005,NUTS,2010,RO1,1,0.0008
2006,NUTS,2010,RO1,1,0.0002
2007,NUTS,2010,RO1,1,0.0005
2008,NUTS,2010,RO1,1,0.0009
2009,NUTS,2010,RO1,1,0.0038
2010,NUTS,2010,RO1,1,0.0017
2011,NUTS,2010,RO1,1,0.0009
2012,NUTS,2010,RO1,1,0.0013
2013,NUTS,2010,RO1,1,0.0011
2014,NUTS,2010,RO1,1,0.0009
2015,NUTS,2010,RO1,1,0.001
2016,NUTS,2010,RO1,1,0.0005
2017,NUTS,2010,RO1,1,0.0007
2018,NUTS,2010,RO1,1,0.0011
2019,NUTS,2010,RO1,1,0.0006
2005,NUTS,2010,RO11,2,0.0013
2007,NUTS,2010,RO11,2,0.0009
2008,NUTS,2010,RO11,2,0.0017
2009,NUTS,2010,RO11,2,0.0051
2010,NUTS,2010,RO11,2,0.003
2011,NUTS,2010,RO11,2,0.0017
2012,NUTS,2010,RO11,2,0.0022
2013,NUTS,2010,RO11,2,0.0019
2014,NUTS,2010,RO11,2,0.0015
2015,NUTS,2010,RO11,2,0.0006
2016,NUTS,2010,RO11,2,0.001
2017,NUTS,2010,RO11,2,0.0013
2018,NUTS,2010,RO11,2,0.0019
2019,NUTS,2010,RO11,2,0.0011
2004,NUTS,2010,RO12,2,0.0006
2005,NUTS,2010,RO12,2,0.0002
2006,NUTS,2010,RO12,2,0.0004
2009,NUTS,2010,RO12,2,0.0023
2014,NUTS,2010,RO12,2,0.0002
2015,NUTS,2010,RO12,2,0.0015
2016,NUTS,2010,RO12,2,0.0
2017,NUTS,2010,RO12,2,0.0
2018,NUTS,2010,RO12,2,0.0
2019,NUTS,2010,RO12,2,0.0
2004,NUTS,2010,RO2,1,0.0028
2005,NUTS,2010,RO2,1,0.0029
2007,NUTS,2010,RO2,1,0.0001
2009,NUTS,2010,RO2,1,0.0002
2010,NUTS,2010,RO2,1,0.002
2011,NUTS,2010,RO2,1,0.0049
2012,NUTS,2010,RO2,1,0.0002
2014,NUTS,2010,RO2,1,0.0003
2015,NUTS,2010,RO2,1,0.0004
2016,NUTS,2010,RO2,1,0.0004
2017,NUTS,2010,RO2,1,0.0006
2018,NUTS,2010,RO2,1,0.0023
2019,NUTS,2010,RO2,1,0.0051
2004,NUTS,2010,RO21,2,0.0046
2005,NUTS,2010,RO21,2,0.0047
2007,NUTS,2010,RO21,2,0.0001
2009,NUTS,2010,RO21,2,0.0004
2010,NUTS,2010,RO21,2,0.0033
2011,NUTS,2010,RO21,2,0.0079
2012,NUTS,2010,RO21,2,0.0001
2015,NUTS,2010,RO21,2,0.0
2016,NUTS,2010,RO21,2,0.0
2017,NUTS,2010,RO21,2,0.0001
2018,NUTS,2010,RO21,2,0.0032
2019,NUTS,2010,RO21,2,0.0078
2011,NUTS,2010,RO22,2,0.0002
2012,NUTS,2010,RO22,2,0.0002
2014,NUTS,2010,RO22,2,0.0007
2015,NUTS,2010,RO22,2,0.0012
2016,NUTS,2010,RO22,2,0.0012
2017,NUTS,2010,RO22,2,0.0015
2018,NUTS,2010,RO22,2,0.0007
2019,NUTS,2010,RO22,2,0.0005
2003,NUTS,2010,RO3,1,0.0034
2004,NUTS,2010,RO3,1,0.0055
2005,NUTS,2010,RO3,1,0.0046
2006,NUTS,2010,RO3,1,0.0044
2007,NUTS,2010,RO3,1,0.0056
2008,NUTS,2010,RO3,1,0.0025
2009,NUTS,2010,RO3,1,0.001
2010,NUTS,2010,RO3,1,0.0027
2011,NUTS,2010,RO3,1,0.0002
2012,NUTS,2010,RO3,1,0.0062
2013,NUTS,2010,RO3,1,0.0032
2014,NUTS,2010,RO3,1,0.0038
2015,NUTS,2010,RO3,1,0.0089
2016,NUTS,2010,RO3,1,0.0105
2017,NUTS,2010,RO3,1,0.0024
2018,NUTS,2010,RO3,1,0.0025
2019,NUTS,2010,RO3,1,0.0021
2004,NUTS,2010,RO31,2,0.0001
2005,NUTS,2010,RO31,2,0.0001
2007,NUTS,2010,RO31,2,0.0037
2015,NUTS,2010,RO31,2,0.0
2016,NUTS,2010,RO31,2,0.0
2017,NUTS,2010,RO31,2,0.0
2018,NUTS,2010,RO31,2,0.0002
2019,NUTS,2010,RO31,2,0.0002
2003,NUTS,2010,RO32,2,0.0088
2004,NUTS,2010,RO32,2,0.0135
2005,NUTS,2010,RO32,2,0.0108
2006,NUTS,2010,RO32,2,0.0103
2007,NUTS,2010,RO32,2,0.0081
2008,NUTS,2010,RO32,2,0.0059
2009,NUTS,2010,RO32,2,0.0024
2010,NUTS,2010,RO32,2,0.0059
2011,NUTS,2010,RO32,2,0.0004
2012,NUTS,2010,RO32,2,0.0133
2013,NUTS,2010,RO32,2,0.007
2014,NUTS,2010,RO32,2,0.0082
2015,NUTS,2010,RO32,2,0.0188
2016,NUTS,2010,RO32,2,0.0213
2017,NUTS,2010,RO32,2,0.005
2018,NUTS,2010,RO32,2,0.0048
2019,NUTS,2010,RO32,2,0.0041
2004,NUTS,2010,RO4,1,0.0003
2005,NUTS,2010,RO4,1,0.0017
2008,NUTS,2010,RO4,1,0.0011
2011,NUTS,2010,RO4,1,0.0004
2014,NUTS,2010,RO4,1,0.0003
2015,NUTS,2010,RO4,1,0.0003
2016,NUTS,2010,RO4,1,0.0001
2017,NUTS,2010,RO4,1,0.0
2018,NUTS,2010,RO4,1,0.0
2019,NUTS,2010,RO4,1,0.0
2011,NUTS,2010,RO41,2,0.0004
2015,NUTS,2010,RO41,2,0.0
2016,NUTS,2010,RO41,2,0.0
2017,NUTS,2010,RO41,2,0.0
2018,NUTS,2010,RO41,2,0.0
2019,NUTS,2010,RO41,2,0.0
2004,NUTS,2010,RO42,2,0.0008
2005,NUTS,2010,RO42,2,0.004
2008,NUTS,2010,RO42,2,0.0026
2011,NUTS,2010,RO42,2,0.0003
2014,NUTS,2010,RO42,2,0.0006
2015,NUTS,2010,RO42,2,0.0006
2016,NUTS,2010,RO42,2,0.0003
2017,NUTS,2010,RO42,2,0.0
2018,NUTS,2010,RO42,2,0.0
2019,NUTS,2010,RO42,2,0.0
2010,NUTS,2010,RS,0,0.0
2011,NUTS,2010,RS,0,0.0006
2012,NUTS,2010,RS,0,0.0001
2013,NUTS,2010,RS,0,0.0002
2014,NUTS,2010,RS,0,0.0003
2015,NUTS,2010,RS,0,0.0003
2016,NUTS,2010,RS,0,0.0005
2017,NUTS,2010,RS,0,0.0001
2018,NUTS,2010,RS,0,0.0001
2019,NUTS,2010,RS,0,0.0002
2020,NUTS,2010,RS,0,0.0002
2018,NUTS,2010,RS1,1,0.0003
2019,NUTS,2010,RS1,1,0.0004
2020,NUTS,2010,RS1,1,0.0004
2018,NUTS,2010,RS11,2,0.0005
2019,NUTS,2010,RS11,2,0.0008
2020,NUTS,2010,RS11,2,0.0008
2018,NUTS,2010,RS12,2,0.0
2019,NUTS,2010,RS12,2,0.0
2020,NUTS,2010,RS12,2,0.0
2018,NUTS,2010,RS2,1,0.0
2019,NUTS,2010,RS2,1,0.0
2020,NUTS,2010,RS2,1,0.0
2018,NUTS,2010,RS21,2,0.0
2019,NUTS,2010,RS21,2,0.0
2020,NUTS,2010,RS21,2,0.0
2018,NUTS,2010,RS22,2,0.0
2019,NUTS,2010,RS22,2,0.0
2020,NUTS,2010,RS22,2,0.0
1994,NUTS,2010,RU,0,0.0002
1995,NUTS,2010,RU,0,0.0002
1996,NUTS,2010,RU,0,0.0002
1997,NUTS,2010,RU,0,0.0003
1998,NUTS,2010,RU,0,0.0005
1999,NUTS,2010,RU,0,0.0003
2000,NUTS,2010,RU,0,0.0004
2001,NUTS,2010,RU,0,0.0005
2002,NUTS,2010,RU,0,0.0006
2003,NUTS,2010,RU,0,0.0004
2004,NUTS,2010,RU,0,0.0003
2005,NUTS,2010,RU,0,0.0002
2006,NUTS,2010,RU,0,0.0006
2007,NUTS,2010,RU,0,0.0009
2008,NUTS,2010,RU,0,0.0008
2009,NUTS,2010,RU,0,0.0008
2010,NUTS,2010,RU,0,0.0007
2011,NUTS,2010,RU,0,0.0008
2012,NUTS,2010,RU,0,0.0008
2005,NUTS,2010,SE,0,0.0062
2007,NUTS,2010,SE,0,0.0017
2009,NUTS,2010,SE,0,0.0016
2011,NUTS,2010,SE,0,0.005
2013,NUTS,2010,SE,0,0.0088
2015,NUTS,2010,SE,0,0.0048
1997,NUTS,2010,SI,0,0.0053
1998,NUTS,2010,SI,0,0.0064
1999,NUTS,2010,SI,0,0.0033
2000,NUTS,2010,SI,0,0.0041
2001,NUTS,2010,SI,0,0.0115
2002,NUTS,2010,SI,0,0.0106
2003,NUTS,2010,SI,0,0.0012
2004,NUTS,2010,SI,0,0.0016
2005,NUTS,2010,SI,0,0.0009
2006,NUTS,2010,SI,0,0.0013
2007,NUTS,2010,SI,0,0.0011
2008,NUTS,2010,SI,0,0.0017
2009,NUTS,2010,SI,0,0.0013
2010,NUTS,2010,SI,0,0.0013
2011,NUTS,2010,SI,0,0.002
2012,NUTS,2010,SI,0,0.0011
2013,NUTS,2010,SI,0,0.0011
2014,NUTS,2010,SI,0,0.0002
2015,NUTS,2010,SI,0,0.0004
2016,NUTS,2010,SI,0,0.0002
2017,NUTS,2010,SI,0,0.0043
2018,NUTS,2010,SI,0,0.0071
2019,NUTS,2010,SI,0,0.0142
1999,NUTS,2010,SI0,1,0.0032
2000,NUTS,2010,SI0,1,0.0041
2001,NUTS,2010,SI0,1,0.0113
2002,NUTS,2010,SI0,1,0.0102
2003,NUTS,2010,SI0,1,0.0011
2004,NUTS,2010,SI0,1,0.0015
2005,NUTS,2010,SI0,1,0.0009
2006,NUTS,2010,SI0,1,0.0013
2007,NUTS,2010,SI0,1,0.0011
2008,NUTS,2010,SI0,1,0.0017
2009,NUTS,2010,SI0,1,0.0013
2010,NUTS,2010,SI0,1,0.0013
2011,NUTS,2010,SI0,1,0.0019
2012,NUTS,2010,SI0,1,0.0011
2013,NUTS,2010,SI0,1,0.0011
2014,NUTS,2010,SI0,1,0.0002
2015,NUTS,2010,SI0,1,0.0004
2016,NUTS,2010,SI0,1,0.0002
2017,NUTS,2010,SI0,1,0.0042
2018,NUTS,2010,SI0,1,0.0069
2019,NUTS,2010,SI0,1,0.0139
2013,NUTS,2010,SI03,2,0.0004
2014,NUTS,2010,SI03,2,0.0
2015,NUTS,2010,SI03,2,0.0
2016,NUTS,2010,SI03,2,0.0
2013,NUTS,2010,SI04,2,0.0018
2014,NUTS,2010,SI04,2,0.0005
2015,NUTS,2010,SI04,2,0.0009
2016,NUTS,2010,SI04,2,0.0004
2002,NUTS,2010,SK,0,0.0003
2003,NUTS,2010,SK,0,0.0003
2004,NUTS,2010,SK,0,0.0008
2005,NUTS,2010,SK,0,0.0003
2006,NUTS,2010,SK,0,0.0003
2007,NUTS,2010,SK,0,0.0002
2008,NUTS,2010,SK,0,0.0002
2009,NUTS,2010,SK,0,0.0003
2010,NUTS,2010,SK,0,0.0053
2011,NUTS,2010,SK,0,0.0049
2012,NUTS,2010,SK,0,0.0041
2013,NUTS,2010,SK,0,0.0021
2014,NUTS,2010,SK,0,0.0018
2015,NUTS,2010,SK,0,0.0024
2016,NUTS,2010,SK,0,0.0036
2017,NUTS,2010,SK,0,0.0037
2018,NUTS,2010,SK,0,0.0032
2019,NUTS,2010,SK,0,0.0011
2020,NUTS,2010,SK,0,0.0009
2002,NUTS,2010,SK01,2,0.0
2003,NUTS,2010,SK01,2,0.0
2004,NUTS,2010,SK01,2,0.0
2005,NUTS,2010,SK01,2,0.0
2008,NUTS,2010,SK01,2,0.0
2009,NUTS,2010,SK01,2,0.0
2010,NUTS,2010,SK01,2,0.0178
2011,NUTS,2010,SK01,2,0.0157
2012,NUTS,2010,SK01,2,0.0037
2013,NUTS,2010,SK01,2,0.005
2014,NUTS,2010,SK01,2,0.0038
2015,NUTS,2010,SK01,2,0.0105
2016,NUTS,2010,SK01,2,0.0116
2017,NUTS,2010,SK01,2,0.0162
2018,NUTS,2010,SK01,2,0.0147
2019,NUTS,2010,SK01,2,0.0046
2020,NUTS,2010,SK01,2,0.0035
2002,NUTS,2010,SK02,2,0.0
2003,NUTS,2010,SK02,2,0.0
2004,NUTS,2010,SK02,2,0.0002
2005,NUTS,2010,SK02,2,0.0
2007,NUTS,2010,SK02,2,0.0
2008,NUTS,2010,SK02,2,0.0
2009,NUTS,2010,SK02,2,0.0
2010,NUTS,2010,SK02,2,0.0007
2011,NUTS,2010,SK02,2,0.001
2012,NUTS,2010,SK02,2,0.0019
2013,NUTS,2010,SK02,2,0.0022
2014,NUTS,2010,SK02,2,0.0033
2015,NUTS,2010,SK02,2,0.0017
2016,NUTS,2010,SK02,2,0.0014
2017,NUTS,2010,SK02,2,0.0
2018,NUTS,2010,SK02,2,0.0002
2019,NUTS,2010,SK02,2,0.0002
2020,NUTS,2010,SK02,2,0.001
2002,NUTS,2010,SK03,2,0.0
2003,NUTS,2010,SK03,2,0.0
2004,NUTS,2010,SK03,2,0.002
2005,NUTS,2010,SK03,2,0.0
2008,NUTS,2010,SK03,2,0.0
2009,NUTS,2010,SK03,2,0.0
2010,NUTS,2010,SK03,2,0.0034
2011,NUTS,2010,SK03,2,0.0024
2012,NUTS,2010,SK03,2,0.0044
2013,NUTS,2010,SK03,2,0.0027
2014,NUTS,2010,SK03,2,0.0003
2015,NUTS,2010,SK03,2,0.0007
2016,NUTS,2010,SK03,2,0.0043
2017,NUTS,2010,SK03,2,0.0036
2018,NUTS,2010,SK03,2,0.0033
2019,NUTS,2010,SK03,2,0.0007
2020,NUTS,2010,SK03,2,0.0007
2002,NUTS,2010,SK04,2,0.0009
2003,NUTS,2010,SK04,2,0.0009
2004,NUTS,2010,SK04,2,0.0009
2005,NUTS,2010,SK04,2,0.0009
2006,NUTS,2010,SK04,2,0.0009
2007,NUTS,2010,SK04,2,0.0006
2008,NUTS,2010,SK04,2,0.0006
2009,NUTS,2010,SK04,2,0.0012
2010,NUTS,2010,SK04,2,0.0079
2011,NUTS,2010,SK04,2,0.008
2012,NUTS,2010,SK04,2,0.0076
2013,NUTS,2010,SK04,2,0.0006
2014,NUTS,2010,SK04,2,0.0006
2015,NUTS,2010,SK04,2,0.0018
2016,NUTS,2010,SK04,2,0.0027
2017,NUTS,2010,SK04,2,0.0029
2018,NUTS,2010,SK04,2,0.0017
2019,NUTS,2010,SK04,2,0.0012
2020,NUTS,2010,SK04,2,0.0
2005,NUTS,2010,UK,0,0.0108
2006,NUTS,2010,UK,0,0.0109
2007,NUTS,2010,UK,0,0.0119
2008,NUTS,2010,UK,0,0.0126
2009,NUTS,2010,UK,0,0.0134
2010,NUTS,2010,UK,0,0.0109
2011,NUTS,2010,UK,0,0.0133
2012,NUTS,2010,UK,0,0.0137
2013,NUTS,2010,UK,0,0.0106
2014,NUTS,2010,UK,0,0.0112
2015,NUTS,2010,UK,0,0.0167
2016,NUTS,2010,UK,0,0.0175
2017,NUTS,2010,UK,0,0.0144
2018,NUTS,2010,UK,0,0.0154
2011,NUTS,2010,UKC,1,0.0007
2013,NUTS,2010,UKC,1,0.0039
2015,NUTS,2010,UKC,1,0.0046
2017,NUTS,2010,UKC,1,0.004
2011,NUTS,2010,UKC1,2,0.0015
2013,NUTS,2010,UKC1,2,0.0061
2015,NUTS,2010,UKC1,2,0.0097
2017,NUTS,2010,UKC1,2,0.0083
2011,NUTS,2010,UKC2,2,0.0
2013,NUTS,2010,UKC2,2,0.0022
2015,NUTS,2010,UKC2,2,0.0006
2017,NUTS,2010,UKC2,2,0.0005
2011,NUTS,2010,UKD,1,0.0004
2013,NUTS,2010,UKD,1,0.0005
2015,NUTS,2010,UKD,1,0.0004
2017,NUTS,2010,UKD,1,0.0003
2011,NUTS,2010,UKD1,2,0.0
2013,NUTS,2010,UKD1,2,0.0
2015,NUTS,2010,UKD1,2,0.0
2017,NUTS,2010,UKD1,2,0.0
2011,NUTS,2010,UKD3,2,0.0
2013,NUTS,2010,UKD3,2,0.0004
2015,NUTS,2010,UKD3,2,0.0003
2017,NUTS,2010,UKD3,2,0.0003
2011,NUTS,2010,UKD4,2,0.0009
2013,NUTS,2010,UKD4,2,0.0003
2015,NUTS,2010,UKD4,2,0.0
2017,NUTS,2010,UKD4,2,0.0
2011,NUTS,2010,UKD6,2,0.0
2013,NUTS,2010,UKD6,2,0.0
2015,NUTS,2010,UKD6,2,0.0
2017,NUTS,2010,UKD6,2,0.0
2011,NUTS,2010,UKD7,2,0.0012
2013,NUTS,2010,UKD7,2,0.0014
2015,NUTS,2010,UKD7,2,0.0011
2017,NUTS,2010,UKD7,2,0.001
2011,NUTS,2010,UKE,1,0.0004
2013,NUTS,2010,UKE,1,0.0002
2015,NUTS,2010,UKE,1,0.001
2017,NUTS,2010,UKE,1,0.0009
2011,NUTS,2010,UKE1,2,0.0
2013,NUTS,2010,UKE1,2,0.0
2015,NUTS,2010,UKE1,2,0.0
2017,NUTS,2010,UKE1,2,0.0
2011,NUTS,2010,UKE2,2,0.0
2013,NUTS,2010,UKE2,2,0.0
2015,NUTS,2010,UKE2,2,0.0
2017,NUTS,2010,UKE2,2,0.0
2011,NUTS,2010,UKE3,2,0.0017
2013,NUTS,2010,UKE3,2,0.0008
2015,NUTS,2010,UKE3,2,0.0029
2017,NUTS,2010,UKE3,2,0.0027
2011,NUTS,2010,UKE4,2,0.0
2013,NUTS,2010,UKE4,2,0.0
2015,NUTS,2010,UKE4,2,0.0008
2017,NUTS,2010,UKE4,2,0.0007
2011,NUTS,2010,UKF,1,0.0006
2013,NUTS,2010,UKF,1,0.0016
2015,NUTS,2010,UKF,1,0.0008
2017,NUTS,2010,UKF,1,0.0007
2011,NUTS,2010,UKF1,2,0.0
2013,NUTS,2010,UKF1,2,0.0001
2015,NUTS,2010,UKF1,2,0.0
2017,NUTS,2010,UKF1,2,0.0
2011,NUTS,2010,UKF2,2,0.0014
2013,NUTS,2010,UKF2,2,0.0037
2015,NUTS,2010,UKF2,2,0.0021
2017,NUTS,2010,UKF2,2,0.0018
2011,NUTS,2010,UKF3,2,0.0
2013,NUTS,2010,UKF3,2,0.0012
2015,NUTS,2010,UKF3,2,0.0
2017,NUTS,2010,UKF3,2,0.0
2011,NUTS,2010,UKG,1,0.0003
2013,NUTS,2010,UKG,1,0.0004
2015,NUTS,2010,UKG,1,0.0005
2017,NUTS,2010,UKG,1,0.0004
2011,NUTS,2010,UKG1,2,0.0003
2013,NUTS,2010,UKG1,2,0.0004
2015,NUTS,2010,UKG1,2,0.0
2017,NUTS,2010,UKG1,2,0.0
2011,NUTS,2010,UKG2,2,0.0
2013,NUTS,2010,UKG2,2,0.0011
2015,NUTS,2010,UKG2,2,0.0
2017,NUTS,2010,UKG2,2,0.0
2011,NUTS,2010,UKG3,2,0.0005
2013,NUTS,2010,UKG3,2,0.0
2015,NUTS,2010,UKG3,2,0.001
2017,NUTS,2010,UKG3,2,0.0009
2011,NUTS,2010,UKH,1,0.0469
2013,NUTS,2010,UKH,1,0.0597
2015,NUTS,2010,UKH,1,0.0758
2017,NUTS,2010,UKH,1,0.0657
2011,NUTS,2010,UKH1,2,0.1119
2013,NUTS,2010,UKH1,2,0.1114
2015,NUTS,2010,UKH1,2,0.1425
2017,NUTS,2010,UKH1,2,0.1268
2011,NUTS,2010,UKH2,2,0.0038
2013,NUTS,2010,UKH2,2,0.048
2015,NUTS,2010,UKH2,2,0.0579
2017,NUTS,2010,UKH2,2,0.0498
2011,NUTS,2010,UKH3,2,0.0
2013,NUTS,2010,UKH3,2,0.0
2015,NUTS,2010,UKH3,2,0.0
2017,NUTS,2010,UKH3,2,0.0
2011,NUTS,2010,UKI,1,0.0444
2013,NUTS,2010,UKI,1,0.0198
2015,NUTS,2010,UKI,1,0.0385
2017,NUTS,2010,UKI,1,0.0328
2011,NUTS,2010,UKI3,2,0.3366
2013,NUTS,2010,UKI3,2,0.1023
2015,NUTS,2010,UKI3,2,0.1296
2017,NUTS,2010,UKI3,2,0.1166
2011,NUTS,2010,UKI4,2,0.0077
2013,NUTS,2010,UKI4,2,0.0039
2015,NUTS,2010,UKI4,2,0.0185
2017,NUTS,2010,UKI4,2,0.0158
2011,NUTS,2010,UKI5,2,0.0
2013,NUTS,2010,UKI5,2,0.0
2015,NUTS,2010,UKI5,2,0.0
2017,NUTS,2010,UKI5,2,0.0
2011,NUTS,2010,UKI6,2,0.0
2013,NUTS,2010,UKI6,2,0.0289
2015,NUTS,2010,UKI6,2,0.0172
2017,NUTS,2010,UKI6,2,0.0137
2011,NUTS,2010,UKI7,2,0.0002
2013,NUTS,2010,UKI7,2,0.0
2015,NUTS,2010,UKI7,2,0.0581
2017,NUTS,2010,UKI7,2,0.05
2011,NUTS,2010,UKJ,1,0.014
2013,NUTS,2010,UKJ,1,0.0066
2015,NUTS,2010,UKJ,1,0.0145
2017,NUTS,2010,UKJ,1,0.0124
2011,NUTS,2010,UKJ1,2,0.0464
2013,NUTS,2010,UKJ1,2,0.0181
2015,NUTS,2010,UKJ1,2,0.0318
2017,NUTS,2010,UKJ1,2,0.0278
2011,NUTS,2010,UKJ2,2,0.0035
2013,NUTS,2010,UKJ2,2,0.0047
2015,NUTS,2010,UKJ2,2,0.0163
2017,NUTS,2010,UKJ2,2,0.0138
2011,NUTS,2010,UKJ3,2,0.0017
2013,NUTS,2010,UKJ3,2,0.0009
2015,NUTS,2010,UKJ3,2,0.0032
2017,NUTS,2010,UKJ3,2,0.0028
2011,NUTS,2010,UKJ4,2,0.0
2013,NUTS,2010,UKJ4,2,0.0004
2015,NUTS,2010,UKJ4,2,0.0
2017,NUTS,2010,UKJ4,2,0.0
2011,NUTS,2010,UKK,1,0.0024
2013,NUTS,2010,UKK,1,0.0039
2015,NUTS,2010,UKK,1,0.0057
2017,NUTS,2010,UKK,1,0.0049
2011,NUTS,2010,UKK1,2,0.0004
2013,NUTS,2010,UKK1,2,0.0018
2015,NUTS,2010,UKK1,2,0.0021
2017,NUTS,2010,UKK1,2,0.0018
2011,NUTS,2010,UKK2,2,0.0
2013,NUTS,2010,UKK2,2,0.0019
2015,NUTS,2010,UKK2,2,0.0003
2017,NUTS,2010,UKK2,2,0.0003
2011,NUTS,2010,UKK3,2,0.0
2013,NUTS,2010,UKK3,2,0.0
2015,NUTS,2010,UKK3,2,0.0
2017,NUTS,2010,UKK3,2,0.0
2011,NUTS,2010,UKK4,2,0.0107
2013,NUTS,2010,UKK4,2,0.0126
2015,NUTS,2010,UKK4,2,0.0213
2017,NUTS,2010,UKK4,2,0.0182
2011,NUTS,2010,UKL,1,0.0012
2013,NUTS,2010,UKL,1,0.0013
2015,NUTS,2010,UKL,1,0.0017
2017,NUTS,2010,UKL,1,0.0015
2011,NUTS,2010,UKL1,2,0.0019
2013,NUTS,2010,UKL1,2,0.0021
2015,NUTS,2010,UKL1,2,0.0027
2017,NUTS,2010,UKL1,2,0.0025
2011,NUTS,2010,UKL2,2,0.0
2013,NUTS,2010,UKL2,2,0.0
2015,NUTS,2010,UKL2,2,0.0
2017,NUTS,2010,UKL2,2,0.0
2011,NUTS,2010,UKM,1,0.0028
2013,NUTS,2010,UKM,1,0.0035
2015,NUTS,2010,UKM,1,0.0083
2017,NUTS,2010,UKM,1,0.0073
2013,NUTS,2010,UKM2,2,0.0063
2015,NUTS,2010,UKM2,2,0.0058
2017,NUTS,2010,UKM2,2,0.0051
2013,NUTS,2010,UKM3,2,0.0006
2015,NUTS,2010,UKM3,2,0.0134
2017,NUTS,2010,UKM3,2,0.0113
2013,NUTS,2010,UKM5,2,0.0
2015,NUTS,2010,UKM5,2,0.0
2017,NUTS,2010,UKM5,2,0.0
2013,NUTS,2010,UKM6,2,0.009
2015,NUTS,2010,UKM6,2,0.006
2017,NUTS,2010,UKM6,2,0.0055
2011,NUTS,2010,UKN,1,0.0
2013,NUTS,2010,UKN,1,0.0
2015,NUTS,2010,UKN,1,0.0
2017,NUTS,2010,UKN,1,0.0
2011,NUTS,2010,UKN0,2,0.0
2013,NUTS,2010,UKN0,2,0.0
2015,NUTS,2010,UKN0,2,0.0
2017,NUTS,2010,UKN0,2,0.0
