year,region_type,region_year_spec,region_id,region_level,detection_sequencing_lq
0,2020,NUTS,2016,AL,0,0.0
1,2020,NUTS,2016,AT,0,0.4
2,2020,NUTS,2016,BE,0,0.73
3,2020,NUTS,2016,BG,0,0.0
4,2020,NUTS,2016,CH,0,2.26
5,2020,NUTS,2016,CY,0,2.63
6,2020,NUTS,2016,CZ,0,0.0
7,2020,NUTS,2016,DE,0,0.97
8,2020,NUTS,2016,DK,0,0.0
9,2020,NUTS,2016,EE,0,0.0
10,2020,NUTS,2016,EL,0,0.49
11,2020,NUTS,2016,ES,0,1.11
12,2020,NUTS,2016,FI,0,0.67
13,2020,NUTS,2016,FR,0,1.16
14,2020,NUTS,2016,HR,0,0.0
15,2020,NUTS,2016,HU,0,5.28
16,2020,NUTS,2016,IE,0,0.0
17,2020,NUTS,2016,IS,0,0.0
18,2020,NUTS,2016,IT,0,0.94
19,2020,NUTS,2016,LI,0,0.0
20,2020,NUTS,2016,LT,0,10.42
21,2020,NUTS,2016,LU,0,0.0
22,2020,NUTS,2016,LV,0,0.0
23,2020,NUTS,2016,ME,0,0.0
24,2020,NUTS,2016,MK,0,0.0
25,2020,NUTS,2016,MT,0,0.0
26,2020,NUTS,2016,NL,0,0.76
27,2020,NUTS,2016,NO,0,2.1
28,2020,NUTS,2016,PL,0,0.67
29,2020,NUTS,2016,PT,0,0.0
30,2020,NUTS,2016,RO,0,2.07
31,2020,NUTS,2016,RS,0,0.0
32,2020,NUTS,2016,SE,0,0.67
33,2020,NUTS,2016,SI,0,2.89
34,2020,NUTS,2016,SK,0,0.0
35,2020,NUTS,2016,TR,0,1.82
36,2020,NUTS,2016,UK,0,0.97
37,2020,NUTS,2016,AL0,1,0.0
38,2020,NUTS,2016,AT1,1,0.61
39,2020,NUTS,2016,AT2,1,0.0
40,2020,NUTS,2016,AT3,1,0.0
41,2020,NUTS,2016,BE1,1,0.0
42,2020,NUTS,2016,BE2,1,0.68
43,2020,NUTS,2016,BE3,1,1.86
44,2020,NUTS,2016,BG3,1,0.0
45,2020,NUTS,2016,BG4,1,0.0
46,2020,NUTS,2016,CH0,1,2.26
47,2020,NUTS,2016,CY0,1,2.63
48,2020,NUTS,2016,CZ0,1,0.0
49,2020,NUTS,2016,DE1,1,0.42
50,2020,NUTS,2016,DE2,1,1.09
51,2020,NUTS,2016,DE3,1,0.47
52,2020,NUTS,2016,DE4,1,0.0
53,2020,NUTS,2016,DE5,1,0.0
54,2020,NUTS,2016,DE6,1,0.0
55,2020,NUTS,2016,DE7,1,1.68
56,2020,NUTS,2016,DE8,1,0.0
57,2020,NUTS,2016,DE9,1,0.0
58,2020,NUTS,2016,DEA,1,1.78
59,2020,NUTS,2016,DEB,1,4.64
60,2020,NUTS,2016,DEC,1,0.0
61,2020,NUTS,2016,DED,1,1.52
62,2020,NUTS,2016,DEE,1,0.0
63,2020,NUTS,2016,DEF,1,0.0
64,2020,NUTS,2016,DEG,1,0.0
65,2020,NUTS,2016,DK0,1,0.0
66,2020,NUTS,2016,EE0,1,0.0
67,2020,NUTS,2016,EL3,1,1.11
68,2020,NUTS,2016,EL4,1,0.0
69,2020,NUTS,2016,EL5,1,0.0
70,2020,NUTS,2016,EL6,1,0.0
71,2020,NUTS,2016,ES1,1,7.09
72,2020,NUTS,2016,ES2,1,0.0
73,2020,NUTS,2016,ES3,1,0.91
74,2020,NUTS,2016,ES4,1,0.0
75,2020,NUTS,2016,ES5,1,1.07
76,2020,NUTS,2016,ES6,1,0.0
77,2020,NUTS,2016,ES7,1,5.59
78,2020,NUTS,2016,FI1,1,0.67
79,2020,NUTS,2016,FR1,1,1.76
80,2020,NUTS,2016,FRB,1,0.0
81,2020,NUTS,2016,FRC,1,0.0
82,2020,NUTS,2016,FRD,1,0.0
83,2020,NUTS,2016,FRE,1,0.0
84,2020,NUTS,2016,FRF,1,1.64
85,2020,NUTS,2016,FRG,1,0.0
86,2020,NUTS,2016,FRH,1,0.0
87,2020,NUTS,2016,FRI,1,0.0
88,2020,NUTS,2016,FRJ,1,0.0
89,2020,NUTS,2016,FRK,1,1.74
90,2020,NUTS,2016,FRL,1,0.0
91,2020,NUTS,2016,FRM,1,0.0
92,2020,NUTS,2016,FRY,1,0.0
93,2020,NUTS,2016,HR0,1,0.0
94,2020,NUTS,2016,HU1,1,8.5
95,2020,NUTS,2016,HU2,1,0.0
96,2020,NUTS,2016,HU3,1,0.0
97,2020,NUTS,2016,IE0,1,0.0
98,2020,NUTS,2016,IS0,1,0.0
99,2020,NUTS,2016,ITC,1,1.08
100,2020,NUTS,2016,ITF,1,0.37
101,2020,NUTS,2016,ITG,1,1.0
102,2020,NUTS,2016,ITH,1,1.21
103,2020,NUTS,2016,ITI,1,0.79
104,2020,NUTS,2016,LI0,1,0.0
105,2020,NUTS,2016,LT0,1,10.42
106,2020,NUTS,2016,LU0,1,0.0
107,2020,NUTS,2016,LV0,1,0.0
108,2020,NUTS,2016,ME0,1,0.0
109,2020,NUTS,2016,MK0,1,0.0
110,2020,NUTS,2016,MT0,1,0.0
111,2020,NUTS,2016,NL1,1,0.0
112,2020,NUTS,2016,NL2,1,0.0
113,2020,NUTS,2016,NL3,1,1.17
114,2020,NUTS,2016,NL4,1,1.2
115,2020,NUTS,2016,NO0,1,2.1
116,2020,NUTS,2016,PL2,1,3.5
117,2020,NUTS,2016,PL4,1,0.0
118,2020,NUTS,2016,PL5,1,0.0
119,2020,NUTS,2016,PL6,1,0.0
120,2020,NUTS,2016,PL7,1,0.0
121,2020,NUTS,2016,PL8,1,0.0
122,2020,NUTS,2016,PL9,1,0.0
123,2020,NUTS,2016,PT1,1,0.0
124,2020,NUTS,2016,PT2,1,0.0
125,2020,NUTS,2016,PT3,1,0.0
126,2020,NUTS,2016,RO1,1,0.0
127,2020,NUTS,2016,RO2,1,0.0
128,2020,NUTS,2016,RO3,1,4.38
129,2020,NUTS,2016,RO4,1,0.0
130,2020,NUTS,2016,RS1,1,0.0
131,2020,NUTS,2016,RS2,1,0.0
132,2020,NUTS,2016,SE1,1,0.69
133,2020,NUTS,2016,SE2,1,0.81
134,2020,NUTS,2016,SE3,1,0.0
135,2020,NUTS,2016,SI0,1,2.89
136,2020,NUTS,2016,SK0,1,0.0
137,2020,NUTS,2016,TR1,1,5.88
138,2020,NUTS,2016,TR2,1,0.0
139,2020,NUTS,2016,TR3,1,0.0
140,2020,NUTS,2016,TR4,1,0.0
141,2020,NUTS,2016,TR5,1,0.0
142,2020,NUTS,2016,TR6,1,0.0
143,2020,NUTS,2016,TR7,1,7.73
144,2020,NUTS,2016,TR8,1,0.0
145,2020,NUTS,2016,TR9,1,0.0
146,2020,NUTS,2016,TRA,1,11.79
147,2020,NUTS,2016,TRB,1,0.0
148,2020,NUTS,2016,TRC,1,0.0
149,2020,NUTS,2016,UKC,1,0.0
150,2020,NUTS,2016,UKD,1,1.47
151,2020,NUTS,2016,UKE,1,0.44
152,2020,NUTS,2016,UKF,1,0.0
153,2020,NUTS,2016,UKG,1,2.03
154,2020,NUTS,2016,UKH,1,0.81
155,2020,NUTS,2016,UKI,1,1.14
156,2020,NUTS,2016,UKJ,1,0.64
157,2020,NUTS,2016,UKK,1,1.34
158,2020,NUTS,2016,UKL,1,0.84
159,2020,NUTS,2016,UKM,1,1.11
160,2020,NUTS,2016,UKN,1,0.0
161,2020,NUTS,2016,AL02,2,0.0
162,2020,NUTS,2016,AL03,2,0.0
163,2020,NUTS,2016,AT12,2,0.0
164,2020,NUTS,2016,AT13,2,0.7
165,2020,NUTS,2016,AT21,2,0.0
166,2020,NUTS,2016,AT22,2,0.0
167,2020,NUTS,2016,AT31,2,0.0
168,2020,NUTS,2016,AT32,2,0.0
169,2020,NUTS,2016,AT33,2,0.0
170,2020,NUTS,2016,BE10,2,0.0
171,2020,NUTS,2016,BE21,2,0.0
172,2020,NUTS,2016,BE22,2,0.0
173,2020,NUTS,2016,BE23,2,1.65
174,2020,NUTS,2016,BE24,2,0.0
175,2020,NUTS,2016,BE25,2,0.0
176,2020,NUTS,2016,BE31,2,0.0
177,2020,NUTS,2016,BE32,2,0.0
178,2020,NUTS,2016,BE33,2,6.16
179,2020,NUTS,2016,BE35,2,0.0
180,2020,NUTS,2016,BG31,2,0.0
181,2020,NUTS,2016,BG32,2,0.0
182,2020,NUTS,2016,BG33,2,0.0
183,2020,NUTS,2016,BG34,2,0.0
184,2020,NUTS,2016,BG41,2,0.0
185,2020,NUTS,2016,BG42,2,0.0
186,2020,NUTS,2016,CH01,2,4.16
187,2020,NUTS,2016,CH02,2,0.0
188,2020,NUTS,2016,CH03,2,2.52
189,2020,NUTS,2016,CH04,2,0.98
190,2020,NUTS,2016,CH05,2,0.0
191,2020,NUTS,2016,CH06,2,0.0
192,2020,NUTS,2016,CH07,2,0.0
193,2020,NUTS,2016,CY00,2,2.63
194,2020,NUTS,2016,CZ01,2,0.0
195,2020,NUTS,2016,CZ02,2,0.0
196,2020,NUTS,2016,CZ03,2,0.0
197,2020,NUTS,2016,CZ04,2,0.0
198,2020,NUTS,2016,CZ05,2,0.0
199,2020,NUTS,2016,CZ06,2,0.0
200,2020,NUTS,2016,CZ07,2,0.0
201,2020,NUTS,2016,CZ08,2,0.0
202,2020,NUTS,2016,DE11,2,0.0
203,2020,NUTS,2016,DE12,2,0.0
204,2020,NUTS,2016,DE13,2,1.76
205,2020,NUTS,2016,DE14,2,0.0
206,2020,NUTS,2016,DE21,2,1.08
207,2020,NUTS,2016,DE22,2,0.0
208,2020,NUTS,2016,DE23,2,5.25
209,2020,NUTS,2016,DE24,2,0.0
210,2020,NUTS,2016,DE25,2,0.0
211,2020,NUTS,2016,DE26,2,0.0
212,2020,NUTS,2016,DE27,2,0.0
213,2020,NUTS,2016,DE30,2,0.47
214,2020,NUTS,2016,DE40,2,0.0
215,2020,NUTS,2016,DE50,2,0.0
216,2020,NUTS,2016,DE60,2,0.0
217,2020,NUTS,2016,DE71,2,3.59
218,2020,NUTS,2016,DE72,2,0.0
219,2020,NUTS,2016,DE73,2,0.0
220,2020,NUTS,2016,DE80,2,0.0
221,2020,NUTS,2016,DE91,2,0.0
222,2020,NUTS,2016,DE92,2,0.0
223,2020,NUTS,2016,DE94,2,0.0
224,2020,NUTS,2016,DEA1,2,0.0
225,2020,NUTS,2016,DEA2,2,2.52
226,2020,NUTS,2016,DEA3,2,0.0
227,2020,NUTS,2016,DEA4,2,0.0
228,2020,NUTS,2016,DEA5,2,2.6
229,2020,NUTS,2016,DEB1,2,0.0
230,2020,NUTS,2016,DEB2,2,0.0
231,2020,NUTS,2016,DEB3,2,6.0
232,2020,NUTS,2016,DEC0,2,0.0
233,2020,NUTS,2016,DED2,2,0.0
234,2020,NUTS,2016,DED4,2,0.0
235,2020,NUTS,2016,DED5,2,7.3
236,2020,NUTS,2016,DEE0,2,0.0
237,2020,NUTS,2016,DEF0,2,0.0
238,2020,NUTS,2016,DEG0,2,0.0
239,2020,NUTS,2016,DK01,2,0.0
240,2020,NUTS,2016,DK02,2,0.0
241,2020,NUTS,2016,DK03,2,0.0
242,2020,NUTS,2016,DK04,2,0.0
243,2020,NUTS,2016,DK05,2,0.0
244,2020,NUTS,2016,EE00,2,0.0
245,2020,NUTS,2016,EL30,2,1.11
246,2020,NUTS,2016,EL41,2,0.0
247,2020,NUTS,2016,EL43,2,0.0
248,2020,NUTS,2016,EL51,2,0.0
249,2020,NUTS,2016,EL52,2,0.0
250,2020,NUTS,2016,EL53,2,0.0
251,2020,NUTS,2016,EL54,2,0.0
252,2020,NUTS,2016,EL61,2,0.0
253,2020,NUTS,2016,EL63,2,0.0
254,2020,NUTS,2016,EL65,2,0.0
255,2020,NUTS,2016,ES11,2,9.13
256,2020,NUTS,2016,ES12,2,0.0
257,2020,NUTS,2016,ES21,2,0.0
258,2020,NUTS,2016,ES22,2,0.0
259,2020,NUTS,2016,ES23,2,0.0
260,2020,NUTS,2016,ES24,2,0.0
261,2020,NUTS,2016,ES30,2,0.91
262,2020,NUTS,2016,ES41,2,0.0
263,2020,NUTS,2016,ES42,2,0.0
264,2020,NUTS,2016,ES43,2,0.0
265,2020,NUTS,2016,ES51,2,0.51
266,2020,NUTS,2016,ES52,2,2.52
267,2020,NUTS,2016,ES53,2,0.0
268,2020,NUTS,2016,ES61,2,0.0
269,2020,NUTS,2016,ES62,2,0.0
270,2020,NUTS,2016,ES70,2,5.59
271,2020,NUTS,2016,FI19,2,0.0
272,2020,NUTS,2016,FI1B,2,1.33
273,2020,NUTS,2016,FI1C,2,0.0
274,2020,NUTS,2016,FI1D,2,0.0
275,2020,NUTS,2016,FR10,2,1.76
276,2020,NUTS,2016,FRB0,2,0.0
277,2020,NUTS,2016,FRC1,2,0.0
278,2020,NUTS,2016,FRC2,2,0.0
279,2020,NUTS,2016,FRD1,2,0.0
280,2020,NUTS,2016,FRD2,2,0.0
281,2020,NUTS,2016,FRE1,2,0.0
282,2020,NUTS,2016,FRE2,2,0.0
283,2020,NUTS,2016,FRF1,2,2.68
284,2020,NUTS,2016,FRF2,2,0.0
285,2020,NUTS,2016,FRF3,2,0.0
286,2020,NUTS,2016,FRG0,2,0.0
287,2020,NUTS,2016,FRH0,2,0.0
288,2020,NUTS,2016,FRI1,2,0.0
289,2020,NUTS,2016,FRI2,2,0.0
290,2020,NUTS,2016,FRI3,2,0.0
291,2020,NUTS,2016,FRJ1,2,0.0
292,2020,NUTS,2016,FRJ2,2,0.0
293,2020,NUTS,2016,FRK2,2,1.74
294,2020,NUTS,2016,FRL0,2,0.0
295,2020,NUTS,2016,FRM0,2,0.0
296,2020,NUTS,2016,FRY1,2,0.0
297,2020,NUTS,2016,FRY3,2,0.0
298,2020,NUTS,2016,FRY4,2,0.0
299,2020,NUTS,2016,HR03,2,0.0
300,2020,NUTS,2016,HR04,2,0.0
301,2020,NUTS,2016,HU11,2,8.64
302,2020,NUTS,2016,HU12,2,0.0
303,2020,NUTS,2016,HU21,2,0.0
304,2020,NUTS,2016,HU22,2,0.0
305,2020,NUTS,2016,HU23,2,0.0
306,2020,NUTS,2016,HU31,2,0.0
307,2020,NUTS,2016,HU32,2,0.0
308,2020,NUTS,2016,HU33,2,0.0
309,2020,NUTS,2016,IE04,2,0.0
310,2020,NUTS,2016,IE05,2,0.0
311,2020,NUTS,2016,IE06,2,0.0
312,2020,NUTS,2016,IS00,2,0.0
313,2020,NUTS,2016,ITC1,2,0.0
314,2020,NUTS,2016,ITC3,2,0.0
315,2020,NUTS,2016,ITC4,2,1.4
316,2020,NUTS,2016,ITF1,2,0.0
317,2020,NUTS,2016,ITF2,2,0.0
318,2020,NUTS,2016,ITF3,2,0.0
319,2020,NUTS,2016,ITF4,2,1.02
320,2020,NUTS,2016,ITF5,2,0.0
321,2020,NUTS,2016,ITF6,2,0.0
322,2020,NUTS,2016,ITG1,2,0.0
323,2020,NUTS,2016,ITG2,2,2.56
324,2020,NUTS,2016,ITH1,2,0.0
325,2020,NUTS,2016,ITH2,2,0.0
326,2020,NUTS,2016,ITH3,2,0.63
327,2020,NUTS,2016,ITH4,2,3.3
328,2020,NUTS,2016,ITH5,2,1.24
329,2020,NUTS,2016,ITI1,2,1.13
330,2020,NUTS,2016,ITI2,2,0.0
331,2020,NUTS,2016,ITI3,2,0.0
332,2020,NUTS,2016,ITI4,2,0.73
333,2020,NUTS,2016,LI00,2,0.0
334,2020,NUTS,2016,LT01,2,16.97
335,2020,NUTS,2016,LT02,2,0.0
336,2020,NUTS,2016,LU00,2,0.0
337,2020,NUTS,2016,LV00,2,0.0
338,2020,NUTS,2016,ME00,2,0.0
339,2020,NUTS,2016,MK00,2,0.0
340,2020,NUTS,2016,MT00,2,0.0
341,2020,NUTS,2016,NL11,2,0.0
342,2020,NUTS,2016,NL12,2,0.0
343,2020,NUTS,2016,NL13,2,0.0
344,2020,NUTS,2016,NL21,2,0.0
345,2020,NUTS,2016,NL22,2,0.0
346,2020,NUTS,2016,NL23,2,0.0
347,2020,NUTS,2016,NL31,2,3.36
348,2020,NUTS,2016,NL32,2,0.0
349,2020,NUTS,2016,NL33,2,1.05
350,2020,NUTS,2016,NL41,2,0.0
351,2020,NUTS,2016,NL42,2,2.07
352,2020,NUTS,2016,NO01,2,0.99
353,2020,NUTS,2016,NO02,2,0.0
354,2020,NUTS,2016,NO03,2,0.0
355,2020,NUTS,2016,NO04,2,14.57
356,2020,NUTS,2016,NO05,2,0.0
357,2020,NUTS,2016,NO06,2,3.13
358,2020,NUTS,2016,NO07,2,0.0
359,2020,NUTS,2016,PL21,2,5.48
360,2020,NUTS,2016,PL22,2,0.0
361,2020,NUTS,2016,PL41,2,0.0
362,2020,NUTS,2016,PL42,2,0.0
363,2020,NUTS,2016,PL43,2,0.0
364,2020,NUTS,2016,PL51,2,0.0
365,2020,NUTS,2016,PL52,2,0.0
366,2020,NUTS,2016,PL61,2,0.0
367,2020,NUTS,2016,PL62,2,0.0
368,2020,NUTS,2016,PL63,2,0.0
369,2020,NUTS,2016,PL71,2,0.0
370,2020,NUTS,2016,PL72,2,0.0
371,2020,NUTS,2016,PL81,2,0.0
372,2020,NUTS,2016,PL82,2,0.0
373,2020,NUTS,2016,PL84,2,0.0
374,2020,NUTS,2016,PL91,2,0.0
375,2020,NUTS,2016,PL92,2,0.0
376,2020,NUTS,2016,PT11,2,0.0
377,2020,NUTS,2016,PT16,2,0.0
378,2020,NUTS,2016,PT17,2,0.0
379,2020,NUTS,2016,PT20,2,0.0
380,2020,NUTS,2016,PT30,2,0.0
381,2020,NUTS,2016,RO11,2,0.0
382,2020,NUTS,2016,RO12,2,0.0
383,2020,NUTS,2016,RO21,2,0.0
384,2020,NUTS,2016,RO31,2,0.0
385,2020,NUTS,2016,RO32,2,4.4
386,2020,NUTS,2016,RO41,2,0.0
387,2020,NUTS,2016,RO42,2,0.0
388,2020,NUTS,2016,RS11,2,0.0
389,2020,NUTS,2016,RS12,2,0.0
390,2020,NUTS,2016,RS21,2,0.0
391,2020,NUTS,2016,RS22,2,0.0
392,2020,NUTS,2016,SE11,2,1.0
393,2020,NUTS,2016,SE12,2,0.0
394,2020,NUTS,2016,SE21,2,0.0
395,2020,NUTS,2016,SE22,2,2.04
396,2020,NUTS,2016,SE23,2,0.0
397,2020,NUTS,2016,SE31,2,0.0
398,2020,NUTS,2016,SE32,2,0.0
399,2020,NUTS,2016,SE33,2,0.0
400,2020,NUTS,2016,SI03,2,0.0
401,2020,NUTS,2016,SI04,2,3.31
402,2020,NUTS,2016,SK01,2,0.0
403,2020,NUTS,2016,SK02,2,0.0
404,2020,NUTS,2016,SK03,2,0.0
405,2020,NUTS,2016,SK04,2,0.0
406,2020,NUTS,2016,TR10,2,5.88
407,2020,NUTS,2016,TR21,2,0.0
408,2020,NUTS,2016,TR22,2,0.0
409,2020,NUTS,2016,TR31,2,0.0
410,2020,NUTS,2016,TR32,2,0.0
411,2020,NUTS,2016,TR33,2,0.0
412,2020,NUTS,2016,TR41,2,0.0
413,2020,NUTS,2016,TR42,2,0.0
414,2020,NUTS,2016,TR51,2,0.0
415,2020,NUTS,2016,TR52,2,0.0
416,2020,NUTS,2016,TR61,2,0.0
417,2020,NUTS,2016,TR62,2,0.0
418,2020,NUTS,2016,TR63,2,0.0
419,2020,NUTS,2016,TR71,2,0.0
420,2020,NUTS,2016,TR72,2,11.13
421,2020,NUTS,2016,TR81,2,0.0
422,2020,NUTS,2016,TR82,2,0.0
423,2020,NUTS,2016,TR83,2,0.0
424,2020,NUTS,2016,TR90,2,0.0
425,2020,NUTS,2016,TRA1,2,0.0
426,2020,NUTS,2016,TRA2,2,49.69
427,2020,NUTS,2016,TRB1,2,0.0
428,2020,NUTS,2016,TRB2,2,0.0
429,2020,NUTS,2016,TRC1,2,0.0
430,2020,NUTS,2016,TRC2,2,0.0
431,2020,NUTS,2016,TRC3,2,0.0
432,2020,NUTS,2016,UKC1,2,0.0
433,2020,NUTS,2016,UKC2,2,0.0
434,2020,NUTS,2016,UKD1,2,0.0
435,2020,NUTS,2016,UKD3,2,1.21
436,2020,NUTS,2016,UKD4,2,2.7
437,2020,NUTS,2016,UKD6,2,28.99
438,2020,NUTS,2016,UKD7,2,0.75
439,2020,NUTS,2016,UKE1,2,0.0
440,2020,NUTS,2016,UKE2,2,0.0
441,2020,NUTS,2016,UKE3,2,1.54
442,2020,NUTS,2016,UKE4,2,0.0
443,2020,NUTS,2016,UKF1,2,0.0
444,2020,NUTS,2016,UKF2,2,0.0
445,2020,NUTS,2016,UKF3,2,0.0
446,2020,NUTS,2016,UKG1,2,1.49
447,2020,NUTS,2016,UKG2,2,0.0
448,2020,NUTS,2016,UKG3,2,2.6
449,2020,NUTS,2016,UKH1,2,0.0
450,2020,NUTS,2016,UKH2,2,4.23
451,2020,NUTS,2016,UKH3,2,0.0
452,2020,NUTS,2016,UKI3,2,1.27
453,2020,NUTS,2016,UKI4,2,0.71
454,2020,NUTS,2016,UKI5,2,0.0
455,2020,NUTS,2016,UKI6,2,0.0
456,2020,NUTS,2016,UKI7,2,0.0
457,2020,NUTS,2016,UKJ1,2,0.48
458,2020,NUTS,2016,UKJ2,2,2.16
459,2020,NUTS,2016,UKJ3,2,0.0
460,2020,NUTS,2016,UKJ4,2,0.0
461,2020,NUTS,2016,UKK1,2,1.34
462,2020,NUTS,2016,UKK2,2,0.0
463,2020,NUTS,2016,UKK3,2,0.0
464,2020,NUTS,2016,UKK4,2,1.72
465,2020,NUTS,2016,UKL1,2,0.0
466,2020,NUTS,2016,UKL2,2,1.25
467,2020,NUTS,2016,UKM5,2,0.0
468,2020,NUTS,2016,UKM6,2,0.0
469,2020,NUTS,2016,UKM7,2,1.4
470,2020,NUTS,2016,UKM8,2,0.86
471,2020,NUTS,2016,UKM9,2,0.0
472,2020,NUTS,2016,UKN0,2,0.0
473,2020,NUTS,2016,AL021,3,0.0
474,2020,NUTS,2016,AL022,3,0.0
475,2020,NUTS,2016,AL035,3,0.0
476,2020,NUTS,2016,AT123,3,0.0
477,2020,NUTS,2016,AT124,3,0.0
478,2020,NUTS,2016,AT126,3,0.0
479,2020,NUTS,2016,AT127,3,0.0
480,2020,NUTS,2016,AT130,3,0.7
481,2020,NUTS,2016,AT211,3,0.0
482,2020,NUTS,2016,AT221,3,0.0
483,2020,NUTS,2016,AT312,3,0.0
484,2020,NUTS,2016,AT323,3,0.0
485,2020,NUTS,2016,AT332,3,0.0
486,2020,NUTS,2016,BE100,3,0.0
487,2020,NUTS,2016,BE211,3,0.0
488,2020,NUTS,2016,BE212,3,0.0
489,2020,NUTS,2016,BE213,3,0.0
490,2020,NUTS,2016,BE221,3,0.0
491,2020,NUTS,2016,BE234,3,1.65
492,2020,NUTS,2016,BE241,3,0.0
493,2020,NUTS,2016,BE242,3,0.0
494,2020,NUTS,2016,BE251,3,0.0
495,2020,NUTS,2016,BE254,3,0.0
496,2020,NUTS,2016,BE255,3,0.0
497,2020,NUTS,2016,BE310,3,0.0
498,2020,NUTS,2016,BE323,3,0.0
499,2020,NUTS,2016,BE332,3,6.16
500,2020,NUTS,2016,BE352,3,0.0
501,2020,NUTS,2016,BG314,3,0.0
502,2020,NUTS,2016,BG321,3,0.0
503,2020,NUTS,2016,BG323,3,0.0
504,2020,NUTS,2016,BG331,3,0.0
505,2020,NUTS,2016,BG344,3,0.0
506,2020,NUTS,2016,BG411,3,0.0
507,2020,NUTS,2016,BG413,3,0.0
508,2020,NUTS,2016,BG421,3,0.0
509,2020,NUTS,2016,CH011,3,4.53
510,2020,NUTS,2016,CH012,3,0.0
511,2020,NUTS,2016,CH013,3,3.92
512,2020,NUTS,2016,CH021,3,0.0
513,2020,NUTS,2016,CH022,3,0.0
514,2020,NUTS,2016,CH023,3,0.0
515,2020,NUTS,2016,CH024,3,0.0
516,2020,NUTS,2016,CH025,3,0.0
517,2020,NUTS,2016,CH031,3,2.77
518,2020,NUTS,2016,CH033,3,0.0
519,2020,NUTS,2016,CH040,3,0.98
520,2020,NUTS,2016,CH055,3,0.0
521,2020,NUTS,2016,CH061,3,0.0
522,2020,NUTS,2016,CH070,3,0.0
523,2020,NUTS,2016,CY000,3,2.63
524,2020,NUTS,2016,CZ010,3,0.0
525,2020,NUTS,2016,CZ020,3,0.0
526,2020,NUTS,2016,CZ031,3,0.0
527,2020,NUTS,2016,CZ032,3,0.0
528,2020,NUTS,2016,CZ042,3,0.0
529,2020,NUTS,2016,CZ051,3,0.0
530,2020,NUTS,2016,CZ052,3,0.0
531,2020,NUTS,2016,CZ053,3,0.0
532,2020,NUTS,2016,CZ064,3,0.0
533,2020,NUTS,2016,CZ071,3,0.0
534,2020,NUTS,2016,CZ072,3,0.0
535,2020,NUTS,2016,CZ080,3,0.0
536,2020,NUTS,2016,DE111,3,0.0
537,2020,NUTS,2016,DE113,3,0.0
538,2020,NUTS,2016,DE117,3,0.0
539,2020,NUTS,2016,DE122,3,0.0
540,2020,NUTS,2016,DE125,3,0.0
541,2020,NUTS,2016,DE126,3,0.0
542,2020,NUTS,2016,DE129,3,0.0
543,2020,NUTS,2016,DE131,3,2.14
544,2020,NUTS,2016,DE134,3,0.0
545,2020,NUTS,2016,DE136,3,0.0
546,2020,NUTS,2016,DE138,3,0.0
547,2020,NUTS,2016,DE141,3,0.0
548,2020,NUTS,2016,DE142,3,0.0
549,2020,NUTS,2016,DE144,3,0.0
550,2020,NUTS,2016,DE148,3,0.0
551,2020,NUTS,2016,DE212,3,1.09
552,2020,NUTS,2016,DE219,3,0.0
553,2020,NUTS,2016,DE21B,3,0.0
554,2020,NUTS,2016,DE21H,3,0.0
555,2020,NUTS,2016,DE222,3,0.0
556,2020,NUTS,2016,DE232,3,5.25
557,2020,NUTS,2016,DE241,3,0.0
558,2020,NUTS,2016,DE242,3,0.0
559,2020,NUTS,2016,DE243,3,0.0
560,2020,NUTS,2016,DE252,3,0.0
561,2020,NUTS,2016,DE254,3,0.0
562,2020,NUTS,2016,DE263,3,0.0
563,2020,NUTS,2016,DE271,3,0.0
564,2020,NUTS,2016,DE300,3,0.47
565,2020,NUTS,2016,DE402,3,0.0
566,2020,NUTS,2016,DE403,3,0.0
567,2020,NUTS,2016,DE404,3,0.0
568,2020,NUTS,2016,DE406,3,0.0
569,2020,NUTS,2016,DE501,3,0.0
570,2020,NUTS,2016,DE502,3,0.0
571,2020,NUTS,2016,DE600,3,0.0
572,2020,NUTS,2016,DE711,3,0.0
573,2020,NUTS,2016,DE712,3,4.75
574,2020,NUTS,2016,DE714,3,0.0
575,2020,NUTS,2016,DE715,3,0.0
576,2020,NUTS,2016,DE718,3,0.0
577,2020,NUTS,2016,DE71C,3,0.0
578,2020,NUTS,2016,DE721,3,0.0
579,2020,NUTS,2016,DE724,3,0.0
580,2020,NUTS,2016,DE731,3,0.0
581,2020,NUTS,2016,DE732,3,0.0
582,2020,NUTS,2016,DE803,3,0.0
583,2020,NUTS,2016,DE80N,3,0.0
584,2020,NUTS,2016,DE911,3,0.0
585,2020,NUTS,2016,DE916,3,0.0
586,2020,NUTS,2016,DE91B,3,0.0
587,2020,NUTS,2016,DE91C,3,0.0
588,2020,NUTS,2016,DE925,3,0.0
589,2020,NUTS,2016,DE926,3,0.0
590,2020,NUTS,2016,DE929,3,0.0
591,2020,NUTS,2016,DE943,3,0.0
592,2020,NUTS,2016,DE94E,3,0.0
593,2020,NUTS,2016,DE94F,3,0.0
594,2020,NUTS,2016,DEA13,3,0.0
595,2020,NUTS,2016,DEA1A,3,0.0
596,2020,NUTS,2016,DEA1B,3,0.0
597,2020,NUTS,2016,DEA1D,3,0.0
598,2020,NUTS,2016,DEA22,3,4.9
599,2020,NUTS,2016,DEA23,3,2.68
600,2020,NUTS,2016,DEA26,3,0.0
601,2020,NUTS,2016,DEA27,3,0.0
602,2020,NUTS,2016,DEA2B,3,0.0
603,2020,NUTS,2016,DEA2C,3,0.0
604,2020,NUTS,2016,DEA2D,3,0.0
605,2020,NUTS,2016,DEA33,3,0.0
606,2020,NUTS,2016,DEA41,3,0.0
607,2020,NUTS,2016,DEA45,3,0.0
608,2020,NUTS,2016,DEA47,3,0.0
609,2020,NUTS,2016,DEA51,3,0.0
610,2020,NUTS,2016,DEA52,3,0.0
611,2020,NUTS,2016,DEA56,3,18.55
612,2020,NUTS,2016,DEA5A,3,0.0
613,2020,NUTS,2016,DEA5C,3,0.0
614,2020,NUTS,2016,DEB11,3,0.0
615,2020,NUTS,2016,DEB17,3,0.0
616,2020,NUTS,2016,DEB21,3,0.0
617,2020,NUTS,2016,DEB32,3,0.0
618,2020,NUTS,2016,DEB33,3,0.0
619,2020,NUTS,2016,DEB35,3,0.0
620,2020,NUTS,2016,DEB38,3,0.0
621,2020,NUTS,2016,DEB3F,3,231.88
622,2020,NUTS,2016,DEC01,3,0.0
623,2020,NUTS,2016,DED21,3,0.0
624,2020,NUTS,2016,DED41,3,0.0
625,2020,NUTS,2016,DED43,3,0.0
626,2020,NUTS,2016,DED51,3,7.3
627,2020,NUTS,2016,DEE02,3,0.0
628,2020,NUTS,2016,DEE03,3,0.0
629,2020,NUTS,2016,DEE09,3,0.0
630,2020,NUTS,2016,DEF01,3,0.0
631,2020,NUTS,2016,DEF02,3,0.0
632,2020,NUTS,2016,DEF03,3,0.0
633,2020,NUTS,2016,DEF0A,3,0.0
634,2020,NUTS,2016,DEG01,3,0.0
635,2020,NUTS,2016,DEG03,3,0.0
636,2020,NUTS,2016,DEG05,3,0.0
637,2020,NUTS,2016,DEG07,3,0.0
638,2020,NUTS,2016,DK011,3,0.0
639,2020,NUTS,2016,DK012,3,0.0
640,2020,NUTS,2016,DK013,3,0.0
641,2020,NUTS,2016,DK021,3,0.0
642,2020,NUTS,2016,DK022,3,0.0
643,2020,NUTS,2016,DK031,3,0.0
644,2020,NUTS,2016,DK032,3,0.0
645,2020,NUTS,2016,DK042,3,0.0
646,2020,NUTS,2016,DK050,3,0.0
647,2020,NUTS,2016,EE001,3,0.0
648,2020,NUTS,2016,EE008,3,0.0
649,2020,NUTS,2016,EL301,3,0.0
650,2020,NUTS,2016,EL302,3,0.0
651,2020,NUTS,2016,EL303,3,1.14
652,2020,NUTS,2016,EL305,3,0.0
653,2020,NUTS,2016,EL411,3,0.0
654,2020,NUTS,2016,EL431,3,0.0
655,2020,NUTS,2016,EL433,3,0.0
656,2020,NUTS,2016,EL434,3,0.0
657,2020,NUTS,2016,EL512,3,0.0
658,2020,NUTS,2016,EL522,3,0.0
659,2020,NUTS,2016,EL531,3,0.0
660,2020,NUTS,2016,EL543,3,0.0
661,2020,NUTS,2016,EL613,3,0.0
662,2020,NUTS,2016,EL632,3,0.0
663,2020,NUTS,2016,EL651,3,0.0
664,2020,NUTS,2016,ES111,3,8.33
665,2020,NUTS,2016,ES114,3,11.31
666,2020,NUTS,2016,ES120,3,0.0
667,2020,NUTS,2016,ES211,3,0.0
668,2020,NUTS,2016,ES212,3,0.0
669,2020,NUTS,2016,ES213,3,0.0
670,2020,NUTS,2016,ES220,3,0.0
671,2020,NUTS,2016,ES230,3,0.0
672,2020,NUTS,2016,ES243,3,0.0
673,2020,NUTS,2016,ES300,3,0.91
674,2020,NUTS,2016,ES412,3,0.0
675,2020,NUTS,2016,ES413,3,0.0
676,2020,NUTS,2016,ES415,3,0.0
677,2020,NUTS,2016,ES416,3,0.0
678,2020,NUTS,2016,ES418,3,0.0
679,2020,NUTS,2016,ES421,3,0.0
680,2020,NUTS,2016,ES431,3,0.0
681,2020,NUTS,2016,ES432,3,0.0
682,2020,NUTS,2016,ES511,3,0.55
683,2020,NUTS,2016,ES512,3,0.0
684,2020,NUTS,2016,ES513,3,0.0
685,2020,NUTS,2016,ES514,3,0.0
686,2020,NUTS,2016,ES521,3,0.0
687,2020,NUTS,2016,ES522,3,0.0
688,2020,NUTS,2016,ES523,3,3.41
689,2020,NUTS,2016,ES532,3,0.0
690,2020,NUTS,2016,ES614,3,0.0
691,2020,NUTS,2016,ES615,3,0.0
692,2020,NUTS,2016,ES616,3,0.0
693,2020,NUTS,2016,ES617,3,0.0
694,2020,NUTS,2016,ES618,3,0.0
695,2020,NUTS,2016,ES620,3,0.0
696,2020,NUTS,2016,ES705,3,0.0
697,2020,NUTS,2016,ES709,3,6.21
698,2020,NUTS,2016,FI193,3,0.0
699,2020,NUTS,2016,FI194,3,0.0
700,2020,NUTS,2016,FI195,3,0.0
701,2020,NUTS,2016,FI196,3,0.0
702,2020,NUTS,2016,FI197,3,0.0
703,2020,NUTS,2016,FI1B1,3,1.33
704,2020,NUTS,2016,FI1C1,3,0.0
705,2020,NUTS,2016,FI1C5,3,0.0
706,2020,NUTS,2016,FI1D2,3,0.0
707,2020,NUTS,2016,FI1D5,3,0.0
708,2020,NUTS,2016,FI1D7,3,0.0
709,2020,NUTS,2016,FI1D9,3,0.0
710,2020,NUTS,2016,FR101,3,2.55
711,2020,NUTS,2016,FR102,3,0.0
712,2020,NUTS,2016,FR103,3,3.12
713,2020,NUTS,2016,FR104,3,1.47
714,2020,NUTS,2016,FR105,3,0.0
715,2020,NUTS,2016,FR107,3,0.0
716,2020,NUTS,2016,FR108,3,0.0
717,2020,NUTS,2016,FRB04,3,0.0
718,2020,NUTS,2016,FRB06,3,0.0
719,2020,NUTS,2016,FRC11,3,0.0
720,2020,NUTS,2016,FRC21,3,0.0
721,2020,NUTS,2016,FRD11,3,0.0
722,2020,NUTS,2016,FRD22,3,0.0
723,2020,NUTS,2016,FRE11,3,0.0
724,2020,NUTS,2016,FRE12,3,0.0
725,2020,NUTS,2016,FRE22,3,0.0
726,2020,NUTS,2016,FRE23,3,0.0
727,2020,NUTS,2016,FRF11,3,2.78
728,2020,NUTS,2016,FRF12,3,0.0
729,2020,NUTS,2016,FRF22,3,0.0
730,2020,NUTS,2016,FRF23,3,0.0
731,2020,NUTS,2016,FRF31,3,0.0
732,2020,NUTS,2016,FRF33,3,0.0
733,2020,NUTS,2016,FRG01,3,0.0
734,2020,NUTS,2016,FRG02,3,0.0
735,2020,NUTS,2016,FRG04,3,0.0
736,2020,NUTS,2016,FRH02,3,0.0
737,2020,NUTS,2016,FRH03,3,0.0
738,2020,NUTS,2016,FRH04,3,0.0
739,2020,NUTS,2016,FRI12,3,0.0
740,2020,NUTS,2016,FRI13,3,0.0
741,2020,NUTS,2016,FRI23,3,0.0
742,2020,NUTS,2016,FRI32,3,0.0
743,2020,NUTS,2016,FRI34,3,0.0
744,2020,NUTS,2016,FRJ12,3,0.0
745,2020,NUTS,2016,FRJ13,3,0.0
746,2020,NUTS,2016,FRJ15,3,0.0
747,2020,NUTS,2016,FRJ23,3,0.0
748,2020,NUTS,2016,FRJ27,3,0.0
749,2020,NUTS,2016,FRK24,3,0.0
750,2020,NUTS,2016,FRK25,3,0.0
751,2020,NUTS,2016,FRK26,3,2.19
752,2020,NUTS,2016,FRK27,3,0.0
753,2020,NUTS,2016,FRK28,3,0.0
754,2020,NUTS,2016,FRL03,3,0.0
755,2020,NUTS,2016,FRL04,3,0.0
756,2020,NUTS,2016,FRL05,3,0.0
757,2020,NUTS,2016,FRL06,3,0.0
758,2020,NUTS,2016,FRM02,3,0.0
759,2020,NUTS,2016,FRY10,3,0.0
760,2020,NUTS,2016,FRY30,3,0.0
761,2020,NUTS,2016,FRY40,3,0.0
762,2020,NUTS,2016,HR031,3,0.0
763,2020,NUTS,2016,HR035,3,0.0
764,2020,NUTS,2016,HR036,3,0.0
765,2020,NUTS,2016,HR037,3,0.0
766,2020,NUTS,2016,HR041,3,0.0
767,2020,NUTS,2016,HR04B,3,0.0
768,2020,NUTS,2016,HU110,3,8.64
769,2020,NUTS,2016,HU120,3,0.0
770,2020,NUTS,2016,HU213,3,0.0
771,2020,NUTS,2016,HU221,3,0.0
772,2020,NUTS,2016,HU231,3,0.0
773,2020,NUTS,2016,HU232,3,0.0
774,2020,NUTS,2016,HU311,3,0.0
775,2020,NUTS,2016,HU321,3,0.0
776,2020,NUTS,2016,HU333,3,0.0
777,2020,NUTS,2016,IE041,3,0.0
778,2020,NUTS,2016,IE042,3,0.0
779,2020,NUTS,2016,IE051,3,0.0
780,2020,NUTS,2016,IE052,3,0.0
781,2020,NUTS,2016,IE053,3,0.0
782,2020,NUTS,2016,IE061,3,0.0
783,2020,NUTS,2016,IE062,3,0.0
784,2020,NUTS,2016,IE063,3,0.0
785,2020,NUTS,2016,IS001,3,0.0
786,2020,NUTS,2016,IS002,3,0.0
787,2020,NUTS,2016,ITC11,3,0.0
788,2020,NUTS,2016,ITC12,3,0.0
789,2020,NUTS,2016,ITC16,3,0.0
790,2020,NUTS,2016,ITC18,3,0.0
791,2020,NUTS,2016,ITC33,3,0.0
792,2020,NUTS,2016,ITC41,3,0.0
793,2020,NUTS,2016,ITC42,3,0.0
794,2020,NUTS,2016,ITC46,3,0.0
795,2020,NUTS,2016,ITC47,3,2.58
796,2020,NUTS,2016,ITC48,3,1.91
797,2020,NUTS,2016,ITC4C,3,1.34
798,2020,NUTS,2016,ITF11,3,0.0
799,2020,NUTS,2016,ITF12,3,0.0
800,2020,NUTS,2016,ITF14,3,0.0
801,2020,NUTS,2016,ITF21,3,0.0
802,2020,NUTS,2016,ITF22,3,0.0
803,2020,NUTS,2016,ITF32,3,0.0
804,2020,NUTS,2016,ITF33,3,0.0
805,2020,NUTS,2016,ITF35,3,0.0
806,2020,NUTS,2016,ITF45,3,0.0
807,2020,NUTS,2016,ITF46,3,0.0
808,2020,NUTS,2016,ITF47,3,1.35
809,2020,NUTS,2016,ITF51,3,0.0
810,2020,NUTS,2016,ITF61,3,0.0
811,2020,NUTS,2016,ITF63,3,0.0
812,2020,NUTS,2016,ITF65,3,0.0
813,2020,NUTS,2016,ITG13,3,0.0
814,2020,NUTS,2016,ITG16,3,0.0
815,2020,NUTS,2016,ITG17,3,0.0
816,2020,NUTS,2016,ITG25,3,6.18
817,2020,NUTS,2016,ITG27,3,0.0
818,2020,NUTS,2016,ITH10,3,0.0
819,2020,NUTS,2016,ITH20,3,0.0
820,2020,NUTS,2016,ITH31,3,0.0
821,2020,NUTS,2016,ITH35,3,0.0
822,2020,NUTS,2016,ITH36,3,0.92
823,2020,NUTS,2016,ITH42,3,5.41
824,2020,NUTS,2016,ITH44,3,2.37
825,2020,NUTS,2016,ITH52,3,3.72
826,2020,NUTS,2016,ITH54,3,0.0
827,2020,NUTS,2016,ITH55,3,1.29
828,2020,NUTS,2016,ITH56,3,0.0
829,2020,NUTS,2016,ITI12,3,0.0
830,2020,NUTS,2016,ITI14,3,2.2
831,2020,NUTS,2016,ITI17,3,0.0
832,2020,NUTS,2016,ITI19,3,0.0
833,2020,NUTS,2016,ITI21,3,0.0
834,2020,NUTS,2016,ITI31,3,0.0
835,2020,NUTS,2016,ITI32,3,0.0
836,2020,NUTS,2016,ITI33,3,0.0
837,2020,NUTS,2016,ITI41,3,0.0
838,2020,NUTS,2016,ITI43,3,0.74
839,2020,NUTS,2016,ITI45,3,0.0
840,2020,NUTS,2016,LI000,3,0.0
841,2020,NUTS,2016,LT011,3,16.97
842,2020,NUTS,2016,LT022,3,0.0
843,2020,NUTS,2016,LT023,3,0.0
844,2020,NUTS,2016,LT026,3,0.0
845,2020,NUTS,2016,LU000,3,0.0
846,2020,NUTS,2016,LV005,3,0.0
847,2020,NUTS,2016,LV006,3,0.0
848,2020,NUTS,2016,LV009,3,0.0
849,2020,NUTS,2016,ME000,3,0.0
850,2020,NUTS,2016,MK003,3,0.0
851,2020,NUTS,2016,MK005,3,0.0
852,2020,NUTS,2016,MK006,3,0.0
853,2020,NUTS,2016,MK008,3,0.0
854,2020,NUTS,2016,MT001,3,0.0
855,2020,NUTS,2016,NL113,3,0.0
856,2020,NUTS,2016,NL124,3,0.0
857,2020,NUTS,2016,NL133,3,0.0
858,2020,NUTS,2016,NL213,3,0.0
859,2020,NUTS,2016,NL221,3,0.0
860,2020,NUTS,2016,NL226,3,0.0
861,2020,NUTS,2016,NL230,3,0.0
862,2020,NUTS,2016,NL310,3,3.36
863,2020,NUTS,2016,NL324,3,0.0
864,2020,NUTS,2016,NL329,3,0.0
865,2020,NUTS,2016,NL332,3,0.0
866,2020,NUTS,2016,NL333,3,0.0
867,2020,NUTS,2016,NL337,3,1.39
868,2020,NUTS,2016,NL33C,3,1.32
869,2020,NUTS,2016,NL411,3,0.0
870,2020,NUTS,2016,NL412,3,0.0
871,2020,NUTS,2016,NL413,3,0.0
872,2020,NUTS,2016,NL414,3,0.0
873,2020,NUTS,2016,NL423,3,2.07
874,2020,NUTS,2016,NO011,3,1.12
875,2020,NUTS,2016,NO012,3,0.0
876,2020,NUTS,2016,NO021,3,0.0
877,2020,NUTS,2016,NO022,3,0.0
878,2020,NUTS,2016,NO031,3,0.0
879,2020,NUTS,2016,NO032,3,0.0
880,2020,NUTS,2016,NO041,3,0.0
881,2020,NUTS,2016,NO042,3,0.0
882,2020,NUTS,2016,NO043,3,22.62
883,2020,NUTS,2016,NO051,3,0.0
884,2020,NUTS,2016,NO053,3,0.0
885,2020,NUTS,2016,NO060,3,3.13
886,2020,NUTS,2016,NO071,3,0.0
887,2020,NUTS,2016,NO072,3,0.0
888,2020,NUTS,2016,PL213,3,5.48
889,2020,NUTS,2016,PL224,3,0.0
890,2020,NUTS,2016,PL225,3,0.0
891,2020,NUTS,2016,PL229,3,0.0
892,2020,NUTS,2016,PL22A,3,0.0
893,2020,NUTS,2016,PL415,3,0.0
894,2020,NUTS,2016,PL424,3,0.0
895,2020,NUTS,2016,PL426,3,0.0
896,2020,NUTS,2016,PL432,3,0.0
897,2020,NUTS,2016,PL514,3,0.0
898,2020,NUTS,2016,PL524,3,0.0
899,2020,NUTS,2016,PL613,3,0.0
900,2020,NUTS,2016,PL622,3,0.0
901,2020,NUTS,2016,PL633,3,0.0
902,2020,NUTS,2016,PL711,3,0.0
903,2020,NUTS,2016,PL721,3,0.0
904,2020,NUTS,2016,PL814,3,0.0
905,2020,NUTS,2016,PL823,3,0.0
906,2020,NUTS,2016,PL841,3,0.0
907,2020,NUTS,2016,PL842,3,0.0
908,2020,NUTS,2016,PL911,3,0.0
909,2020,NUTS,2016,PL912,3,0.0
910,2020,NUTS,2016,PL913,3,0.0
911,2020,NUTS,2016,PL921,3,0.0
912,2020,NUTS,2016,PL925,3,0.0
913,2020,NUTS,2016,PT112,3,0.0
914,2020,NUTS,2016,PT119,3,0.0
915,2020,NUTS,2016,PT11A,3,0.0
916,2020,NUTS,2016,PT11D,3,0.0
917,2020,NUTS,2016,PT16D,3,0.0
918,2020,NUTS,2016,PT16E,3,0.0
919,2020,NUTS,2016,PT16G,3,0.0
920,2020,NUTS,2016,PT16H,3,0.0
921,2020,NUTS,2016,PT16J,3,0.0
922,2020,NUTS,2016,PT170,3,0.0
923,2020,NUTS,2016,PT200,3,0.0
924,2020,NUTS,2016,PT300,3,0.0
925,2020,NUTS,2016,RO111,3,0.0
926,2020,NUTS,2016,RO113,3,0.0
927,2020,NUTS,2016,RO122,3,0.0
928,2020,NUTS,2016,RO126,3,0.0
929,2020,NUTS,2016,RO213,3,0.0
930,2020,NUTS,2016,RO215,3,0.0
931,2020,NUTS,2016,RO311,3,0.0
932,2020,NUTS,2016,RO321,3,4.42
933,2020,NUTS,2016,RO322,3,0.0
934,2020,NUTS,2016,RO411,3,0.0
935,2020,NUTS,2016,RO421,3,0.0
936,2020,NUTS,2016,RO424,3,0.0
937,2020,NUTS,2016,RS110,3,0.0
938,2020,NUTS,2016,RS123,3,0.0
939,2020,NUTS,2016,RS214,3,0.0
940,2020,NUTS,2016,RS225,3,0.0
941,2020,NUTS,2016,SE110,3,1.0
942,2020,NUTS,2016,SE121,3,0.0
943,2020,NUTS,2016,SE123,3,0.0
944,2020,NUTS,2016,SE124,3,0.0
945,2020,NUTS,2016,SE125,3,0.0
946,2020,NUTS,2016,SE211,3,0.0
947,2020,NUTS,2016,SE213,3,0.0
948,2020,NUTS,2016,SE221,3,0.0
949,2020,NUTS,2016,SE224,3,2.11
950,2020,NUTS,2016,SE231,3,0.0
951,2020,NUTS,2016,SE232,3,0.0
952,2020,NUTS,2016,SE311,3,0.0
953,2020,NUTS,2016,SE312,3,0.0
954,2020,NUTS,2016,SE321,3,0.0
955,2020,NUTS,2016,SE331,3,0.0
956,2020,NUTS,2016,SE332,3,0.0
957,2020,NUTS,2016,SI032,3,0.0
958,2020,NUTS,2016,SI033,3,0.0
959,2020,NUTS,2016,SI041,3,3.57
960,2020,NUTS,2016,SI043,3,0.0
961,2020,NUTS,2016,SI044,3,0.0
962,2020,NUTS,2016,SK010,3,0.0
963,2020,NUTS,2016,SK021,3,0.0
964,2020,NUTS,2016,SK023,3,0.0
965,2020,NUTS,2016,SK031,3,0.0
966,2020,NUTS,2016,SK032,3,0.0
967,2020,NUTS,2016,SK041,3,0.0
968,2020,NUTS,2016,SK042,3,0.0
969,2020,NUTS,2016,TR100,3,5.88
970,2020,NUTS,2016,TR211,3,0.0
971,2020,NUTS,2016,TR212,3,0.0
972,2020,NUTS,2016,TR213,3,0.0
973,2020,NUTS,2016,TR221,3,0.0
974,2020,NUTS,2016,TR222,3,0.0
975,2020,NUTS,2016,TR310,3,0.0
976,2020,NUTS,2016,TR321,3,0.0
977,2020,NUTS,2016,TR322,3,0.0
978,2020,NUTS,2016,TR331,3,0.0
979,2020,NUTS,2016,TR332,3,0.0
980,2020,NUTS,2016,TR333,3,0.0
981,2020,NUTS,2016,TR334,3,0.0
982,2020,NUTS,2016,TR411,3,0.0
983,2020,NUTS,2016,TR412,3,0.0
984,2020,NUTS,2016,TR421,3,0.0
985,2020,NUTS,2016,TR422,3,0.0
986,2020,NUTS,2016,TR423,3,0.0
987,2020,NUTS,2016,TR424,3,0.0
988,2020,NUTS,2016,TR425,3,0.0
989,2020,NUTS,2016,TR510,3,0.0
990,2020,NUTS,2016,TR521,3,0.0
991,2020,NUTS,2016,TR522,3,0.0
992,2020,NUTS,2016,TR611,3,0.0
993,2020,NUTS,2016,TR613,3,0.0
994,2020,NUTS,2016,TR621,3,0.0
995,2020,NUTS,2016,TR622,3,0.0
996,2020,NUTS,2016,TR631,3,0.0
997,2020,NUTS,2016,TR633,3,0.0
998,2020,NUTS,2016,TR711,3,0.0
999,2020,NUTS,2016,TR712,3,0.0
1000,2020,NUTS,2016,TR715,3,0.0
1001,2020,NUTS,2016,TR721,3,14.49
1002,2020,NUTS,2016,TR722,3,0.0
1003,2020,NUTS,2016,TR811,3,0.0
1004,2020,NUTS,2016,TR812,3,0.0
1005,2020,NUTS,2016,TR813,3,0.0
1006,2020,NUTS,2016,TR821,3,0.0
1007,2020,NUTS,2016,TR822,3,0.0
1008,2020,NUTS,2016,TR823,3,0.0
1009,2020,NUTS,2016,TR831,3,0.0
1010,2020,NUTS,2016,TR832,3,0.0
1011,2020,NUTS,2016,TR833,3,0.0
1012,2020,NUTS,2016,TR834,3,0.0
1013,2020,NUTS,2016,TR901,3,0.0
1014,2020,NUTS,2016,TR902,3,0.0
1015,2020,NUTS,2016,TR903,3,0.0
1016,2020,NUTS,2016,TR905,3,0.0
1017,2020,NUTS,2016,TRA11,3,0.0
1018,2020,NUTS,2016,TRA12,3,0.0
1019,2020,NUTS,2016,TRA13,3,0.0
1020,2020,NUTS,2016,TRA22,3,57.97
1021,2020,NUTS,2016,TRA24,3,0.0
1022,2020,NUTS,2016,TRB11,3,0.0
1023,2020,NUTS,2016,TRB12,3,0.0
1024,2020,NUTS,2016,TRB13,3,0.0
1025,2020,NUTS,2016,TRB22,3,0.0
1026,2020,NUTS,2016,TRC12,3,0.0
1027,2020,NUTS,2016,TRC21,3,0.0
1028,2020,NUTS,2016,TRC22,3,0.0
1029,2020,NUTS,2016,TRC31,3,0.0
1030,2020,NUTS,2016,TRC32,3,0.0
1031,2020,NUTS,2016,TRC34,3,0.0
1032,2020,NUTS,2016,UKC11,3,0.0
1033,2020,NUTS,2016,UKC12,3,0.0
1034,2020,NUTS,2016,UKC14,3,0.0
1035,2020,NUTS,2016,UKC22,3,0.0
1036,2020,NUTS,2016,UKC23,3,0.0
1037,2020,NUTS,2016,UKD11,3,0.0
1038,2020,NUTS,2016,UKD12,3,0.0
1039,2020,NUTS,2016,UKD33,3,1.4
1040,2020,NUTS,2016,UKD34,3,0.0
1041,2020,NUTS,2016,UKD35,3,0.0
1042,2020,NUTS,2016,UKD36,3,0.0
1043,2020,NUTS,2016,UKD37,3,0.0
1044,2020,NUTS,2016,UKD42,3,0.0
1045,2020,NUTS,2016,UKD44,3,3.7
1046,2020,NUTS,2016,UKD45,3,0.0
1047,2020,NUTS,2016,UKD46,3,0.0
1048,2020,NUTS,2016,UKD47,3,0.0
1049,2020,NUTS,2016,UKD61,3,198.76
1050,2020,NUTS,2016,UKD62,3,0.0
1051,2020,NUTS,2016,UKD63,3,0.0
1052,2020,NUTS,2016,UKD71,3,0.0
1053,2020,NUTS,2016,UKD72,3,0.78
1054,2020,NUTS,2016,UKD73,3,0.0
1055,2020,NUTS,2016,UKD74,3,0.0
1056,2020,NUTS,2016,UKE11,3,0.0
1057,2020,NUTS,2016,UKE12,3,0.0
1058,2020,NUTS,2016,UKE13,3,0.0
1059,2020,NUTS,2016,UKE21,3,0.0
1060,2020,NUTS,2016,UKE22,3,0.0
1061,2020,NUTS,2016,UKE31,3,0.0
1062,2020,NUTS,2016,UKE32,3,1.6
1063,2020,NUTS,2016,UKE41,3,0.0
1064,2020,NUTS,2016,UKE42,3,0.0
1065,2020,NUTS,2016,UKE44,3,0.0
1066,2020,NUTS,2016,UKF11,3,0.0
1067,2020,NUTS,2016,UKF12,3,0.0
1068,2020,NUTS,2016,UKF13,3,0.0
1069,2020,NUTS,2016,UKF14,3,0.0
1070,2020,NUTS,2016,UKF15,3,0.0
1071,2020,NUTS,2016,UKF16,3,0.0
1072,2020,NUTS,2016,UKF21,3,0.0
1073,2020,NUTS,2016,UKF22,3,0.0
1074,2020,NUTS,2016,UKF24,3,0.0
1075,2020,NUTS,2016,UKF25,3,0.0
1076,2020,NUTS,2016,UKF30,3,0.0
1077,2020,NUTS,2016,UKG12,3,0.0
1078,2020,NUTS,2016,UKG13,3,1.56
1079,2020,NUTS,2016,UKG21,3,0.0
1080,2020,NUTS,2016,UKG22,3,0.0
1081,2020,NUTS,2016,UKG23,3,0.0
1082,2020,NUTS,2016,UKG24,3,0.0
1083,2020,NUTS,2016,UKG31,3,3.14
1084,2020,NUTS,2016,UKG33,3,0.0
1085,2020,NUTS,2016,UKG36,3,0.0
1086,2020,NUTS,2016,UKG39,3,0.0
1087,2020,NUTS,2016,UKH11,3,0.0
1088,2020,NUTS,2016,UKH12,3,0.0
1089,2020,NUTS,2016,UKH14,3,0.0
1090,2020,NUTS,2016,UKH15,3,0.0
1091,2020,NUTS,2016,UKH17,3,0.0
1092,2020,NUTS,2016,UKH21,3,0.0
1093,2020,NUTS,2016,UKH23,3,4.75
1094,2020,NUTS,2016,UKH25,3,0.0
1095,2020,NUTS,2016,UKH31,3,0.0
1096,2020,NUTS,2016,UKH34,3,0.0
1097,2020,NUTS,2016,UKH35,3,0.0
1098,2020,NUTS,2016,UKH36,3,0.0
1099,2020,NUTS,2016,UKH37,3,0.0
1100,2020,NUTS,2016,UKI31,3,0.69
1101,2020,NUTS,2016,UKI32,3,1.35
1102,2020,NUTS,2016,UKI33,3,2.03
1103,2020,NUTS,2016,UKI34,3,0.0
1104,2020,NUTS,2016,UKI41,3,0.0
1105,2020,NUTS,2016,UKI42,3,1.0
1106,2020,NUTS,2016,UKI43,3,0.0
1107,2020,NUTS,2016,UKI44,3,0.0
1108,2020,NUTS,2016,UKI45,3,0.0
1109,2020,NUTS,2016,UKI51,3,0.0
1110,2020,NUTS,2016,UKI52,3,0.0
1111,2020,NUTS,2016,UKI53,3,0.0
1112,2020,NUTS,2016,UKI54,3,0.0
1113,2020,NUTS,2016,UKI61,3,0.0
1114,2020,NUTS,2016,UKI62,3,0.0
1115,2020,NUTS,2016,UKI63,3,0.0
1116,2020,NUTS,2016,UKI71,3,0.0
1117,2020,NUTS,2016,UKI72,3,0.0
1118,2020,NUTS,2016,UKI73,3,0.0
1119,2020,NUTS,2016,UKI74,3,0.0
1120,2020,NUTS,2016,UKI75,3,0.0
1121,2020,NUTS,2016,UKJ11,3,0.0
1122,2020,NUTS,2016,UKJ12,3,0.0
1123,2020,NUTS,2016,UKJ13,3,0.0
1124,2020,NUTS,2016,UKJ14,3,0.52
1125,2020,NUTS,2016,UKJ21,3,0.0
1126,2020,NUTS,2016,UKJ22,3,0.0
1127,2020,NUTS,2016,UKJ25,3,4.11
1128,2020,NUTS,2016,UKJ26,3,0.0
1129,2020,NUTS,2016,UKJ27,3,0.0
1130,2020,NUTS,2016,UKJ28,3,0.0
1131,2020,NUTS,2016,UKJ31,3,0.0
1132,2020,NUTS,2016,UKJ32,3,0.0
1133,2020,NUTS,2016,UKJ34,3,0.0
1134,2020,NUTS,2016,UKJ36,3,0.0
1135,2020,NUTS,2016,UKJ37,3,0.0
1136,2020,NUTS,2016,UKJ41,3,0.0
1137,2020,NUTS,2016,UKJ44,3,0.0
1138,2020,NUTS,2016,UKJ45,3,0.0
1139,2020,NUTS,2016,UKJ46,3,0.0
1140,2020,NUTS,2016,UKK11,3,1.9
1141,2020,NUTS,2016,UKK12,3,0.0
1142,2020,NUTS,2016,UKK13,3,0.0
1143,2020,NUTS,2016,UKK14,3,0.0
1144,2020,NUTS,2016,UKK15,3,0.0
1145,2020,NUTS,2016,UKK21,3,0.0
1146,2020,NUTS,2016,UKK22,3,0.0
1147,2020,NUTS,2016,UKK23,3,0.0
1148,2020,NUTS,2016,UKK30,3,0.0
1149,2020,NUTS,2016,UKK41,3,0.0
1150,2020,NUTS,2016,UKK43,3,1.82
1151,2020,NUTS,2016,UKL12,3,0.0
1152,2020,NUTS,2016,UKL14,3,0.0
1153,2020,NUTS,2016,UKL15,3,0.0
1154,2020,NUTS,2016,UKL16,3,0.0
1155,2020,NUTS,2016,UKL17,3,0.0
1156,2020,NUTS,2016,UKL18,3,0.0
1157,2020,NUTS,2016,UKL21,3,0.0
1158,2020,NUTS,2016,UKL22,3,1.38
1159,2020,NUTS,2016,UKL23,3,0.0
1160,2020,NUTS,2016,UKM50,3,0.0
1161,2020,NUTS,2016,UKM62,3,0.0
1162,2020,NUTS,2016,UKM71,3,0.0
1163,2020,NUTS,2016,UKM72,3,0.0
1164,2020,NUTS,2016,UKM73,3,0.0
1165,2020,NUTS,2016,UKM75,3,1.74
1166,2020,NUTS,2016,UKM76,3,0.0
1167,2020,NUTS,2016,UKM77,3,0.0
1168,2020,NUTS,2016,UKM81,3,0.0
1169,2020,NUTS,2016,UKM82,3,0.9
1170,2020,NUTS,2016,UKM83,3,0.0
1171,2020,NUTS,2016,UKM84,3,0.0
1172,2020,NUTS,2016,UKM91,3,0.0
1173,2020,NUTS,2016,UKM92,3,0.0
1174,2020,NUTS,2016,UKM93,3,0.0
1175,2020,NUTS,2016,UKM94,3,0.0
1176,2020,NUTS,2016,UKM95,3,0.0
1177,2020,NUTS,2016,UKN06,3,0.0
1178,2020,NUTS,2016,UKN07,3,0.0
1179,2020,NUTS,2016,UKN10,3,0.0
1180,2020,NUTS,2016,UKN13,3,0.0
1181,2020,NUTS,2016,UKN14,3,0.0
1182,2021,NUTS,2021,AL,0,0.0
1183,2021,NUTS,2021,AT,0,1.38
1184,2021,NUTS,2021,BE,0,0.0
1185,2021,NUTS,2021,BG,0,0.0
1186,2021,NUTS,2021,CH,0,2.56
1187,2021,NUTS,2021,CY,0,0.0
1188,2021,NUTS,2021,CZ,0,0.0
1189,2021,NUTS,2021,DE,0,0.73
1190,2021,NUTS,2021,DK,0,0.0
1191,2021,NUTS,2021,EE,0,0.0
1192,2021,NUTS,2021,EL,0,0.0
1193,2021,NUTS,2021,ES,0,1.8
1194,2021,NUTS,2021,FI,0,0.0
1195,2021,NUTS,2021,FR,0,0.93
1196,2021,NUTS,2021,HR,0,0.0
1197,2021,NUTS,2021,HU,0,0.0
1198,2021,NUTS,2021,IE,0,0.0
1199,2021,NUTS,2021,IS,0,0.0
1200,2021,NUTS,2021,IT,0,0.0
1201,2021,NUTS,2021,LT,0,0.0
1202,2021,NUTS,2021,LU,0,0.0
1203,2021,NUTS,2021,LV,0,0.0
1204,2021,NUTS,2021,ME,0,0.0
1205,2021,NUTS,2021,MK,0,0.0
1206,2021,NUTS,2021,MT,0,0.0
1207,2021,NUTS,2021,NL,0,2.45
1208,2021,NUTS,2021,NO,0,0.0
1209,2021,NUTS,2021,PL,0,0.0
1210,2021,NUTS,2021,PT,0,0.0
1211,2021,NUTS,2021,RO,0,0.0
1212,2021,NUTS,2021,RS,0,0.0
1213,2021,NUTS,2021,SE,0,0.0
1214,2021,NUTS,2021,SI,0,0.0
1215,2021,NUTS,2021,SK,0,21.78
1216,2021,NUTS,2021,TR,0,8.59
1217,2021,NUTS,2021,UK,0,0.76
1218,2021,NUTS,2021,AL0,1,0.0
1219,2021,NUTS,2021,AT1,1,0.0
1220,2021,NUTS,2021,AT2,1,0.0
1221,2021,NUTS,2021,AT3,1,6.74
1222,2021,NUTS,2021,BE1,1,0.0
1223,2021,NUTS,2021,BE2,1,0.0
1224,2021,NUTS,2021,BE3,1,0.0
1225,2021,NUTS,2021,BG3,1,0.0
1226,2021,NUTS,2021,BG4,1,0.0
1227,2021,NUTS,2021,CH0,1,2.56
1228,2021,NUTS,2021,CY0,1,0.0
1229,2021,NUTS,2021,CZ0,1,0.0
1230,2021,NUTS,2021,DE1,1,0.0
1231,2021,NUTS,2021,DE2,1,1.23
1232,2021,NUTS,2021,DE3,1,3.69
1233,2021,NUTS,2021,DE4,1,0.0
1234,2021,NUTS,2021,DE5,1,0.0
1235,2021,NUTS,2021,DE6,1,0.0
1236,2021,NUTS,2021,DE7,1,0.0
1237,2021,NUTS,2021,DE8,1,0.0
1238,2021,NUTS,2021,DE9,1,0.0
1239,2021,NUTS,2021,DEA,1,0.0
1240,2021,NUTS,2021,DEB,1,0.0
1241,2021,NUTS,2021,DEC,1,0.0
1242,2021,NUTS,2021,DED,1,0.0
1243,2021,NUTS,2021,DEE,1,0.0
1244,2021,NUTS,2021,DEF,1,0.0
1245,2021,NUTS,2021,DEG,1,0.0
1246,2021,NUTS,2021,DK0,1,0.0
1247,2021,NUTS,2021,EE0,1,0.0
1248,2021,NUTS,2021,EL3,1,0.0
1249,2021,NUTS,2021,EL4,1,0.0
1250,2021,NUTS,2021,EL5,1,0.0
1251,2021,NUTS,2021,EL6,1,0.0
1252,2021,NUTS,2021,ES1,1,0.0
1253,2021,NUTS,2021,ES2,1,9.78
1254,2021,NUTS,2021,ES3,1,1.96
1255,2021,NUTS,2021,ES4,1,0.0
1256,2021,NUTS,2021,ES5,1,1.16
1257,2021,NUTS,2021,ES6,1,0.0
1258,2021,NUTS,2021,ES7,1,0.0
1259,2021,NUTS,2021,FI1,1,0.0
1260,2021,NUTS,2021,FR1,1,0.86
1261,2021,NUTS,2021,FRB,1,0.0
1262,2021,NUTS,2021,FRC,1,0.0
1263,2021,NUTS,2021,FRD,1,0.0
1264,2021,NUTS,2021,FRE,1,0.0
1265,2021,NUTS,2021,FRF,1,0.0
1266,2021,NUTS,2021,FRG,1,0.0
1267,2021,NUTS,2021,FRH,1,0.0
1268,2021,NUTS,2021,FRI,1,0.0
1269,2021,NUTS,2021,FRJ,1,0.0
1270,2021,NUTS,2021,FRK,1,0.0
1271,2021,NUTS,2021,FRL,1,5.42
1272,2021,NUTS,2021,FRM,1,0.0
1273,2021,NUTS,2021,FRY,1,0.0
1274,2021,NUTS,2021,HR0,1,0.0
1275,2021,NUTS,2021,HU1,1,0.0
1276,2021,NUTS,2021,HU2,1,0.0
1277,2021,NUTS,2021,HU3,1,0.0
1278,2021,NUTS,2021,IE0,1,0.0
1279,2021,NUTS,2021,IS0,1,0.0
1280,2021,NUTS,2021,ITC,1,0.0
1281,2021,NUTS,2021,ITF,1,0.0
1282,2021,NUTS,2021,ITG,1,0.0
1283,2021,NUTS,2021,ITH,1,0.0
1284,2021,NUTS,2021,ITI,1,0.0
1285,2021,NUTS,2021,LT0,1,0.0
1286,2021,NUTS,2021,LU0,1,0.0
1287,2021,NUTS,2021,LV0,1,0.0
1288,2021,NUTS,2021,ME0,1,0.0
1289,2021,NUTS,2021,MK0,1,0.0
1290,2021,NUTS,2021,MT0,1,0.0
1291,2021,NUTS,2021,NL1,1,0.0
1292,2021,NUTS,2021,NL2,1,2.07
1293,2021,NUTS,2021,NL3,1,3.5
1294,2021,NUTS,2021,NL4,1,0.0
1295,2021,NUTS,2021,NO0,1,0.0
1296,2021,NUTS,2021,PL2,1,0.0
1297,2021,NUTS,2021,PL4,1,0.0
1298,2021,NUTS,2021,PL5,1,0.0
1299,2021,NUTS,2021,PL6,1,0.0
1300,2021,NUTS,2021,PL7,1,0.0
1301,2021,NUTS,2021,PL8,1,0.0
1302,2021,NUTS,2021,PL9,1,0.0
1303,2021,NUTS,2021,PT1,1,0.0
1304,2021,NUTS,2021,PT2,1,0.0
1305,2021,NUTS,2021,PT3,1,0.0
1306,2021,NUTS,2021,RO1,1,0.0
1307,2021,NUTS,2021,RO2,1,0.0
1308,2021,NUTS,2021,RO3,1,0.0
1309,2021,NUTS,2021,RO4,1,0.0
1310,2021,NUTS,2021,RS1,1,0.0
1311,2021,NUTS,2021,RS2,1,0.0
1312,2021,NUTS,2021,SE1,1,0.0
1313,2021,NUTS,2021,SE2,1,0.0
1314,2021,NUTS,2021,SE3,1,0.0
1315,2021,NUTS,2021,SI0,1,0.0
1316,2021,NUTS,2021,SK0,1,21.78
1317,2021,NUTS,2021,TR1,1,6.22
1318,2021,NUTS,2021,TR2,1,32.5
1319,2021,NUTS,2021,TR3,1,8.06
1320,2021,NUTS,2021,TR4,1,24.57
1321,2021,NUTS,2021,TR5,1,6.71
1322,2021,NUTS,2021,TR6,1,14.71
1323,2021,NUTS,2021,TR7,1,0.0
1324,2021,NUTS,2021,TR8,1,13.8
1325,2021,NUTS,2021,TR9,1,0.0
1326,2021,NUTS,2021,TRA,1,0.0
1327,2021,NUTS,2021,TRB,1,0.0
1328,2021,NUTS,2021,TRC,1,0.0
1329,2021,NUTS,2021,UKC,1,0.0
1330,2021,NUTS,2021,UKD,1,0.98
1331,2021,NUTS,2021,UKE,1,0.0
1332,2021,NUTS,2021,UKF,1,0.0
1333,2021,NUTS,2021,UKG,1,0.0
1334,2021,NUTS,2021,UKH,1,0.74
1335,2021,NUTS,2021,UKI,1,1.27
1336,2021,NUTS,2021,UKJ,1,0.0
1337,2021,NUTS,2021,UKK,1,0.0
1338,2021,NUTS,2021,UKL,1,0.0
1339,2021,NUTS,2021,UKM,1,2.81
1340,2021,NUTS,2021,UKN,1,0.0
1341,2021,NUTS,2021,AL02,2,0.0
1342,2021,NUTS,2021,AL03,2,0.0
1343,2021,NUTS,2021,AT12,2,0.0
1344,2021,NUTS,2021,AT13,2,0.0
1345,2021,NUTS,2021,AT21,2,0.0
1346,2021,NUTS,2021,AT22,2,0.0
1347,2021,NUTS,2021,AT31,2,0.0
1348,2021,NUTS,2021,AT32,2,0.0
1349,2021,NUTS,2021,AT33,2,10.49
1350,2021,NUTS,2021,BE10,2,0.0
1351,2021,NUTS,2021,BE21,2,0.0
1352,2021,NUTS,2021,BE22,2,0.0
1353,2021,NUTS,2021,BE23,2,0.0
1354,2021,NUTS,2021,BE24,2,0.0
1355,2021,NUTS,2021,BE25,2,0.0
1356,2021,NUTS,2021,BE31,2,0.0
1357,2021,NUTS,2021,BE32,2,0.0
1358,2021,NUTS,2021,BE33,2,0.0
1359,2021,NUTS,2021,BE35,2,0.0
1360,2021,NUTS,2021,BG31,2,0.0
1361,2021,NUTS,2021,BG33,2,0.0
1362,2021,NUTS,2021,BG34,2,0.0
1363,2021,NUTS,2021,BG41,2,0.0
1364,2021,NUTS,2021,BG42,2,0.0
1365,2021,NUTS,2021,CH01,2,3.14
1366,2021,NUTS,2021,CH02,2,4.15
1367,2021,NUTS,2021,CH03,2,4.45
1368,2021,NUTS,2021,CH04,2,0.0
1369,2021,NUTS,2021,CH05,2,0.0
1370,2021,NUTS,2021,CH06,2,0.0
1371,2021,NUTS,2021,CH07,2,0.0
1372,2021,NUTS,2021,CY00,2,0.0
1373,2021,NUTS,2021,CZ01,2,0.0
1374,2021,NUTS,2021,CZ02,2,0.0
1375,2021,NUTS,2021,CZ03,2,0.0
1376,2021,NUTS,2021,CZ04,2,0.0
1377,2021,NUTS,2021,CZ05,2,0.0
1378,2021,NUTS,2021,CZ06,2,0.0
1379,2021,NUTS,2021,CZ07,2,0.0
1380,2021,NUTS,2021,CZ08,2,0.0
1381,2021,NUTS,2021,DE11,2,0.0
1382,2021,NUTS,2021,DE12,2,0.0
1383,2021,NUTS,2021,DE13,2,0.0
1384,2021,NUTS,2021,DE14,2,0.0
1385,2021,NUTS,2021,DE21,2,1.79
1386,2021,NUTS,2021,DE22,2,0.0
1387,2021,NUTS,2021,DE23,2,0.0
1388,2021,NUTS,2021,DE24,2,0.0
1389,2021,NUTS,2021,DE25,2,0.0
1390,2021,NUTS,2021,DE26,2,0.0
1391,2021,NUTS,2021,DE27,2,0.0
1392,2021,NUTS,2021,DE30,2,3.69
1393,2021,NUTS,2021,DE40,2,0.0
1394,2021,NUTS,2021,DE50,2,0.0
1395,2021,NUTS,2021,DE60,2,0.0
1396,2021,NUTS,2021,DE71,2,0.0
1397,2021,NUTS,2021,DE72,2,0.0
1398,2021,NUTS,2021,DE73,2,0.0
1399,2021,NUTS,2021,DE80,2,0.0
1400,2021,NUTS,2021,DE91,2,0.0
1401,2021,NUTS,2021,DE92,2,0.0
1402,2021,NUTS,2021,DE94,2,0.0
1403,2021,NUTS,2021,DEA1,2,0.0
1404,2021,NUTS,2021,DEA2,2,0.0
1405,2021,NUTS,2021,DEA3,2,0.0
1406,2021,NUTS,2021,DEA4,2,0.0
1407,2021,NUTS,2021,DEA5,2,0.0
1408,2021,NUTS,2021,DEB1,2,0.0
1409,2021,NUTS,2021,DEB2,2,0.0
1410,2021,NUTS,2021,DEB3,2,0.0
1411,2021,NUTS,2021,DEC0,2,0.0
1412,2021,NUTS,2021,DED2,2,0.0
1413,2021,NUTS,2021,DED4,2,0.0
1414,2021,NUTS,2021,DED5,2,0.0
1415,2021,NUTS,2021,DEE0,2,0.0
1416,2021,NUTS,2021,DEF0,2,0.0
1417,2021,NUTS,2021,DEG0,2,0.0
1418,2021,NUTS,2021,DK01,2,0.0
1419,2021,NUTS,2021,DK02,2,0.0
1420,2021,NUTS,2021,DK03,2,0.0
1421,2021,NUTS,2021,DK04,2,0.0
1422,2021,NUTS,2021,DK05,2,0.0
1423,2021,NUTS,2021,EE00,2,0.0
1424,2021,NUTS,2021,EL30,2,0.0
1425,2021,NUTS,2021,EL41,2,0.0
1426,2021,NUTS,2021,EL43,2,0.0
1427,2021,NUTS,2021,EL51,2,0.0
1428,2021,NUTS,2021,EL52,2,0.0
1429,2021,NUTS,2021,EL53,2,0.0
1430,2021,NUTS,2021,EL54,2,0.0
1431,2021,NUTS,2021,EL61,2,0.0
1432,2021,NUTS,2021,EL63,2,0.0
1433,2021,NUTS,2021,EL65,2,0.0
1434,2021,NUTS,2021,ES11,2,0.0
1435,2021,NUTS,2021,ES12,2,0.0
1436,2021,NUTS,2021,ES21,2,0.0
1437,2021,NUTS,2021,ES22,2,30.76
1438,2021,NUTS,2021,ES23,2,0.0
1439,2021,NUTS,2021,ES24,2,0.0
1440,2021,NUTS,2021,ES30,2,1.96
1441,2021,NUTS,2021,ES41,2,0.0
1442,2021,NUTS,2021,ES42,2,0.0
1443,2021,NUTS,2021,ES43,2,0.0
1444,2021,NUTS,2021,ES51,2,0.0
1445,2021,NUTS,2021,ES52,2,4.36
1446,2021,NUTS,2021,ES53,2,0.0
1447,2021,NUTS,2021,ES61,2,0.0
1448,2021,NUTS,2021,ES62,2,0.0
1449,2021,NUTS,2021,ES70,2,0.0
1450,2021,NUTS,2021,FI19,2,0.0
1451,2021,NUTS,2021,FI1B,2,0.0
1452,2021,NUTS,2021,FI1C,2,0.0
1453,2021,NUTS,2021,FI1D,2,0.0
1454,2021,NUTS,2021,FR10,2,0.86
1455,2021,NUTS,2021,FRB0,2,0.0
1456,2021,NUTS,2021,FRC1,2,0.0
1457,2021,NUTS,2021,FRC2,2,0.0
1458,2021,NUTS,2021,FRD1,2,0.0
1459,2021,NUTS,2021,FRD2,2,0.0
1460,2021,NUTS,2021,FRE1,2,0.0
1461,2021,NUTS,2021,FRE2,2,0.0
1462,2021,NUTS,2021,FRF1,2,0.0
1463,2021,NUTS,2021,FRF2,2,0.0
1464,2021,NUTS,2021,FRF3,2,0.0
1465,2021,NUTS,2021,FRG0,2,0.0
1466,2021,NUTS,2021,FRH0,2,0.0
1467,2021,NUTS,2021,FRI1,2,0.0
1468,2021,NUTS,2021,FRI2,2,0.0
1469,2021,NUTS,2021,FRI3,2,0.0
1470,2021,NUTS,2021,FRJ1,2,0.0
1471,2021,NUTS,2021,FRJ2,2,0.0
1472,2021,NUTS,2021,FRK2,2,0.0
1473,2021,NUTS,2021,FRL0,2,5.42
1474,2021,NUTS,2021,FRM0,2,0.0
1475,2021,NUTS,2021,FRY1,2,0.0
1476,2021,NUTS,2021,FRY3,2,0.0
1477,2021,NUTS,2021,FRY4,2,0.0
1478,2021,NUTS,2021,HR02,2,0.0
1479,2021,NUTS,2021,HR03,2,0.0
1480,2021,NUTS,2021,HR05,2,0.0
1481,2021,NUTS,2021,HU11,2,0.0
1482,2021,NUTS,2021,HU12,2,0.0
1483,2021,NUTS,2021,HU21,2,0.0
1484,2021,NUTS,2021,HU22,2,0.0
1485,2021,NUTS,2021,HU23,2,0.0
1486,2021,NUTS,2021,HU31,2,0.0
1487,2021,NUTS,2021,HU32,2,0.0
1488,2021,NUTS,2021,HU33,2,0.0
1489,2021,NUTS,2021,IE04,2,0.0
1490,2021,NUTS,2021,IE05,2,0.0
1491,2021,NUTS,2021,IE06,2,0.0
1492,2021,NUTS,2021,IS00,2,0.0
1493,2021,NUTS,2021,ITC1,2,0.0
1494,2021,NUTS,2021,ITC3,2,0.0
1495,2021,NUTS,2021,ITC4,2,0.0
1496,2021,NUTS,2021,ITF1,2,0.0
1497,2021,NUTS,2021,ITF2,2,0.0
1498,2021,NUTS,2021,ITF3,2,0.0
1499,2021,NUTS,2021,ITF4,2,0.0
1500,2021,NUTS,2021,ITF5,2,0.0
1501,2021,NUTS,2021,ITF6,2,0.0
1502,2021,NUTS,2021,ITG1,2,0.0
1503,2021,NUTS,2021,ITG2,2,0.0
1504,2021,NUTS,2021,ITH1,2,0.0
1505,2021,NUTS,2021,ITH2,2,0.0
1506,2021,NUTS,2021,ITH3,2,0.0
1507,2021,NUTS,2021,ITH4,2,0.0
1508,2021,NUTS,2021,ITH5,2,0.0
1509,2021,NUTS,2021,ITI1,2,0.0
1510,2021,NUTS,2021,ITI2,2,0.0
1511,2021,NUTS,2021,ITI3,2,0.0
1512,2021,NUTS,2021,ITI4,2,0.0
1513,2021,NUTS,2021,LT01,2,0.0
1514,2021,NUTS,2021,LT02,2,0.0
1515,2021,NUTS,2021,LU00,2,0.0
1516,2021,NUTS,2021,LV00,2,0.0
1517,2021,NUTS,2021,ME00,2,0.0
1518,2021,NUTS,2021,MK00,2,0.0
1519,2021,NUTS,2021,MT00,2,0.0
1520,2021,NUTS,2021,NL11,2,0.0
1521,2021,NUTS,2021,NL12,2,0.0
1522,2021,NUTS,2021,NL13,2,0.0
1523,2021,NUTS,2021,NL21,2,0.0
1524,2021,NUTS,2021,NL22,2,2.3
1525,2021,NUTS,2021,NL23,2,0.0
1526,2021,NUTS,2021,NL31,2,8.45
1527,2021,NUTS,2021,NL32,2,2.5
1528,2021,NUTS,2021,NL33,2,1.98
1529,2021,NUTS,2021,NL41,2,0.0
1530,2021,NUTS,2021,NL42,2,0.0
1531,2021,NUTS,2021,NO02,2,0.0
1532,2021,NUTS,2021,NO06,2,0.0
1533,2021,NUTS,2021,NO07,2,0.0
1534,2021,NUTS,2021,NO08,2,0.0
1535,2021,NUTS,2021,NO09,2,0.0
1536,2021,NUTS,2021,NO0A,2,0.0
1537,2021,NUTS,2021,PL21,2,0.0
1538,2021,NUTS,2021,PL22,2,0.0
1539,2021,NUTS,2021,PL41,2,0.0
1540,2021,NUTS,2021,PL42,2,0.0
1541,2021,NUTS,2021,PL43,2,0.0
1542,2021,NUTS,2021,PL51,2,0.0
1543,2021,NUTS,2021,PL52,2,0.0
1544,2021,NUTS,2021,PL61,2,0.0
1545,2021,NUTS,2021,PL62,2,0.0
1546,2021,NUTS,2021,PL63,2,0.0
1547,2021,NUTS,2021,PL71,2,0.0
1548,2021,NUTS,2021,PL72,2,0.0
1549,2021,NUTS,2021,PL81,2,0.0
1550,2021,NUTS,2021,PL82,2,0.0
1551,2021,NUTS,2021,PL84,2,0.0
1552,2021,NUTS,2021,PL91,2,0.0
1553,2021,NUTS,2021,PL92,2,0.0
1554,2021,NUTS,2021,PT11,2,0.0
1555,2021,NUTS,2021,PT16,2,0.0
1556,2021,NUTS,2021,PT17,2,0.0
1557,2021,NUTS,2021,PT20,2,0.0
1558,2021,NUTS,2021,PT30,2,0.0
1559,2021,NUTS,2021,RO11,2,0.0
1560,2021,NUTS,2021,RO12,2,0.0
1561,2021,NUTS,2021,RO21,2,0.0
1562,2021,NUTS,2021,RO32,2,0.0
1563,2021,NUTS,2021,RO41,2,0.0
1564,2021,NUTS,2021,RO42,2,0.0
1565,2021,NUTS,2021,RS11,2,0.0
1566,2021,NUTS,2021,RS12,2,0.0
1567,2021,NUTS,2021,RS21,2,0.0
1568,2021,NUTS,2021,RS22,2,0.0
1569,2021,NUTS,2021,SE11,2,0.0
1570,2021,NUTS,2021,SE12,2,0.0
1571,2021,NUTS,2021,SE21,2,0.0
1572,2021,NUTS,2021,SE22,2,0.0
1573,2021,NUTS,2021,SE23,2,0.0
1574,2021,NUTS,2021,SE31,2,0.0
1575,2021,NUTS,2021,SE32,2,0.0
1576,2021,NUTS,2021,SE33,2,0.0
1577,2021,NUTS,2021,SI03,2,0.0
1578,2021,NUTS,2021,SI04,2,0.0
1579,2021,NUTS,2021,SK01,2,26.51
1580,2021,NUTS,2021,SK02,2,0.0
1581,2021,NUTS,2021,SK03,2,0.0
1582,2021,NUTS,2021,SK04,2,0.0
1583,2021,NUTS,2021,TR10,2,6.22
1584,2021,NUTS,2021,TR21,2,57.57
1585,2021,NUTS,2021,TR22,2,0.0
1586,2021,NUTS,2021,TR31,2,12.59
1587,2021,NUTS,2021,TR32,2,0.0
1588,2021,NUTS,2021,TR33,2,0.0
1589,2021,NUTS,2021,TR41,2,27.6
1590,2021,NUTS,2021,TR42,2,22.14
1591,2021,NUTS,2021,TR51,2,7.37
1592,2021,NUTS,2021,TR52,2,0.0
1593,2021,NUTS,2021,TR61,2,30.08
1594,2021,NUTS,2021,TR62,2,0.0
1595,2021,NUTS,2021,TR63,2,0.0
1596,2021,NUTS,2021,TR71,2,0.0
1597,2021,NUTS,2021,TR72,2,0.0
1598,2021,NUTS,2021,TR81,2,54.46
1599,2021,NUTS,2021,TR82,2,0.0
1600,2021,NUTS,2021,TR83,2,0.0
1601,2021,NUTS,2021,TR90,2,0.0
1602,2021,NUTS,2021,TRA1,2,0.0
1603,2021,NUTS,2021,TRA2,2,0.0
1604,2021,NUTS,2021,TRB1,2,0.0
1605,2021,NUTS,2021,TRB2,2,0.0
1606,2021,NUTS,2021,TRC1,2,0.0
1607,2021,NUTS,2021,TRC2,2,0.0
1608,2021,NUTS,2021,TRC3,2,0.0
1609,2021,NUTS,2021,UKC1,2,0.0
1610,2021,NUTS,2021,UKC2,2,0.0
1611,2021,NUTS,2021,UKD1,2,0.0
1612,2021,NUTS,2021,UKD3,2,1.99
1613,2021,NUTS,2021,UKD4,2,0.0
1614,2021,NUTS,2021,UKD6,2,0.0
1615,2021,NUTS,2021,UKD7,2,0.0
1616,2021,NUTS,2021,UKE1,2,0.0
1617,2021,NUTS,2021,UKE2,2,0.0
1618,2021,NUTS,2021,UKE3,2,0.0
1619,2021,NUTS,2021,UKE4,2,0.0
1620,2021,NUTS,2021,UKF1,2,0.0
1621,2021,NUTS,2021,UKF2,2,0.0
1622,2021,NUTS,2021,UKF3,2,0.0
1623,2021,NUTS,2021,UKG1,2,0.0
1624,2021,NUTS,2021,UKG2,2,0.0
1625,2021,NUTS,2021,UKG3,2,0.0
1626,2021,NUTS,2021,UKH1,2,0.0
1627,2021,NUTS,2021,UKH2,2,3.12
1628,2021,NUTS,2021,UKH3,2,0.0
1629,2021,NUTS,2021,UKI3,2,0.78
1630,2021,NUTS,2021,UKI4,2,4.71
1631,2021,NUTS,2021,UKI5,2,0.0
1632,2021,NUTS,2021,UKI6,2,0.0
1633,2021,NUTS,2021,UKI7,2,0.0
1634,2021,NUTS,2021,UKJ1,2,0.0
1635,2021,NUTS,2021,UKJ2,2,0.0
1636,2021,NUTS,2021,UKJ3,2,0.0
1637,2021,NUTS,2021,UKJ4,2,0.0
1638,2021,NUTS,2021,UKK1,2,0.0
1639,2021,NUTS,2021,UKK2,2,0.0
1640,2021,NUTS,2021,UKK3,2,0.0
1641,2021,NUTS,2021,UKK4,2,0.0
1642,2021,NUTS,2021,UKL1,2,0.0
1643,2021,NUTS,2021,UKL2,2,0.0
1644,2021,NUTS,2021,UKM5,2,0.0
1645,2021,NUTS,2021,UKM6,2,0.0
1646,2021,NUTS,2021,UKM7,2,3.43
1647,2021,NUTS,2021,UKM8,2,2.69
1648,2021,NUTS,2021,UKM9,2,0.0
1649,2021,NUTS,2021,UKN0,2,0.0
1650,2021,NUTS,2021,AL021,3,0.0
1651,2021,NUTS,2021,AL022,3,0.0
1652,2021,NUTS,2021,AL035,3,0.0
1653,2021,NUTS,2021,AT123,3,0.0
1654,2021,NUTS,2021,AT124,3,0.0
1655,2021,NUTS,2021,AT126,3,0.0
1656,2021,NUTS,2021,AT127,3,0.0
1657,2021,NUTS,2021,AT130,3,0.0
1658,2021,NUTS,2021,AT211,3,0.0
1659,2021,NUTS,2021,AT221,3,0.0
1660,2021,NUTS,2021,AT223,3,0.0
1661,2021,NUTS,2021,AT312,3,0.0
1662,2021,NUTS,2021,AT323,3,0.0
1663,2021,NUTS,2021,AT332,3,10.55
1664,2021,NUTS,2021,AT335,3,0.0
1665,2021,NUTS,2021,BE100,3,0.0
1666,2021,NUTS,2021,BE211,3,0.0
1667,2021,NUTS,2021,BE213,3,0.0
1668,2021,NUTS,2021,BE224,3,0.0
1669,2021,NUTS,2021,BE234,3,0.0
1670,2021,NUTS,2021,BE241,3,0.0
1671,2021,NUTS,2021,BE242,3,0.0
1672,2021,NUTS,2021,BE254,3,0.0
1673,2021,NUTS,2021,BE310,3,0.0
1674,2021,NUTS,2021,BE323,3,0.0
1675,2021,NUTS,2021,BE332,3,0.0
1676,2021,NUTS,2021,BE352,3,0.0
1677,2021,NUTS,2021,BG314,3,0.0
1678,2021,NUTS,2021,BG333,3,0.0
1679,2021,NUTS,2021,BG344,3,0.0
1680,2021,NUTS,2021,BG411,3,0.0
1681,2021,NUTS,2021,BG413,3,0.0
1682,2021,NUTS,2021,BG421,3,0.0
1683,2021,NUTS,2021,CH011,3,0.0
1684,2021,NUTS,2021,CH012,3,0.0
1685,2021,NUTS,2021,CH013,3,5.11
1686,2021,NUTS,2021,CH021,3,4.8
1687,2021,NUTS,2021,CH022,3,0.0
1688,2021,NUTS,2021,CH023,3,0.0
1689,2021,NUTS,2021,CH024,3,0.0
1690,2021,NUTS,2021,CH025,3,0.0
1691,2021,NUTS,2021,CH031,3,4.72
1692,2021,NUTS,2021,CH033,3,0.0
1693,2021,NUTS,2021,CH040,3,0.0
1694,2021,NUTS,2021,CH055,3,0.0
1695,2021,NUTS,2021,CH061,3,0.0
1696,2021,NUTS,2021,CH070,3,0.0
1697,2021,NUTS,2021,CY000,3,0.0
1698,2021,NUTS,2021,CZ010,3,0.0
1699,2021,NUTS,2021,CZ020,3,0.0
1700,2021,NUTS,2021,CZ031,3,0.0
1701,2021,NUTS,2021,CZ032,3,0.0
1702,2021,NUTS,2021,CZ042,3,0.0
1703,2021,NUTS,2021,CZ051,3,0.0
1704,2021,NUTS,2021,CZ052,3,0.0
1705,2021,NUTS,2021,CZ053,3,0.0
1706,2021,NUTS,2021,CZ064,3,0.0
1707,2021,NUTS,2021,CZ071,3,0.0
1708,2021,NUTS,2021,CZ072,3,0.0
1709,2021,NUTS,2021,CZ080,3,0.0
1710,2021,NUTS,2021,DE111,3,0.0
1711,2021,NUTS,2021,DE113,3,0.0
1712,2021,NUTS,2021,DE117,3,0.0
1713,2021,NUTS,2021,DE122,3,0.0
1714,2021,NUTS,2021,DE125,3,0.0
1715,2021,NUTS,2021,DE126,3,0.0
1716,2021,NUTS,2021,DE131,3,0.0
1717,2021,NUTS,2021,DE134,3,0.0
1718,2021,NUTS,2021,DE136,3,0.0
1719,2021,NUTS,2021,DE138,3,0.0
1720,2021,NUTS,2021,DE141,3,0.0
1721,2021,NUTS,2021,DE142,3,0.0
1722,2021,NUTS,2021,DE144,3,0.0
1723,2021,NUTS,2021,DE147,3,0.0
1724,2021,NUTS,2021,DE212,3,1.82
1725,2021,NUTS,2021,DE219,3,0.0
1726,2021,NUTS,2021,DE21B,3,0.0
1727,2021,NUTS,2021,DE21H,3,0.0
1728,2021,NUTS,2021,DE222,3,0.0
1729,2021,NUTS,2021,DE232,3,0.0
1730,2021,NUTS,2021,DE241,3,0.0
1731,2021,NUTS,2021,DE242,3,0.0
1732,2021,NUTS,2021,DE243,3,0.0
1733,2021,NUTS,2021,DE252,3,0.0
1734,2021,NUTS,2021,DE254,3,0.0
1735,2021,NUTS,2021,DE263,3,0.0
1736,2021,NUTS,2021,DE271,3,0.0
1737,2021,NUTS,2021,DE300,3,3.69
1738,2021,NUTS,2021,DE402,3,0.0
1739,2021,NUTS,2021,DE404,3,0.0
1740,2021,NUTS,2021,DE501,3,0.0
1741,2021,NUTS,2021,DE502,3,0.0
1742,2021,NUTS,2021,DE600,3,0.0
1743,2021,NUTS,2021,DE711,3,0.0
1744,2021,NUTS,2021,DE712,3,0.0
1745,2021,NUTS,2021,DE714,3,0.0
1746,2021,NUTS,2021,DE718,3,0.0
1747,2021,NUTS,2021,DE71C,3,0.0
1748,2021,NUTS,2021,DE721,3,0.0
1749,2021,NUTS,2021,DE724,3,0.0
1750,2021,NUTS,2021,DE731,3,0.0
1751,2021,NUTS,2021,DE732,3,0.0
1752,2021,NUTS,2021,DE803,3,0.0
1753,2021,NUTS,2021,DE80N,3,0.0
1754,2021,NUTS,2021,DE911,3,0.0
1755,2021,NUTS,2021,DE916,3,0.0
1756,2021,NUTS,2021,DE91B,3,0.0
1757,2021,NUTS,2021,DE91C,3,0.0
1758,2021,NUTS,2021,DE925,3,0.0
1759,2021,NUTS,2021,DE929,3,0.0
1760,2021,NUTS,2021,DE943,3,0.0
1761,2021,NUTS,2021,DE94E,3,0.0
1762,2021,NUTS,2021,DEA13,3,0.0
1763,2021,NUTS,2021,DEA1A,3,0.0
1764,2021,NUTS,2021,DEA1B,3,0.0
1765,2021,NUTS,2021,DEA22,3,0.0
1766,2021,NUTS,2021,DEA23,3,0.0
1767,2021,NUTS,2021,DEA26,3,0.0
1768,2021,NUTS,2021,DEA27,3,0.0
1769,2021,NUTS,2021,DEA2B,3,0.0
1770,2021,NUTS,2021,DEA2C,3,0.0
1771,2021,NUTS,2021,DEA2D,3,0.0
1772,2021,NUTS,2021,DEA33,3,0.0
1773,2021,NUTS,2021,DEA41,3,0.0
1774,2021,NUTS,2021,DEA47,3,0.0
1775,2021,NUTS,2021,DEA51,3,0.0
1776,2021,NUTS,2021,DEA52,3,0.0
1777,2021,NUTS,2021,DEA56,3,0.0
1778,2021,NUTS,2021,DEA58,3,0.0
1779,2021,NUTS,2021,DEA5A,3,0.0
1780,2021,NUTS,2021,DEA5C,3,0.0
1781,2021,NUTS,2021,DEB11,3,0.0
1782,2021,NUTS,2021,DEB17,3,0.0
1783,2021,NUTS,2021,DEB21,3,0.0
1784,2021,NUTS,2021,DEB32,3,0.0
1785,2021,NUTS,2021,DEB33,3,0.0
1786,2021,NUTS,2021,DEB35,3,0.0
1787,2021,NUTS,2021,DEB39,3,0.0
1788,2021,NUTS,2021,DEB3F,3,0.0
1789,2021,NUTS,2021,DEC01,3,0.0
1790,2021,NUTS,2021,DED21,3,0.0
1791,2021,NUTS,2021,DED41,3,0.0
1792,2021,NUTS,2021,DED43,3,0.0
1793,2021,NUTS,2021,DED51,3,0.0
1794,2021,NUTS,2021,DEE02,3,0.0
1795,2021,NUTS,2021,DEE03,3,0.0
1796,2021,NUTS,2021,DEE0B,3,0.0
1797,2021,NUTS,2021,DEF01,3,0.0
1798,2021,NUTS,2021,DEF02,3,0.0
1799,2021,NUTS,2021,DEF03,3,0.0
1800,2021,NUTS,2021,DEF0A,3,0.0
1801,2021,NUTS,2021,DEG01,3,0.0
1802,2021,NUTS,2021,DEG03,3,0.0
1803,2021,NUTS,2021,DEG05,3,0.0
1804,2021,NUTS,2021,DK011,3,0.0
1805,2021,NUTS,2021,DK012,3,0.0
1806,2021,NUTS,2021,DK021,3,0.0
1807,2021,NUTS,2021,DK022,3,0.0
1808,2021,NUTS,2021,DK031,3,0.0
1809,2021,NUTS,2021,DK032,3,0.0
1810,2021,NUTS,2021,DK042,3,0.0
1811,2021,NUTS,2021,DK050,3,0.0
1812,2021,NUTS,2021,EE001,3,0.0
1813,2021,NUTS,2021,EE008,3,0.0
1814,2021,NUTS,2021,EL301,3,0.0
1815,2021,NUTS,2021,EL303,3,0.0
1816,2021,NUTS,2021,EL305,3,0.0
1817,2021,NUTS,2021,EL411,3,0.0
1818,2021,NUTS,2021,EL431,3,0.0
1819,2021,NUTS,2021,EL433,3,0.0
1820,2021,NUTS,2021,EL434,3,0.0
1821,2021,NUTS,2021,EL512,3,0.0
1822,2021,NUTS,2021,EL522,3,0.0
1823,2021,NUTS,2021,EL531,3,0.0
1824,2021,NUTS,2021,EL543,3,0.0
1825,2021,NUTS,2021,EL613,3,0.0
1826,2021,NUTS,2021,EL632,3,0.0
1827,2021,NUTS,2021,EL651,3,0.0
1828,2021,NUTS,2021,ES111,3,0.0
1829,2021,NUTS,2021,ES114,3,0.0
1830,2021,NUTS,2021,ES120,3,0.0
1831,2021,NUTS,2021,ES212,3,0.0
1832,2021,NUTS,2021,ES213,3,0.0
1833,2021,NUTS,2021,ES220,3,30.76
1834,2021,NUTS,2021,ES230,3,0.0
1835,2021,NUTS,2021,ES243,3,0.0
1836,2021,NUTS,2021,ES300,3,1.96
1837,2021,NUTS,2021,ES412,3,0.0
1838,2021,NUTS,2021,ES413,3,0.0
1839,2021,NUTS,2021,ES415,3,0.0
1840,2021,NUTS,2021,ES416,3,0.0
1841,2021,NUTS,2021,ES418,3,0.0
1842,2021,NUTS,2021,ES421,3,0.0
1843,2021,NUTS,2021,ES431,3,0.0
1844,2021,NUTS,2021,ES432,3,0.0
1845,2021,NUTS,2021,ES511,3,0.0
1846,2021,NUTS,2021,ES512,3,0.0
1847,2021,NUTS,2021,ES513,3,0.0
1848,2021,NUTS,2021,ES514,3,0.0
1849,2021,NUTS,2021,ES521,3,0.0
1850,2021,NUTS,2021,ES522,3,0.0
1851,2021,NUTS,2021,ES523,3,6.3
1852,2021,NUTS,2021,ES532,3,0.0
1853,2021,NUTS,2021,ES614,3,0.0
1854,2021,NUTS,2021,ES615,3,0.0
1855,2021,NUTS,2021,ES616,3,0.0
1856,2021,NUTS,2021,ES617,3,0.0
1857,2021,NUTS,2021,ES618,3,0.0
1858,2021,NUTS,2021,ES620,3,0.0
1859,2021,NUTS,2021,ES705,3,0.0
1860,2021,NUTS,2021,ES709,3,0.0
1861,2021,NUTS,2021,FI193,3,0.0
1862,2021,NUTS,2021,FI195,3,0.0
1863,2021,NUTS,2021,FI1B1,3,0.0
1864,2021,NUTS,2021,FI1C1,3,0.0
1865,2021,NUTS,2021,FI1C5,3,0.0
1866,2021,NUTS,2021,FI1D2,3,0.0
1867,2021,NUTS,2021,FI1D7,3,0.0
1868,2021,NUTS,2021,FI1D9,3,0.0
1869,2021,NUTS,2021,FR101,3,3.79
1870,2021,NUTS,2021,FR102,3,0.0
1871,2021,NUTS,2021,FR103,3,0.0
1872,2021,NUTS,2021,FR104,3,0.0
1873,2021,NUTS,2021,FR105,3,0.0
1874,2021,NUTS,2021,FR107,3,0.0
1875,2021,NUTS,2021,FR108,3,0.0
1876,2021,NUTS,2021,FRB04,3,0.0
1877,2021,NUTS,2021,FRB06,3,0.0
1878,2021,NUTS,2021,FRC11,3,0.0
1879,2021,NUTS,2021,FRC21,3,0.0
1880,2021,NUTS,2021,FRD11,3,0.0
1881,2021,NUTS,2021,FRD22,3,0.0
1882,2021,NUTS,2021,FRE11,3,0.0
1883,2021,NUTS,2021,FRE12,3,0.0
1884,2021,NUTS,2021,FRE22,3,0.0
1885,2021,NUTS,2021,FRE23,3,0.0
1886,2021,NUTS,2021,FRF11,3,0.0
1887,2021,NUTS,2021,FRF12,3,0.0
1888,2021,NUTS,2021,FRF22,3,0.0
1889,2021,NUTS,2021,FRF23,3,0.0
1890,2021,NUTS,2021,FRF31,3,0.0
1891,2021,NUTS,2021,FRG01,3,0.0
1892,2021,NUTS,2021,FRG02,3,0.0
1893,2021,NUTS,2021,FRH02,3,0.0
1894,2021,NUTS,2021,FRH03,3,0.0
1895,2021,NUTS,2021,FRH04,3,0.0
1896,2021,NUTS,2021,FRI12,3,0.0
1897,2021,NUTS,2021,FRI13,3,0.0
1898,2021,NUTS,2021,FRI23,3,0.0
1899,2021,NUTS,2021,FRI32,3,0.0
1900,2021,NUTS,2021,FRI34,3,0.0
1901,2021,NUTS,2021,FRJ12,3,0.0
1902,2021,NUTS,2021,FRJ13,3,0.0
1903,2021,NUTS,2021,FRJ15,3,0.0
1904,2021,NUTS,2021,FRJ23,3,0.0
1905,2021,NUTS,2021,FRK24,3,0.0
1906,2021,NUTS,2021,FRK25,3,0.0
1907,2021,NUTS,2021,FRK26,3,0.0
1908,2021,NUTS,2021,FRK27,3,0.0
1909,2021,NUTS,2021,FRL03,3,0.0
1910,2021,NUTS,2021,FRL04,3,5.58
1911,2021,NUTS,2021,FRL06,3,0.0
1912,2021,NUTS,2021,FRM02,3,0.0
1913,2021,NUTS,2021,FRY10,3,0.0
1914,2021,NUTS,2021,FRY30,3,0.0
1915,2021,NUTS,2021,FRY40,3,0.0
1916,2021,NUTS,2021,HR025,3,0.0
1917,2021,NUTS,2021,HR031,3,0.0
1918,2021,NUTS,2021,HR035,3,0.0
1919,2021,NUTS,2021,HR036,3,0.0
1920,2021,NUTS,2021,HR037,3,0.0
1921,2021,NUTS,2021,HR050,3,0.0
1922,2021,NUTS,2021,HU110,3,0.0
1923,2021,NUTS,2021,HU120,3,0.0
1924,2021,NUTS,2021,HU213,3,0.0
1925,2021,NUTS,2021,HU221,3,0.0
1926,2021,NUTS,2021,HU231,3,0.0
1927,2021,NUTS,2021,HU311,3,0.0
1928,2021,NUTS,2021,HU321,3,0.0
1929,2021,NUTS,2021,HU333,3,0.0
1930,2021,NUTS,2021,IE041,3,0.0
1931,2021,NUTS,2021,IE042,3,0.0
1932,2021,NUTS,2021,IE051,3,0.0
1933,2021,NUTS,2021,IE052,3,0.0
1934,2021,NUTS,2021,IE053,3,0.0
1935,2021,NUTS,2021,IE061,3,0.0
1936,2021,NUTS,2021,IE062,3,0.0
1937,2021,NUTS,2021,IE063,3,0.0
1938,2021,NUTS,2021,IS001,3,0.0
1939,2021,NUTS,2021,IS002,3,0.0
1940,2021,NUTS,2021,ITC11,3,0.0
1941,2021,NUTS,2021,ITC12,3,0.0
1942,2021,NUTS,2021,ITC16,3,0.0
1943,2021,NUTS,2021,ITC33,3,0.0
1944,2021,NUTS,2021,ITC41,3,0.0
1945,2021,NUTS,2021,ITC42,3,0.0
1946,2021,NUTS,2021,ITC46,3,0.0
1947,2021,NUTS,2021,ITC47,3,0.0
1948,2021,NUTS,2021,ITC48,3,0.0
1949,2021,NUTS,2021,ITC4C,3,0.0
1950,2021,NUTS,2021,ITF11,3,0.0
1951,2021,NUTS,2021,ITF12,3,0.0
1952,2021,NUTS,2021,ITF14,3,0.0
1953,2021,NUTS,2021,ITF21,3,0.0
1954,2021,NUTS,2021,ITF22,3,0.0
1955,2021,NUTS,2021,ITF32,3,0.0
1956,2021,NUTS,2021,ITF33,3,0.0
1957,2021,NUTS,2021,ITF35,3,0.0
1958,2021,NUTS,2021,ITF45,3,0.0
1959,2021,NUTS,2021,ITF46,3,0.0
1960,2021,NUTS,2021,ITF47,3,0.0
1961,2021,NUTS,2021,ITF51,3,0.0
1962,2021,NUTS,2021,ITF61,3,0.0
1963,2021,NUTS,2021,ITF63,3,0.0
1964,2021,NUTS,2021,ITF65,3,0.0
1965,2021,NUTS,2021,ITG13,3,0.0
1966,2021,NUTS,2021,ITG16,3,0.0
1967,2021,NUTS,2021,ITG17,3,0.0
1968,2021,NUTS,2021,ITG2D,3,0.0
1969,2021,NUTS,2021,ITG2F,3,0.0
1970,2021,NUTS,2021,ITH10,3,0.0
1971,2021,NUTS,2021,ITH20,3,0.0
1972,2021,NUTS,2021,ITH31,3,0.0
1973,2021,NUTS,2021,ITH35,3,0.0
1974,2021,NUTS,2021,ITH36,3,0.0
1975,2021,NUTS,2021,ITH42,3,0.0
1976,2021,NUTS,2021,ITH44,3,0.0
1977,2021,NUTS,2021,ITH52,3,0.0
1978,2021,NUTS,2021,ITH54,3,0.0
1979,2021,NUTS,2021,ITH55,3,0.0
1980,2021,NUTS,2021,ITH56,3,0.0
1981,2021,NUTS,2021,ITI12,3,0.0
1982,2021,NUTS,2021,ITI14,3,0.0
1983,2021,NUTS,2021,ITI17,3,0.0
1984,2021,NUTS,2021,ITI19,3,0.0
1985,2021,NUTS,2021,ITI21,3,0.0
1986,2021,NUTS,2021,ITI31,3,0.0
1987,2021,NUTS,2021,ITI32,3,0.0
1988,2021,NUTS,2021,ITI33,3,0.0
1989,2021,NUTS,2021,ITI41,3,0.0
1990,2021,NUTS,2021,ITI43,3,0.0
1991,2021,NUTS,2021,ITI45,3,0.0
1992,2021,NUTS,2021,LT011,3,0.0
1993,2021,NUTS,2021,LT022,3,0.0
1994,2021,NUTS,2021,LT023,3,0.0
1995,2021,NUTS,2021,LU000,3,0.0
1996,2021,NUTS,2021,LV005,3,0.0
1997,2021,NUTS,2021,LV006,3,0.0
1998,2021,NUTS,2021,LV009,3,0.0
1999,2021,NUTS,2021,ME000,3,0.0
2000,2021,NUTS,2021,MK006,3,0.0
2001,2021,NUTS,2021,MK008,3,0.0
2002,2021,NUTS,2021,MT001,3,0.0
2003,2021,NUTS,2021,NL113,3,0.0
2004,2021,NUTS,2021,NL124,3,0.0
2005,2021,NUTS,2021,NL133,3,0.0
2006,2021,NUTS,2021,NL211,3,0.0
2007,2021,NUTS,2021,NL213,3,0.0
2008,2021,NUTS,2021,NL221,3,26.51
2009,2021,NUTS,2021,NL226,3,0.0
2010,2021,NUTS,2021,NL230,3,0.0
2011,2021,NUTS,2021,NL310,3,8.45
2012,2021,NUTS,2021,NL321,3,0.0
2013,2021,NUTS,2021,NL324,3,0.0
2014,2021,NUTS,2021,NL329,3,2.51
2015,2021,NUTS,2021,NL332,3,0.0
2016,2021,NUTS,2021,NL333,3,0.0
2017,2021,NUTS,2021,NL337,3,0.0
2018,2021,NUTS,2021,NL33C,3,4.49
2019,2021,NUTS,2021,NL411,3,0.0
2020,2021,NUTS,2021,NL412,3,0.0
2021,2021,NUTS,2021,NL413,3,0.0
2022,2021,NUTS,2021,NL414,3,0.0
2023,2021,NUTS,2021,NL423,3,0.0
2024,2021,NUTS,2021,NO020,3,0.0
2025,2021,NUTS,2021,NO060,3,0.0
2026,2021,NUTS,2021,NO071,3,0.0
2027,2021,NUTS,2021,NO074,3,0.0
2028,2021,NUTS,2021,NO081,3,0.0
2029,2021,NUTS,2021,NO082,3,0.0
2030,2021,NUTS,2021,NO092,3,0.0
2031,2021,NUTS,2021,NO0A1,3,0.0
2032,2021,NUTS,2021,NO0A2,3,0.0
2033,2021,NUTS,2021,NO0A3,3,0.0
2034,2021,NUTS,2021,PL213,3,0.0
2035,2021,NUTS,2021,PL224,3,0.0
2036,2021,NUTS,2021,PL225,3,0.0
2037,2021,NUTS,2021,PL229,3,0.0
2038,2021,NUTS,2021,PL22A,3,0.0
2039,2021,NUTS,2021,PL415,3,0.0
2040,2021,NUTS,2021,PL424,3,0.0
2041,2021,NUTS,2021,PL426,3,0.0
2042,2021,NUTS,2021,PL432,3,0.0
2043,2021,NUTS,2021,PL514,3,0.0
2044,2021,NUTS,2021,PL524,3,0.0
2045,2021,NUTS,2021,PL613,3,0.0
2046,2021,NUTS,2021,PL622,3,0.0
2047,2021,NUTS,2021,PL633,3,0.0
2048,2021,NUTS,2021,PL711,3,0.0
2049,2021,NUTS,2021,PL721,3,0.0
2050,2021,NUTS,2021,PL814,3,0.0
2051,2021,NUTS,2021,PL823,3,0.0
2052,2021,NUTS,2021,PL841,3,0.0
2053,2021,NUTS,2021,PL842,3,0.0
2054,2021,NUTS,2021,PL911,3,0.0
2055,2021,NUTS,2021,PL913,3,0.0
2056,2021,NUTS,2021,PL921,3,0.0
2057,2021,NUTS,2021,PL925,3,0.0
2058,2021,NUTS,2021,PT112,3,0.0
2059,2021,NUTS,2021,PT119,3,0.0
2060,2021,NUTS,2021,PT11A,3,0.0
2061,2021,NUTS,2021,PT11D,3,0.0
2062,2021,NUTS,2021,PT16D,3,0.0
2063,2021,NUTS,2021,PT16E,3,0.0
2064,2021,NUTS,2021,PT16G,3,0.0
2065,2021,NUTS,2021,PT16J,3,0.0
2066,2021,NUTS,2021,PT170,3,0.0
2067,2021,NUTS,2021,PT200,3,0.0
2068,2021,NUTS,2021,PT300,3,0.0
2069,2021,NUTS,2021,RO111,3,0.0
2070,2021,NUTS,2021,RO113,3,0.0
2071,2021,NUTS,2021,RO122,3,0.0
2072,2021,NUTS,2021,RO126,3,0.0
2073,2021,NUTS,2021,RO213,3,0.0
2074,2021,NUTS,2021,RO215,3,0.0
2075,2021,NUTS,2021,RO321,3,0.0
2076,2021,NUTS,2021,RO411,3,0.0
2077,2021,NUTS,2021,RO421,3,0.0
2078,2021,NUTS,2021,RO424,3,0.0
2079,2021,NUTS,2021,RS110,3,0.0
2080,2021,NUTS,2021,RS123,3,0.0
2081,2021,NUTS,2021,RS214,3,0.0
2082,2021,NUTS,2021,RS225,3,0.0
2083,2021,NUTS,2021,SE110,3,0.0
2084,2021,NUTS,2021,SE121,3,0.0
2085,2021,NUTS,2021,SE123,3,0.0
2086,2021,NUTS,2021,SE124,3,0.0
2087,2021,NUTS,2021,SE125,3,0.0
2088,2021,NUTS,2021,SE211,3,0.0
2089,2021,NUTS,2021,SE213,3,0.0
2090,2021,NUTS,2021,SE221,3,0.0
2091,2021,NUTS,2021,SE224,3,0.0
2092,2021,NUTS,2021,SE231,3,0.0
2093,2021,NUTS,2021,SE232,3,0.0
2094,2021,NUTS,2021,SE311,3,0.0
2095,2021,NUTS,2021,SE312,3,0.0
2096,2021,NUTS,2021,SE321,3,0.0
2097,2021,NUTS,2021,SE331,3,0.0
2098,2021,NUTS,2021,SE332,3,0.0
2099,2021,NUTS,2021,SI032,3,0.0
2100,2021,NUTS,2021,SI041,3,0.0
2101,2021,NUTS,2021,SI043,3,0.0
2102,2021,NUTS,2021,SI044,3,0.0
2103,2021,NUTS,2021,SK010,3,26.51
2104,2021,NUTS,2021,SK021,3,0.0
2105,2021,NUTS,2021,SK023,3,0.0
2106,2021,NUTS,2021,SK031,3,0.0
2107,2021,NUTS,2021,SK032,3,0.0
2108,2021,NUTS,2021,SK042,3,0.0
2109,2021,NUTS,2021,TR100,3,6.22
2110,2021,NUTS,2021,TR211,3,167.92
2111,2021,NUTS,2021,TR212,3,0.0
2112,2021,NUTS,2021,TR213,3,0.0
2113,2021,NUTS,2021,TR221,3,0.0
2114,2021,NUTS,2021,TR222,3,0.0
2115,2021,NUTS,2021,TR310,3,12.59
2116,2021,NUTS,2021,TR321,3,0.0
2117,2021,NUTS,2021,TR322,3,0.0
2118,2021,NUTS,2021,TR331,3,0.0
2119,2021,NUTS,2021,TR332,3,0.0
2120,2021,NUTS,2021,TR334,3,0.0
2121,2021,NUTS,2021,TR411,3,65.0
2122,2021,NUTS,2021,TR412,3,0.0
2123,2021,NUTS,2021,TR421,3,0.0
2124,2021,NUTS,2021,TR422,3,0.0
2125,2021,NUTS,2021,TR423,3,0.0
2126,2021,NUTS,2021,TR424,3,125.94
2127,2021,NUTS,2021,TR425,3,0.0
2128,2021,NUTS,2021,TR510,3,7.37
2129,2021,NUTS,2021,TR521,3,0.0
2130,2021,NUTS,2021,TR522,3,0.0
2131,2021,NUTS,2021,TR611,3,55.97
2132,2021,NUTS,2021,TR613,3,0.0
2133,2021,NUTS,2021,TR621,3,0.0
2134,2021,NUTS,2021,TR622,3,0.0
2135,2021,NUTS,2021,TR631,3,0.0
2136,2021,NUTS,2021,TR633,3,0.0
2137,2021,NUTS,2021,TR711,3,0.0
2138,2021,NUTS,2021,TR712,3,0.0
2139,2021,NUTS,2021,TR715,3,0.0
2140,2021,NUTS,2021,TR721,3,0.0
2141,2021,NUTS,2021,TR722,3,0.0
2142,2021,NUTS,2021,TR811,3,91.59
2143,2021,NUTS,2021,TR812,3,0.0
2144,2021,NUTS,2021,TR813,3,0.0
2145,2021,NUTS,2021,TR821,3,0.0
2146,2021,NUTS,2021,TR822,3,0.0
2147,2021,NUTS,2021,TR823,3,0.0
2148,2021,NUTS,2021,TR831,3,0.0
2149,2021,NUTS,2021,TR832,3,0.0
2150,2021,NUTS,2021,TR833,3,0.0
2151,2021,NUTS,2021,TR834,3,0.0
2152,2021,NUTS,2021,TR901,3,0.0
2153,2021,NUTS,2021,TR902,3,0.0
2154,2021,NUTS,2021,TR903,3,0.0
2155,2021,NUTS,2021,TRA11,3,0.0
2156,2021,NUTS,2021,TRA12,3,0.0
2157,2021,NUTS,2021,TRA13,3,0.0
2158,2021,NUTS,2021,TRA22,3,0.0
2159,2021,NUTS,2021,TRA24,3,0.0
2160,2021,NUTS,2021,TRB11,3,0.0
2161,2021,NUTS,2021,TRB12,3,0.0
2162,2021,NUTS,2021,TRB13,3,0.0
2163,2021,NUTS,2021,TRB22,3,0.0
2164,2021,NUTS,2021,TRB23,3,0.0
2165,2021,NUTS,2021,TRC12,3,0.0
2166,2021,NUTS,2021,TRC21,3,0.0
2167,2021,NUTS,2021,TRC22,3,0.0
2168,2021,NUTS,2021,TRC31,3,0.0
2169,2021,NUTS,2021,TRC32,3,0.0
2170,2021,NUTS,2021,TRC34,3,0.0
2171,2021,NUTS,2021,UKC11,3,0.0
2172,2021,NUTS,2021,UKC12,3,0.0
2173,2021,NUTS,2021,UKC14,3,0.0
2174,2021,NUTS,2021,UKC22,3,0.0
2175,2021,NUTS,2021,UKC23,3,0.0
2176,2021,NUTS,2021,UKD11,3,0.0
2177,2021,NUTS,2021,UKD12,3,0.0
2178,2021,NUTS,2021,UKD33,3,2.34
2179,2021,NUTS,2021,UKD34,3,0.0
2180,2021,NUTS,2021,UKD35,3,0.0
2181,2021,NUTS,2021,UKD36,3,0.0
2182,2021,NUTS,2021,UKD37,3,0.0
2183,2021,NUTS,2021,UKD42,3,0.0
2184,2021,NUTS,2021,UKD44,3,0.0
2185,2021,NUTS,2021,UKD45,3,0.0
2186,2021,NUTS,2021,UKD46,3,0.0
2187,2021,NUTS,2021,UKD47,3,0.0
2188,2021,NUTS,2021,UKD62,3,0.0
2189,2021,NUTS,2021,UKD63,3,0.0
2190,2021,NUTS,2021,UKD71,3,0.0
2191,2021,NUTS,2021,UKD72,3,0.0
2192,2021,NUTS,2021,UKD73,3,0.0
2193,2021,NUTS,2021,UKD74,3,0.0
2194,2021,NUTS,2021,UKE11,3,0.0
2195,2021,NUTS,2021,UKE12,3,0.0
2196,2021,NUTS,2021,UKE13,3,0.0
2197,2021,NUTS,2021,UKE21,3,0.0
2198,2021,NUTS,2021,UKE22,3,0.0
2199,2021,NUTS,2021,UKE31,3,0.0
2200,2021,NUTS,2021,UKE32,3,0.0
2201,2021,NUTS,2021,UKE41,3,0.0
2202,2021,NUTS,2021,UKE42,3,0.0
2203,2021,NUTS,2021,UKE44,3,0.0
2204,2021,NUTS,2021,UKF11,3,0.0
2205,2021,NUTS,2021,UKF14,3,0.0
2206,2021,NUTS,2021,UKF15,3,0.0
2207,2021,NUTS,2021,UKF16,3,0.0
2208,2021,NUTS,2021,UKF21,3,0.0
2209,2021,NUTS,2021,UKF22,3,0.0
2210,2021,NUTS,2021,UKF24,3,0.0
2211,2021,NUTS,2021,UKF25,3,0.0
2212,2021,NUTS,2021,UKF30,3,0.0
2213,2021,NUTS,2021,UKG12,3,0.0
2214,2021,NUTS,2021,UKG13,3,0.0
2215,2021,NUTS,2021,UKG21,3,0.0
2216,2021,NUTS,2021,UKG22,3,0.0
2217,2021,NUTS,2021,UKG23,3,0.0
2218,2021,NUTS,2021,UKG24,3,0.0
2219,2021,NUTS,2021,UKG31,3,0.0
2220,2021,NUTS,2021,UKG33,3,0.0
2221,2021,NUTS,2021,UKG36,3,0.0
2222,2021,NUTS,2021,UKG39,3,0.0
2223,2021,NUTS,2021,UKH11,3,0.0
2224,2021,NUTS,2021,UKH12,3,0.0
2225,2021,NUTS,2021,UKH14,3,0.0
2226,2021,NUTS,2021,UKH17,3,0.0
2227,2021,NUTS,2021,UKH21,3,0.0
2228,2021,NUTS,2021,UKH23,3,3.42
2229,2021,NUTS,2021,UKH25,3,0.0
2230,2021,NUTS,2021,UKH31,3,0.0
2231,2021,NUTS,2021,UKH34,3,0.0
2232,2021,NUTS,2021,UKH35,3,0.0
2233,2021,NUTS,2021,UKH36,3,0.0
2234,2021,NUTS,2021,UKH37,3,0.0
2235,2021,NUTS,2021,UKI31,3,1.14
2236,2021,NUTS,2021,UKI32,3,0.0
2237,2021,NUTS,2021,UKI33,3,1.48
2238,2021,NUTS,2021,UKI34,3,0.0
2239,2021,NUTS,2021,UKI41,3,0.0
2240,2021,NUTS,2021,UKI42,3,6.62
2241,2021,NUTS,2021,UKI43,3,0.0
2242,2021,NUTS,2021,UKI44,3,0.0
2243,2021,NUTS,2021,UKI45,3,0.0
2244,2021,NUTS,2021,UKI51,3,0.0
2245,2021,NUTS,2021,UKI52,3,0.0
2246,2021,NUTS,2021,UKI53,3,0.0
2247,2021,NUTS,2021,UKI54,3,0.0
2248,2021,NUTS,2021,UKI61,3,0.0
2249,2021,NUTS,2021,UKI62,3,0.0
2250,2021,NUTS,2021,UKI63,3,0.0
2251,2021,NUTS,2021,UKI71,3,0.0
2252,2021,NUTS,2021,UKI72,3,0.0
2253,2021,NUTS,2021,UKI73,3,0.0
2254,2021,NUTS,2021,UKI74,3,0.0
2255,2021,NUTS,2021,UKI75,3,0.0
2256,2021,NUTS,2021,UKJ11,3,0.0
2257,2021,NUTS,2021,UKJ13,3,0.0
2258,2021,NUTS,2021,UKJ14,3,0.0
2259,2021,NUTS,2021,UKJ21,3,0.0
2260,2021,NUTS,2021,UKJ22,3,0.0
2261,2021,NUTS,2021,UKJ25,3,0.0
2262,2021,NUTS,2021,UKJ26,3,0.0
2263,2021,NUTS,2021,UKJ27,3,0.0
2264,2021,NUTS,2021,UKJ28,3,0.0
2265,2021,NUTS,2021,UKJ31,3,0.0
2266,2021,NUTS,2021,UKJ32,3,0.0
2267,2021,NUTS,2021,UKJ34,3,0.0
2268,2021,NUTS,2021,UKJ36,3,0.0
2269,2021,NUTS,2021,UKJ37,3,0.0
2270,2021,NUTS,2021,UKJ41,3,0.0
2271,2021,NUTS,2021,UKJ44,3,0.0
2272,2021,NUTS,2021,UKJ45,3,0.0
2273,2021,NUTS,2021,UKJ46,3,0.0
2274,2021,NUTS,2021,UKK11,3,0.0
2275,2021,NUTS,2021,UKK12,3,0.0
2276,2021,NUTS,2021,UKK13,3,0.0
2277,2021,NUTS,2021,UKK14,3,0.0
2278,2021,NUTS,2021,UKK15,3,0.0
2279,2021,NUTS,2021,UKK23,3,0.0
2280,2021,NUTS,2021,UKK24,3,0.0
2281,2021,NUTS,2021,UKK25,3,0.0
2282,2021,NUTS,2021,UKK30,3,0.0
2283,2021,NUTS,2021,UKK41,3,0.0
2284,2021,NUTS,2021,UKK43,3,0.0
2285,2021,NUTS,2021,UKL12,3,0.0
2286,2021,NUTS,2021,UKL15,3,0.0
2287,2021,NUTS,2021,UKL16,3,0.0
2288,2021,NUTS,2021,UKL17,3,0.0
2289,2021,NUTS,2021,UKL18,3,0.0
2290,2021,NUTS,2021,UKL21,3,0.0
2291,2021,NUTS,2021,UKL22,3,0.0
2292,2021,NUTS,2021,UKL23,3,0.0
2293,2021,NUTS,2021,UKM50,3,0.0
2294,2021,NUTS,2021,UKM62,3,0.0
2295,2021,NUTS,2021,UKM63,3,0.0
2296,2021,NUTS,2021,UKM66,3,0.0
2297,2021,NUTS,2021,UKM71,3,0.0
2298,2021,NUTS,2021,UKM72,3,0.0
2299,2021,NUTS,2021,UKM73,3,0.0
2300,2021,NUTS,2021,UKM75,3,2.23
2301,2021,NUTS,2021,UKM76,3,0.0
2302,2021,NUTS,2021,UKM77,3,27.6
2303,2021,NUTS,2021,UKM81,3,0.0
2304,2021,NUTS,2021,UKM82,3,2.89
2305,2021,NUTS,2021,UKM83,3,0.0
2306,2021,NUTS,2021,UKM84,3,0.0
2307,2021,NUTS,2021,UKM91,3,0.0
2308,2021,NUTS,2021,UKM92,3,0.0
2309,2021,NUTS,2021,UKM93,3,0.0
2310,2021,NUTS,2021,UKM94,3,0.0
2311,2021,NUTS,2021,UKM95,3,0.0
2312,2021,NUTS,2021,UKN06,3,0.0
2313,2021,NUTS,2021,UKN07,3,0.0
2314,2021,NUTS,2021,UKN0A,3,0.0
2315,2021,NUTS,2021,UKN0D,3,0.0
2316,2021,NUTS,2021,UKN0E,3,0.0
