year,region_type,region_year_spec,region_id,region_level,variants_lq
2020,NUTS,2016,AL,0,0.0
2020,NUTS,2016,AT,0,1.62
2020,NUTS,2016,BE,0,0.85
2020,NUTS,2016,BG,0,2.71
2020,NUTS,2016,CH,0,1.9
2020,NUTS,2016,CY,0,1.54
2020,NUTS,2016,CZ,0,1.26
2020,NUTS,2016,DE,0,0.64
2020,NUTS,2016,DK,0,0.38
2020,NUTS,2016,EE,0,0.0
2020,NUTS,2016,EL,0,2.32
2020,NUTS,2016,ES,0,0.91
2020,NUTS,2016,FI,0,1.18
2020,NUTS,2016,FR,0,0.48
2020,NUTS,2016,HR,0,0.0
2020,NUTS,2016,HU,0,3.87
2020,NUTS,2016,IE,0,0.68
2020,NUTS,2016,IS,0,0.0
2020,NUTS,2016,IT,0,0.75
2020,NUTS,2016,LI,0,0.0
2020,NUTS,2016,LT,0,0.0
2020,NUTS,2016,LU,0,0.0
2020,NUTS,2016,LV,0,8.25
2020,NUTS,2016,ME,0,0.0
2020,NUTS,2016,MK,0,0.0
2020,NUTS,2016,MT,0,0.0
2020,NUTS,2016,NL,0,0.82
2020,NUTS,2016,NO,0,0.62
2020,NUTS,2016,PL,0,0.2
2020,NUTS,2016,PT,0,0.37
2020,NUTS,2016,RO,0,0.0
2020,NUTS,2016,RS,0,0.0
2020,NUTS,2016,SE,0,0.26
2020,NUTS,2016,SI,0,1.7
2020,NUTS,2016,SK,0,0.0
2020,NUTS,2016,TR,0,0.85
2020,NUTS,2016,UK,0,1.41
2020,NUTS,2016,AL0,1,0.0
2020,NUTS,2016,AT1,1,2.14
2020,NUTS,2016,AT2,1,0.0
2020,NUTS,2016,AT3,1,1.16
2020,NUTS,2016,BE1,1,2.34
2020,NUTS,2016,BE2,1,0.0
2020,NUTS,2016,BE3,1,1.09
2020,NUTS,2016,BG3,1,0.0
2020,NUTS,2016,BG4,1,3.05
2020,NUTS,2016,CH0,1,1.9
2020,NUTS,2016,CY0,1,1.54
2020,NUTS,2016,CZ0,1,1.26
2020,NUTS,2016,DE1,1,0.49
2020,NUTS,2016,DE2,1,0.16
2020,NUTS,2016,DE3,1,0.83
2020,NUTS,2016,DE4,1,2.41
2020,NUTS,2016,DE5,1,0.0
2020,NUTS,2016,DE6,1,2.99
2020,NUTS,2016,DE7,1,0.99
2020,NUTS,2016,DE8,1,0.0
2020,NUTS,2016,DE9,1,0.0
2020,NUTS,2016,DEA,1,0.42
2020,NUTS,2016,DEB,1,0.0
2020,NUTS,2016,DEC,1,0.0
2020,NUTS,2016,DED,1,1.78
2020,NUTS,2016,DEE,1,0.0
2020,NUTS,2016,DEF,1,0.0
2020,NUTS,2016,DEG,1,0.0
2020,NUTS,2016,DK0,1,0.38
2020,NUTS,2016,EE0,1,0.0
2020,NUTS,2016,EL3,1,1.95
2020,NUTS,2016,EL4,1,8.48
2020,NUTS,2016,EL5,1,1.07
2020,NUTS,2016,EL6,1,0.0
2020,NUTS,2016,ES1,1,2.77
2020,NUTS,2016,ES2,1,0.93
2020,NUTS,2016,ES3,1,1.07
2020,NUTS,2016,ES4,1,2.7
2020,NUTS,2016,ES5,1,0.42
2020,NUTS,2016,ES6,1,0.0
2020,NUTS,2016,ES7,1,0.0
2020,NUTS,2016,FI1,1,1.18
2020,NUTS,2016,FR1,1,0.65
2020,NUTS,2016,FRB,1,0.0
2020,NUTS,2016,FRC,1,0.0
2020,NUTS,2016,FRD,1,0.0
2020,NUTS,2016,FRE,1,0.0
2020,NUTS,2016,FRF,1,0.0
2020,NUTS,2016,FRG,1,0.0
2020,NUTS,2016,FRH,1,0.0
2020,NUTS,2016,FRI,1,0.0
2020,NUTS,2016,FRJ,1,0.0
2020,NUTS,2016,FRK,1,1.02
2020,NUTS,2016,FRL,1,0.78
2020,NUTS,2016,FRM,1,0.0
2020,NUTS,2016,FRY,1,0.0
2020,NUTS,2016,HR0,1,0.0
2020,NUTS,2016,HU1,1,2.49
2020,NUTS,2016,HU2,1,12.37
2020,NUTS,2016,HU3,1,3.06
2020,NUTS,2016,IE0,1,0.68
2020,NUTS,2016,IS0,1,0.0
2020,NUTS,2016,ITC,1,1.35
2020,NUTS,2016,ITF,1,0.22
2020,NUTS,2016,ITG,1,0.0
2020,NUTS,2016,ITH,1,0.14
2020,NUTS,2016,ITI,1,0.81
2020,NUTS,2016,LI0,1,0.0
2020,NUTS,2016,LT0,1,0.0
2020,NUTS,2016,LU0,1,0.0
2020,NUTS,2016,LV0,1,8.25
2020,NUTS,2016,ME0,1,0.0
2020,NUTS,2016,MK0,1,0.0
2020,NUTS,2016,MT0,1,0.0
2020,NUTS,2016,NL1,1,0.0
2020,NUTS,2016,NL2,1,1.41
2020,NUTS,2016,NL3,1,0.82
2020,NUTS,2016,NL4,1,0.0
2020,NUTS,2016,NO0,1,0.62
2020,NUTS,2016,PL2,1,0.0
2020,NUTS,2016,PL4,1,2.03
2020,NUTS,2016,PL5,1,0.0
2020,NUTS,2016,PL6,1,0.0
2020,NUTS,2016,PL7,1,0.0
2020,NUTS,2016,PL8,1,0.0
2020,NUTS,2016,PL9,1,0.0
2020,NUTS,2016,PT1,1,0.38
2020,NUTS,2016,PT2,1,0.0
2020,NUTS,2016,PT3,1,0.0
2020,NUTS,2016,RO1,1,0.0
2020,NUTS,2016,RO2,1,0.0
2020,NUTS,2016,RO3,1,0.0
2020,NUTS,2016,RO4,1,0.0
2020,NUTS,2016,RS1,1,0.0
2020,NUTS,2016,RS2,1,0.0
2020,NUTS,2016,SE1,1,0.4
2020,NUTS,2016,SE2,1,0.0
2020,NUTS,2016,SE3,1,0.0
2020,NUTS,2016,SI0,1,1.7
2020,NUTS,2016,SK0,1,0.0
2020,NUTS,2016,TR1,1,3.45
2020,NUTS,2016,TR2,1,0.0
2020,NUTS,2016,TR3,1,0.0
2020,NUTS,2016,TR4,1,0.0
2020,NUTS,2016,TR5,1,0.0
2020,NUTS,2016,TR6,1,0.0
2020,NUTS,2016,TR7,1,0.0
2020,NUTS,2016,TR8,1,0.0
2020,NUTS,2016,TR9,1,0.0
2020,NUTS,2016,TRA,1,6.92
2020,NUTS,2016,TRB,1,0.0
2020,NUTS,2016,TRC,1,0.0
2020,NUTS,2016,UKC,1,0.7
2020,NUTS,2016,UKD,1,0.34
2020,NUTS,2016,UKE,1,0.26
2020,NUTS,2016,UKF,1,0.28
2020,NUTS,2016,UKG,1,1.91
2020,NUTS,2016,UKH,1,2.97
2020,NUTS,2016,UKI,1,1.11
2020,NUTS,2016,UKJ,1,1.96
2020,NUTS,2016,UKK,1,0.26
2020,NUTS,2016,UKL,1,0.99
2020,NUTS,2016,UKM,1,2.44
2020,NUTS,2016,UKN,1,0.0
2020,NUTS,2016,AL02,2,0.0
2020,NUTS,2016,AL03,2,0.0
2020,NUTS,2016,AT12,2,0.0
2020,NUTS,2016,AT13,2,2.45
2020,NUTS,2016,AT21,2,0.0
2020,NUTS,2016,AT22,2,0.0
2020,NUTS,2016,AT31,2,0.0
2020,NUTS,2016,AT32,2,0.0
2020,NUTS,2016,AT33,2,1.84
2020,NUTS,2016,BE10,2,2.34
2020,NUTS,2016,BE21,2,0.0
2020,NUTS,2016,BE22,2,0.0
2020,NUTS,2016,BE23,2,0.0
2020,NUTS,2016,BE24,2,0.0
2020,NUTS,2016,BE25,2,0.0
2020,NUTS,2016,BE31,2,0.0
2020,NUTS,2016,BE32,2,0.0
2020,NUTS,2016,BE33,2,3.61
2020,NUTS,2016,BE35,2,0.0
2020,NUTS,2016,BG31,2,0.0
2020,NUTS,2016,BG32,2,0.0
2020,NUTS,2016,BG33,2,0.0
2020,NUTS,2016,BG34,2,0.0
2020,NUTS,2016,BG41,2,3.21
2020,NUTS,2016,BG42,2,0.0
2020,NUTS,2016,CH01,2,1.22
2020,NUTS,2016,CH02,2,0.0
2020,NUTS,2016,CH03,2,4.44
2020,NUTS,2016,CH04,2,2.6
2020,NUTS,2016,CH05,2,0.0
2020,NUTS,2016,CH06,2,0.0
2020,NUTS,2016,CH07,2,0.0
2020,NUTS,2016,CY00,2,1.54
2020,NUTS,2016,CZ01,2,1.74
2020,NUTS,2016,CZ02,2,0.0
2020,NUTS,2016,CZ03,2,0.0
2020,NUTS,2016,CZ04,2,0.0
2020,NUTS,2016,CZ05,2,0.0
2020,NUTS,2016,CZ06,2,1.11
2020,NUTS,2016,CZ07,2,0.0
2020,NUTS,2016,CZ08,2,0.0
2020,NUTS,2016,DE11,2,0.0
2020,NUTS,2016,DE12,2,1.35
2020,NUTS,2016,DE13,2,0.0
2020,NUTS,2016,DE14,2,0.0
2020,NUTS,2016,DE21,2,0.21
2020,NUTS,2016,DE22,2,0.0
2020,NUTS,2016,DE23,2,0.0
2020,NUTS,2016,DE24,2,0.0
2020,NUTS,2016,DE25,2,0.0
2020,NUTS,2016,DE26,2,0.0
2020,NUTS,2016,DE27,2,0.0
2020,NUTS,2016,DE30,2,0.83
2020,NUTS,2016,DE40,2,2.41
2020,NUTS,2016,DE50,2,0.0
2020,NUTS,2016,DE60,2,2.99
2020,NUTS,2016,DE71,2,0.0
2020,NUTS,2016,DE72,2,0.0
2020,NUTS,2016,DE73,2,4.01
2020,NUTS,2016,DE80,2,0.0
2020,NUTS,2016,DE91,2,0.0
2020,NUTS,2016,DE92,2,0.0
2020,NUTS,2016,DE94,2,0.0
2020,NUTS,2016,DEA1,2,0.0
2020,NUTS,2016,DEA2,2,0.74
2020,NUTS,2016,DEA3,2,0.0
2020,NUTS,2016,DEA4,2,0.0
2020,NUTS,2016,DEA5,2,0.0
2020,NUTS,2016,DEB1,2,0.0
2020,NUTS,2016,DEB2,2,0.0
2020,NUTS,2016,DEB3,2,0.0
2020,NUTS,2016,DEC0,2,0.0
2020,NUTS,2016,DED2,2,0.0
2020,NUTS,2016,DED4,2,2.32
2020,NUTS,2016,DED5,2,0.0
2020,NUTS,2016,DEE0,2,0.0
2020,NUTS,2016,DEF0,2,0.0
2020,NUTS,2016,DEG0,2,0.0
2020,NUTS,2016,DK01,2,0.67
2020,NUTS,2016,DK02,2,0.0
2020,NUTS,2016,DK03,2,0.0
2020,NUTS,2016,DK04,2,0.0
2020,NUTS,2016,DK05,2,0.0
2020,NUTS,2016,EE00,2,0.0
2020,NUTS,2016,EL30,2,1.95
2020,NUTS,2016,EL41,2,0.0
2020,NUTS,2016,EL43,2,10.24
2020,NUTS,2016,EL51,2,6.33
2020,NUTS,2016,EL52,2,0.0
2020,NUTS,2016,EL53,2,0.0
2020,NUTS,2016,EL54,2,0.0
2020,NUTS,2016,EL61,2,0.0
2020,NUTS,2016,EL63,2,0.0
2020,NUTS,2016,EL65,2,0.0
2020,NUTS,2016,ES11,2,3.57
2020,NUTS,2016,ES12,2,0.0
2020,NUTS,2016,ES21,2,0.0
2020,NUTS,2016,ES22,2,3.74
2020,NUTS,2016,ES23,2,0.0
2020,NUTS,2016,ES24,2,0.0
2020,NUTS,2016,ES30,2,1.07
2020,NUTS,2016,ES41,2,3.34
2020,NUTS,2016,ES42,2,0.0
2020,NUTS,2016,ES43,2,0.0
2020,NUTS,2016,ES51,2,0.0
2020,NUTS,2016,ES52,2,1.48
2020,NUTS,2016,ES53,2,0.0
2020,NUTS,2016,ES61,2,0.0
2020,NUTS,2016,ES62,2,0.0
2020,NUTS,2016,ES70,2,0.0
2020,NUTS,2016,FI19,2,0.0
2020,NUTS,2016,FI1B,2,2.34
2020,NUTS,2016,FI1C,2,0.0
2020,NUTS,2016,FI1D,2,0.0
2020,NUTS,2016,FR10,2,0.65
2020,NUTS,2016,FRB0,2,0.0
2020,NUTS,2016,FRC1,2,0.0
2020,NUTS,2016,FRC2,2,0.0
2020,NUTS,2016,FRD1,2,0.0
2020,NUTS,2016,FRD2,2,0.0
2020,NUTS,2016,FRE1,2,0.0
2020,NUTS,2016,FRE2,2,0.0
2020,NUTS,2016,FRF1,2,0.0
2020,NUTS,2016,FRF2,2,0.0
2020,NUTS,2016,FRF3,2,0.0
2020,NUTS,2016,FRG0,2,0.0
2020,NUTS,2016,FRH0,2,0.0
2020,NUTS,2016,FRI1,2,0.0
2020,NUTS,2016,FRI2,2,0.0
2020,NUTS,2016,FRI3,2,0.0
2020,NUTS,2016,FRJ1,2,0.0
2020,NUTS,2016,FRJ2,2,0.0
2020,NUTS,2016,FRK2,2,1.02
2020,NUTS,2016,FRL0,2,0.78
2020,NUTS,2016,FRM0,2,0.0
2020,NUTS,2016,FRY1,2,0.0
2020,NUTS,2016,FRY3,2,0.0
2020,NUTS,2016,FRY4,2,0.0
2020,NUTS,2016,HR03,2,0.0
2020,NUTS,2016,HR04,2,0.0
2020,NUTS,2016,HU11,2,2.54
2020,NUTS,2016,HU12,2,0.0
2020,NUTS,2016,HU21,2,0.0
2020,NUTS,2016,HU22,2,0.0
2020,NUTS,2016,HU23,2,17.19
2020,NUTS,2016,HU31,2,0.0
2020,NUTS,2016,HU32,2,0.0
2020,NUTS,2016,HU33,2,5.55
2020,NUTS,2016,IE04,2,4.29
2020,NUTS,2016,IE05,2,0.0
2020,NUTS,2016,IE06,2,0.0
2020,NUTS,2016,IS00,2,0.0
2020,NUTS,2016,ITC1,2,0.6
2020,NUTS,2016,ITC3,2,0.0
2020,NUTS,2016,ITC4,2,1.64
2020,NUTS,2016,ITF1,2,0.0
2020,NUTS,2016,ITF2,2,0.0
2020,NUTS,2016,ITF3,2,0.0
2020,NUTS,2016,ITF4,2,0.6
2020,NUTS,2016,ITF5,2,0.0
2020,NUTS,2016,ITF6,2,0.0
2020,NUTS,2016,ITG1,2,0.0
2020,NUTS,2016,ITG2,2,0.0
2020,NUTS,2016,ITH1,2,0.0
2020,NUTS,2016,ITH2,2,0.0
2020,NUTS,2016,ITH3,2,0.0
2020,NUTS,2016,ITH4,2,0.0
2020,NUTS,2016,ITH5,2,0.36
2020,NUTS,2016,ITI1,2,1.33
2020,NUTS,2016,ITI2,2,0.0
2020,NUTS,2016,ITI3,2,0.0
2020,NUTS,2016,ITI4,2,0.64
2020,NUTS,2016,LI00,2,0.0
2020,NUTS,2016,LT01,2,0.0
2020,NUTS,2016,LT02,2,0.0
2020,NUTS,2016,LU00,2,0.0
2020,NUTS,2016,LV00,2,8.25
2020,NUTS,2016,ME00,2,0.0
2020,NUTS,2016,MK00,2,0.0
2020,NUTS,2016,MT00,2,0.0
2020,NUTS,2016,NL11,2,0.0
2020,NUTS,2016,NL12,2,0.0
2020,NUTS,2016,NL13,2,0.0
2020,NUTS,2016,NL21,2,0.0
2020,NUTS,2016,NL22,2,1.55
2020,NUTS,2016,NL23,2,0.0
2020,NUTS,2016,NL31,2,0.66
2020,NUTS,2016,NL32,2,0.79
2020,NUTS,2016,NL33,2,0.93
2020,NUTS,2016,NL41,2,0.0
2020,NUTS,2016,NL42,2,0.0
2020,NUTS,2016,NO01,2,1.16
2020,NUTS,2016,NO02,2,0.0
2020,NUTS,2016,NO03,2,0.0
2020,NUTS,2016,NO04,2,0.0
2020,NUTS,2016,NO05,2,0.0
2020,NUTS,2016,NO06,2,0.0
2020,NUTS,2016,NO07,2,0.0
2020,NUTS,2016,PL21,2,0.0
2020,NUTS,2016,PL22,2,0.0
2020,NUTS,2016,PL41,2,3.35
2020,NUTS,2016,PL42,2,0.0
2020,NUTS,2016,PL43,2,0.0
2020,NUTS,2016,PL51,2,0.0
2020,NUTS,2016,PL52,2,0.0
2020,NUTS,2016,PL61,2,0.0
2020,NUTS,2016,PL62,2,0.0
2020,NUTS,2016,PL63,2,0.0
2020,NUTS,2016,PL71,2,0.0
2020,NUTS,2016,PL72,2,0.0
2020,NUTS,2016,PL81,2,0.0
2020,NUTS,2016,PL82,2,0.0
2020,NUTS,2016,PL84,2,0.0
2020,NUTS,2016,PL91,2,0.0
2020,NUTS,2016,PL92,2,0.0
2020,NUTS,2016,PT11,2,0.0
2020,NUTS,2016,PT16,2,0.0
2020,NUTS,2016,PT17,2,0.94
2020,NUTS,2016,PT20,2,0.0
2020,NUTS,2016,PT30,2,0.0
2020,NUTS,2016,RO11,2,0.0
2020,NUTS,2016,RO12,2,0.0
2020,NUTS,2016,RO21,2,0.0
2020,NUTS,2016,RO31,2,0.0
2020,NUTS,2016,RO32,2,0.0
2020,NUTS,2016,RO41,2,0.0
2020,NUTS,2016,RO42,2,0.0
2020,NUTS,2016,RS11,2,0.0
2020,NUTS,2016,RS12,2,0.0
2020,NUTS,2016,RS21,2,0.0
2020,NUTS,2016,RS22,2,0.0
2020,NUTS,2016,SE11,2,0.29
2020,NUTS,2016,SE12,2,0.64
2020,NUTS,2016,SE21,2,0.0
2020,NUTS,2016,SE22,2,0.0
2020,NUTS,2016,SE23,2,0.0
2020,NUTS,2016,SE31,2,0.0
2020,NUTS,2016,SE32,2,0.0
2020,NUTS,2016,SE33,2,0.0
2020,NUTS,2016,SI03,2,0.0
2020,NUTS,2016,SI04,2,1.94
2020,NUTS,2016,SK01,2,0.0
2020,NUTS,2016,SK02,2,0.0
2020,NUTS,2016,SK03,2,0.0
2020,NUTS,2016,SK04,2,0.0
2020,NUTS,2016,TR10,2,3.45
2020,NUTS,2016,TR21,2,0.0
2020,NUTS,2016,TR22,2,0.0
2020,NUTS,2016,TR31,2,0.0
2020,NUTS,2016,TR32,2,0.0
2020,NUTS,2016,TR33,2,0.0
2020,NUTS,2016,TR41,2,0.0
2020,NUTS,2016,TR42,2,0.0
2020,NUTS,2016,TR51,2,0.0
2020,NUTS,2016,TR52,2,0.0
2020,NUTS,2016,TR61,2,0.0
2020,NUTS,2016,TR62,2,0.0
2020,NUTS,2016,TR63,2,0.0
2020,NUTS,2016,TR71,2,0.0
2020,NUTS,2016,TR72,2,0.0
2020,NUTS,2016,TR81,2,0.0
2020,NUTS,2016,TR82,2,0.0
2020,NUTS,2016,TR83,2,0.0
2020,NUTS,2016,TR90,2,0.0
2020,NUTS,2016,TRA1,2,0.0
2020,NUTS,2016,TRA2,2,29.16
2020,NUTS,2016,TRB1,2,0.0
2020,NUTS,2016,TRB2,2,0.0
2020,NUTS,2016,TRC1,2,0.0
2020,NUTS,2016,TRC2,2,0.0
2020,NUTS,2016,TRC3,2,0.0
2020,NUTS,2016,UKC1,2,1.16
2020,NUTS,2016,UKC2,2,0.0
2020,NUTS,2016,UKD1,2,0.0
2020,NUTS,2016,UKD3,2,0.0
2020,NUTS,2016,UKD4,2,0.0
2020,NUTS,2016,UKD6,2,0.0
2020,NUTS,2016,UKD7,2,0.88
2020,NUTS,2016,UKE1,2,0.0
2020,NUTS,2016,UKE2,2,0.0
2020,NUTS,2016,UKE3,2,0.9
2020,NUTS,2016,UKE4,2,0.0
2020,NUTS,2016,UKF1,2,0.55
2020,NUTS,2016,UKF2,2,0.0
2020,NUTS,2016,UKF3,2,0.0
2020,NUTS,2016,UKG1,2,1.75
2020,NUTS,2016,UKG2,2,0.0
2020,NUTS,2016,UKG3,2,2.29
2020,NUTS,2016,UKH1,2,3.25
2020,NUTS,2016,UKH2,2,2.48
2020,NUTS,2016,UKH3,2,0.0
2020,NUTS,2016,UKI3,2,1.28
2020,NUTS,2016,UKI4,2,0.0
2020,NUTS,2016,UKI5,2,0.0
2020,NUTS,2016,UKI6,2,0.0
2020,NUTS,2016,UKI7,2,2.18
2020,NUTS,2016,UKJ1,2,2.39
2020,NUTS,2016,UKJ2,2,0.63
2020,NUTS,2016,UKJ3,2,1.82
2020,NUTS,2016,UKJ4,2,0.0
2020,NUTS,2016,UKK1,2,0.39
2020,NUTS,2016,UKK2,2,0.0
2020,NUTS,2016,UKK3,2,0.0
2020,NUTS,2016,UKK4,2,0.0
2020,NUTS,2016,UKL1,2,0.0
2020,NUTS,2016,UKL2,2,1.47
2020,NUTS,2016,UKM5,2,0.0
2020,NUTS,2016,UKM6,2,0.0
2020,NUTS,2016,UKM7,2,3.28
2020,NUTS,2016,UKM8,2,1.52
2020,NUTS,2016,UKM9,2,0.0
2020,NUTS,2016,UKN0,2,0.0
2020,NUTS,2016,AL021,3,0.0
2020,NUTS,2016,AL022,3,0.0
2020,NUTS,2016,AL035,3,0.0
2020,NUTS,2016,AT123,3,0.0
2020,NUTS,2016,AT124,3,0.0
2020,NUTS,2016,AT126,3,0.0
2020,NUTS,2016,AT127,3,0.0
2020,NUTS,2016,AT130,3,2.45
2020,NUTS,2016,AT211,3,0.0
2020,NUTS,2016,AT221,3,0.0
2020,NUTS,2016,AT312,3,0.0
2020,NUTS,2016,AT323,3,0.0
2020,NUTS,2016,AT332,3,1.84
2020,NUTS,2016,BE100,3,2.34
2020,NUTS,2016,BE211,3,0.0
2020,NUTS,2016,BE212,3,0.0
2020,NUTS,2016,BE213,3,0.0
2020,NUTS,2016,BE221,3,0.0
2020,NUTS,2016,BE234,3,0.0
2020,NUTS,2016,BE241,3,0.0
2020,NUTS,2016,BE242,3,0.0
2020,NUTS,2016,BE251,3,0.0
2020,NUTS,2016,BE254,3,0.0
2020,NUTS,2016,BE255,3,0.0
2020,NUTS,2016,BE310,3,0.0
2020,NUTS,2016,BE323,3,0.0
2020,NUTS,2016,BE332,3,3.61
2020,NUTS,2016,BE352,3,0.0
2020,NUTS,2016,BG314,3,0.0
2020,NUTS,2016,BG321,3,0.0
2020,NUTS,2016,BG323,3,0.0
2020,NUTS,2016,BG331,3,0.0
2020,NUTS,2016,BG344,3,0.0
2020,NUTS,2016,BG411,3,3.24
2020,NUTS,2016,BG413,3,0.0
2020,NUTS,2016,BG421,3,0.0
2020,NUTS,2016,CH011,3,0.0
2020,NUTS,2016,CH012,3,0.0
2020,NUTS,2016,CH013,3,2.3
2020,NUTS,2016,CH021,3,0.0
2020,NUTS,2016,CH022,3,0.0
2020,NUTS,2016,CH023,3,0.0
2020,NUTS,2016,CH024,3,0.0
2020,NUTS,2016,CH025,3,0.0
2020,NUTS,2016,CH031,3,4.87
2020,NUTS,2016,CH033,3,0.0
2020,NUTS,2016,CH040,3,2.6
2020,NUTS,2016,CH055,3,0.0
2020,NUTS,2016,CH061,3,0.0
2020,NUTS,2016,CH070,3,0.0
2020,NUTS,2016,CY000,3,1.54
2020,NUTS,2016,CZ010,3,1.74
2020,NUTS,2016,CZ020,3,0.0
2020,NUTS,2016,CZ031,3,0.0
2020,NUTS,2016,CZ032,3,0.0
2020,NUTS,2016,CZ042,3,0.0
2020,NUTS,2016,CZ051,3,0.0
2020,NUTS,2016,CZ052,3,0.0
2020,NUTS,2016,CZ053,3,0.0
2020,NUTS,2016,CZ064,3,1.11
2020,NUTS,2016,CZ071,3,0.0
2020,NUTS,2016,CZ072,3,0.0
2020,NUTS,2016,CZ080,3,0.0
2020,NUTS,2016,DE111,3,0.0
2020,NUTS,2016,DE113,3,0.0
2020,NUTS,2016,DE117,3,0.0
2020,NUTS,2016,DE122,3,0.0
2020,NUTS,2016,DE125,3,2.15
2020,NUTS,2016,DE126,3,0.0
2020,NUTS,2016,DE129,3,0.0
2020,NUTS,2016,DE131,3,0.0
2020,NUTS,2016,DE134,3,0.0
2020,NUTS,2016,DE136,3,0.0
2020,NUTS,2016,DE138,3,0.0
2020,NUTS,2016,DE141,3,0.0
2020,NUTS,2016,DE142,3,0.0
2020,NUTS,2016,DE144,3,0.0
2020,NUTS,2016,DE148,3,0.0
2020,NUTS,2016,DE212,3,0.21
2020,NUTS,2016,DE219,3,0.0
2020,NUTS,2016,DE21B,3,0.0
2020,NUTS,2016,DE21H,3,0.0
2020,NUTS,2016,DE222,3,0.0
2020,NUTS,2016,DE232,3,0.0
2020,NUTS,2016,DE241,3,0.0
2020,NUTS,2016,DE242,3,0.0
2020,NUTS,2016,DE243,3,0.0
2020,NUTS,2016,DE252,3,0.0
2020,NUTS,2016,DE254,3,0.0
2020,NUTS,2016,DE263,3,0.0
2020,NUTS,2016,DE271,3,0.0
2020,NUTS,2016,DE300,3,0.83
2020,NUTS,2016,DE402,3,0.0
2020,NUTS,2016,DE403,3,0.0
2020,NUTS,2016,DE404,3,2.82
2020,NUTS,2016,DE406,3,0.0
2020,NUTS,2016,DE501,3,0.0
2020,NUTS,2016,DE502,3,0.0
2020,NUTS,2016,DE600,3,2.99
2020,NUTS,2016,DE711,3,0.0
2020,NUTS,2016,DE712,3,0.0
2020,NUTS,2016,DE714,3,0.0
2020,NUTS,2016,DE715,3,0.0
2020,NUTS,2016,DE718,3,0.0
2020,NUTS,2016,DE71C,3,0.0
2020,NUTS,2016,DE721,3,0.0
2020,NUTS,2016,DE724,3,0.0
2020,NUTS,2016,DE731,3,4.1
2020,NUTS,2016,DE732,3,0.0
2020,NUTS,2016,DE803,3,0.0
2020,NUTS,2016,DE80N,3,0.0
2020,NUTS,2016,DE911,3,0.0
2020,NUTS,2016,DE916,3,0.0
2020,NUTS,2016,DE91B,3,0.0
2020,NUTS,2016,DE91C,3,0.0
2020,NUTS,2016,DE925,3,0.0
2020,NUTS,2016,DE926,3,0.0
2020,NUTS,2016,DE929,3,0.0
2020,NUTS,2016,DE943,3,0.0
2020,NUTS,2016,DE94E,3,0.0
2020,NUTS,2016,DE94F,3,0.0
2020,NUTS,2016,DEA13,3,0.0
2020,NUTS,2016,DEA1A,3,0.0
2020,NUTS,2016,DEA1B,3,0.0
2020,NUTS,2016,DEA1D,3,0.0
2020,NUTS,2016,DEA22,3,0.96
2020,NUTS,2016,DEA23,3,1.57
2020,NUTS,2016,DEA26,3,0.0
2020,NUTS,2016,DEA27,3,0.0
2020,NUTS,2016,DEA2B,3,0.0
2020,NUTS,2016,DEA2C,3,0.0
2020,NUTS,2016,DEA2D,3,0.0
2020,NUTS,2016,DEA33,3,0.0
2020,NUTS,2016,DEA41,3,0.0
2020,NUTS,2016,DEA45,3,0.0
2020,NUTS,2016,DEA47,3,0.0
2020,NUTS,2016,DEA51,3,0.0
2020,NUTS,2016,DEA52,3,0.0
2020,NUTS,2016,DEA56,3,0.0
2020,NUTS,2016,DEA5A,3,0.0
2020,NUTS,2016,DEA5C,3,0.0
2020,NUTS,2016,DEB11,3,0.0
2020,NUTS,2016,DEB17,3,0.0
2020,NUTS,2016,DEB21,3,0.0
2020,NUTS,2016,DEB32,3,0.0
2020,NUTS,2016,DEB33,3,0.0
2020,NUTS,2016,DEB35,3,0.0
2020,NUTS,2016,DEB38,3,0.0
2020,NUTS,2016,DEB3F,3,0.0
2020,NUTS,2016,DEC01,3,0.0
2020,NUTS,2016,DED21,3,0.0
2020,NUTS,2016,DED41,3,2.11
2020,NUTS,2016,DED43,3,3.33
2020,NUTS,2016,DED51,3,0.0
2020,NUTS,2016,DEE02,3,0.0
2020,NUTS,2016,DEE03,3,0.0
2020,NUTS,2016,DEE09,3,0.0
2020,NUTS,2016,DEF01,3,0.0
2020,NUTS,2016,DEF02,3,0.0
2020,NUTS,2016,DEF03,3,0.0
2020,NUTS,2016,DEF0A,3,0.0
2020,NUTS,2016,DEG01,3,0.0
2020,NUTS,2016,DEG03,3,0.0
2020,NUTS,2016,DEG05,3,0.0
2020,NUTS,2016,DEG07,3,0.0
2020,NUTS,2016,DK011,3,0.43
2020,NUTS,2016,DK012,3,1.43
2020,NUTS,2016,DK013,3,0.0
2020,NUTS,2016,DK021,3,0.0
2020,NUTS,2016,DK022,3,0.0
2020,NUTS,2016,DK031,3,0.0
2020,NUTS,2016,DK032,3,0.0
2020,NUTS,2016,DK042,3,0.0
2020,NUTS,2016,DK050,3,0.0
2020,NUTS,2016,EE001,3,0.0
2020,NUTS,2016,EE008,3,0.0
2020,NUTS,2016,EL301,3,0.0
2020,NUTS,2016,EL302,3,0.0
2020,NUTS,2016,EL303,3,2.0
2020,NUTS,2016,EL305,3,0.0
2020,NUTS,2016,EL411,3,0.0
2020,NUTS,2016,EL431,3,19.91
2020,NUTS,2016,EL433,3,3.76
2020,NUTS,2016,EL434,3,40.82
2020,NUTS,2016,EL512,3,6.33
2020,NUTS,2016,EL522,3,0.0
2020,NUTS,2016,EL531,3,0.0
2020,NUTS,2016,EL543,3,0.0
2020,NUTS,2016,EL613,3,0.0
2020,NUTS,2016,EL632,3,0.0
2020,NUTS,2016,EL651,3,0.0
2020,NUTS,2016,ES111,3,2.44
2020,NUTS,2016,ES114,3,6.64
2020,NUTS,2016,ES120,3,0.0
2020,NUTS,2016,ES211,3,0.0
2020,NUTS,2016,ES212,3,0.0
2020,NUTS,2016,ES213,3,0.0
2020,NUTS,2016,ES220,3,3.74
2020,NUTS,2016,ES230,3,0.0
2020,NUTS,2016,ES243,3,0.0
2020,NUTS,2016,ES300,3,1.07
2020,NUTS,2016,ES412,3,24.01
2020,NUTS,2016,ES413,3,4.25
2020,NUTS,2016,ES415,3,0.0
2020,NUTS,2016,ES416,3,0.0
2020,NUTS,2016,ES418,3,0.0
2020,NUTS,2016,ES421,3,0.0
2020,NUTS,2016,ES431,3,0.0
2020,NUTS,2016,ES432,3,0.0
2020,NUTS,2016,ES511,3,0.0
2020,NUTS,2016,ES512,3,0.0
2020,NUTS,2016,ES513,3,0.0
2020,NUTS,2016,ES514,3,0.0
2020,NUTS,2016,ES521,3,0.0
2020,NUTS,2016,ES522,3,0.0
2020,NUTS,2016,ES523,3,2.0
2020,NUTS,2016,ES532,3,0.0
2020,NUTS,2016,ES614,3,0.0
2020,NUTS,2016,ES615,3,0.0
2020,NUTS,2016,ES616,3,0.0
2020,NUTS,2016,ES617,3,0.0
2020,NUTS,2016,ES618,3,0.0
2020,NUTS,2016,ES620,3,0.0
2020,NUTS,2016,ES705,3,0.0
2020,NUTS,2016,ES709,3,0.0
2020,NUTS,2016,FI193,3,0.0
2020,NUTS,2016,FI194,3,0.0
2020,NUTS,2016,FI195,3,0.0
2020,NUTS,2016,FI196,3,0.0
2020,NUTS,2016,FI197,3,0.0
2020,NUTS,2016,FI1B1,3,2.34
2020,NUTS,2016,FI1C1,3,0.0
2020,NUTS,2016,FI1C5,3,0.0
2020,NUTS,2016,FI1D2,3,0.0
2020,NUTS,2016,FI1D5,3,0.0
2020,NUTS,2016,FI1D7,3,0.0
2020,NUTS,2016,FI1D9,3,0.0
2020,NUTS,2016,FR101,3,2.0
2020,NUTS,2016,FR102,3,0.0
2020,NUTS,2016,FR103,3,0.0
2020,NUTS,2016,FR104,3,0.22
2020,NUTS,2016,FR105,3,0.0
2020,NUTS,2016,FR107,3,0.0
2020,NUTS,2016,FR108,3,0.0
2020,NUTS,2016,FRB04,3,0.0
2020,NUTS,2016,FRB06,3,0.0
2020,NUTS,2016,FRC11,3,0.0
2020,NUTS,2016,FRC21,3,0.0
2020,NUTS,2016,FRD11,3,0.0
2020,NUTS,2016,FRD22,3,0.0
2020,NUTS,2016,FRE11,3,0.0
2020,NUTS,2016,FRE12,3,0.0
2020,NUTS,2016,FRE22,3,0.0
2020,NUTS,2016,FRE23,3,0.0
2020,NUTS,2016,FRF11,3,0.0
2020,NUTS,2016,FRF12,3,0.0
2020,NUTS,2016,FRF22,3,0.0
2020,NUTS,2016,FRF23,3,0.0
2020,NUTS,2016,FRF31,3,0.0
2020,NUTS,2016,FRF33,3,0.0
2020,NUTS,2016,FRG01,3,0.0
2020,NUTS,2016,FRG02,3,0.0
2020,NUTS,2016,FRG04,3,0.0
2020,NUTS,2016,FRH02,3,0.0
2020,NUTS,2016,FRH03,3,0.0
2020,NUTS,2016,FRH04,3,0.0
2020,NUTS,2016,FRI12,3,0.0
2020,NUTS,2016,FRI13,3,0.0
2020,NUTS,2016,FRI23,3,0.0
2020,NUTS,2016,FRI32,3,0.0
2020,NUTS,2016,FRI34,3,0.0
2020,NUTS,2016,FRJ12,3,0.0
2020,NUTS,2016,FRJ13,3,0.0
2020,NUTS,2016,FRJ15,3,0.0
2020,NUTS,2016,FRJ23,3,0.0
2020,NUTS,2016,FRJ27,3,0.0
2020,NUTS,2016,FRK24,3,0.0
2020,NUTS,2016,FRK25,3,0.0
2020,NUTS,2016,FRK26,3,1.28
2020,NUTS,2016,FRK27,3,0.0
2020,NUTS,2016,FRK28,3,0.0
2020,NUTS,2016,FRL03,3,0.0
2020,NUTS,2016,FRL04,3,0.81
2020,NUTS,2016,FRL05,3,0.0
2020,NUTS,2016,FRL06,3,0.0
2020,NUTS,2016,FRM02,3,0.0
2020,NUTS,2016,FRY10,3,0.0
2020,NUTS,2016,FRY30,3,0.0
2020,NUTS,2016,FRY40,3,0.0
2020,NUTS,2016,HR031,3,0.0
2020,NUTS,2016,HR035,3,0.0
2020,NUTS,2016,HR036,3,0.0
2020,NUTS,2016,HR037,3,0.0
2020,NUTS,2016,HR041,3,0.0
2020,NUTS,2016,HR04B,3,0.0
2020,NUTS,2016,HU110,3,2.54
2020,NUTS,2016,HU120,3,0.0
2020,NUTS,2016,HU213,3,0.0
2020,NUTS,2016,HU221,3,0.0
2020,NUTS,2016,HU231,3,17.56
2020,NUTS,2016,HU232,3,0.0
2020,NUTS,2016,HU311,3,0.0
2020,NUTS,2016,HU321,3,0.0
2020,NUTS,2016,HU333,3,5.55
2020,NUTS,2016,IE041,3,0.0
2020,NUTS,2016,IE042,3,4.42
2020,NUTS,2016,IE051,3,0.0
2020,NUTS,2016,IE052,3,0.0
2020,NUTS,2016,IE053,3,0.0
2020,NUTS,2016,IE061,3,0.0
2020,NUTS,2016,IE062,3,0.0
2020,NUTS,2016,IE063,3,0.0
2020,NUTS,2016,IS001,3,0.0
2020,NUTS,2016,IS002,3,0.0
2020,NUTS,2016,ITC11,3,0.7
2020,NUTS,2016,ITC12,3,0.0
2020,NUTS,2016,ITC16,3,0.0
2020,NUTS,2016,ITC18,3,0.0
2020,NUTS,2016,ITC33,3,0.0
2020,NUTS,2016,ITC41,3,0.0
2020,NUTS,2016,ITC42,3,0.0
2020,NUTS,2016,ITC46,3,0.0
2020,NUTS,2016,ITC47,3,3.03
2020,NUTS,2016,ITC48,3,1.12
2020,NUTS,2016,ITC4C,3,1.7
2020,NUTS,2016,ITF11,3,0.0
2020,NUTS,2016,ITF12,3,0.0
2020,NUTS,2016,ITF14,3,0.0
2020,NUTS,2016,ITF21,3,0.0
2020,NUTS,2016,ITF22,3,0.0
2020,NUTS,2016,ITF32,3,0.0
2020,NUTS,2016,ITF33,3,0.0
2020,NUTS,2016,ITF35,3,0.0
2020,NUTS,2016,ITF45,3,0.0
2020,NUTS,2016,ITF46,3,0.0
2020,NUTS,2016,ITF47,3,0.79
2020,NUTS,2016,ITF51,3,0.0
2020,NUTS,2016,ITF61,3,0.0
2020,NUTS,2016,ITF63,3,0.0
2020,NUTS,2016,ITF65,3,0.0
2020,NUTS,2016,ITG13,3,0.0
2020,NUTS,2016,ITG16,3,0.0
2020,NUTS,2016,ITG17,3,0.0
2020,NUTS,2016,ITG25,3,0.0
2020,NUTS,2016,ITG27,3,0.0
2020,NUTS,2016,ITH10,3,0.0
2020,NUTS,2016,ITH20,3,0.0
2020,NUTS,2016,ITH31,3,0.0
2020,NUTS,2016,ITH35,3,0.0
2020,NUTS,2016,ITH36,3,0.0
2020,NUTS,2016,ITH42,3,0.0
2020,NUTS,2016,ITH44,3,0.0
2020,NUTS,2016,ITH52,3,0.0
2020,NUTS,2016,ITH54,3,0.0
2020,NUTS,2016,ITH55,3,0.76
2020,NUTS,2016,ITH56,3,0.0
2020,NUTS,2016,ITI12,3,0.0
2020,NUTS,2016,ITI14,3,1.94
2020,NUTS,2016,ITI17,3,0.0
2020,NUTS,2016,ITI19,3,2.35
2020,NUTS,2016,ITI21,3,0.0
2020,NUTS,2016,ITI31,3,0.0
2020,NUTS,2016,ITI32,3,0.0
2020,NUTS,2016,ITI33,3,0.0
2020,NUTS,2016,ITI41,3,0.0
2020,NUTS,2016,ITI43,3,0.65
2020,NUTS,2016,ITI45,3,0.0
2020,NUTS,2016,LI000,3,0.0
2020,NUTS,2016,LT011,3,0.0
2020,NUTS,2016,LT022,3,0.0
2020,NUTS,2016,LT023,3,0.0
2020,NUTS,2016,LT026,3,0.0
2020,NUTS,2016,LU000,3,0.0
2020,NUTS,2016,LV005,3,0.0
2020,NUTS,2016,LV006,3,8.46
2020,NUTS,2016,LV009,3,0.0
2020,NUTS,2016,ME000,3,0.0
2020,NUTS,2016,MK003,3,0.0
2020,NUTS,2016,MK005,3,0.0
2020,NUTS,2016,MK006,3,0.0
2020,NUTS,2016,MK008,3,0.0
2020,NUTS,2016,MT001,3,0.0
2020,NUTS,2016,NL113,3,0.0
2020,NUTS,2016,NL124,3,0.0
2020,NUTS,2016,NL133,3,0.0
2020,NUTS,2016,NL213,3,0.0
2020,NUTS,2016,NL221,3,0.0
2020,NUTS,2016,NL226,3,1.77
2020,NUTS,2016,NL230,3,0.0
2020,NUTS,2016,NL310,3,0.66
2020,NUTS,2016,NL324,3,0.0
2020,NUTS,2016,NL329,3,0.79
2020,NUTS,2016,NL332,3,0.0
2020,NUTS,2016,NL333,3,1.59
2020,NUTS,2016,NL337,3,0.0
2020,NUTS,2016,NL33C,3,1.55
2020,NUTS,2016,NL411,3,0.0
2020,NUTS,2016,NL412,3,0.0
2020,NUTS,2016,NL413,3,0.0
2020,NUTS,2016,NL414,3,0.0
2020,NUTS,2016,NL423,3,0.0
2020,NUTS,2016,NO011,3,1.31
2020,NUTS,2016,NO012,3,0.0
2020,NUTS,2016,NO021,3,0.0
2020,NUTS,2016,NO022,3,0.0
2020,NUTS,2016,NO031,3,0.0
2020,NUTS,2016,NO032,3,0.0
2020,NUTS,2016,NO041,3,0.0
2020,NUTS,2016,NO042,3,0.0
2020,NUTS,2016,NO043,3,0.0
2020,NUTS,2016,NO051,3,0.0
2020,NUTS,2016,NO053,3,0.0
2020,NUTS,2016,NO060,3,0.0
2020,NUTS,2016,NO071,3,0.0
2020,NUTS,2016,NO072,3,0.0
2020,NUTS,2016,PL213,3,0.0
2020,NUTS,2016,PL224,3,0.0
2020,NUTS,2016,PL225,3,0.0
2020,NUTS,2016,PL229,3,0.0
2020,NUTS,2016,PL22A,3,0.0
2020,NUTS,2016,PL415,3,3.35
2020,NUTS,2016,PL424,3,0.0
2020,NUTS,2016,PL426,3,0.0
2020,NUTS,2016,PL432,3,0.0
2020,NUTS,2016,PL514,3,0.0
2020,NUTS,2016,PL524,3,0.0
2020,NUTS,2016,PL613,3,0.0
2020,NUTS,2016,PL622,3,0.0
2020,NUTS,2016,PL633,3,0.0
2020,NUTS,2016,PL711,3,0.0
2020,NUTS,2016,PL721,3,0.0
2020,NUTS,2016,PL814,3,0.0
2020,NUTS,2016,PL823,3,0.0
2020,NUTS,2016,PL841,3,0.0
2020,NUTS,2016,PL842,3,0.0
2020,NUTS,2016,PL911,3,0.0
2020,NUTS,2016,PL912,3,0.0
2020,NUTS,2016,PL913,3,0.0
2020,NUTS,2016,PL921,3,0.0
2020,NUTS,2016,PL925,3,0.0
2020,NUTS,2016,PT112,3,0.0
2020,NUTS,2016,PT119,3,0.0
2020,NUTS,2016,PT11A,3,0.0
2020,NUTS,2016,PT11D,3,0.0
2020,NUTS,2016,PT16D,3,0.0
2020,NUTS,2016,PT16E,3,0.0
2020,NUTS,2016,PT16G,3,0.0
2020,NUTS,2016,PT16H,3,0.0
2020,NUTS,2016,PT16J,3,0.0
2020,NUTS,2016,PT170,3,0.94
2020,NUTS,2016,PT200,3,0.0
2020,NUTS,2016,PT300,3,0.0
2020,NUTS,2016,RO111,3,0.0
2020,NUTS,2016,RO113,3,0.0
2020,NUTS,2016,RO122,3,0.0
2020,NUTS,2016,RO126,3,0.0
2020,NUTS,2016,RO213,3,0.0
2020,NUTS,2016,RO215,3,0.0
2020,NUTS,2016,RO311,3,0.0
2020,NUTS,2016,RO321,3,0.0
2020,NUTS,2016,RO322,3,0.0
2020,NUTS,2016,RO411,3,0.0
2020,NUTS,2016,RO421,3,0.0
2020,NUTS,2016,RO424,3,0.0
2020,NUTS,2016,RS110,3,0.0
2020,NUTS,2016,RS123,3,0.0
2020,NUTS,2016,RS214,3,0.0
2020,NUTS,2016,RS225,3,0.0
2020,NUTS,2016,SE110,3,0.29
2020,NUTS,2016,SE121,3,0.96
2020,NUTS,2016,SE123,3,0.0
2020,NUTS,2016,SE124,3,0.0
2020,NUTS,2016,SE125,3,0.0
2020,NUTS,2016,SE211,3,0.0
2020,NUTS,2016,SE213,3,0.0
2020,NUTS,2016,SE221,3,0.0
2020,NUTS,2016,SE224,3,0.0
2020,NUTS,2016,SE231,3,0.0
2020,NUTS,2016,SE232,3,0.0
2020,NUTS,2016,SE311,3,0.0
2020,NUTS,2016,SE312,3,0.0
2020,NUTS,2016,SE321,3,0.0
2020,NUTS,2016,SE331,3,0.0
2020,NUTS,2016,SE332,3,0.0
2020,NUTS,2016,SI032,3,0.0
2020,NUTS,2016,SI033,3,0.0
2020,NUTS,2016,SI041,3,2.09
2020,NUTS,2016,SI043,3,0.0
2020,NUTS,2016,SI044,3,0.0
2020,NUTS,2016,SK010,3,0.0
2020,NUTS,2016,SK021,3,0.0
2020,NUTS,2016,SK023,3,0.0
2020,NUTS,2016,SK031,3,0.0
2020,NUTS,2016,SK032,3,0.0
2020,NUTS,2016,SK041,3,0.0
2020,NUTS,2016,SK042,3,0.0
2020,NUTS,2016,TR100,3,3.45
2020,NUTS,2016,TR211,3,0.0
2020,NUTS,2016,TR212,3,0.0
2020,NUTS,2016,TR213,3,0.0
2020,NUTS,2016,TR221,3,0.0
2020,NUTS,2016,TR222,3,0.0
2020,NUTS,2016,TR310,3,0.0
2020,NUTS,2016,TR321,3,0.0
2020,NUTS,2016,TR322,3,0.0
2020,NUTS,2016,TR331,3,0.0
2020,NUTS,2016,TR332,3,0.0
2020,NUTS,2016,TR333,3,0.0
2020,NUTS,2016,TR334,3,0.0
2020,NUTS,2016,TR411,3,0.0
2020,NUTS,2016,TR412,3,0.0
2020,NUTS,2016,TR421,3,0.0
2020,NUTS,2016,TR422,3,0.0
2020,NUTS,2016,TR423,3,0.0
2020,NUTS,2016,TR424,3,0.0
2020,NUTS,2016,TR425,3,0.0
2020,NUTS,2016,TR510,3,0.0
2020,NUTS,2016,TR521,3,0.0
2020,NUTS,2016,TR522,3,0.0
2020,NUTS,2016,TR611,3,0.0
2020,NUTS,2016,TR613,3,0.0
2020,NUTS,2016,TR621,3,0.0
2020,NUTS,2016,TR622,3,0.0
2020,NUTS,2016,TR631,3,0.0
2020,NUTS,2016,TR633,3,0.0
2020,NUTS,2016,TR711,3,0.0
2020,NUTS,2016,TR712,3,0.0
2020,NUTS,2016,TR715,3,0.0
2020,NUTS,2016,TR721,3,0.0
2020,NUTS,2016,TR722,3,0.0
2020,NUTS,2016,TR811,3,0.0
2020,NUTS,2016,TR812,3,0.0
2020,NUTS,2016,TR813,3,0.0
2020,NUTS,2016,TR821,3,0.0
2020,NUTS,2016,TR822,3,0.0
2020,NUTS,2016,TR823,3,0.0
2020,NUTS,2016,TR831,3,0.0
2020,NUTS,2016,TR832,3,0.0
2020,NUTS,2016,TR833,3,0.0
2020,NUTS,2016,TR834,3,0.0
2020,NUTS,2016,TR901,3,0.0
2020,NUTS,2016,TR902,3,0.0
2020,NUTS,2016,TR903,3,0.0
2020,NUTS,2016,TR905,3,0.0
2020,NUTS,2016,TRA11,3,0.0
2020,NUTS,2016,TRA12,3,0.0
2020,NUTS,2016,TRA13,3,0.0
2020,NUTS,2016,TRA22,3,34.02
2020,NUTS,2016,TRA24,3,0.0
2020,NUTS,2016,TRB11,3,0.0
2020,NUTS,2016,TRB12,3,0.0
2020,NUTS,2016,TRB13,3,0.0
2020,NUTS,2016,TRB22,3,0.0
2020,NUTS,2016,TRC12,3,0.0
2020,NUTS,2016,TRC21,3,0.0
2020,NUTS,2016,TRC22,3,0.0
2020,NUTS,2016,TRC31,3,0.0
2020,NUTS,2016,TRC32,3,0.0
2020,NUTS,2016,TRC34,3,0.0
2020,NUTS,2016,UKC11,3,0.0
2020,NUTS,2016,UKC12,3,0.0
2020,NUTS,2016,UKC14,3,1.45
2020,NUTS,2016,UKC22,3,0.0
2020,NUTS,2016,UKC23,3,0.0
2020,NUTS,2016,UKD11,3,0.0
2020,NUTS,2016,UKD12,3,0.0
2020,NUTS,2016,UKD33,3,0.0
2020,NUTS,2016,UKD34,3,0.0
2020,NUTS,2016,UKD35,3,0.0
2020,NUTS,2016,UKD36,3,0.0
2020,NUTS,2016,UKD37,3,0.0
2020,NUTS,2016,UKD42,3,0.0
2020,NUTS,2016,UKD44,3,0.0
2020,NUTS,2016,UKD45,3,0.0
2020,NUTS,2016,UKD46,3,0.0
2020,NUTS,2016,UKD47,3,0.0
2020,NUTS,2016,UKD61,3,0.0
2020,NUTS,2016,UKD62,3,0.0
2020,NUTS,2016,UKD63,3,0.0
2020,NUTS,2016,UKD71,3,0.0
2020,NUTS,2016,UKD72,3,0.91
2020,NUTS,2016,UKD73,3,0.0
2020,NUTS,2016,UKD74,3,0.0
2020,NUTS,2016,UKE11,3,0.0
2020,NUTS,2016,UKE12,3,0.0
2020,NUTS,2016,UKE13,3,0.0
2020,NUTS,2016,UKE21,3,0.0
2020,NUTS,2016,UKE22,3,0.0
2020,NUTS,2016,UKE31,3,0.0
2020,NUTS,2016,UKE32,3,0.94
2020,NUTS,2016,UKE41,3,0.0
2020,NUTS,2016,UKE42,3,0.0
2020,NUTS,2016,UKE44,3,0.0
2020,NUTS,2016,UKF11,3,0.0
2020,NUTS,2016,UKF12,3,0.0
2020,NUTS,2016,UKF13,3,0.0
2020,NUTS,2016,UKF14,3,0.7
2020,NUTS,2016,UKF15,3,0.0
2020,NUTS,2016,UKF16,3,0.0
2020,NUTS,2016,UKF21,3,0.0
2020,NUTS,2016,UKF22,3,0.0
2020,NUTS,2016,UKF24,3,0.0
2020,NUTS,2016,UKF25,3,0.0
2020,NUTS,2016,UKF30,3,0.0
2020,NUTS,2016,UKG12,3,0.0
2020,NUTS,2016,UKG13,3,1.83
2020,NUTS,2016,UKG21,3,0.0
2020,NUTS,2016,UKG22,3,0.0
2020,NUTS,2016,UKG23,3,0.0
2020,NUTS,2016,UKG24,3,0.0
2020,NUTS,2016,UKG31,3,2.76
2020,NUTS,2016,UKG33,3,0.0
2020,NUTS,2016,UKG36,3,0.0
2020,NUTS,2016,UKG39,3,0.0
2020,NUTS,2016,UKH11,3,0.0
2020,NUTS,2016,UKH12,3,2.43
2020,NUTS,2016,UKH14,3,0.0
2020,NUTS,2016,UKH15,3,136.06
2020,NUTS,2016,UKH17,3,9.05
2020,NUTS,2016,UKH21,3,0.0
2020,NUTS,2016,UKH23,3,2.79
2020,NUTS,2016,UKH25,3,0.0
2020,NUTS,2016,UKH31,3,0.0
2020,NUTS,2016,UKH34,3,0.0
2020,NUTS,2016,UKH35,3,0.0
2020,NUTS,2016,UKH36,3,0.0
2020,NUTS,2016,UKH37,3,0.0
2020,NUTS,2016,UKI31,3,2.01
2020,NUTS,2016,UKI32,3,0.2
2020,NUTS,2016,UKI33,3,1.9
2020,NUTS,2016,UKI34,3,0.0
2020,NUTS,2016,UKI41,3,0.0
2020,NUTS,2016,UKI42,3,0.0
2020,NUTS,2016,UKI43,3,0.0
2020,NUTS,2016,UKI44,3,0.0
2020,NUTS,2016,UKI45,3,0.0
2020,NUTS,2016,UKI51,3,0.0
2020,NUTS,2016,UKI52,3,0.0
2020,NUTS,2016,UKI53,3,0.0
2020,NUTS,2016,UKI54,3,0.0
2020,NUTS,2016,UKI61,3,0.0
2020,NUTS,2016,UKI62,3,0.0
2020,NUTS,2016,UKI63,3,0.0
2020,NUTS,2016,UKI71,3,0.0
2020,NUTS,2016,UKI72,3,0.0
2020,NUTS,2016,UKI73,3,0.0
2020,NUTS,2016,UKI74,3,3.18
2020,NUTS,2016,UKI75,3,0.0
2020,NUTS,2016,UKJ11,3,0.0
2020,NUTS,2016,UKJ12,3,0.0
2020,NUTS,2016,UKJ13,3,0.0
2020,NUTS,2016,UKJ14,3,2.58
2020,NUTS,2016,UKJ21,3,0.0
2020,NUTS,2016,UKJ22,3,0.0
2020,NUTS,2016,UKJ25,3,1.21
2020,NUTS,2016,UKJ26,3,0.0
2020,NUTS,2016,UKJ27,3,0.0
2020,NUTS,2016,UKJ28,3,0.0
2020,NUTS,2016,UKJ31,3,0.0
2020,NUTS,2016,UKJ32,3,1.67
2020,NUTS,2016,UKJ34,3,0.0
2020,NUTS,2016,UKJ36,3,0.0
2020,NUTS,2016,UKJ37,3,21.48
2020,NUTS,2016,UKJ41,3,0.0
2020,NUTS,2016,UKJ44,3,0.0
2020,NUTS,2016,UKJ45,3,0.0
2020,NUTS,2016,UKJ46,3,0.0
2020,NUTS,2016,UKK11,3,0.56
2020,NUTS,2016,UKK12,3,0.0
2020,NUTS,2016,UKK13,3,0.0
2020,NUTS,2016,UKK14,3,0.0
2020,NUTS,2016,UKK15,3,0.0
2020,NUTS,2016,UKK21,3,0.0
2020,NUTS,2016,UKK22,3,0.0
2020,NUTS,2016,UKK23,3,0.0
2020,NUTS,2016,UKK30,3,0.0
2020,NUTS,2016,UKK41,3,0.0
2020,NUTS,2016,UKK43,3,0.0
2020,NUTS,2016,UKL12,3,0.0
2020,NUTS,2016,UKL14,3,0.0
2020,NUTS,2016,UKL15,3,0.0
2020,NUTS,2016,UKL16,3,0.0
2020,NUTS,2016,UKL17,3,0.0
2020,NUTS,2016,UKL18,3,0.0
2020,NUTS,2016,UKL21,3,0.0
2020,NUTS,2016,UKL22,3,1.62
2020,NUTS,2016,UKL23,3,0.0
2020,NUTS,2016,UKM50,3,0.0
2020,NUTS,2016,UKM62,3,0.0
2020,NUTS,2016,UKM71,3,0.0
2020,NUTS,2016,UKM72,3,2.96
2020,NUTS,2016,UKM73,3,0.0
2020,NUTS,2016,UKM75,3,3.74
2020,NUTS,2016,UKM76,3,0.0
2020,NUTS,2016,UKM77,3,0.0
2020,NUTS,2016,UKM81,3,0.0
2020,NUTS,2016,UKM82,3,1.59
2020,NUTS,2016,UKM83,3,0.0
2020,NUTS,2016,UKM84,3,0.0
2020,NUTS,2016,UKM91,3,0.0
2020,NUTS,2016,UKM92,3,0.0
2020,NUTS,2016,UKM93,3,0.0
2020,NUTS,2016,UKM94,3,0.0
2020,NUTS,2016,UKM95,3,0.0
2020,NUTS,2016,UKN06,3,0.0
2020,NUTS,2016,UKN07,3,0.0
2020,NUTS,2016,UKN10,3,0.0
2020,NUTS,2016,UKN13,3,0.0
2020,NUTS,2016,UKN14,3,0.0
2021,NUTS,2021,AL,0,0.0
2021,NUTS,2021,AT,0,0.0
2021,NUTS,2021,BE,0,0.0
2021,NUTS,2021,BG,0,0.0
2021,NUTS,2021,CH,0,4.72
2021,NUTS,2021,CY,0,4.07
2021,NUTS,2021,CZ,0,0.0
2021,NUTS,2021,DE,0,1.04
2021,NUTS,2021,DK,0,0.66
2021,NUTS,2021,EE,0,0.0
2021,NUTS,2021,EL,0,3.92
2021,NUTS,2021,ES,0,0.22
2021,NUTS,2021,FI,0,0.0
2021,NUTS,2021,FR,0,0.29
2021,NUTS,2021,HR,0,0.0
2021,NUTS,2021,HU,0,0.0
2021,NUTS,2021,IE,0,3.58
2021,NUTS,2021,IS,0,0.0
2021,NUTS,2021,IT,0,0.33
2021,NUTS,2021,LT,0,0.0
2021,NUTS,2021,LU,0,0.0
2021,NUTS,2021,LV,0,0.0
2021,NUTS,2021,ME,0,0.0
2021,NUTS,2021,MK,0,0.0
2021,NUTS,2021,MT,0,0.0
2021,NUTS,2021,NL,0,0.3
2021,NUTS,2021,NO,0,0.0
2021,NUTS,2021,PL,0,1.35
2021,NUTS,2021,PT,0,0.0
2021,NUTS,2021,RO,0,0.0
2021,NUTS,2021,RS,0,0.0
2021,NUTS,2021,SE,0,0.99
2021,NUTS,2021,SI,0,0.0
2021,NUTS,2021,SK,0,0.0
2021,NUTS,2021,TR,0,0.0
2021,NUTS,2021,UK,0,1.41
2021,NUTS,2021,AL0,1,0.0
2021,NUTS,2021,AT1,1,0.0
2021,NUTS,2021,AT2,1,0.0
2021,NUTS,2021,AT3,1,0.0
2021,NUTS,2021,BE1,1,0.0
2021,NUTS,2021,BE2,1,0.0
2021,NUTS,2021,BE3,1,0.0
2021,NUTS,2021,BG3,1,0.0
2021,NUTS,2021,BG4,1,0.0
2021,NUTS,2021,CH0,1,4.72
2021,NUTS,2021,CY0,1,4.07
2021,NUTS,2021,CZ0,1,0.0
2021,NUTS,2021,DE1,1,0.0
2021,NUTS,2021,DE2,1,0.0
2021,NUTS,2021,DE3,1,1.14
2021,NUTS,2021,DE4,1,27.25
2021,NUTS,2021,DE5,1,0.0
2021,NUTS,2021,DE6,1,0.0
2021,NUTS,2021,DE7,1,1.9
2021,NUTS,2021,DE8,1,0.0
2021,NUTS,2021,DE9,1,4.65
2021,NUTS,2021,DEA,1,0.82
2021,NUTS,2021,DEB,1,0.0
2021,NUTS,2021,DEC,1,0.0
2021,NUTS,2021,DED,1,0.0
2021,NUTS,2021,DEE,1,0.0
2021,NUTS,2021,DEF,1,0.0
2021,NUTS,2021,DEG,1,0.0
2021,NUTS,2021,DK0,1,0.66
2021,NUTS,2021,EE0,1,0.0
2021,NUTS,2021,EL3,1,2.18
2021,NUTS,2021,EL4,1,0.0
2021,NUTS,2021,EL5,1,7.32
2021,NUTS,2021,EL6,1,6.53
2021,NUTS,2021,ES1,1,0.0
2021,NUTS,2021,ES2,1,0.0
2021,NUTS,2021,ES3,1,0.6
2021,NUTS,2021,ES4,1,0.0
2021,NUTS,2021,ES5,1,0.0
2021,NUTS,2021,ES6,1,0.0
2021,NUTS,2021,ES7,1,0.0
2021,NUTS,2021,FI1,1,0.0
2021,NUTS,2021,FR1,1,0.0
2021,NUTS,2021,FRB,1,0.0
2021,NUTS,2021,FRC,1,0.0
2021,NUTS,2021,FRD,1,0.0
2021,NUTS,2021,FRE,1,0.0
2021,NUTS,2021,FRF,1,0.0
2021,NUTS,2021,FRG,1,0.0
2021,NUTS,2021,FRH,1,0.0
2021,NUTS,2021,FRI,1,0.0
2021,NUTS,2021,FRJ,1,0.0
2021,NUTS,2021,FRK,1,0.0
2021,NUTS,2021,FRL,1,0.0
2021,NUTS,2021,FRM,1,0.0
2021,NUTS,2021,FRY,1,65.26
2021,NUTS,2021,HR0,1,0.0
2021,NUTS,2021,HU1,1,0.0
2021,NUTS,2021,HU2,1,0.0
2021,NUTS,2021,HU3,1,0.0
2021,NUTS,2021,IE0,1,3.58
2021,NUTS,2021,IS0,1,0.0
2021,NUTS,2021,ITC,1,0.3
2021,NUTS,2021,ITF,1,0.0
2021,NUTS,2021,ITG,1,0.0
2021,NUTS,2021,ITH,1,0.53
2021,NUTS,2021,ITI,1,0.49
2021,NUTS,2021,LT0,1,0.0
2021,NUTS,2021,LU0,1,0.0
2021,NUTS,2021,LV0,1,0.0
2021,NUTS,2021,ME0,1,0.0
2021,NUTS,2021,MK0,1,0.0
2021,NUTS,2021,MT0,1,0.0
2021,NUTS,2021,NL1,1,0.0
2021,NUTS,2021,NL2,1,1.27
2021,NUTS,2021,NL3,1,0.0
2021,NUTS,2021,NL4,1,0.0
2021,NUTS,2021,NO0,1,0.0
2021,NUTS,2021,PL2,1,0.0
2021,NUTS,2021,PL4,1,0.0
2021,NUTS,2021,PL5,1,0.0
2021,NUTS,2021,PL6,1,0.0
2021,NUTS,2021,PL7,1,0.0
2021,NUTS,2021,PL8,1,0.0
2021,NUTS,2021,PL9,1,5.1
2021,NUTS,2021,PT1,1,0.0
2021,NUTS,2021,PT2,1,0.0
2021,NUTS,2021,PT3,1,0.0
2021,NUTS,2021,RO1,1,0.0
2021,NUTS,2021,RO2,1,0.0
2021,NUTS,2021,RO3,1,0.0
2021,NUTS,2021,RO4,1,0.0
2021,NUTS,2021,RS1,1,0.0
2021,NUTS,2021,RS2,1,0.0
2021,NUTS,2021,SE1,1,0.0
2021,NUTS,2021,SE2,1,1.87
2021,NUTS,2021,SE3,1,7.38
2021,NUTS,2021,SI0,1,0.0
2021,NUTS,2021,SK0,1,0.0
2021,NUTS,2021,TR1,1,0.0
2021,NUTS,2021,TR2,1,0.0
2021,NUTS,2021,TR3,1,0.0
2021,NUTS,2021,TR4,1,0.0
2021,NUTS,2021,TR5,1,0.0
2021,NUTS,2021,TR6,1,0.0
2021,NUTS,2021,TR7,1,0.0
2021,NUTS,2021,TR8,1,0.0
2021,NUTS,2021,TR9,1,0.0
2021,NUTS,2021,TRA,1,0.0
2021,NUTS,2021,TRB,1,0.0
2021,NUTS,2021,TRC,1,0.0
2021,NUTS,2021,UKC,1,0.0
2021,NUTS,2021,UKD,1,0.61
2021,NUTS,2021,UKE,1,0.0
2021,NUTS,2021,UKF,1,0.93
2021,NUTS,2021,UKG,1,0.83
2021,NUTS,2021,UKH,1,1.81
2021,NUTS,2021,UKI,1,0.98
2021,NUTS,2021,UKJ,1,1.46
2021,NUTS,2021,UKK,1,0.95
2021,NUTS,2021,UKL,1,1.59
2021,NUTS,2021,UKM,1,5.18
2021,NUTS,2021,UKN,1,0.0
2021,NUTS,2021,AL02,2,0.0
2021,NUTS,2021,AL03,2,0.0
2021,NUTS,2021,AT12,2,0.0
2021,NUTS,2021,AT13,2,0.0
2021,NUTS,2021,AT21,2,0.0
2021,NUTS,2021,AT22,2,0.0
2021,NUTS,2021,AT31,2,0.0
2021,NUTS,2021,AT32,2,0.0
2021,NUTS,2021,AT33,2,0.0
2021,NUTS,2021,BE10,2,0.0
2021,NUTS,2021,BE21,2,0.0
2021,NUTS,2021,BE22,2,0.0
2021,NUTS,2021,BE23,2,0.0
2021,NUTS,2021,BE24,2,0.0
2021,NUTS,2021,BE25,2,0.0
2021,NUTS,2021,BE31,2,0.0
2021,NUTS,2021,BE32,2,0.0
2021,NUTS,2021,BE33,2,0.0
2021,NUTS,2021,BE35,2,0.0
2021,NUTS,2021,BG31,2,0.0
2021,NUTS,2021,BG33,2,0.0
2021,NUTS,2021,BG34,2,0.0
2021,NUTS,2021,BG41,2,0.0
2021,NUTS,2021,BG42,2,0.0
2021,NUTS,2021,CH01,2,2.9
2021,NUTS,2021,CH02,2,5.1
2021,NUTS,2021,CH03,2,8.21
2021,NUTS,2021,CH04,2,5.96
2021,NUTS,2021,CH05,2,0.0
2021,NUTS,2021,CH06,2,0.0
2021,NUTS,2021,CH07,2,0.0
2021,NUTS,2021,CY00,2,4.07
2021,NUTS,2021,CZ01,2,0.0
2021,NUTS,2021,CZ02,2,0.0
2021,NUTS,2021,CZ03,2,0.0
2021,NUTS,2021,CZ04,2,0.0
2021,NUTS,2021,CZ05,2,0.0
2021,NUTS,2021,CZ06,2,0.0
2021,NUTS,2021,CZ07,2,0.0
2021,NUTS,2021,CZ08,2,0.0
2021,NUTS,2021,DE11,2,0.0
2021,NUTS,2021,DE12,2,0.0
2021,NUTS,2021,DE13,2,0.0
2021,NUTS,2021,DE14,2,0.0
2021,NUTS,2021,DE21,2,0.0
2021,NUTS,2021,DE22,2,0.0
2021,NUTS,2021,DE23,2,0.0
2021,NUTS,2021,DE24,2,0.0
2021,NUTS,2021,DE25,2,0.0
2021,NUTS,2021,DE26,2,0.0
2021,NUTS,2021,DE27,2,0.0
2021,NUTS,2021,DE30,2,1.14
2021,NUTS,2021,DE40,2,27.25
2021,NUTS,2021,DE50,2,0.0
2021,NUTS,2021,DE60,2,0.0
2021,NUTS,2021,DE71,2,0.0
2021,NUTS,2021,DE72,2,0.0
2021,NUTS,2021,DE73,2,7.38
2021,NUTS,2021,DE80,2,0.0
2021,NUTS,2021,DE91,2,0.0
2021,NUTS,2021,DE92,2,11.12
2021,NUTS,2021,DE94,2,0.0
2021,NUTS,2021,DEA1,2,0.0
2021,NUTS,2021,DEA2,2,0.0
2021,NUTS,2021,DEA3,2,0.0
2021,NUTS,2021,DEA4,2,11.27
2021,NUTS,2021,DEA5,2,0.0
2021,NUTS,2021,DEB1,2,0.0
2021,NUTS,2021,DEB2,2,0.0
2021,NUTS,2021,DEB3,2,0.0
2021,NUTS,2021,DEC0,2,0.0
2021,NUTS,2021,DED2,2,0.0
2021,NUTS,2021,DED4,2,0.0
2021,NUTS,2021,DED5,2,0.0
2021,NUTS,2021,DEE0,2,0.0
2021,NUTS,2021,DEF0,2,0.0
2021,NUTS,2021,DEG0,2,0.0
2021,NUTS,2021,DK01,2,0.0
2021,NUTS,2021,DK02,2,0.0
2021,NUTS,2021,DK03,2,3.83
2021,NUTS,2021,DK04,2,0.0
2021,NUTS,2021,DK05,2,0.0
2021,NUTS,2021,EE00,2,0.0
2021,NUTS,2021,EL30,2,2.18
2021,NUTS,2021,EL41,2,0.0
2021,NUTS,2021,EL43,2,0.0
2021,NUTS,2021,EL51,2,19.08
2021,NUTS,2021,EL52,2,5.69
2021,NUTS,2021,EL53,2,0.0
2021,NUTS,2021,EL54,2,0.0
2021,NUTS,2021,EL61,2,0.0
2021,NUTS,2021,EL63,2,0.0
2021,NUTS,2021,EL65,2,68.89
2021,NUTS,2021,ES11,2,0.0
2021,NUTS,2021,ES12,2,0.0
2021,NUTS,2021,ES21,2,0.0
2021,NUTS,2021,ES22,2,0.0
2021,NUTS,2021,ES23,2,0.0
2021,NUTS,2021,ES24,2,0.0
2021,NUTS,2021,ES30,2,0.6
2021,NUTS,2021,ES41,2,0.0
2021,NUTS,2021,ES42,2,0.0
2021,NUTS,2021,ES43,2,0.0
2021,NUTS,2021,ES51,2,0.0
2021,NUTS,2021,ES52,2,0.0
2021,NUTS,2021,ES53,2,0.0
2021,NUTS,2021,ES61,2,0.0
2021,NUTS,2021,ES62,2,0.0
2021,NUTS,2021,ES70,2,0.0
2021,NUTS,2021,FI19,2,0.0
2021,NUTS,2021,FI1B,2,0.0
2021,NUTS,2021,FI1C,2,0.0
2021,NUTS,2021,FI1D,2,0.0
2021,NUTS,2021,FR10,2,0.0
2021,NUTS,2021,FRB0,2,0.0
2021,NUTS,2021,FRC1,2,0.0
2021,NUTS,2021,FRC2,2,0.0
2021,NUTS,2021,FRD1,2,0.0
2021,NUTS,2021,FRD2,2,0.0
2021,NUTS,2021,FRE1,2,0.0
2021,NUTS,2021,FRE2,2,0.0
2021,NUTS,2021,FRF1,2,0.0
2021,NUTS,2021,FRF2,2,0.0
2021,NUTS,2021,FRF3,2,0.0
2021,NUTS,2021,FRG0,2,0.0
2021,NUTS,2021,FRH0,2,0.0
2021,NUTS,2021,FRI1,2,0.0
2021,NUTS,2021,FRI2,2,0.0
2021,NUTS,2021,FRI3,2,0.0
2021,NUTS,2021,FRJ1,2,0.0
2021,NUTS,2021,FRJ2,2,0.0
2021,NUTS,2021,FRK2,2,0.0
2021,NUTS,2021,FRL0,2,0.0
2021,NUTS,2021,FRM0,2,0.0
2021,NUTS,2021,FRY1,2,0.0
2021,NUTS,2021,FRY3,2,0.0
2021,NUTS,2021,FRY4,2,155.0
2021,NUTS,2021,HR02,2,0.0
2021,NUTS,2021,HR03,2,0.0
2021,NUTS,2021,HR05,2,0.0
2021,NUTS,2021,HU11,2,0.0
2021,NUTS,2021,HU12,2,0.0
2021,NUTS,2021,HU21,2,0.0
2021,NUTS,2021,HU22,2,0.0
2021,NUTS,2021,HU23,2,0.0
2021,NUTS,2021,HU31,2,0.0
2021,NUTS,2021,HU32,2,0.0
2021,NUTS,2021,HU33,2,0.0
2021,NUTS,2021,IE04,2,0.0
2021,NUTS,2021,IE05,2,4.25
2021,NUTS,2021,IE06,2,4.03
2021,NUTS,2021,IS00,2,0.0
2021,NUTS,2021,ITC1,2,1.95
2021,NUTS,2021,ITC3,2,0.0
2021,NUTS,2021,ITC4,2,0.0
2021,NUTS,2021,ITF1,2,0.0
2021,NUTS,2021,ITF2,2,0.0
2021,NUTS,2021,ITF3,2,0.0
2021,NUTS,2021,ITF4,2,0.0
2021,NUTS,2021,ITF5,2,0.0
2021,NUTS,2021,ITF6,2,0.0
2021,NUTS,2021,ITG1,2,0.0
2021,NUTS,2021,ITG2,2,0.0
2021,NUTS,2021,ITH1,2,0.0
2021,NUTS,2021,ITH2,2,0.0
2021,NUTS,2021,ITH3,2,1.36
2021,NUTS,2021,ITH4,2,0.0
2021,NUTS,2021,ITH5,2,0.0
2021,NUTS,2021,ITI1,2,0.0
2021,NUTS,2021,ITI2,2,0.0
2021,NUTS,2021,ITI3,2,0.0
2021,NUTS,2021,ITI4,2,0.85
2021,NUTS,2021,LT01,2,0.0
2021,NUTS,2021,LT02,2,0.0
2021,NUTS,2021,LU00,2,0.0
2021,NUTS,2021,LV00,2,0.0
2021,NUTS,2021,ME00,2,0.0
2021,NUTS,2021,MK00,2,0.0
2021,NUTS,2021,MT00,2,0.0
2021,NUTS,2021,NL11,2,0.0
2021,NUTS,2021,NL12,2,0.0
2021,NUTS,2021,NL13,2,0.0
2021,NUTS,2021,NL21,2,0.0
2021,NUTS,2021,NL22,2,1.41
2021,NUTS,2021,NL23,2,0.0
2021,NUTS,2021,NL31,2,0.0
2021,NUTS,2021,NL32,2,0.0
2021,NUTS,2021,NL33,2,0.0
2021,NUTS,2021,NL41,2,0.0
2021,NUTS,2021,NL42,2,0.0
2021,NUTS,2021,NO02,2,0.0
2021,NUTS,2021,NO06,2,0.0
2021,NUTS,2021,NO07,2,0.0
2021,NUTS,2021,NO08,2,0.0
2021,NUTS,2021,NO09,2,0.0
2021,NUTS,2021,NO0A,2,0.0
2021,NUTS,2021,PL21,2,0.0
2021,NUTS,2021,PL22,2,0.0
2021,NUTS,2021,PL41,2,0.0
2021,NUTS,2021,PL42,2,0.0
2021,NUTS,2021,PL43,2,0.0
2021,NUTS,2021,PL51,2,0.0
2021,NUTS,2021,PL52,2,0.0
2021,NUTS,2021,PL61,2,0.0
2021,NUTS,2021,PL62,2,0.0
2021,NUTS,2021,PL63,2,0.0
2021,NUTS,2021,PL71,2,0.0
2021,NUTS,2021,PL72,2,0.0
2021,NUTS,2021,PL81,2,0.0
2021,NUTS,2021,PL82,2,0.0
2021,NUTS,2021,PL84,2,0.0
2021,NUTS,2021,PL91,2,5.13
2021,NUTS,2021,PL92,2,0.0
2021,NUTS,2021,PT11,2,0.0
2021,NUTS,2021,PT16,2,0.0
2021,NUTS,2021,PT17,2,0.0
2021,NUTS,2021,PT20,2,0.0
2021,NUTS,2021,PT30,2,0.0
2021,NUTS,2021,RO11,2,0.0
2021,NUTS,2021,RO12,2,0.0
2021,NUTS,2021,RO21,2,0.0
2021,NUTS,2021,RO32,2,0.0
2021,NUTS,2021,RO41,2,0.0
2021,NUTS,2021,RO42,2,0.0
2021,NUTS,2021,RS11,2,0.0
2021,NUTS,2021,RS12,2,0.0
2021,NUTS,2021,RS21,2,0.0
2021,NUTS,2021,RS22,2,0.0
2021,NUTS,2021,SE11,2,0.0
2021,NUTS,2021,SE12,2,0.0
2021,NUTS,2021,SE21,2,0.0
2021,NUTS,2021,SE22,2,0.0
2021,NUTS,2021,SE23,2,3.6
2021,NUTS,2021,SE31,2,0.0
2021,NUTS,2021,SE32,2,0.0
2021,NUTS,2021,SE33,2,9.32
2021,NUTS,2021,SI03,2,0.0
2021,NUTS,2021,SI04,2,0.0
2021,NUTS,2021,SK01,2,0.0
2021,NUTS,2021,SK02,2,0.0
2021,NUTS,2021,SK03,2,0.0
2021,NUTS,2021,SK04,2,0.0
2021,NUTS,2021,TR10,2,0.0
2021,NUTS,2021,TR21,2,0.0
2021,NUTS,2021,TR22,2,0.0
2021,NUTS,2021,TR31,2,0.0
2021,NUTS,2021,TR32,2,0.0
2021,NUTS,2021,TR33,2,0.0
2021,NUTS,2021,TR41,2,0.0
2021,NUTS,2021,TR42,2,0.0
2021,NUTS,2021,TR51,2,0.0
2021,NUTS,2021,TR52,2,0.0
2021,NUTS,2021,TR61,2,0.0
2021,NUTS,2021,TR62,2,0.0
2021,NUTS,2021,TR63,2,0.0
2021,NUTS,2021,TR71,2,0.0
2021,NUTS,2021,TR72,2,0.0
2021,NUTS,2021,TR81,2,0.0
2021,NUTS,2021,TR82,2,0.0
2021,NUTS,2021,TR83,2,0.0
2021,NUTS,2021,TR90,2,0.0
2021,NUTS,2021,TRA1,2,0.0
2021,NUTS,2021,TRA2,2,0.0
2021,NUTS,2021,TRB1,2,0.0
2021,NUTS,2021,TRB2,2,0.0
2021,NUTS,2021,TRC1,2,0.0
2021,NUTS,2021,TRC2,2,0.0
2021,NUTS,2021,TRC3,2,0.0
2021,NUTS,2021,UKC1,2,0.0
2021,NUTS,2021,UKC2,2,0.0
2021,NUTS,2021,UKD1,2,0.0
2021,NUTS,2021,UKD3,2,1.23
2021,NUTS,2021,UKD4,2,0.0
2021,NUTS,2021,UKD6,2,0.0
2021,NUTS,2021,UKD7,2,0.0
2021,NUTS,2021,UKE1,2,0.0
2021,NUTS,2021,UKE2,2,0.0
2021,NUTS,2021,UKE3,2,0.0
2021,NUTS,2021,UKE4,2,0.0
2021,NUTS,2021,UKF1,2,0.0
2021,NUTS,2021,UKF2,2,2.03
2021,NUTS,2021,UKF3,2,0.0
2021,NUTS,2021,UKG1,2,3.56
2021,NUTS,2021,UKG2,2,0.0
2021,NUTS,2021,UKG3,2,0.0
2021,NUTS,2021,UKH1,2,1.26
2021,NUTS,2021,UKH2,2,3.85
2021,NUTS,2021,UKH3,2,0.0
2021,NUTS,2021,UKI3,2,1.2
2021,NUTS,2021,UKI4,2,0.0
2021,NUTS,2021,UKI5,2,0.0
2021,NUTS,2021,UKI6,2,0.0
2021,NUTS,2021,UKI7,2,0.0
2021,NUTS,2021,UKJ1,2,2.3
2021,NUTS,2021,UKJ2,2,0.0
2021,NUTS,2021,UKJ3,2,0.0
2021,NUTS,2021,UKJ4,2,0.0
2021,NUTS,2021,UKK1,2,1.31
2021,NUTS,2021,UKK2,2,0.0
2021,NUTS,2021,UKK3,2,0.0
2021,NUTS,2021,UKK4,2,0.0
2021,NUTS,2021,UKL1,2,0.0
2021,NUTS,2021,UKL2,2,2.42
2021,NUTS,2021,UKM5,2,0.0
2021,NUTS,2021,UKM6,2,0.0
2021,NUTS,2021,UKM7,2,6.34
2021,NUTS,2021,UKM8,2,4.96
2021,NUTS,2021,UKM9,2,0.0
2021,NUTS,2021,UKN0,2,0.0
2021,NUTS,2021,AL021,3,0.0
2021,NUTS,2021,AL022,3,0.0
2021,NUTS,2021,AL035,3,0.0
2021,NUTS,2021,AT123,3,0.0
2021,NUTS,2021,AT124,3,0.0
2021,NUTS,2021,AT126,3,0.0
2021,NUTS,2021,AT127,3,0.0
2021,NUTS,2021,AT130,3,0.0
2021,NUTS,2021,AT211,3,0.0
2021,NUTS,2021,AT221,3,0.0
2021,NUTS,2021,AT223,3,0.0
2021,NUTS,2021,AT312,3,0.0
2021,NUTS,2021,AT323,3,0.0
2021,NUTS,2021,AT332,3,0.0
2021,NUTS,2021,AT335,3,0.0
2021,NUTS,2021,BE100,3,0.0
2021,NUTS,2021,BE211,3,0.0
2021,NUTS,2021,BE213,3,0.0
2021,NUTS,2021,BE224,3,0.0
2021,NUTS,2021,BE234,3,0.0
2021,NUTS,2021,BE241,3,0.0
2021,NUTS,2021,BE242,3,0.0
2021,NUTS,2021,BE254,3,0.0
2021,NUTS,2021,BE310,3,0.0
2021,NUTS,2021,BE323,3,0.0
2021,NUTS,2021,BE332,3,0.0
2021,NUTS,2021,BE352,3,0.0
2021,NUTS,2021,BG314,3,0.0
2021,NUTS,2021,BG333,3,0.0
2021,NUTS,2021,BG344,3,0.0
2021,NUTS,2021,BG411,3,0.0
2021,NUTS,2021,BG413,3,0.0
2021,NUTS,2021,BG421,3,0.0
2021,NUTS,2021,CH011,3,2.53
2021,NUTS,2021,CH012,3,0.0
2021,NUTS,2021,CH013,3,3.14
2021,NUTS,2021,CH021,3,5.9
2021,NUTS,2021,CH022,3,0.0
2021,NUTS,2021,CH023,3,0.0
2021,NUTS,2021,CH024,3,0.0
2021,NUTS,2021,CH025,3,0.0
2021,NUTS,2021,CH031,3,8.71
2021,NUTS,2021,CH033,3,0.0
2021,NUTS,2021,CH040,3,5.96
2021,NUTS,2021,CH055,3,0.0
2021,NUTS,2021,CH061,3,0.0
2021,NUTS,2021,CH070,3,0.0
2021,NUTS,2021,CY000,3,4.07
2021,NUTS,2021,CZ010,3,0.0
2021,NUTS,2021,CZ020,3,0.0
2021,NUTS,2021,CZ031,3,0.0
2021,NUTS,2021,CZ032,3,0.0
2021,NUTS,2021,CZ042,3,0.0
2021,NUTS,2021,CZ051,3,0.0
2021,NUTS,2021,CZ052,3,0.0
2021,NUTS,2021,CZ053,3,0.0
2021,NUTS,2021,CZ064,3,0.0
2021,NUTS,2021,CZ071,3,0.0
2021,NUTS,2021,CZ072,3,0.0
2021,NUTS,2021,CZ080,3,0.0
2021,NUTS,2021,DE111,3,0.0
2021,NUTS,2021,DE113,3,0.0
2021,NUTS,2021,DE117,3,0.0
2021,NUTS,2021,DE122,3,0.0
2021,NUTS,2021,DE125,3,0.0
2021,NUTS,2021,DE126,3,0.0
2021,NUTS,2021,DE131,3,0.0
2021,NUTS,2021,DE134,3,0.0
2021,NUTS,2021,DE136,3,0.0
2021,NUTS,2021,DE138,3,0.0
2021,NUTS,2021,DE141,3,0.0
2021,NUTS,2021,DE142,3,0.0
2021,NUTS,2021,DE144,3,0.0
2021,NUTS,2021,DE147,3,0.0
2021,NUTS,2021,DE212,3,0.0
2021,NUTS,2021,DE219,3,0.0
2021,NUTS,2021,DE21B,3,0.0
2021,NUTS,2021,DE21H,3,0.0
2021,NUTS,2021,DE222,3,0.0
2021,NUTS,2021,DE232,3,0.0
2021,NUTS,2021,DE241,3,0.0
2021,NUTS,2021,DE242,3,0.0
2021,NUTS,2021,DE243,3,0.0
2021,NUTS,2021,DE252,3,0.0
2021,NUTS,2021,DE254,3,0.0
2021,NUTS,2021,DE263,3,0.0
2021,NUTS,2021,DE271,3,0.0
2021,NUTS,2021,DE300,3,1.14
2021,NUTS,2021,DE402,3,0.0
2021,NUTS,2021,DE404,3,28.18
2021,NUTS,2021,DE501,3,0.0
2021,NUTS,2021,DE502,3,0.0
2021,NUTS,2021,DE600,3,0.0
2021,NUTS,2021,DE711,3,0.0
2021,NUTS,2021,DE712,3,0.0
2021,NUTS,2021,DE714,3,0.0
2021,NUTS,2021,DE718,3,0.0
2021,NUTS,2021,DE71C,3,0.0
2021,NUTS,2021,DE721,3,0.0
2021,NUTS,2021,DE724,3,0.0
2021,NUTS,2021,DE731,3,7.9
2021,NUTS,2021,DE732,3,0.0
2021,NUTS,2021,DE803,3,0.0
2021,NUTS,2021,DE80N,3,0.0
2021,NUTS,2021,DE911,3,0.0
2021,NUTS,2021,DE916,3,0.0
2021,NUTS,2021,DE91B,3,0.0
2021,NUTS,2021,DE91C,3,0.0
2021,NUTS,2021,DE925,3,0.0
2021,NUTS,2021,DE929,3,11.38
2021,NUTS,2021,DE943,3,0.0
2021,NUTS,2021,DE94E,3,0.0
2021,NUTS,2021,DEA13,3,0.0
2021,NUTS,2021,DEA1A,3,0.0
2021,NUTS,2021,DEA1B,3,0.0
2021,NUTS,2021,DEA22,3,0.0
2021,NUTS,2021,DEA23,3,0.0
2021,NUTS,2021,DEA26,3,0.0
2021,NUTS,2021,DEA27,3,0.0
2021,NUTS,2021,DEA2B,3,0.0
2021,NUTS,2021,DEA2C,3,0.0
2021,NUTS,2021,DEA2D,3,0.0
2021,NUTS,2021,DEA33,3,0.0
2021,NUTS,2021,DEA41,3,14.25
2021,NUTS,2021,DEA47,3,0.0
2021,NUTS,2021,DEA51,3,0.0
2021,NUTS,2021,DEA52,3,0.0
2021,NUTS,2021,DEA56,3,0.0
2021,NUTS,2021,DEA58,3,0.0
2021,NUTS,2021,DEA5A,3,0.0
2021,NUTS,2021,DEA5C,3,0.0
2021,NUTS,2021,DEB11,3,0.0
2021,NUTS,2021,DEB17,3,0.0
2021,NUTS,2021,DEB21,3,0.0
2021,NUTS,2021,DEB32,3,0.0
2021,NUTS,2021,DEB33,3,0.0
2021,NUTS,2021,DEB35,3,0.0
2021,NUTS,2021,DEB39,3,0.0
2021,NUTS,2021,DEB3F,3,0.0
2021,NUTS,2021,DEC01,3,0.0
2021,NUTS,2021,DED21,3,0.0
2021,NUTS,2021,DED41,3,0.0
2021,NUTS,2021,DED43,3,0.0
2021,NUTS,2021,DED51,3,0.0
2021,NUTS,2021,DEE02,3,0.0
2021,NUTS,2021,DEE03,3,0.0
2021,NUTS,2021,DEE0B,3,0.0
2021,NUTS,2021,DEF01,3,0.0
2021,NUTS,2021,DEF02,3,0.0
2021,NUTS,2021,DEF03,3,0.0
2021,NUTS,2021,DEF0A,3,0.0
2021,NUTS,2021,DEG01,3,0.0
2021,NUTS,2021,DEG03,3,0.0
2021,NUTS,2021,DEG05,3,0.0
2021,NUTS,2021,DK011,3,0.0
2021,NUTS,2021,DK012,3,0.0
2021,NUTS,2021,DK021,3,0.0
2021,NUTS,2021,DK022,3,0.0
2021,NUTS,2021,DK031,3,3.84
2021,NUTS,2021,DK032,3,0.0
2021,NUTS,2021,DK042,3,0.0
2021,NUTS,2021,DK050,3,0.0
2021,NUTS,2021,EE001,3,0.0
2021,NUTS,2021,EE008,3,0.0
2021,NUTS,2021,EL301,3,0.0
2021,NUTS,2021,EL303,3,2.22
2021,NUTS,2021,EL305,3,0.0
2021,NUTS,2021,EL411,3,0.0
2021,NUTS,2021,EL431,3,0.0
2021,NUTS,2021,EL433,3,0.0
2021,NUTS,2021,EL434,3,0.0
2021,NUTS,2021,EL512,3,19.08
2021,NUTS,2021,EL522,3,5.69
2021,NUTS,2021,EL531,3,0.0
2021,NUTS,2021,EL543,3,0.0
2021,NUTS,2021,EL613,3,0.0
2021,NUTS,2021,EL632,3,0.0
2021,NUTS,2021,EL651,3,68.89
2021,NUTS,2021,ES111,3,0.0
2021,NUTS,2021,ES114,3,0.0
2021,NUTS,2021,ES120,3,0.0
2021,NUTS,2021,ES212,3,0.0
2021,NUTS,2021,ES213,3,0.0
2021,NUTS,2021,ES220,3,0.0
2021,NUTS,2021,ES230,3,0.0
2021,NUTS,2021,ES243,3,0.0
2021,NUTS,2021,ES300,3,0.6
2021,NUTS,2021,ES412,3,0.0
2021,NUTS,2021,ES413,3,0.0
2021,NUTS,2021,ES415,3,0.0
2021,NUTS,2021,ES416,3,0.0
2021,NUTS,2021,ES418,3,0.0
2021,NUTS,2021,ES421,3,0.0
2021,NUTS,2021,ES431,3,0.0
2021,NUTS,2021,ES432,3,0.0
2021,NUTS,2021,ES511,3,0.0
2021,NUTS,2021,ES512,3,0.0
2021,NUTS,2021,ES513,3,0.0
2021,NUTS,2021,ES514,3,0.0
2021,NUTS,2021,ES521,3,0.0
2021,NUTS,2021,ES522,3,0.0
2021,NUTS,2021,ES523,3,0.0
2021,NUTS,2021,ES532,3,0.0
2021,NUTS,2021,ES614,3,0.0
2021,NUTS,2021,ES615,3,0.0
2021,NUTS,2021,ES616,3,0.0
2021,NUTS,2021,ES617,3,0.0
2021,NUTS,2021,ES618,3,0.0
2021,NUTS,2021,ES620,3,0.0
2021,NUTS,2021,ES705,3,0.0
2021,NUTS,2021,ES709,3,0.0
2021,NUTS,2021,FI193,3,0.0
2021,NUTS,2021,FI195,3,0.0
2021,NUTS,2021,FI1B1,3,0.0
2021,NUTS,2021,FI1C1,3,0.0
2021,NUTS,2021,FI1C5,3,0.0
2021,NUTS,2021,FI1D2,3,0.0
2021,NUTS,2021,FI1D7,3,0.0
2021,NUTS,2021,FI1D9,3,0.0
2021,NUTS,2021,FR101,3,0.0
2021,NUTS,2021,FR102,3,0.0
2021,NUTS,2021,FR103,3,0.0
2021,NUTS,2021,FR104,3,0.0
2021,NUTS,2021,FR105,3,0.0
2021,NUTS,2021,FR107,3,0.0
2021,NUTS,2021,FR108,3,0.0
2021,NUTS,2021,FRB04,3,0.0
2021,NUTS,2021,FRB06,3,0.0
2021,NUTS,2021,FRC11,3,0.0
2021,NUTS,2021,FRC21,3,0.0
2021,NUTS,2021,FRD11,3,0.0
2021,NUTS,2021,FRD22,3,0.0
2021,NUTS,2021,FRE11,3,0.0
2021,NUTS,2021,FRE12,3,0.0
2021,NUTS,2021,FRE22,3,0.0
2021,NUTS,2021,FRE23,3,0.0
2021,NUTS,2021,FRF11,3,0.0
2021,NUTS,2021,FRF12,3,0.0
2021,NUTS,2021,FRF22,3,0.0
2021,NUTS,2021,FRF23,3,0.0
2021,NUTS,2021,FRF31,3,0.0
2021,NUTS,2021,FRG01,3,0.0
2021,NUTS,2021,FRG02,3,0.0
2021,NUTS,2021,FRH02,3,0.0
2021,NUTS,2021,FRH03,3,0.0
2021,NUTS,2021,FRH04,3,0.0
2021,NUTS,2021,FRI12,3,0.0
2021,NUTS,2021,FRI13,3,0.0
2021,NUTS,2021,FRI23,3,0.0
2021,NUTS,2021,FRI32,3,0.0
2021,NUTS,2021,FRI34,3,0.0
2021,NUTS,2021,FRJ12,3,0.0
2021,NUTS,2021,FRJ13,3,0.0
2021,NUTS,2021,FRJ15,3,0.0
2021,NUTS,2021,FRJ23,3,0.0
2021,NUTS,2021,FRK24,3,0.0
2021,NUTS,2021,FRK25,3,0.0
2021,NUTS,2021,FRK26,3,0.0
2021,NUTS,2021,FRK27,3,0.0
2021,NUTS,2021,FRL03,3,0.0
2021,NUTS,2021,FRL04,3,0.0
2021,NUTS,2021,FRL06,3,0.0
2021,NUTS,2021,FRM02,3,0.0
2021,NUTS,2021,FRY10,3,0.0
2021,NUTS,2021,FRY30,3,0.0
2021,NUTS,2021,FRY40,3,155.0
2021,NUTS,2021,HR025,3,0.0
2021,NUTS,2021,HR031,3,0.0
2021,NUTS,2021,HR035,3,0.0
2021,NUTS,2021,HR036,3,0.0
2021,NUTS,2021,HR037,3,0.0
2021,NUTS,2021,HR050,3,0.0
2021,NUTS,2021,HU110,3,0.0
2021,NUTS,2021,HU120,3,0.0
2021,NUTS,2021,HU213,3,0.0
2021,NUTS,2021,HU221,3,0.0
2021,NUTS,2021,HU231,3,0.0
2021,NUTS,2021,HU311,3,0.0
2021,NUTS,2021,HU321,3,0.0
2021,NUTS,2021,HU333,3,0.0
2021,NUTS,2021,IE041,3,0.0
2021,NUTS,2021,IE042,3,0.0
2021,NUTS,2021,IE051,3,0.0
2021,NUTS,2021,IE052,3,22.55
2021,NUTS,2021,IE053,3,0.0
2021,NUTS,2021,IE061,3,4.68
2021,NUTS,2021,IE062,3,0.0
2021,NUTS,2021,IE063,3,0.0
2021,NUTS,2021,IS001,3,0.0
2021,NUTS,2021,IS002,3,0.0
2021,NUTS,2021,ITC11,3,2.34
2021,NUTS,2021,ITC12,3,0.0
2021,NUTS,2021,ITC16,3,0.0
2021,NUTS,2021,ITC33,3,0.0
2021,NUTS,2021,ITC41,3,0.0
2021,NUTS,2021,ITC42,3,0.0
2021,NUTS,2021,ITC46,3,0.0
2021,NUTS,2021,ITC47,3,0.0
2021,NUTS,2021,ITC48,3,0.0
2021,NUTS,2021,ITC4C,3,0.0
2021,NUTS,2021,ITF11,3,0.0
2021,NUTS,2021,ITF12,3,0.0
2021,NUTS,2021,ITF14,3,0.0
2021,NUTS,2021,ITF21,3,0.0
2021,NUTS,2021,ITF22,3,0.0
2021,NUTS,2021,ITF32,3,0.0
2021,NUTS,2021,ITF33,3,0.0
2021,NUTS,2021,ITF35,3,0.0
2021,NUTS,2021,ITF45,3,0.0
2021,NUTS,2021,ITF46,3,0.0
2021,NUTS,2021,ITF47,3,0.0
2021,NUTS,2021,ITF51,3,0.0
2021,NUTS,2021,ITF61,3,0.0
2021,NUTS,2021,ITF63,3,0.0
2021,NUTS,2021,ITF65,3,0.0
2021,NUTS,2021,ITG13,3,0.0
2021,NUTS,2021,ITG16,3,0.0
2021,NUTS,2021,ITG17,3,0.0
2021,NUTS,2021,ITG2D,3,0.0
2021,NUTS,2021,ITG2F,3,0.0
2021,NUTS,2021,ITH10,3,0.0
2021,NUTS,2021,ITH20,3,0.0
2021,NUTS,2021,ITH31,3,4.73
2021,NUTS,2021,ITH35,3,0.0
2021,NUTS,2021,ITH36,3,0.0
2021,NUTS,2021,ITH42,3,0.0
2021,NUTS,2021,ITH44,3,0.0
2021,NUTS,2021,ITH52,3,0.0
2021,NUTS,2021,ITH54,3,0.0
2021,NUTS,2021,ITH55,3,0.0
2021,NUTS,2021,ITH56,3,0.0
2021,NUTS,2021,ITI12,3,0.0
2021,NUTS,2021,ITI14,3,0.0
2021,NUTS,2021,ITI17,3,0.0
2021,NUTS,2021,ITI19,3,0.0
2021,NUTS,2021,ITI21,3,0.0
2021,NUTS,2021,ITI31,3,0.0
2021,NUTS,2021,ITI32,3,0.0
2021,NUTS,2021,ITI33,3,0.0
2021,NUTS,2021,ITI41,3,0.0
2021,NUTS,2021,ITI43,3,0.87
2021,NUTS,2021,ITI45,3,0.0
2021,NUTS,2021,LT011,3,0.0
2021,NUTS,2021,LT022,3,0.0
2021,NUTS,2021,LT023,3,0.0
2021,NUTS,2021,LU000,3,0.0
2021,NUTS,2021,LV005,3,0.0
2021,NUTS,2021,LV006,3,0.0
2021,NUTS,2021,LV009,3,0.0
2021,NUTS,2021,ME000,3,0.0
2021,NUTS,2021,MK006,3,0.0
2021,NUTS,2021,MK008,3,0.0
2021,NUTS,2021,MT001,3,0.0
2021,NUTS,2021,NL113,3,0.0
2021,NUTS,2021,NL124,3,0.0
2021,NUTS,2021,NL133,3,0.0
2021,NUTS,2021,NL211,3,0.0
2021,NUTS,2021,NL213,3,0.0
2021,NUTS,2021,NL221,3,0.0
2021,NUTS,2021,NL226,3,1.55
2021,NUTS,2021,NL230,3,0.0
2021,NUTS,2021,NL310,3,0.0
2021,NUTS,2021,NL321,3,0.0
2021,NUTS,2021,NL324,3,0.0
2021,NUTS,2021,NL329,3,0.0
2021,NUTS,2021,NL332,3,0.0
2021,NUTS,2021,NL333,3,0.0
2021,NUTS,2021,NL337,3,0.0
2021,NUTS,2021,NL33C,3,0.0
2021,NUTS,2021,NL411,3,0.0
2021,NUTS,2021,NL412,3,0.0
2021,NUTS,2021,NL413,3,0.0
2021,NUTS,2021,NL414,3,0.0
2021,NUTS,2021,NL423,3,0.0
2021,NUTS,2021,NO020,3,0.0
2021,NUTS,2021,NO060,3,0.0
2021,NUTS,2021,NO071,3,0.0
2021,NUTS,2021,NO074,3,0.0
2021,NUTS,2021,NO081,3,0.0
2021,NUTS,2021,NO082,3,0.0
2021,NUTS,2021,NO092,3,0.0
2021,NUTS,2021,NO0A1,3,0.0
2021,NUTS,2021,NO0A2,3,0.0
2021,NUTS,2021,NO0A3,3,0.0
2021,NUTS,2021,PL213,3,0.0
2021,NUTS,2021,PL224,3,0.0
2021,NUTS,2021,PL225,3,0.0
2021,NUTS,2021,PL229,3,0.0
2021,NUTS,2021,PL22A,3,0.0
2021,NUTS,2021,PL415,3,0.0
2021,NUTS,2021,PL424,3,0.0
2021,NUTS,2021,PL426,3,0.0
2021,NUTS,2021,PL432,3,0.0
2021,NUTS,2021,PL514,3,0.0
2021,NUTS,2021,PL524,3,0.0
2021,NUTS,2021,PL613,3,0.0
2021,NUTS,2021,PL622,3,0.0
2021,NUTS,2021,PL633,3,0.0
2021,NUTS,2021,PL711,3,0.0
2021,NUTS,2021,PL721,3,0.0
2021,NUTS,2021,PL814,3,0.0
2021,NUTS,2021,PL823,3,0.0
2021,NUTS,2021,PL841,3,0.0
2021,NUTS,2021,PL842,3,0.0
2021,NUTS,2021,PL911,3,5.17
2021,NUTS,2021,PL913,3,0.0
2021,NUTS,2021,PL921,3,0.0
2021,NUTS,2021,PL925,3,0.0
2021,NUTS,2021,PT112,3,0.0
2021,NUTS,2021,PT119,3,0.0
2021,NUTS,2021,PT11A,3,0.0
2021,NUTS,2021,PT11D,3,0.0
2021,NUTS,2021,PT16D,3,0.0
2021,NUTS,2021,PT16E,3,0.0
2021,NUTS,2021,PT16G,3,0.0
2021,NUTS,2021,PT16J,3,0.0
2021,NUTS,2021,PT170,3,0.0
2021,NUTS,2021,PT200,3,0.0
2021,NUTS,2021,PT300,3,0.0
2021,NUTS,2021,RO111,3,0.0
2021,NUTS,2021,RO113,3,0.0
2021,NUTS,2021,RO122,3,0.0
2021,NUTS,2021,RO126,3,0.0
2021,NUTS,2021,RO213,3,0.0
2021,NUTS,2021,RO215,3,0.0
2021,NUTS,2021,RO321,3,0.0
2021,NUTS,2021,RO411,3,0.0
2021,NUTS,2021,RO421,3,0.0
2021,NUTS,2021,RO424,3,0.0
2021,NUTS,2021,RS110,3,0.0
2021,NUTS,2021,RS123,3,0.0
2021,NUTS,2021,RS214,3,0.0
2021,NUTS,2021,RS225,3,0.0
2021,NUTS,2021,SE110,3,0.0
2021,NUTS,2021,SE121,3,0.0
2021,NUTS,2021,SE123,3,0.0
2021,NUTS,2021,SE124,3,0.0
2021,NUTS,2021,SE125,3,0.0
2021,NUTS,2021,SE211,3,0.0
2021,NUTS,2021,SE213,3,0.0
2021,NUTS,2021,SE221,3,0.0
2021,NUTS,2021,SE224,3,0.0
2021,NUTS,2021,SE231,3,0.0
2021,NUTS,2021,SE232,3,3.63
2021,NUTS,2021,SE311,3,0.0
2021,NUTS,2021,SE312,3,0.0
2021,NUTS,2021,SE321,3,0.0
2021,NUTS,2021,SE331,3,10.78
2021,NUTS,2021,SE332,3,0.0
2021,NUTS,2021,SI032,3,0.0
2021,NUTS,2021,SI041,3,0.0
2021,NUTS,2021,SI043,3,0.0
2021,NUTS,2021,SI044,3,0.0
2021,NUTS,2021,SK010,3,0.0
2021,NUTS,2021,SK021,3,0.0
2021,NUTS,2021,SK023,3,0.0
2021,NUTS,2021,SK031,3,0.0
2021,NUTS,2021,SK032,3,0.0
2021,NUTS,2021,SK042,3,0.0
2021,NUTS,2021,TR100,3,0.0
2021,NUTS,2021,TR211,3,0.0
2021,NUTS,2021,TR212,3,0.0
2021,NUTS,2021,TR213,3,0.0
2021,NUTS,2021,TR221,3,0.0
2021,NUTS,2021,TR222,3,0.0
2021,NUTS,2021,TR310,3,0.0
2021,NUTS,2021,TR321,3,0.0
2021,NUTS,2021,TR322,3,0.0
2021,NUTS,2021,TR331,3,0.0
2021,NUTS,2021,TR332,3,0.0
2021,NUTS,2021,TR334,3,0.0
2021,NUTS,2021,TR411,3,0.0
2021,NUTS,2021,TR412,3,0.0
2021,NUTS,2021,TR421,3,0.0
2021,NUTS,2021,TR422,3,0.0
2021,NUTS,2021,TR423,3,0.0
2021,NUTS,2021,TR424,3,0.0
2021,NUTS,2021,TR425,3,0.0
2021,NUTS,2021,TR510,3,0.0
2021,NUTS,2021,TR521,3,0.0
2021,NUTS,2021,TR522,3,0.0
2021,NUTS,2021,TR611,3,0.0
2021,NUTS,2021,TR613,3,0.0
2021,NUTS,2021,TR621,3,0.0
2021,NUTS,2021,TR622,3,0.0
2021,NUTS,2021,TR631,3,0.0
2021,NUTS,2021,TR633,3,0.0
2021,NUTS,2021,TR711,3,0.0
2021,NUTS,2021,TR712,3,0.0
2021,NUTS,2021,TR715,3,0.0
2021,NUTS,2021,TR721,3,0.0
2021,NUTS,2021,TR722,3,0.0
2021,NUTS,2021,TR811,3,0.0
2021,NUTS,2021,TR812,3,0.0
2021,NUTS,2021,TR813,3,0.0
2021,NUTS,2021,TR821,3,0.0
2021,NUTS,2021,TR822,3,0.0
2021,NUTS,2021,TR823,3,0.0
2021,NUTS,2021,TR831,3,0.0
2021,NUTS,2021,TR832,3,0.0
2021,NUTS,2021,TR833,3,0.0
2021,NUTS,2021,TR834,3,0.0
2021,NUTS,2021,TR901,3,0.0
2021,NUTS,2021,TR902,3,0.0
2021,NUTS,2021,TR903,3,0.0
2021,NUTS,2021,TRA11,3,0.0
2021,NUTS,2021,TRA12,3,0.0
2021,NUTS,2021,TRA13,3,0.0
2021,NUTS,2021,TRA22,3,0.0
2021,NUTS,2021,TRA24,3,0.0
2021,NUTS,2021,TRB11,3,0.0
2021,NUTS,2021,TRB12,3,0.0
2021,NUTS,2021,TRB13,3,0.0
2021,NUTS,2021,TRB22,3,0.0
2021,NUTS,2021,TRB23,3,0.0
2021,NUTS,2021,TRC12,3,0.0
2021,NUTS,2021,TRC21,3,0.0
2021,NUTS,2021,TRC22,3,0.0
2021,NUTS,2021,TRC31,3,0.0
2021,NUTS,2021,TRC32,3,0.0
2021,NUTS,2021,TRC34,3,0.0
2021,NUTS,2021,UKC11,3,0.0
2021,NUTS,2021,UKC12,3,0.0
2021,NUTS,2021,UKC14,3,0.0
2021,NUTS,2021,UKC22,3,0.0
2021,NUTS,2021,UKC23,3,0.0
2021,NUTS,2021,UKD11,3,0.0
2021,NUTS,2021,UKD12,3,0.0
2021,NUTS,2021,UKD33,3,1.44
2021,NUTS,2021,UKD34,3,0.0
2021,NUTS,2021,UKD35,3,0.0
2021,NUTS,2021,UKD36,3,0.0
2021,NUTS,2021,UKD37,3,0.0
2021,NUTS,2021,UKD42,3,0.0
2021,NUTS,2021,UKD44,3,0.0
2021,NUTS,2021,UKD45,3,0.0
2021,NUTS,2021,UKD46,3,0.0
2021,NUTS,2021,UKD47,3,0.0
2021,NUTS,2021,UKD62,3,0.0
2021,NUTS,2021,UKD63,3,0.0
2021,NUTS,2021,UKD71,3,0.0
2021,NUTS,2021,UKD72,3,0.0
2021,NUTS,2021,UKD73,3,0.0
2021,NUTS,2021,UKD74,3,0.0
2021,NUTS,2021,UKE11,3,0.0
2021,NUTS,2021,UKE12,3,0.0
2021,NUTS,2021,UKE13,3,0.0
2021,NUTS,2021,UKE21,3,0.0
2021,NUTS,2021,UKE22,3,0.0
2021,NUTS,2021,UKE31,3,0.0
2021,NUTS,2021,UKE32,3,0.0
2021,NUTS,2021,UKE41,3,0.0
2021,NUTS,2021,UKE42,3,0.0
2021,NUTS,2021,UKE44,3,0.0
2021,NUTS,2021,UKF11,3,0.0
2021,NUTS,2021,UKF14,3,0.0
2021,NUTS,2021,UKF15,3,0.0
2021,NUTS,2021,UKF16,3,0.0
2021,NUTS,2021,UKF21,3,2.32
2021,NUTS,2021,UKF22,3,0.0
2021,NUTS,2021,UKF24,3,0.0
2021,NUTS,2021,UKF25,3,0.0
2021,NUTS,2021,UKF30,3,0.0
2021,NUTS,2021,UKG12,3,0.0
2021,NUTS,2021,UKG13,3,3.71
2021,NUTS,2021,UKG21,3,0.0
2021,NUTS,2021,UKG22,3,0.0
2021,NUTS,2021,UKG23,3,0.0
2021,NUTS,2021,UKG24,3,0.0
2021,NUTS,2021,UKG31,3,0.0
2021,NUTS,2021,UKG33,3,0.0
2021,NUTS,2021,UKG36,3,0.0
2021,NUTS,2021,UKG39,3,0.0
2021,NUTS,2021,UKH11,3,0.0
2021,NUTS,2021,UKH12,3,1.44
2021,NUTS,2021,UKH14,3,0.0
2021,NUTS,2021,UKH17,3,0.0
2021,NUTS,2021,UKH21,3,0.0
2021,NUTS,2021,UKH23,3,4.21
2021,NUTS,2021,UKH25,3,0.0
2021,NUTS,2021,UKH31,3,0.0
2021,NUTS,2021,UKH34,3,0.0
2021,NUTS,2021,UKH35,3,0.0
2021,NUTS,2021,UKH36,3,0.0
2021,NUTS,2021,UKH37,3,0.0
2021,NUTS,2021,UKI31,3,2.1
2021,NUTS,2021,UKI32,3,0.69
2021,NUTS,2021,UKI33,3,0.91
2021,NUTS,2021,UKI34,3,0.0
2021,NUTS,2021,UKI41,3,0.0
2021,NUTS,2021,UKI42,3,0.0
2021,NUTS,2021,UKI43,3,0.0
2021,NUTS,2021,UKI44,3,0.0
2021,NUTS,2021,UKI45,3,0.0
2021,NUTS,2021,UKI51,3,0.0
2021,NUTS,2021,UKI52,3,0.0
2021,NUTS,2021,UKI53,3,0.0
2021,NUTS,2021,UKI54,3,0.0
2021,NUTS,2021,UKI61,3,0.0
2021,NUTS,2021,UKI62,3,0.0
2021,NUTS,2021,UKI63,3,0.0
2021,NUTS,2021,UKI71,3,0.0
2021,NUTS,2021,UKI72,3,0.0
2021,NUTS,2021,UKI73,3,0.0
2021,NUTS,2021,UKI74,3,0.0
2021,NUTS,2021,UKI75,3,0.0
2021,NUTS,2021,UKJ11,3,0.0
2021,NUTS,2021,UKJ13,3,0.0
2021,NUTS,2021,UKJ14,3,2.47
2021,NUTS,2021,UKJ21,3,0.0
2021,NUTS,2021,UKJ22,3,0.0
2021,NUTS,2021,UKJ25,3,0.0
2021,NUTS,2021,UKJ26,3,0.0
2021,NUTS,2021,UKJ27,3,0.0
2021,NUTS,2021,UKJ28,3,0.0
2021,NUTS,2021,UKJ31,3,0.0
2021,NUTS,2021,UKJ32,3,0.0
2021,NUTS,2021,UKJ34,3,0.0
2021,NUTS,2021,UKJ36,3,0.0
2021,NUTS,2021,UKJ37,3,0.0
2021,NUTS,2021,UKJ41,3,0.0
2021,NUTS,2021,UKJ44,3,0.0
2021,NUTS,2021,UKJ45,3,0.0
2021,NUTS,2021,UKJ46,3,0.0
2021,NUTS,2021,UKK11,3,0.0
2021,NUTS,2021,UKK12,3,7.09
2021,NUTS,2021,UKK13,3,0.0
2021,NUTS,2021,UKK14,3,0.0
2021,NUTS,2021,UKK15,3,0.0
2021,NUTS,2021,UKK23,3,0.0
2021,NUTS,2021,UKK24,3,0.0
2021,NUTS,2021,UKK25,3,0.0
2021,NUTS,2021,UKK30,3,0.0
2021,NUTS,2021,UKK41,3,0.0
2021,NUTS,2021,UKK43,3,0.0
2021,NUTS,2021,UKL12,3,0.0
2021,NUTS,2021,UKL15,3,0.0
2021,NUTS,2021,UKL16,3,0.0
2021,NUTS,2021,UKL17,3,0.0
2021,NUTS,2021,UKL18,3,0.0
2021,NUTS,2021,UKL21,3,19.08
2021,NUTS,2021,UKL22,3,0.0
2021,NUTS,2021,UKL23,3,0.0
2021,NUTS,2021,UKM50,3,0.0
2021,NUTS,2021,UKM62,3,0.0
2021,NUTS,2021,UKM63,3,0.0
2021,NUTS,2021,UKM66,3,0.0
2021,NUTS,2021,UKM71,3,0.0
2021,NUTS,2021,UKM72,3,10.69
2021,NUTS,2021,UKM73,3,0.0
2021,NUTS,2021,UKM75,3,6.85
2021,NUTS,2021,UKM76,3,0.0
2021,NUTS,2021,UKM77,3,0.0
2021,NUTS,2021,UKM81,3,0.0
2021,NUTS,2021,UKM82,3,5.34
2021,NUTS,2021,UKM83,3,0.0
2021,NUTS,2021,UKM84,3,0.0
2021,NUTS,2021,UKM91,3,0.0
2021,NUTS,2021,UKM92,3,0.0
2021,NUTS,2021,UKM93,3,0.0
2021,NUTS,2021,UKM94,3,0.0
2021,NUTS,2021,UKM95,3,0.0
2021,NUTS,2021,UKN06,3,0.0
2021,NUTS,2021,UKN07,3,0.0
2021,NUTS,2021,UKN0A,3,0.0
2021,NUTS,2021,UKN0D,3,0.0
2021,NUTS,2021,UKN0E,3,0.0
